<?xml version="1.0" encoding="UTF-8"?>
<gpx version="1.1" creator="GPX Viewer PRO 1.41.2 - https://vecturagames.com/gpxviewerpro"
 xmlns="http://www.topografix.com/GPX/1/1"
 xmlns:xsi="http://www.w3.org/2001/XMLSchema-instance"
 xsi:schemaLocation="http://www.topografix.com/GPX/1/1 http://www.topografix.com/GPX/1/1/gpx.xsd http://www.garmin.com/xmlschemas/GpxExtensions/v3 https://www8.garmin.com/xmlschemas/GpxExtensionsv3.xsd http://www.garmin.com/xmlschemas/TrackPointExtension/v2 https://www8.garmin.com/xmlschemas/TrackPointExtensionv2.xsd http://www.garmin.com/xmlschemas/PowerExtension/v1 https://www8.garmin.com/xmlschemas/PowerExtensionv1.xsd https://www.vecturagames.com/xmlschemas/GpxWaypointExtension/v1 https://www.vecturagames.com/xmlschemas/GpxWaypointExtensionv1.xsd"
 xmlns:gpxx="http://www.garmin.com/xmlschemas/GpxExtensions/v3"
 xmlns:gpxtpx="http://www.garmin.com/xmlschemas/TrackPointExtension/v2"
 xmlns:gpxpx="http://www.garmin.com/xmlschemas/PowerExtension/v1"
 xmlns:gpxwpx="https://www.vecturagames.com/xmlschemas/GpxWaypointExtension/v1">
<metadata>
<name>rifugio_pacherini-rifugio_pordenone</name>
<time>2022-08-16T07:09:30.919Z</time>
</metadata>
<wpt lat="46.371602" lon="12.560515">
<ele>2043.711914</ele>
<time>2022-08-16T07:41:57.293Z</time>
<name>Passo del Saula</name>
<src>Samsung SM-G973W (Android 12)</src>
</wpt>
<wpt lat="46.367033" lon="12.563334">
<ele>2191.072754</ele>
<time>2022-08-16T10:08:21.203Z</time>
<name>Forcella</name>
<src>Samsung SM-G973W (Android 12)</src>
</wpt>
<wpt lat="46.366829" lon="12.557643">
<ele>2342.792969</ele>
<time>2022-08-16T10:58:47.198Z</time>
<name>Forcella Pramaggiore</name>
<src>Samsung SM-G973W (Android 12)</src>
</wpt>
<wpt lat="46.364854" lon="12.553553">
<ele>2526.017090</ele>
<time>2022-08-16T11:30:03.673Z</time>
<name>Pramaggiore</name>
<src>Samsung SM-G973W (Android 12)</src>
</wpt>
<wpt lat="46.373688" lon="12.541632">
<ele>1849.413086</ele>
<time>2022-08-16T13:32:08.890Z</time>
<name>Bivio 362 366</name>
<desc>Follow 362 meluzzo</desc>
<src>Samsung SM-G973W (Android 12)</src>
</wpt>
<wpt lat="46.371675" lon="12.535457">
<ele>1668.536865</ele>
<time>2022-08-16T13:50:24.558Z</time>
<name>Stream</name>
<src>Samsung SM-G973W (Android 12)</src>
</wpt>
<wpt lat="46.383382" lon="12.507724">
<ele>1247.960571</ele>
<time>2022-08-16T14:52:51.478Z</time>
<name>Bivio</name>
<desc>Follow Merluzzo</desc>
<src>Samsung SM-G973W (Android 12)</src>
</wpt>
<wpt lat="46.381400" lon="12.490037">
<ele>1289.629761</ele>
<time>2022-08-16T15:20:00.029Z</time>
<name>Rifugio Pordenone</name>
<src>Samsung SM-G973W (Android 12)</src>
</wpt>
<trk>
<name>Rifugio Pacherini to Rifugio Pordenone</name>
<cmt>Profile: Walking (1.0 m | 10 s | 100.0 m)
Step count: 0</cmt>
<src>Samsung SM-G973W (Android 12)</src>
<number>1</number>
<trkseg>
<trkpt lat="46.379593" lon="12.555756">
<ele>1837.095703</ele>
<time>2022-08-16T07:09:31.168Z</time>
<extensions>
<gpxtpx:TrackPointExtension>
<gpxtpx:speed>0.671233</gpxtpx:speed>
</gpxtpx:TrackPointExtension>
</extensions>
</trkpt>
<trkpt lat="46.379603" lon="12.555721">
<ele>1836.071777</ele>
<time>2022-08-16T07:09:41.341Z</time>
<extensions>
<gpxtpx:TrackPointExtension>
<gpxtpx:speed>0.215485</gpxtpx:speed>
</gpxtpx:TrackPointExtension>
</extensions>
</trkpt>
<trkpt lat="46.379598" lon="12.555665">
<ele>1839.271973</ele>
<time>2022-08-16T07:10:38.370Z</time>
<extensions>
<gpxtpx:TrackPointExtension>
<gpxtpx:speed>0.545391</gpxtpx:speed>
</gpxtpx:TrackPointExtension>
</extensions>
</trkpt>
<trkpt lat="46.379528" lon="12.555653">
<ele>1840.501953</ele>
<time>2022-08-16T07:10:52.387Z</time>
<extensions>
<gpxtpx:TrackPointExtension>
<gpxtpx:speed>0.601714</gpxtpx:speed>
</gpxtpx:TrackPointExtension>
</extensions>
</trkpt>
<trkpt lat="46.379459" lon="12.555738">
<ele>1844.506836</ele>
<time>2022-08-16T07:11:07.348Z</time>
<extensions>
<gpxtpx:TrackPointExtension>
<gpxtpx:speed>0.767348</gpxtpx:speed>
</gpxtpx:TrackPointExtension>
</extensions>
</trkpt>
<trkpt lat="46.379428" lon="12.555817">
<ele>1843.881348</ele>
<time>2022-08-16T07:11:22.347Z</time>
<extensions>
<gpxtpx:TrackPointExtension>
<gpxtpx:speed>1.006899</gpxtpx:speed>
</gpxtpx:TrackPointExtension>
</extensions>
</trkpt>
<trkpt lat="46.379401" lon="12.555863">
<ele>1844.410889</ele>
<time>2022-08-16T07:11:32.350Z</time>
<extensions>
<gpxtpx:TrackPointExtension>
<gpxtpx:speed>0.607229</gpxtpx:speed>
</gpxtpx:TrackPointExtension>
</extensions>
</trkpt>
<trkpt lat="46.379315" lon="12.555935">
<ele>1844.044434</ele>
<time>2022-08-16T07:11:45.351Z</time>
<extensions>
<gpxtpx:TrackPointExtension>
<gpxtpx:speed>0.773509</gpxtpx:speed>
</gpxtpx:TrackPointExtension>
</extensions>
</trkpt>
<trkpt lat="46.379223" lon="12.555991">
<ele>1843.267822</ele>
<time>2022-08-16T07:11:57.357Z</time>
<extensions>
<gpxtpx:TrackPointExtension>
<gpxtpx:speed>0.902860</gpxtpx:speed>
</gpxtpx:TrackPointExtension>
</extensions>
</trkpt>
<trkpt lat="46.379134" lon="12.555991">
<ele>1848.566895</ele>
<time>2022-08-16T07:12:12.357Z</time>
<extensions>
<gpxtpx:TrackPointExtension>
<gpxtpx:speed>0.612461</gpxtpx:speed>
</gpxtpx:TrackPointExtension>
</extensions>
</trkpt>
<trkpt lat="46.379089" lon="12.556032">
<ele>1851.864258</ele>
<time>2022-08-16T07:12:27.365Z</time>
<extensions>
<gpxtpx:TrackPointExtension>
<gpxtpx:speed>0.549152</gpxtpx:speed>
</gpxtpx:TrackPointExtension>
</extensions>
</trkpt>
<trkpt lat="46.379015" lon="12.556076">
<ele>1852.974121</ele>
<time>2022-08-16T07:12:40.371Z</time>
<extensions>
<gpxtpx:TrackPointExtension>
<gpxtpx:speed>0.637120</gpxtpx:speed>
</gpxtpx:TrackPointExtension>
</extensions>
</trkpt>
<trkpt lat="46.378963" lon="12.556030">
<ele>1855.718750</ele>
<time>2022-08-16T07:12:52.365Z</time>
<extensions>
<gpxtpx:TrackPointExtension>
<gpxtpx:speed>0.563611</gpxtpx:speed>
</gpxtpx:TrackPointExtension>
</extensions>
</trkpt>
<trkpt lat="46.378900" lon="12.556051">
<ele>1858.424316</ele>
<time>2022-08-16T07:13:07.333Z</time>
<extensions>
<gpxtpx:TrackPointExtension>
<gpxtpx:speed>0.500222</gpxtpx:speed>
</gpxtpx:TrackPointExtension>
</extensions>
</trkpt>
<trkpt lat="46.378855" lon="12.556058">
<ele>1858.779297</ele>
<time>2022-08-16T07:13:17.377Z</time>
<extensions>
<gpxtpx:TrackPointExtension>
<gpxtpx:speed>0.534025</gpxtpx:speed>
</gpxtpx:TrackPointExtension>
</extensions>
</trkpt>
<trkpt lat="46.378786" lon="12.556037">
<ele>1861.074707</ele>
<time>2022-08-16T07:13:32.355Z</time>
<extensions>
<gpxtpx:TrackPointExtension>
<gpxtpx:speed>0.513607</gpxtpx:speed>
</gpxtpx:TrackPointExtension>
</extensions>
</trkpt>
<trkpt lat="46.378736" lon="12.556013">
<ele>1861.708252</ele>
<time>2022-08-16T07:13:42.402Z</time>
<extensions>
<gpxtpx:TrackPointExtension>
<gpxtpx:speed>0.447489</gpxtpx:speed>
</gpxtpx:TrackPointExtension>
</extensions>
</trkpt>
<trkpt lat="46.378696" lon="12.556011">
<ele>1861.750488</ele>
<time>2022-08-16T07:13:52.482Z</time>
<extensions>
<gpxtpx:TrackPointExtension>
<gpxtpx:speed>0.373001</gpxtpx:speed>
</gpxtpx:TrackPointExtension>
</extensions>
</trkpt>
<trkpt lat="46.378659" lon="12.556001">
<ele>1861.873047</ele>
<time>2022-08-16T07:14:02.522Z</time>
<extensions>
<gpxtpx:TrackPointExtension>
<gpxtpx:speed>0.519713</gpxtpx:speed>
</gpxtpx:TrackPointExtension>
</extensions>
</trkpt>
<trkpt lat="46.378617" lon="12.555957">
<ele>1862.778809</ele>
<time>2022-08-16T07:14:13.332Z</time>
<extensions>
<gpxtpx:TrackPointExtension>
<gpxtpx:speed>0.524340</gpxtpx:speed>
</gpxtpx:TrackPointExtension>
</extensions>
</trkpt>
<trkpt lat="46.378572" lon="12.555977">
<ele>1865.364258</ele>
<time>2022-08-16T07:14:23.360Z</time>
<extensions>
<gpxtpx:TrackPointExtension>
<gpxtpx:speed>0.543957</gpxtpx:speed>
</gpxtpx:TrackPointExtension>
</extensions>
</trkpt>
<trkpt lat="46.378538" lon="12.555979">
<ele>1868.271240</ele>
<time>2022-08-16T07:14:33.362Z</time>
<extensions>
<gpxtpx:TrackPointExtension>
<gpxtpx:speed>0.354493</gpxtpx:speed>
</gpxtpx:TrackPointExtension>
</extensions>
</trkpt>
<trkpt lat="46.378491" lon="12.555978">
<ele>1870.301758</ele>
<time>2022-08-16T07:14:43.367Z</time>
<extensions>
<gpxtpx:TrackPointExtension>
<gpxtpx:speed>0.539350</gpxtpx:speed>
</gpxtpx:TrackPointExtension>
</extensions>
</trkpt>
<trkpt lat="46.378511" lon="12.555983">
<ele>1870.758789</ele>
<time>2022-08-16T07:14:53.389Z</time>
<extensions>
<gpxtpx:TrackPointExtension>
<gpxtpx:speed>0.271981</gpxtpx:speed>
</gpxtpx:TrackPointExtension>
</extensions>
</trkpt>
<trkpt lat="46.378427" lon="12.555980">
<ele>1871.231445</ele>
<time>2022-08-16T07:15:08.377Z</time>
<extensions>
<gpxtpx:TrackPointExtension>
<gpxtpx:speed>0.581439</gpxtpx:speed>
</gpxtpx:TrackPointExtension>
</extensions>
</trkpt>
<trkpt lat="46.378332" lon="12.556012">
<ele>1873.223145</ele>
<time>2022-08-16T07:15:23.369Z</time>
<extensions>
<gpxtpx:TrackPointExtension>
<gpxtpx:speed>0.749966</gpxtpx:speed>
</gpxtpx:TrackPointExtension>
</extensions>
</trkpt>
<trkpt lat="46.378238" lon="12.556036">
<ele>1876.898926</ele>
<time>2022-08-16T07:15:38.381Z</time>
<extensions>
<gpxtpx:TrackPointExtension>
<gpxtpx:speed>0.603913</gpxtpx:speed>
</gpxtpx:TrackPointExtension>
</extensions>
</trkpt>
<trkpt lat="46.378219" lon="12.556129">
<ele>1875.768066</ele>
<time>2022-08-16T07:15:52.355Z</time>
<extensions>
<gpxtpx:TrackPointExtension>
<gpxtpx:speed>0.451406</gpxtpx:speed>
</gpxtpx:TrackPointExtension>
</extensions>
</trkpt>
<trkpt lat="46.378184" lon="12.556235">
<ele>1877.189453</ele>
<time>2022-08-16T07:16:03.353Z</time>
<extensions>
<gpxtpx:TrackPointExtension>
<gpxtpx:speed>0.655438</gpxtpx:speed>
</gpxtpx:TrackPointExtension>
</extensions>
</trkpt>
<trkpt lat="46.378220" lon="12.556366">
<ele>1878.695801</ele>
<time>2022-08-16T07:16:18.355Z</time>
<extensions>
<gpxtpx:TrackPointExtension>
<gpxtpx:speed>0.582178</gpxtpx:speed>
</gpxtpx:TrackPointExtension>
</extensions>
</trkpt>
<trkpt lat="46.378221" lon="12.556447">
<ele>1879.380127</ele>
<time>2022-08-16T07:16:30.332Z</time>
<extensions>
<gpxtpx:TrackPointExtension>
<gpxtpx:speed>0.607335</gpxtpx:speed>
</gpxtpx:TrackPointExtension>
</extensions>
</trkpt>
<trkpt lat="46.378150" lon="12.556456">
<ele>1882.146729</ele>
<time>2022-08-16T07:16:43.402Z</time>
<extensions>
<gpxtpx:TrackPointExtension>
<gpxtpx:speed>0.481498</gpxtpx:speed>
</gpxtpx:TrackPointExtension>
</extensions>
</trkpt>
<trkpt lat="46.378100" lon="12.556479">
<ele>1886.313721</ele>
<time>2022-08-16T07:16:53.426Z</time>
<extensions>
<gpxtpx:TrackPointExtension>
<gpxtpx:speed>0.485685</gpxtpx:speed>
</gpxtpx:TrackPointExtension>
</extensions>
</trkpt>
<trkpt lat="46.378052" lon="12.556512">
<ele>1887.737793</ele>
<time>2022-08-16T07:17:03.466Z</time>
<extensions>
<gpxtpx:TrackPointExtension>
<gpxtpx:speed>0.513487</gpxtpx:speed>
</gpxtpx:TrackPointExtension>
</extensions>
</trkpt>
<trkpt lat="46.378004" lon="12.556541">
<ele>1889.626953</ele>
<time>2022-08-16T07:17:13.491Z</time>
<extensions>
<gpxtpx:TrackPointExtension>
<gpxtpx:speed>0.492276</gpxtpx:speed>
</gpxtpx:TrackPointExtension>
</extensions>
</trkpt>
<trkpt lat="46.377962" lon="12.556574">
<ele>1892.561279</ele>
<time>2022-08-16T07:17:24.372Z</time>
<extensions>
<gpxtpx:TrackPointExtension>
<gpxtpx:speed>0.526594</gpxtpx:speed>
</gpxtpx:TrackPointExtension>
</extensions>
</trkpt>
<trkpt lat="46.377897" lon="12.556574">
<ele>1892.864502</ele>
<time>2022-08-16T07:17:36.354Z</time>
<extensions>
<gpxtpx:TrackPointExtension>
<gpxtpx:speed>0.585452</gpxtpx:speed>
</gpxtpx:TrackPointExtension>
</extensions>
</trkpt>
<trkpt lat="46.377819" lon="12.556582">
<ele>1894.950684</ele>
<time>2022-08-16T07:17:49.348Z</time>
<extensions>
<gpxtpx:TrackPointExtension>
<gpxtpx:speed>0.576650</gpxtpx:speed>
</gpxtpx:TrackPointExtension>
</extensions>
</trkpt>
<trkpt lat="46.377754" lon="12.556660">
<ele>1896.647949</ele>
<time>2022-08-16T07:18:04.353Z</time>
<extensions>
<gpxtpx:TrackPointExtension>
<gpxtpx:speed>0.639942</gpxtpx:speed>
</gpxtpx:TrackPointExtension>
</extensions>
</trkpt>
<trkpt lat="46.377715" lon="12.556721">
<ele>1896.732422</ele>
<time>2022-08-16T07:18:14.362Z</time>
<extensions>
<gpxtpx:TrackPointExtension>
<gpxtpx:speed>0.663931</gpxtpx:speed>
</gpxtpx:TrackPointExtension>
</extensions>
</trkpt>
<trkpt lat="46.377611" lon="12.556714">
<ele>1897.051758</ele>
<time>2022-08-16T07:18:29.364Z</time>
<extensions>
<gpxtpx:TrackPointExtension>
<gpxtpx:speed>0.685785</gpxtpx:speed>
</gpxtpx:TrackPointExtension>
</extensions>
</trkpt>
<trkpt lat="46.377517" lon="12.556733">
<ele>1898.732910</ele>
<time>2022-08-16T07:18:43.345Z</time>
<extensions>
<gpxtpx:TrackPointExtension>
<gpxtpx:speed>0.693248</gpxtpx:speed>
</gpxtpx:TrackPointExtension>
</extensions>
</trkpt>
<trkpt lat="46.377429" lon="12.556752">
<ele>1898.371094</ele>
<time>2022-08-16T07:18:54.380Z</time>
<extensions>
<gpxtpx:TrackPointExtension>
<gpxtpx:speed>0.772202</gpxtpx:speed>
</gpxtpx:TrackPointExtension>
</extensions>
</trkpt>
<trkpt lat="46.377314" lon="12.556763">
<ele>1902.473389</ele>
<time>2022-08-16T07:19:09.340Z</time>
<extensions>
<gpxtpx:TrackPointExtension>
<gpxtpx:speed>0.676177</gpxtpx:speed>
</gpxtpx:TrackPointExtension>
</extensions>
</trkpt>
<trkpt lat="46.377239" lon="12.556765">
<ele>1902.750488</ele>
<time>2022-08-16T07:19:19.342Z</time>
<extensions>
<gpxtpx:TrackPointExtension>
<gpxtpx:speed>0.741907</gpxtpx:speed>
</gpxtpx:TrackPointExtension>
</extensions>
</trkpt>
<trkpt lat="46.377166" lon="12.556772">
<ele>1903.213623</ele>
<time>2022-08-16T07:19:29.415Z</time>
<extensions>
<gpxtpx:TrackPointExtension>
<gpxtpx:speed>0.763385</gpxtpx:speed>
</gpxtpx:TrackPointExtension>
</extensions>
</trkpt>
<trkpt lat="46.377123" lon="12.556871">
<ele>1902.862305</ele>
<time>2022-08-16T07:19:40.379Z</time>
<extensions>
<gpxtpx:TrackPointExtension>
<gpxtpx:speed>0.670833</gpxtpx:speed>
</gpxtpx:TrackPointExtension>
</extensions>
</trkpt>
<trkpt lat="46.377073" lon="12.556955">
<ele>1901.709717</ele>
<time>2022-08-16T07:19:54.471Z</time>
<extensions>
<gpxtpx:TrackPointExtension>
<gpxtpx:speed>0.643676</gpxtpx:speed>
</gpxtpx:TrackPointExtension>
</extensions>
</trkpt>
<trkpt lat="46.376997" lon="12.556982">
<ele>1902.853516</ele>
<time>2022-08-16T07:20:04.511Z</time>
<extensions>
<gpxtpx:TrackPointExtension>
<gpxtpx:speed>0.710647</gpxtpx:speed>
</gpxtpx:TrackPointExtension>
</extensions>
</trkpt>
<trkpt lat="46.376945" lon="12.557068">
<ele>1902.958008</ele>
<time>2022-08-16T07:20:15.350Z</time>
<extensions>
<gpxtpx:TrackPointExtension>
<gpxtpx:speed>0.683381</gpxtpx:speed>
</gpxtpx:TrackPointExtension>
</extensions>
</trkpt>
<trkpt lat="46.376890" lon="12.557057">
<ele>1903.533691</ele>
<time>2022-08-16T07:20:25.365Z</time>
<extensions>
<gpxtpx:TrackPointExtension>
<gpxtpx:speed>0.579629</gpxtpx:speed>
</gpxtpx:TrackPointExtension>
</extensions>
</trkpt>
<trkpt lat="46.376801" lon="12.557078">
<ele>1905.608398</ele>
<time>2022-08-16T07:20:38.372Z</time>
<extensions>
<gpxtpx:TrackPointExtension>
<gpxtpx:speed>0.685706</gpxtpx:speed>
</gpxtpx:TrackPointExtension>
</extensions>
</trkpt>
<trkpt lat="46.376721" lon="12.557109">
<ele>1907.448730</ele>
<time>2022-08-16T07:20:50.352Z</time>
<extensions>
<gpxtpx:TrackPointExtension>
<gpxtpx:speed>0.645061</gpxtpx:speed>
</gpxtpx:TrackPointExtension>
</extensions>
</trkpt>
<trkpt lat="46.376676" lon="12.557123">
<ele>1908.146973</ele>
<time>2022-08-16T07:21:00.362Z</time>
<extensions>
<gpxtpx:TrackPointExtension>
<gpxtpx:speed>0.539351</gpxtpx:speed>
</gpxtpx:TrackPointExtension>
</extensions>
</trkpt>
<trkpt lat="46.376626" lon="12.557114">
<ele>1910.591309</ele>
<time>2022-08-16T07:21:10.367Z</time>
<extensions>
<gpxtpx:TrackPointExtension>
<gpxtpx:speed>0.562233</gpxtpx:speed>
</gpxtpx:TrackPointExtension>
</extensions>
</trkpt>
<trkpt lat="46.376537" lon="12.557103">
<ele>1914.020264</ele>
<time>2022-08-16T07:21:25.431Z</time>
<extensions>
<gpxtpx:TrackPointExtension>
<gpxtpx:speed>0.686439</gpxtpx:speed>
</gpxtpx:TrackPointExtension>
</extensions>
</trkpt>
<trkpt lat="46.376458" lon="12.557084">
<ele>1916.330322</ele>
<time>2022-08-16T07:21:40.363Z</time>
<extensions>
<gpxtpx:TrackPointExtension>
<gpxtpx:speed>0.557799</gpxtpx:speed>
</gpxtpx:TrackPointExtension>
</extensions>
</trkpt>
<trkpt lat="46.376424" lon="12.557127">
<ele>1918.138428</ele>
<time>2022-08-16T07:21:50.440Z</time>
<extensions>
<gpxtpx:TrackPointExtension>
<gpxtpx:speed>0.677907</gpxtpx:speed>
</gpxtpx:TrackPointExtension>
</extensions>
</trkpt>
<trkpt lat="46.376366" lon="12.557181">
<ele>1917.883301</ele>
<time>2022-08-16T07:22:05.354Z</time>
<extensions>
<gpxtpx:TrackPointExtension>
<gpxtpx:speed>0.617366</gpxtpx:speed>
</gpxtpx:TrackPointExtension>
</extensions>
</trkpt>
<trkpt lat="46.376290" lon="12.557211">
<ele>1920.030762</ele>
<time>2022-08-16T07:22:20.385Z</time>
<extensions>
<gpxtpx:TrackPointExtension>
<gpxtpx:speed>0.624844</gpxtpx:speed>
</gpxtpx:TrackPointExtension>
</extensions>
</trkpt>
<trkpt lat="46.376244" lon="12.557209">
<ele>1921.692383</ele>
<time>2022-08-16T07:22:30.388Z</time>
<extensions>
<gpxtpx:TrackPointExtension>
<gpxtpx:speed>0.620733</gpxtpx:speed>
</gpxtpx:TrackPointExtension>
</extensions>
</trkpt>
<trkpt lat="46.376194" lon="12.557223">
<ele>1922.113037</ele>
<time>2022-08-16T07:22:40.411Z</time>
<extensions>
<gpxtpx:TrackPointExtension>
<gpxtpx:speed>0.495347</gpxtpx:speed>
</gpxtpx:TrackPointExtension>
</extensions>
</trkpt>
<trkpt lat="46.376147" lon="12.557220">
<ele>1924.070068</ele>
<time>2022-08-16T07:22:50.454Z</time>
<extensions>
<gpxtpx:TrackPointExtension>
<gpxtpx:speed>0.491940</gpxtpx:speed>
</gpxtpx:TrackPointExtension>
</extensions>
</trkpt>
<trkpt lat="46.376103" lon="12.557222">
<ele>1925.404297</ele>
<time>2022-08-16T07:23:00.512Z</time>
<extensions>
<gpxtpx:TrackPointExtension>
<gpxtpx:speed>0.584310</gpxtpx:speed>
</gpxtpx:TrackPointExtension>
</extensions>
</trkpt>
<trkpt lat="46.376059" lon="12.557228">
<ele>1927.551270</ele>
<time>2022-08-16T07:23:11.340Z</time>
<extensions>
<gpxtpx:TrackPointExtension>
<gpxtpx:speed>0.466412</gpxtpx:speed>
</gpxtpx:TrackPointExtension>
</extensions>
</trkpt>
<trkpt lat="46.376041" lon="12.557222">
<ele>1930.067383</ele>
<time>2022-08-16T07:23:31.345Z</time>
<extensions>
<gpxtpx:TrackPointExtension>
<gpxtpx:speed>0.624416</gpxtpx:speed>
</gpxtpx:TrackPointExtension>
</extensions>
</trkpt>
<trkpt lat="46.376055" lon="12.557194">
<ele>1929.400146</ele>
<time>2022-08-16T07:23:41.345Z</time>
<extensions>
<gpxtpx:TrackPointExtension>
<gpxtpx:speed>0.285627</gpxtpx:speed>
</gpxtpx:TrackPointExtension>
</extensions>
</trkpt>
<trkpt lat="46.376066" lon="12.557185">
<ele>1929.085938</ele>
<time>2022-08-16T07:25:51.397Z</time>
<extensions>
<gpxtpx:TrackPointExtension>
<gpxtpx:speed>0.339834</gpxtpx:speed>
</gpxtpx:TrackPointExtension>
</extensions>
</trkpt>
<trkpt lat="46.376000" lon="12.557248">
<ele>1931.638184</ele>
<time>2022-08-16T07:26:01.449Z</time>
<extensions>
<gpxtpx:TrackPointExtension>
<gpxtpx:speed>0.764095</gpxtpx:speed>
</gpxtpx:TrackPointExtension>
</extensions>
</trkpt>
<trkpt lat="46.375927" lon="12.557272">
<ele>1932.246582</ele>
<time>2022-08-16T07:26:11.525Z</time>
<extensions>
<gpxtpx:TrackPointExtension>
<gpxtpx:speed>0.706741</gpxtpx:speed>
</gpxtpx:TrackPointExtension>
</extensions>
</trkpt>
<trkpt lat="46.375859" lon="12.557313">
<ele>1933.995117</ele>
<time>2022-08-16T07:26:22.358Z</time>
<extensions>
<gpxtpx:TrackPointExtension>
<gpxtpx:speed>0.676055</gpxtpx:speed>
</gpxtpx:TrackPointExtension>
</extensions>
</trkpt>
<trkpt lat="46.375816" lon="12.557383">
<ele>1934.728516</ele>
<time>2022-08-16T07:26:32.366Z</time>
<extensions>
<gpxtpx:TrackPointExtension>
<gpxtpx:speed>0.662400</gpxtpx:speed>
</gpxtpx:TrackPointExtension>
</extensions>
</trkpt>
<trkpt lat="46.375778" lon="12.557456">
<ele>1935.499756</ele>
<time>2022-08-16T07:26:42.368Z</time>
<extensions>
<gpxtpx:TrackPointExtension>
<gpxtpx:speed>0.659826</gpxtpx:speed>
</gpxtpx:TrackPointExtension>
</extensions>
</trkpt>
<trkpt lat="46.375736" lon="12.557544">
<ele>1938.819336</ele>
<time>2022-08-16T07:26:52.393Z</time>
<extensions>
<gpxtpx:TrackPointExtension>
<gpxtpx:speed>0.667779</gpxtpx:speed>
</gpxtpx:TrackPointExtension>
</extensions>
</trkpt>
<trkpt lat="46.375657" lon="12.557579">
<ele>1940.884033</ele>
<time>2022-08-16T07:27:07.353Z</time>
<extensions>
<gpxtpx:TrackPointExtension>
<gpxtpx:speed>0.623871</gpxtpx:speed>
</gpxtpx:TrackPointExtension>
</extensions>
</trkpt>
<trkpt lat="46.375595" lon="12.557596">
<ele>1942.264648</ele>
<time>2022-08-16T07:27:17.365Z</time>
<extensions>
<gpxtpx:TrackPointExtension>
<gpxtpx:speed>0.713345</gpxtpx:speed>
</gpxtpx:TrackPointExtension>
</extensions>
</trkpt>
<trkpt lat="46.375526" lon="12.557643">
<ele>1943.492920</ele>
<time>2022-08-16T07:27:30.354Z</time>
<extensions>
<gpxtpx:TrackPointExtension>
<gpxtpx:speed>0.706565</gpxtpx:speed>
</gpxtpx:TrackPointExtension>
</extensions>
</trkpt>
<trkpt lat="46.375461" lon="12.557649">
<ele>1945.694336</ele>
<time>2022-08-16T07:27:42.384Z</time>
<extensions>
<gpxtpx:TrackPointExtension>
<gpxtpx:speed>0.635818</gpxtpx:speed>
</gpxtpx:TrackPointExtension>
</extensions>
</trkpt>
<trkpt lat="46.375420" lon="12.557641">
<ele>1945.014160</ele>
<time>2022-08-16T07:27:57.353Z</time>
<extensions>
<gpxtpx:TrackPointExtension>
<gpxtpx:speed>0.495414</gpxtpx:speed>
</gpxtpx:TrackPointExtension>
</extensions>
</trkpt>
<trkpt lat="46.375381" lon="12.557602">
<ele>1943.617188</ele>
<time>2022-08-16T07:28:07.358Z</time>
<extensions>
<gpxtpx:TrackPointExtension>
<gpxtpx:speed>0.519597</gpxtpx:speed>
</gpxtpx:TrackPointExtension>
</extensions>
</trkpt>
<trkpt lat="46.375333" lon="12.557632">
<ele>1945.001465</ele>
<time>2022-08-16T07:28:17.358Z</time>
<extensions>
<gpxtpx:TrackPointExtension>
<gpxtpx:speed>0.684649</gpxtpx:speed>
</gpxtpx:TrackPointExtension>
</extensions>
</trkpt>
<trkpt lat="46.375313" lon="12.557582">
<ele>1948.997559</ele>
<time>2022-08-16T07:28:27.361Z</time>
<extensions>
<gpxtpx:TrackPointExtension>
<gpxtpx:speed>0.550846</gpxtpx:speed>
</gpxtpx:TrackPointExtension>
</extensions>
</trkpt>
<trkpt lat="46.375248" lon="12.557595">
<ele>1951.442383</ele>
<time>2022-08-16T07:28:37.363Z</time>
<extensions>
<gpxtpx:TrackPointExtension>
<gpxtpx:speed>0.759377</gpxtpx:speed>
</gpxtpx:TrackPointExtension>
</extensions>
</trkpt>
<trkpt lat="46.375173" lon="12.557597">
<ele>1954.471191</ele>
<time>2022-08-16T07:28:52.332Z</time>
<extensions>
<gpxtpx:TrackPointExtension>
<gpxtpx:speed>0.556763</gpxtpx:speed>
</gpxtpx:TrackPointExtension>
</extensions>
</trkpt>
<trkpt lat="46.375119" lon="12.557626">
<ele>1956.993652</ele>
<time>2022-08-16T07:29:02.387Z</time>
<extensions>
<gpxtpx:TrackPointExtension>
<gpxtpx:speed>0.520421</gpxtpx:speed>
</gpxtpx:TrackPointExtension>
</extensions>
</trkpt>
<trkpt lat="46.375060" lon="12.557628">
<ele>1957.061523</ele>
<time>2022-08-16T07:29:12.406Z</time>
<extensions>
<gpxtpx:TrackPointExtension>
<gpxtpx:speed>0.563222</gpxtpx:speed>
</gpxtpx:TrackPointExtension>
</extensions>
</trkpt>
<trkpt lat="46.374998" lon="12.557646">
<ele>1958.848389</ele>
<time>2022-08-16T07:29:22.441Z</time>
<extensions>
<gpxtpx:TrackPointExtension>
<gpxtpx:speed>0.784712</gpxtpx:speed>
</gpxtpx:TrackPointExtension>
</extensions>
</trkpt>
<trkpt lat="46.374952" lon="12.557642">
<ele>1959.290283</ele>
<time>2022-08-16T07:29:32.477Z</time>
<extensions>
<gpxtpx:TrackPointExtension>
<gpxtpx:speed>0.537970</gpxtpx:speed>
</gpxtpx:TrackPointExtension>
</extensions>
</trkpt>
<trkpt lat="46.374900" lon="12.557659">
<ele>1961.678223</ele>
<time>2022-08-16T07:29:42.521Z</time>
<extensions>
<gpxtpx:TrackPointExtension>
<gpxtpx:speed>0.517417</gpxtpx:speed>
</gpxtpx:TrackPointExtension>
</extensions>
</trkpt>
<trkpt lat="46.374853" lon="12.557716">
<ele>1962.148193</ele>
<time>2022-08-16T07:29:53.360Z</time>
<extensions>
<gpxtpx:TrackPointExtension>
<gpxtpx:speed>0.514820</gpxtpx:speed>
</gpxtpx:TrackPointExtension>
</extensions>
</trkpt>
<trkpt lat="46.374806" lon="12.557786">
<ele>1963.306641</ele>
<time>2022-08-16T07:30:08.356Z</time>
<extensions>
<gpxtpx:TrackPointExtension>
<gpxtpx:speed>0.444707</gpxtpx:speed>
</gpxtpx:TrackPointExtension>
</extensions>
</trkpt>
<trkpt lat="46.374765" lon="12.557841">
<ele>1964.909912</ele>
<time>2022-08-16T07:30:21.367Z</time>
<extensions>
<gpxtpx:TrackPointExtension>
<gpxtpx:speed>0.482315</gpxtpx:speed>
</gpxtpx:TrackPointExtension>
</extensions>
</trkpt>
<trkpt lat="46.374707" lon="12.557873">
<ele>1965.996582</ele>
<time>2022-08-16T07:30:33.365Z</time>
<extensions>
<gpxtpx:TrackPointExtension>
<gpxtpx:speed>0.638100</gpxtpx:speed>
</gpxtpx:TrackPointExtension>
</extensions>
</trkpt>
<trkpt lat="46.374656" lon="12.557890">
<ele>1966.030029</ele>
<time>2022-08-16T07:30:43.394Z</time>
<extensions>
<gpxtpx:TrackPointExtension>
<gpxtpx:speed>0.570068</gpxtpx:speed>
</gpxtpx:TrackPointExtension>
</extensions>
</trkpt>
<trkpt lat="46.374575" lon="12.557923">
<ele>1970.868164</ele>
<time>2022-08-16T07:30:58.370Z</time>
<extensions>
<gpxtpx:TrackPointExtension>
<gpxtpx:speed>0.598968</gpxtpx:speed>
</gpxtpx:TrackPointExtension>
</extensions>
</trkpt>
<trkpt lat="46.374494" lon="12.557993">
<ele>1974.385010</ele>
<time>2022-08-16T07:31:13.358Z</time>
<extensions>
<gpxtpx:TrackPointExtension>
<gpxtpx:speed>0.528328</gpxtpx:speed>
</gpxtpx:TrackPointExtension>
</extensions>
</trkpt>
<trkpt lat="46.374397" lon="12.558035">
<ele>1978.278320</ele>
<time>2022-08-16T07:31:28.364Z</time>
<extensions>
<gpxtpx:TrackPointExtension>
<gpxtpx:speed>0.758394</gpxtpx:speed>
</gpxtpx:TrackPointExtension>
</extensions>
</trkpt>
<trkpt lat="46.374316" lon="12.558133">
<ele>1980.081055</ele>
<time>2022-08-16T07:31:43.339Z</time>
<extensions>
<gpxtpx:TrackPointExtension>
<gpxtpx:speed>0.628496</gpxtpx:speed>
</gpxtpx:TrackPointExtension>
</extensions>
</trkpt>
<trkpt lat="46.374277" lon="12.558188">
<ele>1983.492676</ele>
<time>2022-08-16T07:31:53.347Z</time>
<extensions>
<gpxtpx:TrackPointExtension>
<gpxtpx:speed>0.562904</gpxtpx:speed>
</gpxtpx:TrackPointExtension>
</extensions>
</trkpt>
<trkpt lat="46.374260" lon="12.558252">
<ele>1985.362793</ele>
<time>2022-08-16T07:32:03.349Z</time>
<extensions>
<gpxtpx:TrackPointExtension>
<gpxtpx:speed>0.478771</gpxtpx:speed>
</gpxtpx:TrackPointExtension>
</extensions>
</trkpt>
<trkpt lat="46.374196" lon="12.558291">
<ele>1987.535156</ele>
<time>2022-08-16T07:32:16.353Z</time>
<extensions>
<gpxtpx:TrackPointExtension>
<gpxtpx:speed>0.500181</gpxtpx:speed>
</gpxtpx:TrackPointExtension>
</extensions>
</trkpt>
<trkpt lat="46.374144" lon="12.558385">
<ele>1990.991699</ele>
<time>2022-08-16T07:32:28.397Z</time>
<extensions>
<gpxtpx:TrackPointExtension>
<gpxtpx:speed>0.667070</gpxtpx:speed>
</gpxtpx:TrackPointExtension>
</extensions>
</trkpt>
<trkpt lat="46.374080" lon="12.558461">
<ele>1988.715332</ele>
<time>2022-08-16T07:32:38.423Z</time>
<extensions>
<gpxtpx:TrackPointExtension>
<gpxtpx:speed>0.638415</gpxtpx:speed>
</gpxtpx:TrackPointExtension>
</extensions>
</trkpt>
<trkpt lat="46.374019" lon="12.558525">
<ele>1988.445801</ele>
<time>2022-08-16T07:32:48.455Z</time>
<extensions>
<gpxtpx:TrackPointExtension>
<gpxtpx:speed>0.641487</gpxtpx:speed>
</gpxtpx:TrackPointExtension>
</extensions>
</trkpt>
<trkpt lat="46.373974" lon="12.558629">
<ele>1989.667480</ele>
<time>2022-08-16T07:32:58.492Z</time>
<extensions>
<gpxtpx:TrackPointExtension>
<gpxtpx:speed>0.674315</gpxtpx:speed>
</gpxtpx:TrackPointExtension>
</extensions>
</trkpt>
<trkpt lat="46.373922" lon="12.558696">
<ele>1990.783203</ele>
<time>2022-08-16T07:33:09.351Z</time>
<extensions>
<gpxtpx:TrackPointExtension>
<gpxtpx:speed>0.582970</gpxtpx:speed>
</gpxtpx:TrackPointExtension>
</extensions>
</trkpt>
<trkpt lat="46.373882" lon="12.558753">
<ele>1992.200684</ele>
<time>2022-08-16T07:33:19.365Z</time>
<extensions>
<gpxtpx:TrackPointExtension>
<gpxtpx:speed>0.535391</gpxtpx:speed>
</gpxtpx:TrackPointExtension>
</extensions>
</trkpt>
<trkpt lat="46.373848" lon="12.558819">
<ele>1994.589111</ele>
<time>2022-08-16T07:33:29.374Z</time>
<extensions>
<gpxtpx:TrackPointExtension>
<gpxtpx:speed>0.524870</gpxtpx:speed>
</gpxtpx:TrackPointExtension>
</extensions>
</trkpt>
<trkpt lat="46.373764" lon="12.558845">
<ele>1995.854492</ele>
<time>2022-08-16T07:33:44.348Z</time>
<extensions>
<gpxtpx:TrackPointExtension>
<gpxtpx:speed>0.520888</gpxtpx:speed>
</gpxtpx:TrackPointExtension>
</extensions>
</trkpt>
<trkpt lat="46.373728" lon="12.558910">
<ele>1995.188477</ele>
<time>2022-08-16T07:33:54.354Z</time>
<extensions>
<gpxtpx:TrackPointExtension>
<gpxtpx:speed>0.494197</gpxtpx:speed>
</gpxtpx:TrackPointExtension>
</extensions>
</trkpt>
<trkpt lat="46.373674" lon="12.558966">
<ele>1997.683594</ele>
<time>2022-08-16T07:34:04.369Z</time>
<extensions>
<gpxtpx:TrackPointExtension>
<gpxtpx:speed>0.609873</gpxtpx:speed>
</gpxtpx:TrackPointExtension>
</extensions>
</trkpt>
<trkpt lat="46.373625" lon="12.559010">
<ele>1999.933594</ele>
<time>2022-08-16T07:34:14.406Z</time>
<extensions>
<gpxtpx:TrackPointExtension>
<gpxtpx:speed>0.641678</gpxtpx:speed>
</gpxtpx:TrackPointExtension>
</extensions>
</trkpt>
<trkpt lat="46.373557" lon="12.559084">
<ele>2004.937988</ele>
<time>2022-08-16T07:34:27.354Z</time>
<extensions>
<gpxtpx:TrackPointExtension>
<gpxtpx:speed>0.719070</gpxtpx:speed>
</gpxtpx:TrackPointExtension>
</extensions>
</trkpt>
<trkpt lat="46.373501" lon="12.559137">
<ele>2005.397949</ele>
<time>2022-08-16T07:34:37.357Z</time>
<extensions>
<gpxtpx:TrackPointExtension>
<gpxtpx:speed>0.589385</gpxtpx:speed>
</gpxtpx:TrackPointExtension>
</extensions>
</trkpt>
<trkpt lat="46.373429" lon="12.559177">
<ele>2006.663086</ele>
<time>2022-08-16T07:34:49.376Z</time>
<extensions>
<gpxtpx:TrackPointExtension>
<gpxtpx:speed>0.665997</gpxtpx:speed>
</gpxtpx:TrackPointExtension>
</extensions>
</trkpt>
<trkpt lat="46.373356" lon="12.559239">
<ele>2008.378174</ele>
<time>2022-08-16T07:35:04.355Z</time>
<extensions>
<gpxtpx:TrackPointExtension>
<gpxtpx:speed>0.559946</gpxtpx:speed>
</gpxtpx:TrackPointExtension>
</extensions>
</trkpt>
<trkpt lat="46.373306" lon="12.559275">
<ele>2009.928711</ele>
<time>2022-08-16T07:35:14.385Z</time>
<extensions>
<gpxtpx:TrackPointExtension>
<gpxtpx:speed>0.519768</gpxtpx:speed>
</gpxtpx:TrackPointExtension>
</extensions>
</trkpt>
<trkpt lat="46.373270" lon="12.559344">
<ele>2010.819824</ele>
<time>2022-08-16T07:35:24.420Z</time>
<extensions>
<gpxtpx:TrackPointExtension>
<gpxtpx:speed>0.529575</gpxtpx:speed>
</gpxtpx:TrackPointExtension>
</extensions>
</trkpt>
<trkpt lat="46.373228" lon="12.559410">
<ele>2015.180176</ele>
<time>2022-08-16T07:35:34.444Z</time>
<extensions>
<gpxtpx:TrackPointExtension>
<gpxtpx:speed>0.568202</gpxtpx:speed>
</gpxtpx:TrackPointExtension>
</extensions>
</trkpt>
<trkpt lat="46.373171" lon="12.559507">
<ele>2016.295898</ele>
<time>2022-08-16T07:35:44.476Z</time>
<extensions>
<gpxtpx:TrackPointExtension>
<gpxtpx:speed>0.785685</gpxtpx:speed>
</gpxtpx:TrackPointExtension>
</extensions>
</trkpt>
<trkpt lat="46.373116" lon="12.559599">
<ele>2015.783691</ele>
<time>2022-08-16T07:35:54.517Z</time>
<extensions>
<gpxtpx:TrackPointExtension>
<gpxtpx:speed>0.763247</gpxtpx:speed>
</gpxtpx:TrackPointExtension>
</extensions>
</trkpt>
<trkpt lat="46.373035" lon="12.559672">
<ele>2013.192383</ele>
<time>2022-08-16T07:36:05.365Z</time>
<extensions>
<gpxtpx:TrackPointExtension>
<gpxtpx:speed>0.756715</gpxtpx:speed>
</gpxtpx:TrackPointExtension>
</extensions>
</trkpt>
<trkpt lat="46.372971" lon="12.559757">
<ele>2015.060547</ele>
<time>2022-08-16T07:36:15.365Z</time>
<extensions>
<gpxtpx:TrackPointExtension>
<gpxtpx:speed>0.716252</gpxtpx:speed>
</gpxtpx:TrackPointExtension>
</extensions>
</trkpt>
<trkpt lat="46.372887" lon="12.559837">
<ele>2016.831787</ele>
<time>2022-08-16T07:36:30.365Z</time>
<extensions>
<gpxtpx:TrackPointExtension>
<gpxtpx:speed>0.664976</gpxtpx:speed>
</gpxtpx:TrackPointExtension>
</extensions>
</trkpt>
<trkpt lat="46.372817" lon="12.559848">
<ele>2017.164551</ele>
<time>2022-08-16T07:36:42.366Z</time>
<extensions>
<gpxtpx:TrackPointExtension>
<gpxtpx:speed>0.669208</gpxtpx:speed>
</gpxtpx:TrackPointExtension>
</extensions>
</trkpt>
<trkpt lat="46.372765" lon="12.559922">
<ele>2018.182617</ele>
<time>2022-08-16T07:36:52.369Z</time>
<extensions>
<gpxtpx:TrackPointExtension>
<gpxtpx:speed>0.622139</gpxtpx:speed>
</gpxtpx:TrackPointExtension>
</extensions>
</trkpt>
<trkpt lat="46.372704" lon="12.560000">
<ele>2021.450195</ele>
<time>2022-08-16T07:37:05.382Z</time>
<extensions>
<gpxtpx:TrackPointExtension>
<gpxtpx:speed>0.547862</gpxtpx:speed>
</gpxtpx:TrackPointExtension>
</extensions>
</trkpt>
<trkpt lat="46.372602" lon="12.560049">
<ele>2021.141113</ele>
<time>2022-08-16T07:37:20.350Z</time>
<extensions>
<gpxtpx:TrackPointExtension>
<gpxtpx:speed>0.711351</gpxtpx:speed>
</gpxtpx:TrackPointExtension>
</extensions>
</trkpt>
<trkpt lat="46.372534" lon="12.560092">
<ele>2022.677979</ele>
<time>2022-08-16T07:37:30.361Z</time>
<extensions>
<gpxtpx:TrackPointExtension>
<gpxtpx:speed>0.681693</gpxtpx:speed>
</gpxtpx:TrackPointExtension>
</extensions>
</trkpt>
<trkpt lat="46.372463" lon="12.560118">
<ele>2021.862793</ele>
<time>2022-08-16T07:37:40.364Z</time>
<extensions>
<gpxtpx:TrackPointExtension>
<gpxtpx:speed>0.714708</gpxtpx:speed>
</gpxtpx:TrackPointExtension>
</extensions>
</trkpt>
<trkpt lat="46.372362" lon="12.560189">
<ele>2025.550049</ele>
<time>2022-08-16T07:37:55.347Z</time>
<extensions>
<gpxtpx:TrackPointExtension>
<gpxtpx:speed>0.622443</gpxtpx:speed>
</gpxtpx:TrackPointExtension>
</extensions>
</trkpt>
<trkpt lat="46.372304" lon="12.560225">
<ele>2028.410889</ele>
<time>2022-08-16T07:38:05.347Z</time>
<extensions>
<gpxtpx:TrackPointExtension>
<gpxtpx:speed>0.628217</gpxtpx:speed>
</gpxtpx:TrackPointExtension>
</extensions>
</trkpt>
<trkpt lat="46.372247" lon="12.560267">
<ele>2029.823242</ele>
<time>2022-08-16T07:38:15.355Z</time>
<extensions>
<gpxtpx:TrackPointExtension>
<gpxtpx:speed>0.608540</gpxtpx:speed>
</gpxtpx:TrackPointExtension>
</extensions>
</trkpt>
<trkpt lat="46.372179" lon="12.560292">
<ele>2029.124512</ele>
<time>2022-08-16T07:38:25.383Z</time>
<extensions>
<gpxtpx:TrackPointExtension>
<gpxtpx:speed>0.643941</gpxtpx:speed>
</gpxtpx:TrackPointExtension>
</extensions>
</trkpt>
<trkpt lat="46.372118" lon="12.560333">
<ele>2029.074707</ele>
<time>2022-08-16T07:38:35.409Z</time>
<extensions>
<gpxtpx:TrackPointExtension>
<gpxtpx:speed>0.639323</gpxtpx:speed>
</gpxtpx:TrackPointExtension>
</extensions>
</trkpt>
<trkpt lat="46.372056" lon="12.560404">
<ele>2029.013672</ele>
<time>2022-08-16T07:38:45.483Z</time>
<extensions>
<gpxtpx:TrackPointExtension>
<gpxtpx:speed>0.637839</gpxtpx:speed>
</gpxtpx:TrackPointExtension>
</extensions>
</trkpt>
<trkpt lat="46.371998" lon="12.560494">
<ele>2032.020996</ele>
<time>2022-08-16T07:38:56.369Z</time>
<extensions>
<gpxtpx:TrackPointExtension>
<gpxtpx:speed>0.638953</gpxtpx:speed>
</gpxtpx:TrackPointExtension>
</extensions>
</trkpt>
<trkpt lat="46.371903" lon="12.560498">
<ele>2029.574219</ele>
<time>2022-08-16T07:39:11.369Z</time>
<extensions>
<gpxtpx:TrackPointExtension>
<gpxtpx:speed>0.628546</gpxtpx:speed>
</gpxtpx:TrackPointExtension>
</extensions>
</trkpt>
<trkpt lat="46.371888" lon="12.560506">
<ele>2030.533936</ele>
<time>2022-08-16T07:39:25.318Z</time>
<extensions>
<gpxtpx:TrackPointExtension>
<gpxtpx:speed>0.628046</gpxtpx:speed>
</gpxtpx:TrackPointExtension>
</extensions>
</trkpt>
<trkpt lat="46.371899" lon="12.560511">
<ele>2029.564453</ele>
<time>2022-08-16T07:39:51.386Z</time>
<extensions>
<gpxtpx:TrackPointExtension>
<gpxtpx:speed>0.721177</gpxtpx:speed>
</gpxtpx:TrackPointExtension>
</extensions>
</trkpt>
<trkpt lat="46.371804" lon="12.560565">
<ele>2037.549805</ele>
<time>2022-08-16T07:40:06.356Z</time>
<extensions>
<gpxtpx:TrackPointExtension>
<gpxtpx:speed>0.875952</gpxtpx:speed>
</gpxtpx:TrackPointExtension>
</extensions>
</trkpt>
<trkpt lat="46.371733" lon="12.560569">
<ele>2040.571777</ele>
<time>2022-08-16T07:40:16.358Z</time>
<extensions>
<gpxtpx:TrackPointExtension>
<gpxtpx:speed>0.742499</gpxtpx:speed>
</gpxtpx:TrackPointExtension>
</extensions>
</trkpt>
<trkpt lat="46.371659" lon="12.560555">
<ele>2043.166748</ele>
<time>2022-08-16T07:40:27.430Z</time>
<extensions>
<gpxtpx:TrackPointExtension>
<gpxtpx:speed>0.697622</gpxtpx:speed>
</gpxtpx:TrackPointExtension>
</extensions>
</trkpt>
<trkpt lat="46.371615" lon="12.560525">
<ele>2042.447754</ele>
<time>2022-08-16T07:40:37.439Z</time>
<extensions>
<gpxtpx:TrackPointExtension>
<gpxtpx:speed>0.546203</gpxtpx:speed>
</gpxtpx:TrackPointExtension>
</extensions>
</trkpt>
</trkseg>
<trkseg>
<trkpt lat="46.371601" lon="12.560484">
<ele>2044.316406</ele>
<time>2022-08-16T07:51:52.035Z</time>
<extensions>
<gpxtpx:TrackPointExtension>
<gpxtpx:speed>0.007821</gpxtpx:speed>
</gpxtpx:TrackPointExtension>
</extensions>
</trkpt>
<trkpt lat="46.371596" lon="12.560451">
<ele>2043.407227</ele>
<time>2022-08-16T07:52:02.340Z</time>
<extensions>
<gpxtpx:TrackPointExtension>
<gpxtpx:speed>0.253354</gpxtpx:speed>
</gpxtpx:TrackPointExtension>
</extensions>
</trkpt>
<trkpt lat="46.371597" lon="12.560436">
<ele>2042.805176</ele>
<time>2022-08-16T07:52:42.396Z</time>
<extensions>
<gpxtpx:TrackPointExtension>
<gpxtpx:speed>0.263389</gpxtpx:speed>
</gpxtpx:TrackPointExtension>
</extensions>
</trkpt>
<trkpt lat="46.371594" lon="12.560467">
<ele>2041.109375</ele>
<time>2022-08-16T07:52:52.410Z</time>
<extensions>
<gpxtpx:TrackPointExtension>
<gpxtpx:speed>0.308538</gpxtpx:speed>
</gpxtpx:TrackPointExtension>
</extensions>
</trkpt>
<trkpt lat="46.371523" lon="12.560505">
<ele>2042.415527</ele>
<time>2022-08-16T07:53:02.442Z</time>
<extensions>
<gpxtpx:TrackPointExtension>
<gpxtpx:speed>0.856342</gpxtpx:speed>
</gpxtpx:TrackPointExtension>
</extensions>
</trkpt>
<trkpt lat="46.371485" lon="12.560544">
<ele>2040.809570</ele>
<time>2022-08-16T07:53:12.505Z</time>
<extensions>
<gpxtpx:TrackPointExtension>
<gpxtpx:speed>0.749678</gpxtpx:speed>
</gpxtpx:TrackPointExtension>
</extensions>
</trkpt>
<trkpt lat="46.371422" lon="12.560554">
<ele>2041.425781</ele>
<time>2022-08-16T07:53:22.525Z</time>
<extensions>
<gpxtpx:TrackPointExtension>
<gpxtpx:speed>0.770776</gpxtpx:speed>
</gpxtpx:TrackPointExtension>
</extensions>
</trkpt>
<trkpt lat="46.371416" lon="12.560625">
<ele>2039.454590</ele>
<time>2022-08-16T07:53:33.361Z</time>
<extensions>
<gpxtpx:TrackPointExtension>
<gpxtpx:speed>0.944962</gpxtpx:speed>
</gpxtpx:TrackPointExtension>
</extensions>
</trkpt>
<trkpt lat="46.371376" lon="12.560666">
<ele>2035.960693</ele>
<time>2022-08-16T07:53:48.380Z</time>
<extensions>
<gpxtpx:TrackPointExtension>
<gpxtpx:speed>0.794149</gpxtpx:speed>
</gpxtpx:TrackPointExtension>
</extensions>
</trkpt>
<trkpt lat="46.371359" lon="12.560753">
<ele>2033.395508</ele>
<time>2022-08-16T07:54:01.357Z</time>
<extensions>
<gpxtpx:TrackPointExtension>
<gpxtpx:speed>0.729438</gpxtpx:speed>
</gpxtpx:TrackPointExtension>
</extensions>
</trkpt>
<trkpt lat="46.371352" lon="12.560831">
<ele>2035.256836</ele>
<time>2022-08-16T07:54:13.350Z</time>
<extensions>
<gpxtpx:TrackPointExtension>
<gpxtpx:speed>0.879013</gpxtpx:speed>
</gpxtpx:TrackPointExtension>
</extensions>
</trkpt>
<trkpt lat="46.371310" lon="12.560805">
<ele>2034.426270</ele>
<time>2022-08-16T07:54:23.353Z</time>
<extensions>
<gpxtpx:TrackPointExtension>
<gpxtpx:speed>0.362778</gpxtpx:speed>
</gpxtpx:TrackPointExtension>
</extensions>
</trkpt>
<trkpt lat="46.371238" lon="12.560718">
<ele>2033.408203</ele>
<time>2022-08-16T07:54:33.388Z</time>
<extensions>
<gpxtpx:TrackPointExtension>
<gpxtpx:speed>1.224415</gpxtpx:speed>
</gpxtpx:TrackPointExtension>
</extensions>
</trkpt>
<trkpt lat="46.371106" lon="12.560780">
<ele>2029.896973</ele>
<time>2022-08-16T07:54:48.346Z</time>
<extensions>
<gpxtpx:TrackPointExtension>
<gpxtpx:speed>1.000714</gpxtpx:speed>
</gpxtpx:TrackPointExtension>
</extensions>
</trkpt>
<trkpt lat="46.371006" lon="12.560861">
<ele>2027.228516</ele>
<time>2022-08-16T07:54:59.335Z</time>
<extensions>
<gpxtpx:TrackPointExtension>
<gpxtpx:speed>1.021373</gpxtpx:speed>
</gpxtpx:TrackPointExtension>
</extensions>
</trkpt>
<trkpt lat="46.370881" lon="12.560974">
<ele>2026.937012</ele>
<time>2022-08-16T07:55:13.341Z</time>
<extensions>
<gpxtpx:TrackPointExtension>
<gpxtpx:speed>1.231271</gpxtpx:speed>
</gpxtpx:TrackPointExtension>
</extensions>
</trkpt>
<trkpt lat="46.370782" lon="12.560996">
<ele>2027.806396</ele>
<time>2022-08-16T07:55:26.350Z</time>
<extensions>
<gpxtpx:TrackPointExtension>
<gpxtpx:speed>0.846813</gpxtpx:speed>
</gpxtpx:TrackPointExtension>
</extensions>
</trkpt>
<trkpt lat="46.370705" lon="12.561084">
<ele>2030.190430</ele>
<time>2022-08-16T07:55:38.351Z</time>
<extensions>
<gpxtpx:TrackPointExtension>
<gpxtpx:speed>0.883427</gpxtpx:speed>
</gpxtpx:TrackPointExtension>
</extensions>
</trkpt>
<trkpt lat="46.370658" lon="12.561217">
<ele>2032.144531</ele>
<time>2022-08-16T07:55:48.387Z</time>
<extensions>
<gpxtpx:TrackPointExtension>
<gpxtpx:speed>1.085435</gpxtpx:speed>
</gpxtpx:TrackPointExtension>
</extensions>
</trkpt>
<trkpt lat="46.370616" lon="12.561268">
<ele>2032.150391</ele>
<time>2022-08-16T07:55:58.413Z</time>
<extensions>
<gpxtpx:TrackPointExtension>
<gpxtpx:speed>1.058016</gpxtpx:speed>
</gpxtpx:TrackPointExtension>
</extensions>
</trkpt>
<trkpt lat="46.370628" lon="12.561263">
<ele>2032.720215</ele>
<time>2022-08-16T07:56:25.346Z</time>
<extensions>
<gpxtpx:TrackPointExtension>
<gpxtpx:speed>0.697925</gpxtpx:speed>
</gpxtpx:TrackPointExtension>
</extensions>
</trkpt>
<trkpt lat="46.370711" lon="12.561116">
<ele>2030.571289</ele>
<time>2022-08-16T07:56:39.342Z</time>
<extensions>
<gpxtpx:TrackPointExtension>
<gpxtpx:speed>0.906124</gpxtpx:speed>
</gpxtpx:TrackPointExtension>
</extensions>
</trkpt>
<trkpt lat="46.370753" lon="12.560980">
<ele>2029.477539</ele>
<time>2022-08-16T07:56:49.355Z</time>
<extensions>
<gpxtpx:TrackPointExtension>
<gpxtpx:speed>1.048899</gpxtpx:speed>
</gpxtpx:TrackPointExtension>
</extensions>
</trkpt>
<trkpt lat="46.370790" lon="12.560971">
<ele>2029.497559</ele>
<time>2022-08-16T07:56:59.390Z</time>
<extensions>
<gpxtpx:TrackPointExtension>
<gpxtpx:speed>0.674450</gpxtpx:speed>
</gpxtpx:TrackPointExtension>
</extensions>
</trkpt>
<trkpt lat="46.370784" lon="12.561085">
<ele>2028.742432</ele>
<time>2022-08-16T07:57:14.348Z</time>
<extensions>
<gpxtpx:TrackPointExtension>
<gpxtpx:speed>0.400793</gpxtpx:speed>
</gpxtpx:TrackPointExtension>
</extensions>
</trkpt>
<trkpt lat="46.370788" lon="12.561114">
<ele>2024.248779</ele>
<time>2022-08-16T07:57:24.349Z</time>
<extensions>
<gpxtpx:TrackPointExtension>
<gpxtpx:speed>0.573934</gpxtpx:speed>
</gpxtpx:TrackPointExtension>
</extensions>
</trkpt>
<trkpt lat="46.370787" lon="12.561207">
<ele>2021.701904</ele>
<time>2022-08-16T07:57:34.351Z</time>
<extensions>
<gpxtpx:TrackPointExtension>
<gpxtpx:speed>0.864243</gpxtpx:speed>
</gpxtpx:TrackPointExtension>
</extensions>
</trkpt>
<trkpt lat="46.370789" lon="12.561337">
<ele>2019.590820</ele>
<time>2022-08-16T07:57:49.367Z</time>
<extensions>
<gpxtpx:TrackPointExtension>
<gpxtpx:speed>0.688884</gpxtpx:speed>
</gpxtpx:TrackPointExtension>
</extensions>
</trkpt>
<trkpt lat="46.370793" lon="12.561429">
<ele>2022.497559</ele>
<time>2022-08-16T07:58:00.401Z</time>
<extensions>
<gpxtpx:TrackPointExtension>
<gpxtpx:speed>0.704441</gpxtpx:speed>
</gpxtpx:TrackPointExtension>
</extensions>
</trkpt>
<trkpt lat="46.370784" lon="12.561432">
<ele>2021.681152</ele>
<time>2022-08-16T07:58:18.338Z</time>
<extensions>
<gpxtpx:TrackPointExtension>
<gpxtpx:speed>0.431378</gpxtpx:speed>
</gpxtpx:TrackPointExtension>
</extensions>
</trkpt>
<trkpt lat="46.370722" lon="12.561392">
<ele>2021.154785</ele>
<time>2022-08-16T07:58:28.340Z</time>
<extensions>
<gpxtpx:TrackPointExtension>
<gpxtpx:speed>0.661098</gpxtpx:speed>
</gpxtpx:TrackPointExtension>
</extensions>
</trkpt>
<trkpt lat="46.370681" lon="12.561369">
<ele>2023.145020</ele>
<time>2022-08-16T07:58:40.337Z</time>
<extensions>
<gpxtpx:TrackPointExtension>
<gpxtpx:speed>0.458835</gpxtpx:speed>
</gpxtpx:TrackPointExtension>
</extensions>
</trkpt>
<trkpt lat="46.370708" lon="12.561306">
<ele>2020.587158</ele>
<time>2022-08-16T07:58:55.347Z</time>
<extensions>
<gpxtpx:TrackPointExtension>
<gpxtpx:speed>0.307602</gpxtpx:speed>
</gpxtpx:TrackPointExtension>
</extensions>
</trkpt>
<trkpt lat="46.370707" lon="12.561399">
<ele>2019.198242</ele>
<time>2022-08-16T07:59:05.357Z</time>
<extensions>
<gpxtpx:TrackPointExtension>
<gpxtpx:speed>0.883797</gpxtpx:speed>
</gpxtpx:TrackPointExtension>
</extensions>
</trkpt>
<trkpt lat="46.370690" lon="12.561469">
<ele>2019.014160</ele>
<time>2022-08-16T07:59:15.364Z</time>
<extensions>
<gpxtpx:TrackPointExtension>
<gpxtpx:speed>0.410865</gpxtpx:speed>
</gpxtpx:TrackPointExtension>
</extensions>
</trkpt>
<trkpt lat="46.370656" lon="12.561526">
<ele>2017.564453</ele>
<time>2022-08-16T07:59:35.347Z</time>
<extensions>
<gpxtpx:TrackPointExtension>
<gpxtpx:speed>0.399514</gpxtpx:speed>
</gpxtpx:TrackPointExtension>
</extensions>
</trkpt>
<trkpt lat="46.370650" lon="12.561538">
<ele>2017.246094</ele>
<time>2022-08-16T07:59:56.357Z</time>
<extensions>
<gpxtpx:TrackPointExtension>
<gpxtpx:speed>0.615380</gpxtpx:speed>
</gpxtpx:TrackPointExtension>
</extensions>
</trkpt>
<trkpt lat="46.370608" lon="12.561671">
<ele>2017.083008</ele>
<time>2022-08-16T08:00:06.374Z</time>
<extensions>
<gpxtpx:TrackPointExtension>
<gpxtpx:speed>1.193208</gpxtpx:speed>
</gpxtpx:TrackPointExtension>
</extensions>
</trkpt>
<trkpt lat="46.370557" lon="12.561767">
<ele>2019.470703</ele>
<time>2022-08-16T08:00:20.493Z</time>
<extensions>
<gpxtpx:TrackPointExtension>
<gpxtpx:speed>0.568331</gpxtpx:speed>
</gpxtpx:TrackPointExtension>
</extensions>
</trkpt>
<trkpt lat="46.370548" lon="12.561833">
<ele>2021.604492</ele>
<time>2022-08-16T08:00:31.371Z</time>
<extensions>
<gpxtpx:TrackPointExtension>
<gpxtpx:speed>0.794178</gpxtpx:speed>
</gpxtpx:TrackPointExtension>
</extensions>
</trkpt>
<trkpt lat="46.370547" lon="12.561883">
<ele>2020.523926</ele>
<time>2022-08-16T08:00:45.329Z</time>
<extensions>
<gpxtpx:TrackPointExtension>
<gpxtpx:speed>0.336401</gpxtpx:speed>
</gpxtpx:TrackPointExtension>
</extensions>
</trkpt>
<trkpt lat="46.370570" lon="12.561962">
<ele>2019.026367</ele>
<time>2022-08-16T08:00:56.350Z</time>
<extensions>
<gpxtpx:TrackPointExtension>
<gpxtpx:speed>0.677880</gpxtpx:speed>
</gpxtpx:TrackPointExtension>
</extensions>
</trkpt>
<trkpt lat="46.370583" lon="12.562039">
<ele>2020.335938</ele>
<time>2022-08-16T08:01:11.323Z</time>
<extensions>
<gpxtpx:TrackPointExtension>
<gpxtpx:speed>0.226715</gpxtpx:speed>
</gpxtpx:TrackPointExtension>
</extensions>
</trkpt>
<trkpt lat="46.370588" lon="12.562053">
<ele>2019.577148</ele>
<time>2022-08-16T08:02:16.329Z</time>
<extensions>
<gpxtpx:TrackPointExtension>
<gpxtpx:speed>0.291503</gpxtpx:speed>
</gpxtpx:TrackPointExtension>
</extensions>
</trkpt>
<trkpt lat="46.370580" lon="12.562145">
<ele>2019.608154</ele>
<time>2022-08-16T08:02:26.376Z</time>
<extensions>
<gpxtpx:TrackPointExtension>
<gpxtpx:speed>0.516801</gpxtpx:speed>
</gpxtpx:TrackPointExtension>
</extensions>
</trkpt>
<trkpt lat="46.370586" lon="12.562251">
<ele>2019.272949</ele>
<time>2022-08-16T08:02:36.402Z</time>
<extensions>
<gpxtpx:TrackPointExtension>
<gpxtpx:speed>0.902924</gpxtpx:speed>
</gpxtpx:TrackPointExtension>
</extensions>
</trkpt>
<trkpt lat="46.370570" lon="12.562336">
<ele>2019.706543</ele>
<time>2022-08-16T08:02:46.429Z</time>
<extensions>
<gpxtpx:TrackPointExtension>
<gpxtpx:speed>1.499441</gpxtpx:speed>
</gpxtpx:TrackPointExtension>
</extensions>
</trkpt>
<trkpt lat="46.370566" lon="12.562374">
<ele>2018.933594</ele>
<time>2022-08-16T08:03:01.370Z</time>
<extensions>
<gpxtpx:TrackPointExtension>
<gpxtpx:speed>0.931262</gpxtpx:speed>
</gpxtpx:TrackPointExtension>
</extensions>
</trkpt>
<trkpt lat="46.370555" lon="12.562442">
<ele>2018.579590</ele>
<time>2022-08-16T08:03:12.381Z</time>
<extensions>
<gpxtpx:TrackPointExtension>
<gpxtpx:speed>0.719178</gpxtpx:speed>
</gpxtpx:TrackPointExtension>
</extensions>
</trkpt>
<trkpt lat="46.370492" lon="12.562547">
<ele>2021.227539</ele>
<time>2022-08-16T08:03:27.348Z</time>
<extensions>
<gpxtpx:TrackPointExtension>
<gpxtpx:speed>0.770186</gpxtpx:speed>
</gpxtpx:TrackPointExtension>
</extensions>
</trkpt>
<trkpt lat="46.370517" lon="12.562531">
<ele>2020.915283</ele>
<time>2022-08-16T08:03:37.362Z</time>
<extensions>
<gpxtpx:TrackPointExtension>
<gpxtpx:speed>0.218223</gpxtpx:speed>
</gpxtpx:TrackPointExtension>
</extensions>
</trkpt>
<trkpt lat="46.370509" lon="12.562511">
<ele>2020.888184</ele>
<time>2022-08-16T08:04:02.359Z</time>
<extensions>
<gpxtpx:TrackPointExtension>
<gpxtpx:speed>0.359552</gpxtpx:speed>
</gpxtpx:TrackPointExtension>
</extensions>
</trkpt>
<trkpt lat="46.370485" lon="12.562518">
<ele>2022.605957</ele>
<time>2022-08-16T08:10:59.348Z</time>
<extensions>
<gpxtpx:TrackPointExtension>
<gpxtpx:speed>0.232699</gpxtpx:speed>
</gpxtpx:TrackPointExtension>
</extensions>
</trkpt>
<trkpt lat="46.370490" lon="12.562534">
<ele>2023.078125</ele>
<time>2022-08-16T08:11:09.355Z</time>
<extensions>
<gpxtpx:TrackPointExtension>
<gpxtpx:speed>0.557046</gpxtpx:speed>
</gpxtpx:TrackPointExtension>
</extensions>
</trkpt>
<trkpt lat="46.370478" lon="12.562535">
<ele>2023.552734</ele>
<time>2022-08-16T08:11:24.347Z</time>
<extensions>
<gpxtpx:TrackPointExtension>
<gpxtpx:speed>1.146161</gpxtpx:speed>
</gpxtpx:TrackPointExtension>
</extensions>
</trkpt>
<trkpt lat="46.370446" lon="12.562574">
<ele>2021.966309</ele>
<time>2022-08-16T08:11:39.344Z</time>
<extensions>
<gpxtpx:TrackPointExtension>
<gpxtpx:speed>0.554101</gpxtpx:speed>
</gpxtpx:TrackPointExtension>
</extensions>
</trkpt>
<trkpt lat="46.370387" lon="12.562584">
<ele>2018.487793</ele>
<time>2022-08-16T08:11:49.393Z</time>
<extensions>
<gpxtpx:TrackPointExtension>
<gpxtpx:speed>0.252918</gpxtpx:speed>
</gpxtpx:TrackPointExtension>
</extensions>
</trkpt>
<trkpt lat="46.370352" lon="12.562635">
<ele>2016.820313</ele>
<time>2022-08-16T08:11:59.398Z</time>
<extensions>
<gpxtpx:TrackPointExtension>
<gpxtpx:speed>0.563140</gpxtpx:speed>
</gpxtpx:TrackPointExtension>
</extensions>
</trkpt>
<trkpt lat="46.370318" lon="12.562704">
<ele>2016.842285</ele>
<time>2022-08-16T08:12:09.420Z</time>
<extensions>
<gpxtpx:TrackPointExtension>
<gpxtpx:speed>0.694254</gpxtpx:speed>
</gpxtpx:TrackPointExtension>
</extensions>
</trkpt>
<trkpt lat="46.370286" lon="12.562725">
<ele>2016.612305</ele>
<time>2022-08-16T08:12:19.473Z</time>
<extensions>
<gpxtpx:TrackPointExtension>
<gpxtpx:speed>0.768229</gpxtpx:speed>
</gpxtpx:TrackPointExtension>
</extensions>
</trkpt>
<trkpt lat="46.370247" lon="12.562768">
<ele>2015.208496</ele>
<time>2022-08-16T08:12:29.510Z</time>
<extensions>
<gpxtpx:TrackPointExtension>
<gpxtpx:speed>0.735551</gpxtpx:speed>
</gpxtpx:TrackPointExtension>
</extensions>
</trkpt>
<trkpt lat="46.370252" lon="12.562835">
<ele>2013.098877</ele>
<time>2022-08-16T08:12:40.345Z</time>
<extensions>
<gpxtpx:TrackPointExtension>
<gpxtpx:speed>0.553863</gpxtpx:speed>
</gpxtpx:TrackPointExtension>
</extensions>
</trkpt>
<trkpt lat="46.370217" lon="12.562888">
<ele>2012.827148</ele>
<time>2022-08-16T08:12:50.359Z</time>
<extensions>
<gpxtpx:TrackPointExtension>
<gpxtpx:speed>0.631586</gpxtpx:speed>
</gpxtpx:TrackPointExtension>
</extensions>
</trkpt>
<trkpt lat="46.370177" lon="12.562951">
<ele>2013.355469</ele>
<time>2022-08-16T08:13:05.320Z</time>
<extensions>
<gpxtpx:TrackPointExtension>
<gpxtpx:speed>0.778547</gpxtpx:speed>
</gpxtpx:TrackPointExtension>
</extensions>
</trkpt>
<trkpt lat="46.370134" lon="12.562983">
<ele>2010.629883</ele>
<time>2022-08-16T08:13:15.342Z</time>
<extensions>
<gpxtpx:TrackPointExtension>
<gpxtpx:speed>0.716727</gpxtpx:speed>
</gpxtpx:TrackPointExtension>
</extensions>
</trkpt>
<trkpt lat="46.370106" lon="12.563023">
<ele>2013.372803</ele>
<time>2022-08-16T08:13:25.351Z</time>
<extensions>
<gpxtpx:TrackPointExtension>
<gpxtpx:speed>0.706568</gpxtpx:speed>
</gpxtpx:TrackPointExtension>
</extensions>
</trkpt>
<trkpt lat="46.370099" lon="12.563049">
<ele>2012.944824</ele>
<time>2022-08-16T08:13:37.350Z</time>
<extensions>
<gpxtpx:TrackPointExtension>
<gpxtpx:speed>0.560195</gpxtpx:speed>
</gpxtpx:TrackPointExtension>
</extensions>
</trkpt>
<trkpt lat="46.370031" lon="12.563086">
<ele>2011.446045</ele>
<time>2022-08-16T08:13:50.351Z</time>
<extensions>
<gpxtpx:TrackPointExtension>
<gpxtpx:speed>0.549476</gpxtpx:speed>
</gpxtpx:TrackPointExtension>
</extensions>
</trkpt>
<trkpt lat="46.370018" lon="12.563146">
<ele>2012.646484</ele>
<time>2022-08-16T08:14:04.357Z</time>
<extensions>
<gpxtpx:TrackPointExtension>
<gpxtpx:speed>0.386219</gpxtpx:speed>
</gpxtpx:TrackPointExtension>
</extensions>
</trkpt>
<trkpt lat="46.369974" lon="12.563142">
<ele>2010.226074</ele>
<time>2022-08-16T08:14:15.348Z</time>
<extensions>
<gpxtpx:TrackPointExtension>
<gpxtpx:speed>0.288096</gpxtpx:speed>
</gpxtpx:TrackPointExtension>
</extensions>
</trkpt>
<trkpt lat="46.369986" lon="12.563154">
<ele>2007.221191</ele>
<time>2022-08-16T08:14:30.340Z</time>
<extensions>
<gpxtpx:TrackPointExtension>
<gpxtpx:speed>0.359307</gpxtpx:speed>
</gpxtpx:TrackPointExtension>
</extensions>
</trkpt>
<trkpt lat="46.369957" lon="12.563197">
<ele>2005.861816</ele>
<time>2022-08-16T08:14:43.347Z</time>
<extensions>
<gpxtpx:TrackPointExtension>
<gpxtpx:speed>0.226660</gpxtpx:speed>
</gpxtpx:TrackPointExtension>
</extensions>
</trkpt>
<trkpt lat="46.369963" lon="12.563250">
<ele>2004.737061</ele>
<time>2022-08-16T08:14:55.338Z</time>
<extensions>
<gpxtpx:TrackPointExtension>
<gpxtpx:speed>0.322217</gpxtpx:speed>
</gpxtpx:TrackPointExtension>
</extensions>
</trkpt>
<trkpt lat="46.369978" lon="12.563308">
<ele>2005.116455</ele>
<time>2022-08-16T08:15:05.338Z</time>
<extensions>
<gpxtpx:TrackPointExtension>
<gpxtpx:speed>0.755373</gpxtpx:speed>
</gpxtpx:TrackPointExtension>
</extensions>
</trkpt>
<trkpt lat="46.369992" lon="12.563342">
<ele>2002.703613</ele>
<time>2022-08-16T08:15:15.338Z</time>
<extensions>
<gpxtpx:TrackPointExtension>
<gpxtpx:speed>0.430622</gpxtpx:speed>
</gpxtpx:TrackPointExtension>
</extensions>
</trkpt>
<trkpt lat="46.369971" lon="12.563343">
<ele>2002.122314</ele>
<time>2022-08-16T08:15:25.345Z</time>
<extensions>
<gpxtpx:TrackPointExtension>
<gpxtpx:speed>0.268673</gpxtpx:speed>
</gpxtpx:TrackPointExtension>
</extensions>
</trkpt>
<trkpt lat="46.369907" lon="12.563397">
<ele>2004.495605</ele>
<time>2022-08-16T08:15:35.404Z</time>
<extensions>
<gpxtpx:TrackPointExtension>
<gpxtpx:speed>0.845725</gpxtpx:speed>
</gpxtpx:TrackPointExtension>
</extensions>
</trkpt>
<trkpt lat="46.369856" lon="12.563473">
<ele>2002.791504</ele>
<time>2022-08-16T08:15:45.448Z</time>
<extensions>
<gpxtpx:TrackPointExtension>
<gpxtpx:speed>0.945654</gpxtpx:speed>
</gpxtpx:TrackPointExtension>
</extensions>
</trkpt>
<trkpt lat="46.369829" lon="12.563532">
<ele>1999.872070</ele>
<time>2022-08-16T08:15:55.482Z</time>
<extensions>
<gpxtpx:TrackPointExtension>
<gpxtpx:speed>0.755523</gpxtpx:speed>
</gpxtpx:TrackPointExtension>
</extensions>
</trkpt>
<trkpt lat="46.369810" lon="12.563593">
<ele>1998.158936</ele>
<time>2022-08-16T08:16:06.337Z</time>
<extensions>
<gpxtpx:TrackPointExtension>
<gpxtpx:speed>0.539228</gpxtpx:speed>
</gpxtpx:TrackPointExtension>
</extensions>
</trkpt>
<trkpt lat="46.369793" lon="12.563655">
<ele>1997.621094</ele>
<time>2022-08-16T08:16:17.318Z</time>
<extensions>
<gpxtpx:TrackPointExtension>
<gpxtpx:speed>0.562573</gpxtpx:speed>
</gpxtpx:TrackPointExtension>
</extensions>
</trkpt>
<trkpt lat="46.369715" lon="12.563649">
<ele>1998.224121</ele>
<time>2022-08-16T08:16:27.337Z</time>
<extensions>
<gpxtpx:TrackPointExtension>
<gpxtpx:speed>0.719190</gpxtpx:speed>
</gpxtpx:TrackPointExtension>
</extensions>
</trkpt>
<trkpt lat="46.369704" lon="12.563746">
<ele>1997.261719</ele>
<time>2022-08-16T08:16:41.358Z</time>
<extensions>
<gpxtpx:TrackPointExtension>
<gpxtpx:speed>0.848459</gpxtpx:speed>
</gpxtpx:TrackPointExtension>
</extensions>
</trkpt>
<trkpt lat="46.369681" lon="12.563831">
<ele>1996.823242</ele>
<time>2022-08-16T08:16:54.351Z</time>
<extensions>
<gpxtpx:TrackPointExtension>
<gpxtpx:speed>0.676149</gpxtpx:speed>
</gpxtpx:TrackPointExtension>
</extensions>
</trkpt>
<trkpt lat="46.369679" lon="12.563884">
<ele>1994.368652</ele>
<time>2022-08-16T08:17:06.365Z</time>
<extensions>
<gpxtpx:TrackPointExtension>
<gpxtpx:speed>0.437134</gpxtpx:speed>
</gpxtpx:TrackPointExtension>
</extensions>
</trkpt>
<trkpt lat="46.369654" lon="12.563976">
<ele>1993.006592</ele>
<time>2022-08-16T08:17:21.347Z</time>
<extensions>
<gpxtpx:TrackPointExtension>
<gpxtpx:speed>0.461238</gpxtpx:speed>
</gpxtpx:TrackPointExtension>
</extensions>
</trkpt>
<trkpt lat="46.369649" lon="12.563986">
<ele>1993.535645</ele>
<time>2022-08-16T08:17:32.347Z</time>
<extensions>
<gpxtpx:TrackPointExtension>
<gpxtpx:speed>0.536143</gpxtpx:speed>
</gpxtpx:TrackPointExtension>
</extensions>
</trkpt>
<trkpt lat="46.369626" lon="12.564023">
<ele>1993.684326</ele>
<time>2022-08-16T08:17:42.355Z</time>
<extensions>
<gpxtpx:TrackPointExtension>
<gpxtpx:speed>0.496181</gpxtpx:speed>
</gpxtpx:TrackPointExtension>
</extensions>
</trkpt>
<trkpt lat="46.369618" lon="12.564036">
<ele>1993.480469</ele>
<time>2022-08-16T08:18:05.370Z</time>
<extensions>
<gpxtpx:TrackPointExtension>
<gpxtpx:speed>0.609522</gpxtpx:speed>
</gpxtpx:TrackPointExtension>
</extensions>
</trkpt>
<trkpt lat="46.369583" lon="12.564055">
<ele>1993.093262</ele>
<time>2022-08-16T08:18:16.360Z</time>
<extensions>
<gpxtpx:TrackPointExtension>
<gpxtpx:speed>0.505345</gpxtpx:speed>
</gpxtpx:TrackPointExtension>
</extensions>
</trkpt>
<trkpt lat="46.369541" lon="12.564133">
<ele>1992.546387</ele>
<time>2022-08-16T08:18:31.314Z</time>
<extensions>
<gpxtpx:TrackPointExtension>
<gpxtpx:speed>0.640297</gpxtpx:speed>
</gpxtpx:TrackPointExtension>
</extensions>
</trkpt>
<trkpt lat="46.369495" lon="12.564146">
<ele>1987.391113</ele>
<time>2022-08-16T08:18:41.387Z</time>
<extensions>
<gpxtpx:TrackPointExtension>
<gpxtpx:speed>0.467526</gpxtpx:speed>
</gpxtpx:TrackPointExtension>
</extensions>
</trkpt>
<trkpt lat="46.369477" lon="12.564186">
<ele>1986.130127</ele>
<time>2022-08-16T08:18:51.391Z</time>
<extensions>
<gpxtpx:TrackPointExtension>
<gpxtpx:speed>0.321780</gpxtpx:speed>
</gpxtpx:TrackPointExtension>
</extensions>
</trkpt>
<trkpt lat="46.369469" lon="12.564258">
<ele>1987.349121</ele>
<time>2022-08-16T08:19:01.413Z</time>
<extensions>
<gpxtpx:TrackPointExtension>
<gpxtpx:speed>0.670382</gpxtpx:speed>
</gpxtpx:TrackPointExtension>
</extensions>
</trkpt>
<trkpt lat="46.369434" lon="12.564278">
<ele>1984.592285</ele>
<time>2022-08-16T08:19:11.480Z</time>
<extensions>
<gpxtpx:TrackPointExtension>
<gpxtpx:speed>0.489386</gpxtpx:speed>
</gpxtpx:TrackPointExtension>
</extensions>
</trkpt>
<trkpt lat="46.369417" lon="12.564314">
<ele>1985.680420</ele>
<time>2022-08-16T08:19:21.489Z</time>
<extensions>
<gpxtpx:TrackPointExtension>
<gpxtpx:speed>0.714134</gpxtpx:speed>
</gpxtpx:TrackPointExtension>
</extensions>
</trkpt>
<trkpt lat="46.369417" lon="12.564342">
<ele>1987.035156</ele>
<time>2022-08-16T08:19:32.344Z</time>
<extensions>
<gpxtpx:TrackPointExtension>
<gpxtpx:speed>0.496361</gpxtpx:speed>
</gpxtpx:TrackPointExtension>
</extensions>
</trkpt>
<trkpt lat="46.369395" lon="12.564407">
<ele>1986.851563</ele>
<time>2022-08-16T08:19:42.344Z</time>
<extensions>
<gpxtpx:TrackPointExtension>
<gpxtpx:speed>0.513586</gpxtpx:speed>
</gpxtpx:TrackPointExtension>
</extensions>
</trkpt>
<trkpt lat="46.369406" lon="12.564466">
<ele>1987.927734</ele>
<time>2022-08-16T08:19:52.346Z</time>
<extensions>
<gpxtpx:TrackPointExtension>
<gpxtpx:speed>0.616033</gpxtpx:speed>
</gpxtpx:TrackPointExtension>
</extensions>
</trkpt>
<trkpt lat="46.369388" lon="12.564501">
<ele>1989.018066</ele>
<time>2022-08-16T08:20:02.347Z</time>
<extensions>
<gpxtpx:TrackPointExtension>
<gpxtpx:speed>0.446462</gpxtpx:speed>
</gpxtpx:TrackPointExtension>
</extensions>
</trkpt>
<trkpt lat="46.369409" lon="12.564600">
<ele>1989.778320</ele>
<time>2022-08-16T08:20:16.353Z</time>
<extensions>
<gpxtpx:TrackPointExtension>
<gpxtpx:speed>0.935135</gpxtpx:speed>
</gpxtpx:TrackPointExtension>
</extensions>
</trkpt>
<trkpt lat="46.369393" lon="12.564735">
<ele>1992.453125</ele>
<time>2022-08-16T08:20:27.370Z</time>
<extensions>
<gpxtpx:TrackPointExtension>
<gpxtpx:speed>0.703766</gpxtpx:speed>
</gpxtpx:TrackPointExtension>
</extensions>
</trkpt>
<trkpt lat="46.369376" lon="12.564802">
<ele>1991.713867</ele>
<time>2022-08-16T08:20:42.397Z</time>
<extensions>
<gpxtpx:TrackPointExtension>
<gpxtpx:speed>0.617265</gpxtpx:speed>
</gpxtpx:TrackPointExtension>
</extensions>
</trkpt>
<trkpt lat="46.369364" lon="12.564884">
<ele>1990.398682</ele>
<time>2022-08-16T08:20:56.346Z</time>
<extensions>
<gpxtpx:TrackPointExtension>
<gpxtpx:speed>0.253230</gpxtpx:speed>
</gpxtpx:TrackPointExtension>
</extensions>
</trkpt>
<trkpt lat="46.369351" lon="12.564934">
<ele>1988.872559</ele>
<time>2022-08-16T08:21:06.647Z</time>
<extensions>
<gpxtpx:TrackPointExtension>
<gpxtpx:speed>0.385305</gpxtpx:speed>
</gpxtpx:TrackPointExtension>
</extensions>
</trkpt>
<trkpt lat="46.369349" lon="12.564995">
<ele>1989.429688</ele>
<time>2022-08-16T08:21:17.343Z</time>
<extensions>
<gpxtpx:TrackPointExtension>
<gpxtpx:speed>0.497424</gpxtpx:speed>
</gpxtpx:TrackPointExtension>
</extensions>
</trkpt>
<trkpt lat="46.369346" lon="12.565059">
<ele>1989.299805</ele>
<time>2022-08-16T08:21:27.349Z</time>
<extensions>
<gpxtpx:TrackPointExtension>
<gpxtpx:speed>0.685901</gpxtpx:speed>
</gpxtpx:TrackPointExtension>
</extensions>
</trkpt>
<trkpt lat="46.369314" lon="12.565013">
<ele>1986.246826</ele>
<time>2022-08-16T08:21:37.385Z</time>
<extensions>
<gpxtpx:TrackPointExtension>
<gpxtpx:speed>0.669382</gpxtpx:speed>
</gpxtpx:TrackPointExtension>
</extensions>
</trkpt>
<trkpt lat="46.369257" lon="12.564965">
<ele>1982.395508</ele>
<time>2022-08-16T08:22:09.356Z</time>
<extensions>
<gpxtpx:TrackPointExtension>
<gpxtpx:speed>0.376246</gpxtpx:speed>
</gpxtpx:TrackPointExtension>
</extensions>
</trkpt>
<trkpt lat="46.369212" lon="12.564980">
<ele>1982.920410</ele>
<time>2022-08-16T08:22:22.393Z</time>
<extensions>
<gpxtpx:TrackPointExtension>
<gpxtpx:speed>0.635484</gpxtpx:speed>
</gpxtpx:TrackPointExtension>
</extensions>
</trkpt>
<trkpt lat="46.369181" lon="12.564970">
<ele>1982.960449</ele>
<time>2022-08-16T08:22:32.406Z</time>
<extensions>
<gpxtpx:TrackPointExtension>
<gpxtpx:speed>0.757433</gpxtpx:speed>
</gpxtpx:TrackPointExtension>
</extensions>
</trkpt>
<trkpt lat="46.369189" lon="12.565044">
<ele>1985.315674</ele>
<time>2022-08-16T08:22:42.442Z</time>
<extensions>
<gpxtpx:TrackPointExtension>
<gpxtpx:speed>0.492467</gpxtpx:speed>
</gpxtpx:TrackPointExtension>
</extensions>
</trkpt>
<trkpt lat="46.369166" lon="12.565082">
<ele>1986.035645</ele>
<time>2022-08-16T08:22:52.496Z</time>
<extensions>
<gpxtpx:TrackPointExtension>
<gpxtpx:speed>0.780870</gpxtpx:speed>
</gpxtpx:TrackPointExtension>
</extensions>
</trkpt>
<trkpt lat="46.369184" lon="12.565157">
<ele>1987.553467</ele>
<time>2022-08-16T08:23:03.335Z</time>
<extensions>
<gpxtpx:TrackPointExtension>
<gpxtpx:speed>0.616726</gpxtpx:speed>
</gpxtpx:TrackPointExtension>
</extensions>
</trkpt>
<trkpt lat="46.369205" lon="12.565189">
<ele>1988.926758</ele>
<time>2022-08-16T08:23:38.344Z</time>
<extensions>
<gpxtpx:TrackPointExtension>
<gpxtpx:speed>0.405915</gpxtpx:speed>
</gpxtpx:TrackPointExtension>
</extensions>
</trkpt>
<trkpt lat="46.369159" lon="12.565164">
<ele>1986.487793</ele>
<time>2022-08-16T08:23:48.364Z</time>
<extensions>
<gpxtpx:TrackPointExtension>
<gpxtpx:speed>0.519697</gpxtpx:speed>
</gpxtpx:TrackPointExtension>
</extensions>
</trkpt>
<trkpt lat="46.369141" lon="12.565196">
<ele>1987.000977</ele>
<time>2022-08-16T08:24:03.358Z</time>
<extensions>
<gpxtpx:TrackPointExtension>
<gpxtpx:speed>0.661223</gpxtpx:speed>
</gpxtpx:TrackPointExtension>
</extensions>
</trkpt>
<trkpt lat="46.369116" lon="12.565243">
<ele>1985.957031</ele>
<time>2022-08-16T08:24:14.350Z</time>
<extensions>
<gpxtpx:TrackPointExtension>
<gpxtpx:speed>0.291092</gpxtpx:speed>
</gpxtpx:TrackPointExtension>
</extensions>
</trkpt>
<trkpt lat="46.369105" lon="12.565273">
<ele>1984.889160</ele>
<time>2022-08-16T08:24:28.343Z</time>
<extensions>
<gpxtpx:TrackPointExtension>
<gpxtpx:speed>0.387318</gpxtpx:speed>
</gpxtpx:TrackPointExtension>
</extensions>
</trkpt>
<trkpt lat="46.369093" lon="12.565301">
<ele>1984.520264</ele>
<time>2022-08-16T08:24:38.365Z</time>
<extensions>
<gpxtpx:TrackPointExtension>
<gpxtpx:speed>0.229453</gpxtpx:speed>
</gpxtpx:TrackPointExtension>
</extensions>
</trkpt>
<trkpt lat="46.369090" lon="12.565338">
<ele>1983.370605</ele>
<time>2022-08-16T08:24:52.344Z</time>
<extensions>
<gpxtpx:TrackPointExtension>
<gpxtpx:speed>0.317816</gpxtpx:speed>
</gpxtpx:TrackPointExtension>
</extensions>
</trkpt>
<trkpt lat="46.369090" lon="12.565370">
<ele>1982.928955</ele>
<time>2022-08-16T08:25:14.349Z</time>
<extensions>
<gpxtpx:TrackPointExtension>
<gpxtpx:speed>0.485972</gpxtpx:speed>
</gpxtpx:TrackPointExtension>
</extensions>
</trkpt>
<trkpt lat="46.369105" lon="12.565420">
<ele>1982.321777</ele>
<time>2022-08-16T08:25:28.349Z</time>
<extensions>
<gpxtpx:TrackPointExtension>
<gpxtpx:speed>0.570069</gpxtpx:speed>
</gpxtpx:TrackPointExtension>
</extensions>
</trkpt>
<trkpt lat="46.369115" lon="12.565438">
<ele>1983.083740</ele>
<time>2022-08-16T08:26:24.354Z</time>
<extensions>
<gpxtpx:TrackPointExtension>
<gpxtpx:speed>0.436508</gpxtpx:speed>
</gpxtpx:TrackPointExtension>
</extensions>
</trkpt>
<trkpt lat="46.369096" lon="12.565497">
<ele>1984.519531</ele>
<time>2022-08-16T08:26:35.334Z</time>
<extensions>
<gpxtpx:TrackPointExtension>
<gpxtpx:speed>0.444374</gpxtpx:speed>
</gpxtpx:TrackPointExtension>
</extensions>
</trkpt>
<trkpt lat="46.369069" lon="12.565594">
<ele>1985.958008</ele>
<time>2022-08-16T08:26:49.346Z</time>
<extensions>
<gpxtpx:TrackPointExtension>
<gpxtpx:speed>0.655273</gpxtpx:speed>
</gpxtpx:TrackPointExtension>
</extensions>
</trkpt>
<trkpt lat="46.369043" lon="12.565643">
<ele>1985.887695</ele>
<time>2022-08-16T08:26:59.370Z</time>
<extensions>
<gpxtpx:TrackPointExtension>
<gpxtpx:speed>0.906045</gpxtpx:speed>
</gpxtpx:TrackPointExtension>
</extensions>
</trkpt>
<trkpt lat="46.369040" lon="12.565671">
<ele>1986.066162</ele>
<time>2022-08-16T08:27:13.343Z</time>
<extensions>
<gpxtpx:TrackPointExtension>
<gpxtpx:speed>0.608920</gpxtpx:speed>
</gpxtpx:TrackPointExtension>
</extensions>
</trkpt>
<trkpt lat="46.369050" lon="12.565678">
<ele>1985.781738</ele>
<time>2022-08-16T08:27:23.344Z</time>
<extensions>
<gpxtpx:TrackPointExtension>
<gpxtpx:speed>0.370853</gpxtpx:speed>
</gpxtpx:TrackPointExtension>
</extensions>
</trkpt>
<trkpt lat="46.369041" lon="12.565754">
<ele>1985.477539</ele>
<time>2022-08-16T08:27:34.333Z</time>
<extensions>
<gpxtpx:TrackPointExtension>
<gpxtpx:speed>0.395737</gpxtpx:speed>
</gpxtpx:TrackPointExtension>
</extensions>
</trkpt>
<trkpt lat="46.369038" lon="12.565796">
<ele>1984.999512</ele>
<time>2022-08-16T08:27:44.349Z</time>
<extensions>
<gpxtpx:TrackPointExtension>
<gpxtpx:speed>0.672217</gpxtpx:speed>
</gpxtpx:TrackPointExtension>
</extensions>
</trkpt>
<trkpt lat="46.369030" lon="12.565838">
<ele>1983.166016</ele>
<time>2022-08-16T08:27:59.313Z</time>
<extensions>
<gpxtpx:TrackPointExtension>
<gpxtpx:speed>0.266168</gpxtpx:speed>
</gpxtpx:TrackPointExtension>
</extensions>
</trkpt>
<trkpt lat="46.369035" lon="12.565856">
<ele>1982.282227</ele>
<time>2022-08-16T08:28:54.334Z</time>
<extensions>
<gpxtpx:TrackPointExtension>
<gpxtpx:speed>0.258276</gpxtpx:speed>
</gpxtpx:TrackPointExtension>
</extensions>
</trkpt>
<trkpt lat="46.369035" lon="12.565879">
<ele>1983.611816</ele>
<time>2022-08-16T08:29:19.356Z</time>
<extensions>
<gpxtpx:TrackPointExtension>
<gpxtpx:speed>0.316641</gpxtpx:speed>
</gpxtpx:TrackPointExtension>
</extensions>
</trkpt>
<trkpt lat="46.369014" lon="12.565884">
<ele>1983.583008</ele>
<time>2022-08-16T08:29:53.352Z</time>
<extensions>
<gpxtpx:TrackPointExtension>
<gpxtpx:speed>0.790298</gpxtpx:speed>
</gpxtpx:TrackPointExtension>
</extensions>
</trkpt>
<trkpt lat="46.369012" lon="12.565904">
<ele>1983.038086</ele>
<time>2022-08-16T08:30:04.424Z</time>
<extensions>
<gpxtpx:TrackPointExtension>
<gpxtpx:speed>0.627253</gpxtpx:speed>
</gpxtpx:TrackPointExtension>
</extensions>
</trkpt>
<trkpt lat="46.369018" lon="12.565938">
<ele>1982.442871</ele>
<time>2022-08-16T08:30:14.447Z</time>
<extensions>
<gpxtpx:TrackPointExtension>
<gpxtpx:speed>0.290926</gpxtpx:speed>
</gpxtpx:TrackPointExtension>
</extensions>
</trkpt>
<trkpt lat="46.369027" lon="12.565971">
<ele>1980.583008</ele>
<time>2022-08-16T08:30:35.335Z</time>
<extensions>
<gpxtpx:TrackPointExtension>
<gpxtpx:speed>0.429575</gpxtpx:speed>
</gpxtpx:TrackPointExtension>
</extensions>
</trkpt>
<trkpt lat="46.369001" lon="12.566034">
<ele>1978.798828</ele>
<time>2022-08-16T08:30:45.344Z</time>
<extensions>
<gpxtpx:TrackPointExtension>
<gpxtpx:speed>0.688408</gpxtpx:speed>
</gpxtpx:TrackPointExtension>
</extensions>
</trkpt>
<trkpt lat="46.368961" lon="12.566133">
<ele>1979.712402</ele>
<time>2022-08-16T08:30:55.378Z</time>
<extensions>
<gpxtpx:TrackPointExtension>
<gpxtpx:speed>0.962709</gpxtpx:speed>
</gpxtpx:TrackPointExtension>
</extensions>
</trkpt>
<trkpt lat="46.368966" lon="12.566157">
<ele>1978.669434</ele>
<time>2022-08-16T08:31:06.309Z</time>
<extensions>
<gpxtpx:TrackPointExtension>
<gpxtpx:speed>0.398737</gpxtpx:speed>
</gpxtpx:TrackPointExtension>
</extensions>
</trkpt>
<trkpt lat="46.368956" lon="12.566216">
<ele>1978.802246</ele>
<time>2022-08-16T08:31:20.362Z</time>
<extensions>
<gpxtpx:TrackPointExtension>
<gpxtpx:speed>0.318209</gpxtpx:speed>
</gpxtpx:TrackPointExtension>
</extensions>
</trkpt>
<trkpt lat="46.368963" lon="12.566238">
<ele>1977.032715</ele>
<time>2022-08-16T08:31:30.385Z</time>
<extensions>
<gpxtpx:TrackPointExtension>
<gpxtpx:speed>0.264858</gpxtpx:speed>
</gpxtpx:TrackPointExtension>
</extensions>
</trkpt>
<trkpt lat="46.368957" lon="12.566304">
<ele>1977.525879</ele>
<time>2022-08-16T08:31:45.314Z</time>
<extensions>
<gpxtpx:TrackPointExtension>
<gpxtpx:speed>0.433903</gpxtpx:speed>
</gpxtpx:TrackPointExtension>
</extensions>
</trkpt>
<trkpt lat="46.368950" lon="12.566350">
<ele>1976.540527</ele>
<time>2022-08-16T08:31:55.372Z</time>
<extensions>
<gpxtpx:TrackPointExtension>
<gpxtpx:speed>0.382816</gpxtpx:speed>
</gpxtpx:TrackPointExtension>
</extensions>
</trkpt>
<trkpt lat="46.368947" lon="12.566411">
<ele>1976.822266</ele>
<time>2022-08-16T08:32:10.347Z</time>
<extensions>
<gpxtpx:TrackPointExtension>
<gpxtpx:speed>0.443083</gpxtpx:speed>
</gpxtpx:TrackPointExtension>
</extensions>
</trkpt>
<trkpt lat="46.368945" lon="12.566461">
<ele>1977.512207</ele>
<time>2022-08-16T08:32:20.367Z</time>
<extensions>
<gpxtpx:TrackPointExtension>
<gpxtpx:speed>0.397476</gpxtpx:speed>
</gpxtpx:TrackPointExtension>
</extensions>
</trkpt>
<trkpt lat="46.368958" lon="12.566531">
<ele>1977.207520</ele>
<time>2022-08-16T08:32:34.345Z</time>
<extensions>
<gpxtpx:TrackPointExtension>
<gpxtpx:speed>0.273922</gpxtpx:speed>
</gpxtpx:TrackPointExtension>
</extensions>
</trkpt>
<trkpt lat="46.368969" lon="12.566569">
<ele>1976.083496</ele>
<time>2022-08-16T08:32:44.345Z</time>
<extensions>
<gpxtpx:TrackPointExtension>
<gpxtpx:speed>0.248382</gpxtpx:speed>
</gpxtpx:TrackPointExtension>
</extensions>
</trkpt>
<trkpt lat="46.368994" lon="12.566612">
<ele>1972.953613</ele>
<time>2022-08-16T08:33:02.343Z</time>
<extensions>
<gpxtpx:TrackPointExtension>
<gpxtpx:speed>0.405451</gpxtpx:speed>
</gpxtpx:TrackPointExtension>
</extensions>
</trkpt>
<trkpt lat="46.368993" lon="12.566626">
<ele>1973.806152</ele>
<time>2022-08-16T08:33:18.312Z</time>
<extensions>
<gpxtpx:TrackPointExtension>
<gpxtpx:speed>0.330699</gpxtpx:speed>
</gpxtpx:TrackPointExtension>
</extensions>
</trkpt>
<trkpt lat="46.368993" lon="12.566656">
<ele>1971.425781</ele>
<time>2022-08-16T08:34:01.357Z</time>
<extensions>
<gpxtpx:TrackPointExtension>
<gpxtpx:speed>0.237084</gpxtpx:speed>
</gpxtpx:TrackPointExtension>
</extensions>
</trkpt>
<trkpt lat="46.369006" lon="12.566725">
<ele>1966.438232</ele>
<time>2022-08-16T08:34:14.338Z</time>
<extensions>
<gpxtpx:TrackPointExtension>
<gpxtpx:speed>0.749074</gpxtpx:speed>
</gpxtpx:TrackPointExtension>
</extensions>
</trkpt>
<trkpt lat="46.368978" lon="12.566828">
<ele>1964.205322</ele>
<time>2022-08-16T08:34:26.346Z</time>
<extensions>
<gpxtpx:TrackPointExtension>
<gpxtpx:speed>0.409754</gpxtpx:speed>
</gpxtpx:TrackPointExtension>
</extensions>
</trkpt>
<trkpt lat="46.368964" lon="12.566878">
<ele>1965.463867</ele>
<time>2022-08-16T08:34:41.359Z</time>
<extensions>
<gpxtpx:TrackPointExtension>
<gpxtpx:speed>0.431666</gpxtpx:speed>
</gpxtpx:TrackPointExtension>
</extensions>
</trkpt>
<trkpt lat="46.368967" lon="12.566925">
<ele>1964.282715</ele>
<time>2022-08-16T08:34:52.324Z</time>
<extensions>
<gpxtpx:TrackPointExtension>
<gpxtpx:speed>0.507838</gpxtpx:speed>
</gpxtpx:TrackPointExtension>
</extensions>
</trkpt>
<trkpt lat="46.368950" lon="12.567034">
<ele>1961.745117</ele>
<time>2022-08-16T08:35:06.369Z</time>
<extensions>
<gpxtpx:TrackPointExtension>
<gpxtpx:speed>0.634290</gpxtpx:speed>
</gpxtpx:TrackPointExtension>
</extensions>
</trkpt>
<trkpt lat="46.368939" lon="12.567103">
<ele>1961.292969</ele>
<time>2022-08-16T08:35:20.363Z</time>
<extensions>
<gpxtpx:TrackPointExtension>
<gpxtpx:speed>0.391466</gpxtpx:speed>
</gpxtpx:TrackPointExtension>
</extensions>
</trkpt>
<trkpt lat="46.368946" lon="12.567129">
<ele>1961.920898</ele>
<time>2022-08-16T08:35:36.375Z</time>
<extensions>
<gpxtpx:TrackPointExtension>
<gpxtpx:speed>0.626555</gpxtpx:speed>
</gpxtpx:TrackPointExtension>
</extensions>
</trkpt>
<trkpt lat="46.368933" lon="12.567152">
<ele>1960.182129</ele>
<time>2022-08-16T08:35:49.326Z</time>
<extensions>
<gpxtpx:TrackPointExtension>
<gpxtpx:speed>0.630628</gpxtpx:speed>
</gpxtpx:TrackPointExtension>
</extensions>
</trkpt>
<trkpt lat="46.368902" lon="12.567242">
<ele>1959.657227</ele>
<time>2022-08-16T08:36:01.342Z</time>
<extensions>
<gpxtpx:TrackPointExtension>
<gpxtpx:speed>0.678596</gpxtpx:speed>
</gpxtpx:TrackPointExtension>
</extensions>
</trkpt>
<trkpt lat="46.368897" lon="12.567317">
<ele>1959.003174</ele>
<time>2022-08-16T08:36:11.369Z</time>
<extensions>
<gpxtpx:TrackPointExtension>
<gpxtpx:speed>0.410657</gpxtpx:speed>
</gpxtpx:TrackPointExtension>
</extensions>
</trkpt>
<trkpt lat="46.368905" lon="12.567413">
<ele>1959.575684</ele>
<time>2022-08-16T08:36:21.419Z</time>
<extensions>
<gpxtpx:TrackPointExtension>
<gpxtpx:speed>0.851704</gpxtpx:speed>
</gpxtpx:TrackPointExtension>
</extensions>
</trkpt>
<trkpt lat="46.368915" lon="12.567482">
<ele>1957.443115</ele>
<time>2022-08-16T08:36:31.494Z</time>
<extensions>
<gpxtpx:TrackPointExtension>
<gpxtpx:speed>0.614504</gpxtpx:speed>
</gpxtpx:TrackPointExtension>
</extensions>
</trkpt>
<trkpt lat="46.368907" lon="12.567572">
<ele>1956.525635</ele>
<time>2022-08-16T08:36:41.498Z</time>
<extensions>
<gpxtpx:TrackPointExtension>
<gpxtpx:speed>0.645146</gpxtpx:speed>
</gpxtpx:TrackPointExtension>
</extensions>
</trkpt>
<trkpt lat="46.368920" lon="12.567633">
<ele>1956.041992</ele>
<time>2022-08-16T08:36:52.333Z</time>
<extensions>
<gpxtpx:TrackPointExtension>
<gpxtpx:speed>0.662788</gpxtpx:speed>
</gpxtpx:TrackPointExtension>
</extensions>
</trkpt>
<trkpt lat="46.368922" lon="12.567681">
<ele>1955.037598</ele>
<time>2022-08-16T08:37:02.346Z</time>
<extensions>
<gpxtpx:TrackPointExtension>
<gpxtpx:speed>0.535501</gpxtpx:speed>
</gpxtpx:TrackPointExtension>
</extensions>
</trkpt>
<trkpt lat="46.368927" lon="12.567744">
<ele>1953.655273</ele>
<time>2022-08-16T08:37:12.365Z</time>
<extensions>
<gpxtpx:TrackPointExtension>
<gpxtpx:speed>0.781671</gpxtpx:speed>
</gpxtpx:TrackPointExtension>
</extensions>
</trkpt>
<trkpt lat="46.368953" lon="12.567864">
<ele>1952.424316</ele>
<time>2022-08-16T08:37:26.335Z</time>
<extensions>
<gpxtpx:TrackPointExtension>
<gpxtpx:speed>0.744550</gpxtpx:speed>
</gpxtpx:TrackPointExtension>
</extensions>
</trkpt>
<trkpt lat="46.368965" lon="12.567852">
<ele>1953.758301</ele>
<time>2022-08-16T08:37:47.349Z</time>
<extensions>
<gpxtpx:TrackPointExtension>
<gpxtpx:speed>0.900595</gpxtpx:speed>
</gpxtpx:TrackPointExtension>
</extensions>
</trkpt>
<trkpt lat="46.368949" lon="12.567932">
<ele>1954.541504</ele>
<time>2022-08-16T08:37:57.354Z</time>
<extensions>
<gpxtpx:TrackPointExtension>
<gpxtpx:speed>0.607031</gpxtpx:speed>
</gpxtpx:TrackPointExtension>
</extensions>
</trkpt>
<trkpt lat="46.368960" lon="12.567928">
<ele>1954.271240</ele>
<time>2022-08-16T08:38:32.355Z</time>
<extensions>
<gpxtpx:TrackPointExtension>
<gpxtpx:speed>0.505333</gpxtpx:speed>
</gpxtpx:TrackPointExtension>
</extensions>
</trkpt>
<trkpt lat="46.368977" lon="12.567935">
<ele>1952.721680</ele>
<time>2022-08-16T08:39:12.388Z</time>
<extensions>
<gpxtpx:TrackPointExtension>
<gpxtpx:speed>0.300751</gpxtpx:speed>
</gpxtpx:TrackPointExtension>
</extensions>
</trkpt>
<trkpt lat="46.368988" lon="12.567964">
<ele>1951.097900</ele>
<time>2022-08-16T08:39:22.430Z</time>
<extensions>
<gpxtpx:TrackPointExtension>
<gpxtpx:speed>0.244700</gpxtpx:speed>
</gpxtpx:TrackPointExtension>
</extensions>
</trkpt>
<trkpt lat="46.368978" lon="12.568029">
<ele>1950.246094</ele>
<time>2022-08-16T08:39:32.468Z</time>
<extensions>
<gpxtpx:TrackPointExtension>
<gpxtpx:speed>0.661959</gpxtpx:speed>
</gpxtpx:TrackPointExtension>
</extensions>
</trkpt>
<trkpt lat="46.368994" lon="12.568071">
<ele>1949.803955</ele>
<time>2022-08-16T08:39:42.516Z</time>
<extensions>
<gpxtpx:TrackPointExtension>
<gpxtpx:speed>0.489135</gpxtpx:speed>
</gpxtpx:TrackPointExtension>
</extensions>
</trkpt>
<trkpt lat="46.369017" lon="12.568138">
<ele>1947.430176</ele>
<time>2022-08-16T08:39:53.341Z</time>
<extensions>
<gpxtpx:TrackPointExtension>
<gpxtpx:speed>0.587045</gpxtpx:speed>
</gpxtpx:TrackPointExtension>
</extensions>
</trkpt>
<trkpt lat="46.369061" lon="12.568167">
<ele>1945.506348</ele>
<time>2022-08-16T08:40:03.379Z</time>
<extensions>
<gpxtpx:TrackPointExtension>
<gpxtpx:speed>0.490050</gpxtpx:speed>
</gpxtpx:TrackPointExtension>
</extensions>
</trkpt>
<trkpt lat="46.369034" lon="12.568262">
<ele>1943.795898</ele>
<time>2022-08-16T08:40:18.373Z</time>
<extensions>
<gpxtpx:TrackPointExtension>
<gpxtpx:speed>0.588152</gpxtpx:speed>
</gpxtpx:TrackPointExtension>
</extensions>
</trkpt>
<trkpt lat="46.369033" lon="12.568373">
<ele>1943.746582</ele>
<time>2022-08-16T08:40:31.311Z</time>
<extensions>
<gpxtpx:TrackPointExtension>
<gpxtpx:speed>0.627124</gpxtpx:speed>
</gpxtpx:TrackPointExtension>
</extensions>
</trkpt>
<trkpt lat="46.369046" lon="12.568404">
<ele>1944.318848</ele>
<time>2022-08-16T08:40:43.342Z</time>
<extensions>
<gpxtpx:TrackPointExtension>
<gpxtpx:speed>0.593947</gpxtpx:speed>
</gpxtpx:TrackPointExtension>
</extensions>
</trkpt>
<trkpt lat="46.369052" lon="12.568387">
<ele>1943.055176</ele>
<time>2022-08-16T08:40:58.346Z</time>
<extensions>
<gpxtpx:TrackPointExtension>
<gpxtpx:speed>0.204434</gpxtpx:speed>
</gpxtpx:TrackPointExtension>
</extensions>
</trkpt>
<trkpt lat="46.369063" lon="12.568400">
<ele>1941.659668</ele>
<time>2022-08-16T08:41:26.350Z</time>
<extensions>
<gpxtpx:TrackPointExtension>
<gpxtpx:speed>0.369472</gpxtpx:speed>
</gpxtpx:TrackPointExtension>
</extensions>
</trkpt>
<trkpt lat="46.369081" lon="12.568434">
<ele>1941.254883</ele>
<time>2022-08-16T08:41:38.348Z</time>
<extensions>
<gpxtpx:TrackPointExtension>
<gpxtpx:speed>0.363573</gpxtpx:speed>
</gpxtpx:TrackPointExtension>
</extensions>
</trkpt>
<trkpt lat="46.369090" lon="12.568469">
<ele>1939.383789</ele>
<time>2022-08-16T08:41:53.355Z</time>
<extensions>
<gpxtpx:TrackPointExtension>
<gpxtpx:speed>0.292140</gpxtpx:speed>
</gpxtpx:TrackPointExtension>
</extensions>
</trkpt>
<trkpt lat="46.369108" lon="12.568487">
<ele>1939.296143</ele>
<time>2022-08-16T08:42:03.377Z</time>
<extensions>
<gpxtpx:TrackPointExtension>
<gpxtpx:speed>0.912505</gpxtpx:speed>
</gpxtpx:TrackPointExtension>
</extensions>
</trkpt>
<trkpt lat="46.369103" lon="12.568595">
<ele>1938.903809</ele>
<time>2022-08-16T08:42:17.334Z</time>
<extensions>
<gpxtpx:TrackPointExtension>
<gpxtpx:speed>0.572762</gpxtpx:speed>
</gpxtpx:TrackPointExtension>
</extensions>
</trkpt>
<trkpt lat="46.369128" lon="12.568616">
<ele>1937.429199</ele>
<time>2022-08-16T08:42:27.337Z</time>
<extensions>
<gpxtpx:TrackPointExtension>
<gpxtpx:speed>0.634779</gpxtpx:speed>
</gpxtpx:TrackPointExtension>
</extensions>
</trkpt>
<trkpt lat="46.369162" lon="12.568626">
<ele>1934.919922</ele>
<time>2022-08-16T08:42:38.455Z</time>
<extensions>
<gpxtpx:TrackPointExtension>
<gpxtpx:speed>0.339896</gpxtpx:speed>
</gpxtpx:TrackPointExtension>
</extensions>
</trkpt>
<trkpt lat="46.369172" lon="12.568654">
<ele>1932.585938</ele>
<time>2022-08-16T08:42:49.360Z</time>
<extensions>
<gpxtpx:TrackPointExtension>
<gpxtpx:speed>0.442835</gpxtpx:speed>
</gpxtpx:TrackPointExtension>
</extensions>
</trkpt>
<trkpt lat="46.369187" lon="12.568763">
<ele>1929.209717</ele>
<time>2022-08-16T08:43:04.356Z</time>
<extensions>
<gpxtpx:TrackPointExtension>
<gpxtpx:speed>0.590537</gpxtpx:speed>
</gpxtpx:TrackPointExtension>
</extensions>
</trkpt>
<trkpt lat="46.369194" lon="12.568826">
<ele>1926.575928</ele>
<time>2022-08-16T08:43:14.369Z</time>
<extensions>
<gpxtpx:TrackPointExtension>
<gpxtpx:speed>0.590762</gpxtpx:speed>
</gpxtpx:TrackPointExtension>
</extensions>
</trkpt>
<trkpt lat="46.369226" lon="12.568888">
<ele>1925.918945</ele>
<time>2022-08-16T08:43:25.346Z</time>
<extensions>
<gpxtpx:TrackPointExtension>
<gpxtpx:speed>0.503681</gpxtpx:speed>
</gpxtpx:TrackPointExtension>
</extensions>
</trkpt>
<trkpt lat="46.369239" lon="12.568957">
<ele>1923.424072</ele>
<time>2022-08-16T08:43:39.352Z</time>
<extensions>
<gpxtpx:TrackPointExtension>
<gpxtpx:speed>0.407183</gpxtpx:speed>
</gpxtpx:TrackPointExtension>
</extensions>
</trkpt>
<trkpt lat="46.369264" lon="12.569069">
<ele>1923.862793</ele>
<time>2022-08-16T08:43:54.345Z</time>
<extensions>
<gpxtpx:TrackPointExtension>
<gpxtpx:speed>0.797182</gpxtpx:speed>
</gpxtpx:TrackPointExtension>
</extensions>
</trkpt>
<trkpt lat="46.369268" lon="12.569211">
<ele>1923.402100</ele>
<time>2022-08-16T08:44:04.348Z</time>
<extensions>
<gpxtpx:TrackPointExtension>
<gpxtpx:speed>0.939834</gpxtpx:speed>
</gpxtpx:TrackPointExtension>
</extensions>
</trkpt>
<trkpt lat="46.369273" lon="12.569305">
<ele>1924.243652</ele>
<time>2022-08-16T08:44:44.353Z</time>
<extensions>
<gpxtpx:TrackPointExtension>
<gpxtpx:speed>1.504599</gpxtpx:speed>
</gpxtpx:TrackPointExtension>
</extensions>
</trkpt>
<trkpt lat="46.369310" lon="12.569378">
<ele>1926.002930</ele>
<time>2022-08-16T08:44:54.353Z</time>
<extensions>
<gpxtpx:TrackPointExtension>
<gpxtpx:speed>0.710755</gpxtpx:speed>
</gpxtpx:TrackPointExtension>
</extensions>
</trkpt>
<trkpt lat="46.369277" lon="12.569426">
<ele>1922.846680</ele>
<time>2022-08-16T08:45:09.338Z</time>
<extensions>
<gpxtpx:TrackPointExtension>
<gpxtpx:speed>0.643094</gpxtpx:speed>
</gpxtpx:TrackPointExtension>
</extensions>
</trkpt>
<trkpt lat="46.369288" lon="12.569442">
<ele>1925.452637</ele>
<time>2022-08-16T08:45:24.404Z</time>
<extensions>
<gpxtpx:TrackPointExtension>
<gpxtpx:speed>0.264311</gpxtpx:speed>
</gpxtpx:TrackPointExtension>
</extensions>
</trkpt>
<trkpt lat="46.369304" lon="12.569439">
<ele>1922.887207</ele>
<time>2022-08-16T08:45:34.454Z</time>
<extensions>
<gpxtpx:TrackPointExtension>
<gpxtpx:speed>0.209573</gpxtpx:speed>
</gpxtpx:TrackPointExtension>
</extensions>
</trkpt>
<trkpt lat="46.369332" lon="12.569454">
<ele>1921.189453</ele>
<time>2022-08-16T08:45:45.345Z</time>
<extensions>
<gpxtpx:TrackPointExtension>
<gpxtpx:speed>0.276286</gpxtpx:speed>
</gpxtpx:TrackPointExtension>
</extensions>
</trkpt>
<trkpt lat="46.369364" lon="12.569483">
<ele>1920.500000</ele>
<time>2022-08-16T08:45:55.347Z</time>
<extensions>
<gpxtpx:TrackPointExtension>
<gpxtpx:speed>0.310570</gpxtpx:speed>
</gpxtpx:TrackPointExtension>
</extensions>
</trkpt>
<trkpt lat="46.369391" lon="12.569509">
<ele>1919.256592</ele>
<time>2022-08-16T08:46:05.356Z</time>
<extensions>
<gpxtpx:TrackPointExtension>
<gpxtpx:speed>0.530306</gpxtpx:speed>
</gpxtpx:TrackPointExtension>
</extensions>
</trkpt>
<trkpt lat="46.369416" lon="12.569505">
<ele>1915.354004</ele>
<time>2022-08-16T08:46:20.328Z</time>
<extensions>
<gpxtpx:TrackPointExtension>
<gpxtpx:speed>0.219379</gpxtpx:speed>
</gpxtpx:TrackPointExtension>
</extensions>
</trkpt>
<trkpt lat="46.369447" lon="12.569543">
<ele>1915.037109</ele>
<time>2022-08-16T08:46:34.334Z</time>
<extensions>
<gpxtpx:TrackPointExtension>
<gpxtpx:speed>0.479702</gpxtpx:speed>
</gpxtpx:TrackPointExtension>
</extensions>
</trkpt>
<trkpt lat="46.369453" lon="12.569572">
<ele>1915.110596</ele>
<time>2022-08-16T08:47:00.339Z</time>
<extensions>
<gpxtpx:TrackPointExtension>
<gpxtpx:speed>0.304710</gpxtpx:speed>
</gpxtpx:TrackPointExtension>
</extensions>
</trkpt>
<trkpt lat="46.369437" lon="12.569639">
<ele>1915.285400</ele>
<time>2022-08-16T08:47:11.334Z</time>
<extensions>
<gpxtpx:TrackPointExtension>
<gpxtpx:speed>0.362841</gpxtpx:speed>
</gpxtpx:TrackPointExtension>
</extensions>
</trkpt>
<trkpt lat="46.369438" lon="12.569656">
<ele>1914.608887</ele>
<time>2022-08-16T08:47:30.371Z</time>
<extensions>
<gpxtpx:TrackPointExtension>
<gpxtpx:speed>0.642548</gpxtpx:speed>
</gpxtpx:TrackPointExtension>
</extensions>
</trkpt>
<trkpt lat="46.369459" lon="12.569733">
<ele>1914.817139</ele>
<time>2022-08-16T08:47:45.375Z</time>
<extensions>
<gpxtpx:TrackPointExtension>
<gpxtpx:speed>0.651078</gpxtpx:speed>
</gpxtpx:TrackPointExtension>
</extensions>
</trkpt>
<trkpt lat="46.369469" lon="12.569877">
<ele>1915.199219</ele>
<time>2022-08-16T08:48:00.336Z</time>
<extensions>
<gpxtpx:TrackPointExtension>
<gpxtpx:speed>0.838342</gpxtpx:speed>
</gpxtpx:TrackPointExtension>
</extensions>
</trkpt>
<trkpt lat="46.369448" lon="12.569978">
<ele>1913.812500</ele>
<time>2022-08-16T08:48:15.368Z</time>
<extensions>
<gpxtpx:TrackPointExtension>
<gpxtpx:speed>1.042143</gpxtpx:speed>
</gpxtpx:TrackPointExtension>
</extensions>
</trkpt>
<trkpt lat="46.369452" lon="12.570085">
<ele>1914.514404</ele>
<time>2022-08-16T08:48:25.406Z</time>
<extensions>
<gpxtpx:TrackPointExtension>
<gpxtpx:speed>0.600617</gpxtpx:speed>
</gpxtpx:TrackPointExtension>
</extensions>
</trkpt>
<trkpt lat="46.369463" lon="12.570147">
<ele>1917.127441</ele>
<time>2022-08-16T08:48:35.434Z</time>
<extensions>
<gpxtpx:TrackPointExtension>
<gpxtpx:speed>0.493784</gpxtpx:speed>
</gpxtpx:TrackPointExtension>
</extensions>
</trkpt>
<trkpt lat="46.369450" lon="12.570119">
<ele>1917.413574</ele>
<time>2022-08-16T08:48:46.520Z</time>
<extensions>
<gpxtpx:TrackPointExtension>
<gpxtpx:speed>0.851918</gpxtpx:speed>
</gpxtpx:TrackPointExtension>
</extensions>
</trkpt>
<trkpt lat="46.369468" lon="12.570118">
<ele>1917.705566</ele>
<time>2022-08-16T08:49:23.382Z</time>
<extensions>
<gpxtpx:TrackPointExtension>
<gpxtpx:speed>0.533904</gpxtpx:speed>
</gpxtpx:TrackPointExtension>
</extensions>
</trkpt>
<trkpt lat="46.369452" lon="12.570102">
<ele>1914.852539</ele>
<time>2022-08-16T08:50:51.407Z</time>
<extensions>
<gpxtpx:TrackPointExtension>
<gpxtpx:speed>0.466006</gpxtpx:speed>
</gpxtpx:TrackPointExtension>
</extensions>
</trkpt>
<trkpt lat="46.369442" lon="12.570100">
<ele>1915.132324</ele>
<time>2022-08-16T08:51:22.337Z</time>
<extensions>
<gpxtpx:TrackPointExtension>
<gpxtpx:speed>0.571204</gpxtpx:speed>
</gpxtpx:TrackPointExtension>
</extensions>
</trkpt>
<trkpt lat="46.369440" lon="12.570135">
<ele>1916.134277</ele>
<time>2022-08-16T08:51:42.331Z</time>
<extensions>
<gpxtpx:TrackPointExtension>
<gpxtpx:speed>0.266963</gpxtpx:speed>
</gpxtpx:TrackPointExtension>
</extensions>
</trkpt>
<trkpt lat="46.369450" lon="12.570126">
<ele>1917.458496</ele>
<time>2022-08-16T08:52:57.350Z</time>
<extensions>
<gpxtpx:TrackPointExtension>
<gpxtpx:speed>0.286712</gpxtpx:speed>
</gpxtpx:TrackPointExtension>
</extensions>
</trkpt>
<trkpt lat="46.369470" lon="12.570122">
<ele>1921.728027</ele>
<time>2022-08-16T08:54:44.320Z</time>
<extensions>
<gpxtpx:TrackPointExtension>
<gpxtpx:speed>0.680288</gpxtpx:speed>
</gpxtpx:TrackPointExtension>
</extensions>
</trkpt>
<trkpt lat="46.369481" lon="12.570120">
<ele>1919.352051</ele>
<time>2022-08-16T08:55:07.319Z</time>
<extensions>
<gpxtpx:TrackPointExtension>
<gpxtpx:speed>0.560111</gpxtpx:speed>
</gpxtpx:TrackPointExtension>
</extensions>
</trkpt>
<trkpt lat="46.369451" lon="12.570098">
<ele>1918.095215</ele>
<time>2022-08-16T08:56:09.338Z</time>
<extensions>
<gpxtpx:TrackPointExtension>
<gpxtpx:speed>0.615084</gpxtpx:speed>
</gpxtpx:TrackPointExtension>
</extensions>
</trkpt>
<trkpt lat="46.369454" lon="12.570110">
<ele>1918.495605</ele>
<time>2022-08-16T08:58:17.315Z</time>
<extensions>
<gpxtpx:TrackPointExtension>
<gpxtpx:speed>0.333152</gpxtpx:speed>
</gpxtpx:TrackPointExtension>
</extensions>
</trkpt>
<trkpt lat="46.369461" lon="12.570100">
<ele>1918.168457</ele>
<time>2022-08-16T08:58:28.310Z</time>
<extensions>
<gpxtpx:TrackPointExtension>
<gpxtpx:speed>0.391606</gpxtpx:speed>
</gpxtpx:TrackPointExtension>
</extensions>
</trkpt>
<trkpt lat="46.369494" lon="12.569990">
<ele>1913.486328</ele>
<time>2022-08-16T08:58:39.341Z</time>
<extensions>
<gpxtpx:TrackPointExtension>
<gpxtpx:speed>0.861395</gpxtpx:speed>
</gpxtpx:TrackPointExtension>
</extensions>
</trkpt>
<trkpt lat="46.369542" lon="12.569930">
<ele>1912.776855</ele>
<time>2022-08-16T08:58:49.344Z</time>
<extensions>
<gpxtpx:TrackPointExtension>
<gpxtpx:speed>1.174403</gpxtpx:speed>
</gpxtpx:TrackPointExtension>
</extensions>
</trkpt>
<trkpt lat="46.369536" lon="12.569887">
<ele>1911.593750</ele>
<time>2022-08-16T08:59:04.364Z</time>
<extensions>
<gpxtpx:TrackPointExtension>
<gpxtpx:speed>0.282788</gpxtpx:speed>
</gpxtpx:TrackPointExtension>
</extensions>
</trkpt>
<trkpt lat="46.369548" lon="12.569842">
<ele>1909.908203</ele>
<time>2022-08-16T08:59:19.346Z</time>
<extensions>
<gpxtpx:TrackPointExtension>
<gpxtpx:speed>0.332530</gpxtpx:speed>
</gpxtpx:TrackPointExtension>
</extensions>
</trkpt>
<trkpt lat="46.369539" lon="12.569843">
<ele>1909.022705</ele>
<time>2022-08-16T08:59:39.347Z</time>
<extensions>
<gpxtpx:TrackPointExtension>
<gpxtpx:speed>0.207241</gpxtpx:speed>
</gpxtpx:TrackPointExtension>
</extensions>
</trkpt>
<trkpt lat="46.369557" lon="12.569840">
<ele>1906.342773</ele>
<time>2022-08-16T09:00:01.338Z</time>
<extensions>
<gpxtpx:TrackPointExtension>
<gpxtpx:speed>0.976210</gpxtpx:speed>
</gpxtpx:TrackPointExtension>
</extensions>
</trkpt>
<trkpt lat="46.369613" lon="12.569808">
<ele>1905.114746</ele>
<time>2022-08-16T09:00:14.336Z</time>
<extensions>
<gpxtpx:TrackPointExtension>
<gpxtpx:speed>0.583728</gpxtpx:speed>
</gpxtpx:TrackPointExtension>
</extensions>
</trkpt>
<trkpt lat="46.369647" lon="12.569791">
<ele>1903.044922</ele>
<time>2022-08-16T09:00:24.337Z</time>
<extensions>
<gpxtpx:TrackPointExtension>
<gpxtpx:speed>0.325870</gpxtpx:speed>
</gpxtpx:TrackPointExtension>
</extensions>
</trkpt>
<trkpt lat="46.369648" lon="12.569691">
<ele>1899.588867</ele>
<time>2022-08-16T09:00:39.339Z</time>
<extensions>
<gpxtpx:TrackPointExtension>
<gpxtpx:speed>0.474797</gpxtpx:speed>
</gpxtpx:TrackPointExtension>
</extensions>
</trkpt>
<trkpt lat="46.369645" lon="12.569664">
<ele>1900.089111</ele>
<time>2022-08-16T09:00:49.344Z</time>
<extensions>
<gpxtpx:TrackPointExtension>
<gpxtpx:speed>0.455481</gpxtpx:speed>
</gpxtpx:TrackPointExtension>
</extensions>
</trkpt>
<trkpt lat="46.369638" lon="12.569606">
<ele>1901.780762</ele>
<time>2022-08-16T09:00:59.351Z</time>
<extensions>
<gpxtpx:TrackPointExtension>
<gpxtpx:speed>0.504792</gpxtpx:speed>
</gpxtpx:TrackPointExtension>
</extensions>
</trkpt>
<trkpt lat="46.369646" lon="12.569559">
<ele>1903.929688</ele>
<time>2022-08-16T09:01:09.390Z</time>
<extensions>
<gpxtpx:TrackPointExtension>
<gpxtpx:speed>0.265486</gpxtpx:speed>
</gpxtpx:TrackPointExtension>
</extensions>
</trkpt>
<trkpt lat="46.369653" lon="12.569525">
<ele>1904.075439</ele>
<time>2022-08-16T09:01:19.410Z</time>
<extensions>
<gpxtpx:TrackPointExtension>
<gpxtpx:speed>0.680432</gpxtpx:speed>
</gpxtpx:TrackPointExtension>
</extensions>
</trkpt>
<trkpt lat="46.369684" lon="12.569483">
<ele>1905.162109</ele>
<time>2022-08-16T09:01:30.327Z</time>
<extensions>
<gpxtpx:TrackPointExtension>
<gpxtpx:speed>0.874109</gpxtpx:speed>
</gpxtpx:TrackPointExtension>
</extensions>
</trkpt>
<trkpt lat="46.369662" lon="12.569444">
<ele>1902.943115</ele>
<time>2022-08-16T09:01:40.331Z</time>
<extensions>
<gpxtpx:TrackPointExtension>
<gpxtpx:speed>0.491822</gpxtpx:speed>
</gpxtpx:TrackPointExtension>
</extensions>
</trkpt>
<trkpt lat="46.369621" lon="12.569376">
<ele>1900.302490</ele>
<time>2022-08-16T09:01:50.340Z</time>
<extensions>
<gpxtpx:TrackPointExtension>
<gpxtpx:speed>0.966980</gpxtpx:speed>
</gpxtpx:TrackPointExtension>
</extensions>
</trkpt>
<trkpt lat="46.369629" lon="12.569281">
<ele>1899.797852</ele>
<time>2022-08-16T09:02:00.377Z</time>
<extensions>
<gpxtpx:TrackPointExtension>
<gpxtpx:speed>0.957382</gpxtpx:speed>
</gpxtpx:TrackPointExtension>
</extensions>
</trkpt>
<trkpt lat="46.369639" lon="12.569165">
<ele>1897.196289</ele>
<time>2022-08-16T09:02:10.384Z</time>
<extensions>
<gpxtpx:TrackPointExtension>
<gpxtpx:speed>0.931910</gpxtpx:speed>
</gpxtpx:TrackPointExtension>
</extensions>
</trkpt>
<trkpt lat="46.369674" lon="12.569055">
<ele>1894.284180</ele>
<time>2022-08-16T09:02:20.440Z</time>
<extensions>
<gpxtpx:TrackPointExtension>
<gpxtpx:speed>0.880156</gpxtpx:speed>
</gpxtpx:TrackPointExtension>
</extensions>
</trkpt>
<trkpt lat="46.369708" lon="12.568948">
<ele>1894.597168</ele>
<time>2022-08-16T09:02:30.505Z</time>
<extensions>
<gpxtpx:TrackPointExtension>
<gpxtpx:speed>0.715430</gpxtpx:speed>
</gpxtpx:TrackPointExtension>
</extensions>
</trkpt>
<trkpt lat="46.369715" lon="12.568844">
<ele>1892.927246</ele>
<time>2022-08-16T09:02:41.332Z</time>
<extensions>
<gpxtpx:TrackPointExtension>
<gpxtpx:speed>0.631506</gpxtpx:speed>
</gpxtpx:TrackPointExtension>
</extensions>
</trkpt>
<trkpt lat="46.369695" lon="12.568741">
<ele>1891.237793</ele>
<time>2022-08-16T09:02:51.345Z</time>
<extensions>
<gpxtpx:TrackPointExtension>
<gpxtpx:speed>0.771619</gpxtpx:speed>
</gpxtpx:TrackPointExtension>
</extensions>
</trkpt>
<trkpt lat="46.369758" lon="12.568613">
<ele>1890.298828</ele>
<time>2022-08-16T09:03:03.333Z</time>
<extensions>
<gpxtpx:TrackPointExtension>
<gpxtpx:speed>0.824193</gpxtpx:speed>
</gpxtpx:TrackPointExtension>
</extensions>
</trkpt>
<trkpt lat="46.369803" lon="12.568489">
<ele>1891.094238</ele>
<time>2022-08-16T09:03:16.341Z</time>
<extensions>
<gpxtpx:TrackPointExtension>
<gpxtpx:speed>0.783025</gpxtpx:speed>
</gpxtpx:TrackPointExtension>
</extensions>
</trkpt>
<trkpt lat="46.369794" lon="12.568435">
<ele>1891.229492</ele>
<time>2022-08-16T09:03:26.357Z</time>
<extensions>
<gpxtpx:TrackPointExtension>
<gpxtpx:speed>0.573369</gpxtpx:speed>
</gpxtpx:TrackPointExtension>
</extensions>
</trkpt>
<trkpt lat="46.369817" lon="12.568329">
<ele>1890.283203</ele>
<time>2022-08-16T09:03:40.332Z</time>
<extensions>
<gpxtpx:TrackPointExtension>
<gpxtpx:speed>0.583175</gpxtpx:speed>
</gpxtpx:TrackPointExtension>
</extensions>
</trkpt>
<trkpt lat="46.369844" lon="12.568297">
<ele>1888.574707</ele>
<time>2022-08-16T09:03:51.335Z</time>
<extensions>
<gpxtpx:TrackPointExtension>
<gpxtpx:speed>0.975135</gpxtpx:speed>
</gpxtpx:TrackPointExtension>
</extensions>
</trkpt>
<trkpt lat="46.369839" lon="12.568169">
<ele>1887.222656</ele>
<time>2022-08-16T09:04:06.309Z</time>
<extensions>
<gpxtpx:TrackPointExtension>
<gpxtpx:speed>1.105191</gpxtpx:speed>
</gpxtpx:TrackPointExtension>
</extensions>
</trkpt>
<trkpt lat="46.369861" lon="12.568065">
<ele>1890.577637</ele>
<time>2022-08-16T09:04:16.331Z</time>
<extensions>
<gpxtpx:TrackPointExtension>
<gpxtpx:speed>0.830911</gpxtpx:speed>
</gpxtpx:TrackPointExtension>
</extensions>
</trkpt>
<trkpt lat="46.369931" lon="12.567941">
<ele>1888.150879</ele>
<time>2022-08-16T09:04:27.345Z</time>
<extensions>
<gpxtpx:TrackPointExtension>
<gpxtpx:speed>1.045680</gpxtpx:speed>
</gpxtpx:TrackPointExtension>
</extensions>
</trkpt>
<trkpt lat="46.369970" lon="12.567923">
<ele>1889.625488</ele>
<time>2022-08-16T09:05:36.311Z</time>
<extensions>
<gpxtpx:TrackPointExtension>
<gpxtpx:speed>0.754994</gpxtpx:speed>
</gpxtpx:TrackPointExtension>
</extensions>
</trkpt>
<trkpt lat="46.370041" lon="12.567889">
<ele>1886.475586</ele>
<time>2022-08-16T09:05:46.500Z</time>
<extensions>
<gpxtpx:TrackPointExtension>
<gpxtpx:speed>0.895881</gpxtpx:speed>
</gpxtpx:TrackPointExtension>
</extensions>
</trkpt>
<trkpt lat="46.370131" lon="12.567861">
<ele>1885.360107</ele>
<time>2022-08-16T09:05:57.342Z</time>
<extensions>
<gpxtpx:TrackPointExtension>
<gpxtpx:speed>0.979165</gpxtpx:speed>
</gpxtpx:TrackPointExtension>
</extensions>
</trkpt>
<trkpt lat="46.370247" lon="12.567905">
<ele>1884.708984</ele>
<time>2022-08-16T09:06:12.340Z</time>
<extensions>
<gpxtpx:TrackPointExtension>
<gpxtpx:speed>0.859757</gpxtpx:speed>
</gpxtpx:TrackPointExtension>
</extensions>
</trkpt>
<trkpt lat="46.370346" lon="12.567838">
<ele>1886.472168</ele>
<time>2022-08-16T09:06:22.349Z</time>
<extensions>
<gpxtpx:TrackPointExtension>
<gpxtpx:speed>1.213730</gpxtpx:speed>
</gpxtpx:TrackPointExtension>
</extensions>
</trkpt>
<trkpt lat="46.370423" lon="12.567773">
<ele>1887.008301</ele>
<time>2022-08-16T09:06:33.349Z</time>
<extensions>
<gpxtpx:TrackPointExtension>
<gpxtpx:speed>0.982514</gpxtpx:speed>
</gpxtpx:TrackPointExtension>
</extensions>
</trkpt>
<trkpt lat="46.370414" lon="12.567643">
<ele>1885.685059</ele>
<time>2022-08-16T09:06:47.331Z</time>
<extensions>
<gpxtpx:TrackPointExtension>
<gpxtpx:speed>0.959994</gpxtpx:speed>
</gpxtpx:TrackPointExtension>
</extensions>
</trkpt>
<trkpt lat="46.370378" lon="12.567560">
<ele>1885.717773</ele>
<time>2022-08-16T09:06:57.365Z</time>
<extensions>
<gpxtpx:TrackPointExtension>
<gpxtpx:speed>0.678987</gpxtpx:speed>
</gpxtpx:TrackPointExtension>
</extensions>
</trkpt>
<trkpt lat="46.370393" lon="12.567575">
<ele>1887.596680</ele>
<time>2022-08-16T09:08:41.310Z</time>
<extensions>
<gpxtpx:TrackPointExtension>
<gpxtpx:speed>1.209137</gpxtpx:speed>
</gpxtpx:TrackPointExtension>
</extensions>
</trkpt>
<trkpt lat="46.370402" lon="12.567559">
<ele>1889.850098</ele>
<time>2022-08-16T09:09:43.324Z</time>
<extensions>
<gpxtpx:TrackPointExtension>
<gpxtpx:speed>0.413783</gpxtpx:speed>
</gpxtpx:TrackPointExtension>
</extensions>
</trkpt>
<trkpt lat="46.370439" lon="12.567486">
<ele>1891.898438</ele>
<time>2022-08-16T09:09:53.335Z</time>
<extensions>
<gpxtpx:TrackPointExtension>
<gpxtpx:speed>1.003266</gpxtpx:speed>
</gpxtpx:TrackPointExtension>
</extensions>
</trkpt>
<trkpt lat="46.370455" lon="12.567394">
<ele>1889.412109</ele>
<time>2022-08-16T09:10:03.337Z</time>
<extensions>
<gpxtpx:TrackPointExtension>
<gpxtpx:speed>0.693516</gpxtpx:speed>
</gpxtpx:TrackPointExtension>
</extensions>
</trkpt>
<trkpt lat="46.370531" lon="12.567251">
<ele>1884.784668</ele>
<time>2022-08-16T09:10:18.328Z</time>
<extensions>
<gpxtpx:TrackPointExtension>
<gpxtpx:speed>0.806294</gpxtpx:speed>
</gpxtpx:TrackPointExtension>
</extensions>
</trkpt>
<trkpt lat="46.370614" lon="12.567129">
<ele>1884.104736</ele>
<time>2022-08-16T09:10:31.343Z</time>
<extensions>
<gpxtpx:TrackPointExtension>
<gpxtpx:speed>0.793567</gpxtpx:speed>
</gpxtpx:TrackPointExtension>
</extensions>
</trkpt>
<trkpt lat="46.370614" lon="12.567013">
<ele>1885.389160</ele>
<time>2022-08-16T09:10:43.341Z</time>
<extensions>
<gpxtpx:TrackPointExtension>
<gpxtpx:speed>0.669110</gpxtpx:speed>
</gpxtpx:TrackPointExtension>
</extensions>
</trkpt>
<trkpt lat="46.370643" lon="12.566951">
<ele>1888.127197</ele>
<time>2022-08-16T09:10:53.346Z</time>
<extensions>
<gpxtpx:TrackPointExtension>
<gpxtpx:speed>0.467679</gpxtpx:speed>
</gpxtpx:TrackPointExtension>
</extensions>
</trkpt>
<trkpt lat="46.370653" lon="12.566899">
<ele>1888.391113</ele>
<time>2022-08-16T09:11:03.354Z</time>
<extensions>
<gpxtpx:TrackPointExtension>
<gpxtpx:speed>0.629350</gpxtpx:speed>
</gpxtpx:TrackPointExtension>
</extensions>
</trkpt>
<trkpt lat="46.370710" lon="12.566821">
<ele>1888.383789</ele>
<time>2022-08-16T09:11:18.335Z</time>
<extensions>
<gpxtpx:TrackPointExtension>
<gpxtpx:speed>0.406597</gpxtpx:speed>
</gpxtpx:TrackPointExtension>
</extensions>
</trkpt>
<trkpt lat="46.370735" lon="12.566804">
<ele>1887.473145</ele>
<time>2022-08-16T09:11:29.328Z</time>
<extensions>
<gpxtpx:TrackPointExtension>
<gpxtpx:speed>0.357316</gpxtpx:speed>
</gpxtpx:TrackPointExtension>
</extensions>
</trkpt>
<trkpt lat="46.370786" lon="12.566814">
<ele>1885.797363</ele>
<time>2022-08-16T09:11:43.360Z</time>
<extensions>
<gpxtpx:TrackPointExtension>
<gpxtpx:speed>0.543051</gpxtpx:speed>
</gpxtpx:TrackPointExtension>
</extensions>
</trkpt>
<trkpt lat="46.370782" lon="12.566767">
<ele>1888.029785</ele>
<time>2022-08-16T09:11:53.370Z</time>
<extensions>
<gpxtpx:TrackPointExtension>
<gpxtpx:speed>0.335776</gpxtpx:speed>
</gpxtpx:TrackPointExtension>
</extensions>
</trkpt>
<trkpt lat="46.370817" lon="12.566649">
<ele>1884.471191</ele>
<time>2022-08-16T09:12:03.432Z</time>
<extensions>
<gpxtpx:TrackPointExtension>
<gpxtpx:speed>0.941479</gpxtpx:speed>
</gpxtpx:TrackPointExtension>
</extensions>
</trkpt>
<trkpt lat="46.370858" lon="12.566562">
<ele>1884.156982</ele>
<time>2022-08-16T09:12:13.484Z</time>
<extensions>
<gpxtpx:TrackPointExtension>
<gpxtpx:speed>0.920200</gpxtpx:speed>
</gpxtpx:TrackPointExtension>
</extensions>
</trkpt>
<trkpt lat="46.370904" lon="12.566484">
<ele>1884.717773</ele>
<time>2022-08-16T09:12:24.330Z</time>
<extensions>
<gpxtpx:TrackPointExtension>
<gpxtpx:speed>0.765619</gpxtpx:speed>
</gpxtpx:TrackPointExtension>
</extensions>
</trkpt>
<trkpt lat="46.370948" lon="12.566459">
<ele>1885.743652</ele>
<time>2022-08-16T09:12:34.330Z</time>
<extensions>
<gpxtpx:TrackPointExtension>
<gpxtpx:speed>0.467525</gpxtpx:speed>
</gpxtpx:TrackPointExtension>
</extensions>
</trkpt>
<trkpt lat="46.370942" lon="12.566377">
<ele>1887.625000</ele>
<time>2022-08-16T09:12:44.345Z</time>
<extensions>
<gpxtpx:TrackPointExtension>
<gpxtpx:speed>0.576510</gpxtpx:speed>
</gpxtpx:TrackPointExtension>
</extensions>
</trkpt>
<trkpt lat="46.371008" lon="12.566374">
<ele>1887.793701</ele>
<time>2022-08-16T09:12:55.335Z</time>
<extensions>
<gpxtpx:TrackPointExtension>
<gpxtpx:speed>0.535349</gpxtpx:speed>
</gpxtpx:TrackPointExtension>
</extensions>
</trkpt>
<trkpt lat="46.371058" lon="12.566310">
<ele>1888.180176</ele>
<time>2022-08-16T09:13:05.338Z</time>
<extensions>
<gpxtpx:TrackPointExtension>
<gpxtpx:speed>0.686406</gpxtpx:speed>
</gpxtpx:TrackPointExtension>
</extensions>
</trkpt>
<trkpt lat="46.371121" lon="12.566271">
<ele>1890.078613</ele>
<time>2022-08-16T09:13:19.340Z</time>
<extensions>
<gpxtpx:TrackPointExtension>
<gpxtpx:speed>0.964312</gpxtpx:speed>
</gpxtpx:TrackPointExtension>
</extensions>
</trkpt>
<trkpt lat="46.371186" lon="12.566138">
<ele>1892.919922</ele>
<time>2022-08-16T09:13:34.314Z</time>
<extensions>
<gpxtpx:TrackPointExtension>
<gpxtpx:speed>1.070616</gpxtpx:speed>
</gpxtpx:TrackPointExtension>
</extensions>
</trkpt>
<trkpt lat="46.371220" lon="12.566029">
<ele>1894.722168</ele>
<time>2022-08-16T09:13:44.380Z</time>
<extensions>
<gpxtpx:TrackPointExtension>
<gpxtpx:speed>0.930056</gpxtpx:speed>
</gpxtpx:TrackPointExtension>
</extensions>
</trkpt>
<trkpt lat="46.371277" lon="12.565947">
<ele>1898.652588</ele>
<time>2022-08-16T09:13:54.427Z</time>
<extensions>
<gpxtpx:TrackPointExtension>
<gpxtpx:speed>0.871872</gpxtpx:speed>
</gpxtpx:TrackPointExtension>
</extensions>
</trkpt>
<trkpt lat="46.371303" lon="12.565860">
<ele>1903.211426</ele>
<time>2022-08-16T09:14:04.478Z</time>
<extensions>
<gpxtpx:TrackPointExtension>
<gpxtpx:speed>0.707360</gpxtpx:speed>
</gpxtpx:TrackPointExtension>
</extensions>
</trkpt>
<trkpt lat="46.371313" lon="12.565775">
<ele>1904.888672</ele>
<time>2022-08-16T09:14:15.362Z</time>
<extensions>
<gpxtpx:TrackPointExtension>
<gpxtpx:speed>0.727826</gpxtpx:speed>
</gpxtpx:TrackPointExtension>
</extensions>
</trkpt>
<trkpt lat="46.371352" lon="12.565671">
<ele>1904.896973</ele>
<time>2022-08-16T09:14:30.344Z</time>
<extensions>
<gpxtpx:TrackPointExtension>
<gpxtpx:speed>0.709934</gpxtpx:speed>
</gpxtpx:TrackPointExtension>
</extensions>
</trkpt>
<trkpt lat="46.371415" lon="12.565645">
<ele>1906.429443</ele>
<time>2022-08-16T09:14:40.344Z</time>
<extensions>
<gpxtpx:TrackPointExtension>
<gpxtpx:speed>0.722560</gpxtpx:speed>
</gpxtpx:TrackPointExtension>
</extensions>
</trkpt>
<trkpt lat="46.371459" lon="12.565648">
<ele>1907.684082</ele>
<time>2022-08-16T09:14:55.343Z</time>
<extensions>
<gpxtpx:TrackPointExtension>
<gpxtpx:speed>0.556406</gpxtpx:speed>
</gpxtpx:TrackPointExtension>
</extensions>
</trkpt>
<trkpt lat="46.371484" lon="12.565648">
<ele>1907.657471</ele>
<time>2022-08-16T09:15:08.352Z</time>
<extensions>
<gpxtpx:TrackPointExtension>
<gpxtpx:speed>0.643836</gpxtpx:speed>
</gpxtpx:TrackPointExtension>
</extensions>
</trkpt>
<trkpt lat="46.371506" lon="12.565542">
<ele>1910.301025</ele>
<time>2022-08-16T09:15:20.353Z</time>
<extensions>
<gpxtpx:TrackPointExtension>
<gpxtpx:speed>0.968698</gpxtpx:speed>
</gpxtpx:TrackPointExtension>
</extensions>
</trkpt>
<trkpt lat="46.371487" lon="12.565405">
<ele>1911.293457</ele>
<time>2022-08-16T09:15:35.340Z</time>
<extensions>
<gpxtpx:TrackPointExtension>
<gpxtpx:speed>0.772203</gpxtpx:speed>
</gpxtpx:TrackPointExtension>
</extensions>
</trkpt>
<trkpt lat="46.371495" lon="12.565296">
<ele>1910.805420</ele>
<time>2022-08-16T09:15:45.356Z</time>
<extensions>
<gpxtpx:TrackPointExtension>
<gpxtpx:speed>0.766399</gpxtpx:speed>
</gpxtpx:TrackPointExtension>
</extensions>
</trkpt>
<trkpt lat="46.371491" lon="12.565176">
<ele>1913.928955</ele>
<time>2022-08-16T09:15:55.362Z</time>
<extensions>
<gpxtpx:TrackPointExtension>
<gpxtpx:speed>0.815518</gpxtpx:speed>
</gpxtpx:TrackPointExtension>
</extensions>
</trkpt>
<trkpt lat="46.371475" lon="12.565066">
<ele>1914.179199</ele>
<time>2022-08-16T09:16:07.322Z</time>
<extensions>
<gpxtpx:TrackPointExtension>
<gpxtpx:speed>0.591567</gpxtpx:speed>
</gpxtpx:TrackPointExtension>
</extensions>
</trkpt>
<trkpt lat="46.371511" lon="12.564930">
<ele>1916.308838</ele>
<time>2022-08-16T09:16:20.339Z</time>
<extensions>
<gpxtpx:TrackPointExtension>
<gpxtpx:speed>0.735199</gpxtpx:speed>
</gpxtpx:TrackPointExtension>
</extensions>
</trkpt>
<trkpt lat="46.371494" lon="12.564796">
<ele>1918.809570</ele>
<time>2022-08-16T09:16:35.306Z</time>
<extensions>
<gpxtpx:TrackPointExtension>
<gpxtpx:speed>0.714503</gpxtpx:speed>
</gpxtpx:TrackPointExtension>
</extensions>
</trkpt>
<trkpt lat="46.371490" lon="12.564705">
<ele>1921.821289</ele>
<time>2022-08-16T09:16:45.373Z</time>
<extensions>
<gpxtpx:TrackPointExtension>
<gpxtpx:speed>0.641646</gpxtpx:speed>
</gpxtpx:TrackPointExtension>
</extensions>
</trkpt>
<trkpt lat="46.371490" lon="12.564627">
<ele>1922.396973</ele>
<time>2022-08-16T09:16:55.393Z</time>
<extensions>
<gpxtpx:TrackPointExtension>
<gpxtpx:speed>0.532316</gpxtpx:speed>
</gpxtpx:TrackPointExtension>
</extensions>
</trkpt>
<trkpt lat="46.371425" lon="12.564589">
<ele>1920.739990</ele>
<time>2022-08-16T09:17:05.435Z</time>
<extensions>
<gpxtpx:TrackPointExtension>
<gpxtpx:speed>0.414682</gpxtpx:speed>
</gpxtpx:TrackPointExtension>
</extensions>
</trkpt>
<trkpt lat="46.371481" lon="12.564573">
<ele>1922.894043</ele>
<time>2022-08-16T09:17:15.519Z</time>
<extensions>
<gpxtpx:TrackPointExtension>
<gpxtpx:speed>0.513594</gpxtpx:speed>
</gpxtpx:TrackPointExtension>
</extensions>
</trkpt>
<trkpt lat="46.371501" lon="12.564534">
<ele>1925.315430</ele>
<time>2022-08-16T09:17:26.348Z</time>
<extensions>
<gpxtpx:TrackPointExtension>
<gpxtpx:speed>0.264813</gpxtpx:speed>
</gpxtpx:TrackPointExtension>
</extensions>
</trkpt>
<trkpt lat="46.371481" lon="12.564459">
<ele>1926.371338</ele>
<time>2022-08-16T09:17:41.345Z</time>
<extensions>
<gpxtpx:TrackPointExtension>
<gpxtpx:speed>0.803506</gpxtpx:speed>
</gpxtpx:TrackPointExtension>
</extensions>
</trkpt>
<trkpt lat="46.371461" lon="12.564391">
<ele>1927.556152</ele>
<time>2022-08-16T09:17:51.346Z</time>
<extensions>
<gpxtpx:TrackPointExtension>
<gpxtpx:speed>0.661086</gpxtpx:speed>
</gpxtpx:TrackPointExtension>
</extensions>
</trkpt>
<trkpt lat="46.371472" lon="12.564401">
<ele>1928.015625</ele>
<time>2022-08-16T09:18:01.351Z</time>
<extensions>
<gpxtpx:TrackPointExtension>
<gpxtpx:speed>0.620377</gpxtpx:speed>
</gpxtpx:TrackPointExtension>
</extensions>
</trkpt>
<trkpt lat="46.371463" lon="12.564384">
<ele>1929.344238</ele>
<time>2022-08-16T09:18:11.351Z</time>
<extensions>
<gpxtpx:TrackPointExtension>
<gpxtpx:speed>0.647464</gpxtpx:speed>
</gpxtpx:TrackPointExtension>
</extensions>
</trkpt>
<trkpt lat="46.371498" lon="12.564239">
<ele>1931.693848</ele>
<time>2022-08-16T09:18:26.345Z</time>
<extensions>
<gpxtpx:TrackPointExtension>
<gpxtpx:speed>0.597013</gpxtpx:speed>
</gpxtpx:TrackPointExtension>
</extensions>
</trkpt>
<trkpt lat="46.371503" lon="12.564168">
<ele>1933.361328</ele>
<time>2022-08-16T09:19:36.416Z</time>
<extensions>
<gpxtpx:TrackPointExtension>
<gpxtpx:speed>0.414989</gpxtpx:speed>
</gpxtpx:TrackPointExtension>
</extensions>
</trkpt>
<trkpt lat="46.371487" lon="12.564117">
<ele>1932.579834</ele>
<time>2022-08-16T09:19:46.438Z</time>
<extensions>
<gpxtpx:TrackPointExtension>
<gpxtpx:speed>0.667927</gpxtpx:speed>
</gpxtpx:TrackPointExtension>
</extensions>
</trkpt>
<trkpt lat="46.371548" lon="12.564035">
<ele>1935.493652</ele>
<time>2022-08-16T09:19:56.480Z</time>
<extensions>
<gpxtpx:TrackPointExtension>
<gpxtpx:speed>0.760087</gpxtpx:speed>
</gpxtpx:TrackPointExtension>
</extensions>
</trkpt>
<trkpt lat="46.371535" lon="12.563954">
<ele>1938.666748</ele>
<time>2022-08-16T09:20:07.353Z</time>
<extensions>
<gpxtpx:TrackPointExtension>
<gpxtpx:speed>0.760173</gpxtpx:speed>
</gpxtpx:TrackPointExtension>
</extensions>
</trkpt>
<trkpt lat="46.371564" lon="12.563923">
<ele>1940.763184</ele>
<time>2022-08-16T09:20:22.334Z</time>
<extensions>
<gpxtpx:TrackPointExtension>
<gpxtpx:speed>0.510939</gpxtpx:speed>
</gpxtpx:TrackPointExtension>
</extensions>
</trkpt>
<trkpt lat="46.371580" lon="12.563933">
<ele>1940.935059</ele>
<time>2022-08-16T09:20:32.335Z</time>
<extensions>
<gpxtpx:TrackPointExtension>
<gpxtpx:speed>0.815224</gpxtpx:speed>
</gpxtpx:TrackPointExtension>
</extensions>
</trkpt>
<trkpt lat="46.371588" lon="12.563925">
<ele>1940.730225</ele>
<time>2022-08-16T09:21:11.345Z</time>
<extensions>
<gpxtpx:TrackPointExtension>
<gpxtpx:speed>0.567865</gpxtpx:speed>
</gpxtpx:TrackPointExtension>
</extensions>
</trkpt>
<trkpt lat="46.371595" lon="12.563889">
<ele>1941.511719</ele>
<time>2022-08-16T09:21:22.331Z</time>
<extensions>
<gpxtpx:TrackPointExtension>
<gpxtpx:speed>0.222111</gpxtpx:speed>
</gpxtpx:TrackPointExtension>
</extensions>
</trkpt>
<trkpt lat="46.371598" lon="12.563867">
<ele>1941.268066</ele>
<time>2022-08-16T09:23:58.301Z</time>
<extensions>
<gpxtpx:TrackPointExtension>
<gpxtpx:speed>0.659786</gpxtpx:speed>
</gpxtpx:TrackPointExtension>
</extensions>
</trkpt>
<trkpt lat="46.371647" lon="12.563814">
<ele>1944.506836</ele>
<time>2022-08-16T09:24:08.344Z</time>
<extensions>
<gpxtpx:TrackPointExtension>
<gpxtpx:speed>0.877053</gpxtpx:speed>
</gpxtpx:TrackPointExtension>
</extensions>
</trkpt>
<trkpt lat="46.371673" lon="12.563739">
<ele>1946.165039</ele>
<time>2022-08-16T09:24:18.362Z</time>
<extensions>
<gpxtpx:TrackPointExtension>
<gpxtpx:speed>0.650703</gpxtpx:speed>
</gpxtpx:TrackPointExtension>
</extensions>
</trkpt>
<trkpt lat="46.371701" lon="12.563608">
<ele>1948.449463</ele>
<time>2022-08-16T09:24:33.309Z</time>
<extensions>
<gpxtpx:TrackPointExtension>
<gpxtpx:speed>0.755874</gpxtpx:speed>
</gpxtpx:TrackPointExtension>
</extensions>
</trkpt>
<trkpt lat="46.371687" lon="12.563488">
<ele>1951.086426</ele>
<time>2022-08-16T09:24:43.383Z</time>
<extensions>
<gpxtpx:TrackPointExtension>
<gpxtpx:speed>1.032018</gpxtpx:speed>
</gpxtpx:TrackPointExtension>
</extensions>
</trkpt>
<trkpt lat="46.371653" lon="12.563320">
<ele>1954.388672</ele>
<time>2022-08-16T09:24:58.343Z</time>
<extensions>
<gpxtpx:TrackPointExtension>
<gpxtpx:speed>0.849561</gpxtpx:speed>
</gpxtpx:TrackPointExtension>
</extensions>
</trkpt>
<trkpt lat="46.371697" lon="12.563242">
<ele>1956.267090</ele>
<time>2022-08-16T09:25:08.347Z</time>
<extensions>
<gpxtpx:TrackPointExtension>
<gpxtpx:speed>0.628939</gpxtpx:speed>
</gpxtpx:TrackPointExtension>
</extensions>
</trkpt>
<trkpt lat="46.371712" lon="12.563134">
<ele>1956.793945</ele>
<time>2022-08-16T09:25:21.337Z</time>
<extensions>
<gpxtpx:TrackPointExtension>
<gpxtpx:speed>0.658405</gpxtpx:speed>
</gpxtpx:TrackPointExtension>
</extensions>
</trkpt>
<trkpt lat="46.371698" lon="12.563021">
<ele>1958.783691</ele>
<time>2022-08-16T09:25:33.337Z</time>
<extensions>
<gpxtpx:TrackPointExtension>
<gpxtpx:speed>0.800245</gpxtpx:speed>
</gpxtpx:TrackPointExtension>
</extensions>
</trkpt>
<trkpt lat="46.371686" lon="12.562893">
<ele>1960.778320</ele>
<time>2022-08-16T09:25:48.350Z</time>
<extensions>
<gpxtpx:TrackPointExtension>
<gpxtpx:speed>0.616515</gpxtpx:speed>
</gpxtpx:TrackPointExtension>
</extensions>
</trkpt>
<trkpt lat="46.371649" lon="12.562788">
<ele>1961.151855</ele>
<time>2022-08-16T09:25:58.387Z</time>
<extensions>
<gpxtpx:TrackPointExtension>
<gpxtpx:speed>0.857652</gpxtpx:speed>
</gpxtpx:TrackPointExtension>
</extensions>
</trkpt>
<trkpt lat="46.371606" lon="12.562662">
<ele>1966.405762</ele>
<time>2022-08-16T09:26:13.392Z</time>
<extensions>
<gpxtpx:TrackPointExtension>
<gpxtpx:speed>0.562999</gpxtpx:speed>
</gpxtpx:TrackPointExtension>
</extensions>
</trkpt>
<trkpt lat="46.371619" lon="12.562559">
<ele>1967.540283</ele>
<time>2022-08-16T09:26:23.432Z</time>
<extensions>
<gpxtpx:TrackPointExtension>
<gpxtpx:speed>0.672288</gpxtpx:speed>
</gpxtpx:TrackPointExtension>
</extensions>
</trkpt>
<trkpt lat="46.371623" lon="12.562473">
<ele>1969.209961</ele>
<time>2022-08-16T09:26:33.484Z</time>
<extensions>
<gpxtpx:TrackPointExtension>
<gpxtpx:speed>0.614107</gpxtpx:speed>
</gpxtpx:TrackPointExtension>
</extensions>
</trkpt>
<trkpt lat="46.371651" lon="12.562393">
<ele>1971.407715</ele>
<time>2022-08-16T09:26:44.348Z</time>
<extensions>
<gpxtpx:TrackPointExtension>
<gpxtpx:speed>0.565325</gpxtpx:speed>
</gpxtpx:TrackPointExtension>
</extensions>
</trkpt>
<trkpt lat="46.371620" lon="12.562331">
<ele>1971.870850</ele>
<time>2022-08-16T09:26:57.332Z</time>
<extensions>
<gpxtpx:TrackPointExtension>
<gpxtpx:speed>0.460987</gpxtpx:speed>
</gpxtpx:TrackPointExtension>
</extensions>
</trkpt>
<trkpt lat="46.371649" lon="12.562289">
<ele>1973.960938</ele>
<time>2022-08-16T09:27:09.341Z</time>
<extensions>
<gpxtpx:TrackPointExtension>
<gpxtpx:speed>0.904410</gpxtpx:speed>
</gpxtpx:TrackPointExtension>
</extensions>
</trkpt>
<trkpt lat="46.371691" lon="12.562199">
<ele>1977.600342</ele>
<time>2022-08-16T09:27:24.331Z</time>
<extensions>
<gpxtpx:TrackPointExtension>
<gpxtpx:speed>0.627009</gpxtpx:speed>
</gpxtpx:TrackPointExtension>
</extensions>
</trkpt>
<trkpt lat="46.371700" lon="12.562115">
<ele>1977.233887</ele>
<time>2022-08-16T09:27:34.337Z</time>
<extensions>
<gpxtpx:TrackPointExtension>
<gpxtpx:speed>0.702336</gpxtpx:speed>
</gpxtpx:TrackPointExtension>
</extensions>
</trkpt>
<trkpt lat="46.371675" lon="12.562058">
<ele>1978.450684</ele>
<time>2022-08-16T09:27:44.338Z</time>
<extensions>
<gpxtpx:TrackPointExtension>
<gpxtpx:speed>0.527840</gpxtpx:speed>
</gpxtpx:TrackPointExtension>
</extensions>
</trkpt>
<trkpt lat="46.371655" lon="12.562003">
<ele>1980.998291</ele>
<time>2022-08-16T09:27:54.342Z</time>
<extensions>
<gpxtpx:TrackPointExtension>
<gpxtpx:speed>0.456870</gpxtpx:speed>
</gpxtpx:TrackPointExtension>
</extensions>
</trkpt>
<trkpt lat="46.371617" lon="12.562027">
<ele>1984.620117</ele>
<time>2022-08-16T09:28:04.353Z</time>
<extensions>
<gpxtpx:TrackPointExtension>
<gpxtpx:speed>0.374267</gpxtpx:speed>
</gpxtpx:TrackPointExtension>
</extensions>
</trkpt>
<trkpt lat="46.371600" lon="12.561936">
<ele>1983.790039</ele>
<time>2022-08-16T09:28:14.353Z</time>
<extensions>
<gpxtpx:TrackPointExtension>
<gpxtpx:speed>0.565378</gpxtpx:speed>
</gpxtpx:TrackPointExtension>
</extensions>
</trkpt>
<trkpt lat="46.371537" lon="12.561854">
<ele>1983.604492</ele>
<time>2022-08-16T09:28:29.324Z</time>
<extensions>
<gpxtpx:TrackPointExtension>
<gpxtpx:speed>0.568631</gpxtpx:speed>
</gpxtpx:TrackPointExtension>
</extensions>
</trkpt>
<trkpt lat="46.371506" lon="12.561837">
<ele>1984.087402</ele>
<time>2022-08-16T09:28:39.343Z</time>
<extensions>
<gpxtpx:TrackPointExtension>
<gpxtpx:speed>0.200866</gpxtpx:speed>
</gpxtpx:TrackPointExtension>
</extensions>
</trkpt>
<trkpt lat="46.371511" lon="12.561812">
<ele>1984.627930</ele>
<time>2022-08-16T09:29:04.376Z</time>
<extensions>
<gpxtpx:TrackPointExtension>
<gpxtpx:speed>0.496642</gpxtpx:speed>
</gpxtpx:TrackPointExtension>
</extensions>
</trkpt>
<trkpt lat="46.371463" lon="12.561725">
<ele>1986.517090</ele>
<time>2022-08-16T09:29:14.393Z</time>
<extensions>
<gpxtpx:TrackPointExtension>
<gpxtpx:speed>0.644575</gpxtpx:speed>
</gpxtpx:TrackPointExtension>
</extensions>
</trkpt>
<trkpt lat="46.371398" lon="12.561704">
<ele>1987.250977</ele>
<time>2022-08-16T09:29:24.412Z</time>
<extensions>
<gpxtpx:TrackPointExtension>
<gpxtpx:speed>0.897249</gpxtpx:speed>
</gpxtpx:TrackPointExtension>
</extensions>
</trkpt>
<trkpt lat="46.371269" lon="12.561615">
<ele>1988.040283</ele>
<time>2022-08-16T09:29:34.482Z</time>
<extensions>
<gpxtpx:TrackPointExtension>
<gpxtpx:speed>1.289184</gpxtpx:speed>
</gpxtpx:TrackPointExtension>
</extensions>
</trkpt>
<trkpt lat="46.371225" lon="12.561584">
<ele>1989.613525</ele>
<time>2022-08-16T09:29:45.386Z</time>
<extensions>
<gpxtpx:TrackPointExtension>
<gpxtpx:speed>0.554830</gpxtpx:speed>
</gpxtpx:TrackPointExtension>
</extensions>
</trkpt>
<trkpt lat="46.371204" lon="12.561488">
<ele>1987.657715</ele>
<time>2022-08-16T09:29:59.329Z</time>
<extensions>
<gpxtpx:TrackPointExtension>
<gpxtpx:speed>0.614879</gpxtpx:speed>
</gpxtpx:TrackPointExtension>
</extensions>
</trkpt>
<trkpt lat="46.371210" lon="12.561404">
<ele>1992.116699</ele>
<time>2022-08-16T09:30:10.330Z</time>
<extensions>
<gpxtpx:TrackPointExtension>
<gpxtpx:speed>0.645110</gpxtpx:speed>
</gpxtpx:TrackPointExtension>
</extensions>
</trkpt>
<trkpt lat="46.371204" lon="12.561355">
<ele>1994.083496</ele>
<time>2022-08-16T09:30:20.369Z</time>
<extensions>
<gpxtpx:TrackPointExtension>
<gpxtpx:speed>0.435532</gpxtpx:speed>
</gpxtpx:TrackPointExtension>
</extensions>
</trkpt>
<trkpt lat="46.371157" lon="12.561364">
<ele>1997.946289</ele>
<time>2022-08-16T09:30:35.333Z</time>
<extensions>
<gpxtpx:TrackPointExtension>
<gpxtpx:speed>0.545530</gpxtpx:speed>
</gpxtpx:TrackPointExtension>
</extensions>
</trkpt>
<trkpt lat="46.371106" lon="12.561334">
<ele>1998.893066</ele>
<time>2022-08-16T09:30:46.355Z</time>
<extensions>
<gpxtpx:TrackPointExtension>
<gpxtpx:speed>0.510076</gpxtpx:speed>
</gpxtpx:TrackPointExtension>
</extensions>
</trkpt>
<trkpt lat="46.371058" lon="12.561265">
<ele>1997.286621</ele>
<time>2022-08-16T09:31:00.337Z</time>
<extensions>
<gpxtpx:TrackPointExtension>
<gpxtpx:speed>0.514882</gpxtpx:speed>
</gpxtpx:TrackPointExtension>
</extensions>
</trkpt>
<trkpt lat="46.371045" lon="12.561214">
<ele>1999.372070</ele>
<time>2022-08-16T09:31:10.388Z</time>
<extensions>
<gpxtpx:TrackPointExtension>
<gpxtpx:speed>0.494386</gpxtpx:speed>
</gpxtpx:TrackPointExtension>
</extensions>
</trkpt>
<trkpt lat="46.371052" lon="12.561223">
<ele>1999.587402</ele>
<time>2022-08-16T09:31:30.347Z</time>
<extensions>
<gpxtpx:TrackPointExtension>
<gpxtpx:speed>0.215564</gpxtpx:speed>
</gpxtpx:TrackPointExtension>
</extensions>
</trkpt>
<trkpt lat="46.371016" lon="12.561287">
<ele>2001.060059</ele>
<time>2022-08-16T09:31:40.347Z</time>
<extensions>
<gpxtpx:TrackPointExtension>
<gpxtpx:speed>0.799010</gpxtpx:speed>
</gpxtpx:TrackPointExtension>
</extensions>
</trkpt>
<trkpt lat="46.370950" lon="12.561314">
<ele>2004.748047</ele>
<time>2022-08-16T09:31:54.343Z</time>
<extensions>
<gpxtpx:TrackPointExtension>
<gpxtpx:speed>0.665203</gpxtpx:speed>
</gpxtpx:TrackPointExtension>
</extensions>
</trkpt>
<trkpt lat="46.370949" lon="12.561261">
<ele>2008.159424</ele>
<time>2022-08-16T09:32:05.394Z</time>
<extensions>
<gpxtpx:TrackPointExtension>
<gpxtpx:speed>0.608347</gpxtpx:speed>
</gpxtpx:TrackPointExtension>
</extensions>
</trkpt>
<trkpt lat="46.370945" lon="12.561246">
<ele>2009.983887</ele>
<time>2022-08-16T09:32:15.427Z</time>
<extensions>
<gpxtpx:TrackPointExtension>
<gpxtpx:speed>0.207938</gpxtpx:speed>
</gpxtpx:TrackPointExtension>
</extensions>
</trkpt>
<trkpt lat="46.370934" lon="12.561234">
<ele>2009.986328</ele>
<time>2022-08-16T09:32:46.344Z</time>
<extensions>
<gpxtpx:TrackPointExtension>
<gpxtpx:speed>0.589344</gpxtpx:speed>
</gpxtpx:TrackPointExtension>
</extensions>
</trkpt>
<trkpt lat="46.370890" lon="12.561118">
<ele>2012.187988</ele>
<time>2022-08-16T09:32:56.376Z</time>
<extensions>
<gpxtpx:TrackPointExtension>
<gpxtpx:speed>1.159222</gpxtpx:speed>
</gpxtpx:TrackPointExtension>
</extensions>
</trkpt>
<trkpt lat="46.370818" lon="12.561127">
<ele>2015.000977</ele>
<time>2022-08-16T09:33:11.369Z</time>
<extensions>
<gpxtpx:TrackPointExtension>
<gpxtpx:speed>0.634405</gpxtpx:speed>
</gpxtpx:TrackPointExtension>
</extensions>
</trkpt>
<trkpt lat="46.370784" lon="12.561094">
<ele>2019.962402</ele>
<time>2022-08-16T09:33:25.350Z</time>
<extensions>
<gpxtpx:TrackPointExtension>
<gpxtpx:speed>0.391207</gpxtpx:speed>
</gpxtpx:TrackPointExtension>
</extensions>
</trkpt>
<trkpt lat="46.370779" lon="12.561064">
<ele>2023.616699</ele>
<time>2022-08-16T09:33:36.341Z</time>
<extensions>
<gpxtpx:TrackPointExtension>
<gpxtpx:speed>0.636247</gpxtpx:speed>
</gpxtpx:TrackPointExtension>
</extensions>
</trkpt>
<trkpt lat="46.370768" lon="12.561083">
<ele>2024.216064</ele>
<time>2022-08-16T09:33:51.344Z</time>
<extensions>
<gpxtpx:TrackPointExtension>
<gpxtpx:speed>0.571910</gpxtpx:speed>
</gpxtpx:TrackPointExtension>
</extensions>
</trkpt>
<trkpt lat="46.370769" lon="12.561044">
<ele>2022.646973</ele>
<time>2022-08-16T09:34:01.344Z</time>
<extensions>
<gpxtpx:TrackPointExtension>
<gpxtpx:speed>0.482240</gpxtpx:speed>
</gpxtpx:TrackPointExtension>
</extensions>
</trkpt>
<trkpt lat="46.370749" lon="12.561056">
<ele>2023.547852</ele>
<time>2022-08-16T09:34:13.356Z</time>
<extensions>
<gpxtpx:TrackPointExtension>
<gpxtpx:speed>0.744679</gpxtpx:speed>
</gpxtpx:TrackPointExtension>
</extensions>
</trkpt>
<trkpt lat="46.370737" lon="12.560969">
<ele>2024.793945</ele>
<time>2022-08-16T09:34:23.389Z</time>
<extensions>
<gpxtpx:TrackPointExtension>
<gpxtpx:speed>0.685382</gpxtpx:speed>
</gpxtpx:TrackPointExtension>
</extensions>
</trkpt>
<trkpt lat="46.370708" lon="12.561045">
<ele>2030.092041</ele>
<time>2022-08-16T09:34:36.364Z</time>
<extensions>
<gpxtpx:TrackPointExtension>
<gpxtpx:speed>0.572562</gpxtpx:speed>
</gpxtpx:TrackPointExtension>
</extensions>
</trkpt>
<trkpt lat="46.370672" lon="12.561156">
<ele>2028.656250</ele>
<time>2022-08-16T09:34:51.352Z</time>
<extensions>
<gpxtpx:TrackPointExtension>
<gpxtpx:speed>0.757591</gpxtpx:speed>
</gpxtpx:TrackPointExtension>
</extensions>
</trkpt>
<trkpt lat="46.370629" lon="12.561206">
<ele>2031.714844</ele>
<time>2022-08-16T09:35:02.379Z</time>
<extensions>
<gpxtpx:TrackPointExtension>
<gpxtpx:speed>0.457406</gpxtpx:speed>
</gpxtpx:TrackPointExtension>
</extensions>
</trkpt>
<trkpt lat="46.370579" lon="12.561199">
<ele>2032.252686</ele>
<time>2022-08-16T09:35:16.350Z</time>
<extensions>
<gpxtpx:TrackPointExtension>
<gpxtpx:speed>0.781143</gpxtpx:speed>
</gpxtpx:TrackPointExtension>
</extensions>
</trkpt>
<trkpt lat="46.370523" lon="12.561164">
<ele>2031.770996</ele>
<time>2022-08-16T09:35:26.393Z</time>
<extensions>
<gpxtpx:TrackPointExtension>
<gpxtpx:speed>0.943451</gpxtpx:speed>
</gpxtpx:TrackPointExtension>
</extensions>
</trkpt>
<trkpt lat="46.370513" lon="12.561150">
<ele>2033.981934</ele>
<time>2022-08-16T09:35:36.403Z</time>
<extensions>
<gpxtpx:TrackPointExtension>
<gpxtpx:speed>0.591086</gpxtpx:speed>
</gpxtpx:TrackPointExtension>
</extensions>
</trkpt>
<trkpt lat="46.370500" lon="12.561159">
<ele>2034.860840</ele>
<time>2022-08-16T09:35:46.472Z</time>
<extensions>
<gpxtpx:TrackPointExtension>
<gpxtpx:speed>0.382683</gpxtpx:speed>
</gpxtpx:TrackPointExtension>
</extensions>
</trkpt>
<trkpt lat="46.370495" lon="12.561182">
<ele>2035.893066</ele>
<time>2022-08-16T09:35:57.331Z</time>
<extensions>
<gpxtpx:TrackPointExtension>
<gpxtpx:speed>0.340331</gpxtpx:speed>
</gpxtpx:TrackPointExtension>
</extensions>
</trkpt>
<trkpt lat="46.370515" lon="12.561240">
<ele>2035.744141</ele>
<time>2022-08-16T09:36:18.335Z</time>
<extensions>
<gpxtpx:TrackPointExtension>
<gpxtpx:speed>0.452390</gpxtpx:speed>
</gpxtpx:TrackPointExtension>
</extensions>
</trkpt>
<trkpt lat="46.370497" lon="12.561250">
<ele>2035.752441</ele>
<time>2022-08-16T09:36:53.332Z</time>
<extensions>
<gpxtpx:TrackPointExtension>
<gpxtpx:speed>0.466031</gpxtpx:speed>
</gpxtpx:TrackPointExtension>
</extensions>
</trkpt>
<trkpt lat="46.370474" lon="12.561273">
<ele>2038.004639</ele>
<time>2022-08-16T09:37:04.338Z</time>
<extensions>
<gpxtpx:TrackPointExtension>
<gpxtpx:speed>0.530894</gpxtpx:speed>
</gpxtpx:TrackPointExtension>
</extensions>
</trkpt>
<trkpt lat="46.370490" lon="12.561232">
<ele>2039.752441</ele>
<time>2022-08-16T09:37:18.328Z</time>
<extensions>
<gpxtpx:TrackPointExtension>
<gpxtpx:speed>1.304771</gpxtpx:speed>
</gpxtpx:TrackPointExtension>
</extensions>
</trkpt>
<trkpt lat="46.370499" lon="12.561151">
<ele>2039.002930</ele>
<time>2022-08-16T09:37:28.331Z</time>
<extensions>
<gpxtpx:TrackPointExtension>
<gpxtpx:speed>1.424043</gpxtpx:speed>
</gpxtpx:TrackPointExtension>
</extensions>
</trkpt>
<trkpt lat="46.370417" lon="12.561231">
<ele>2041.863037</ele>
<time>2022-08-16T09:37:38.341Z</time>
<extensions>
<gpxtpx:TrackPointExtension>
<gpxtpx:speed>0.698858</gpxtpx:speed>
</gpxtpx:TrackPointExtension>
</extensions>
</trkpt>
<trkpt lat="46.370343" lon="12.561365">
<ele>2045.410645</ele>
<time>2022-08-16T09:37:53.309Z</time>
<extensions>
<gpxtpx:TrackPointExtension>
<gpxtpx:speed>1.163509</gpxtpx:speed>
</gpxtpx:TrackPointExtension>
</extensions>
</trkpt>
<trkpt lat="46.370305" lon="12.561498">
<ele>2049.556396</ele>
<time>2022-08-16T09:38:04.336Z</time>
<extensions>
<gpxtpx:TrackPointExtension>
<gpxtpx:speed>1.011598</gpxtpx:speed>
</gpxtpx:TrackPointExtension>
</extensions>
</trkpt>
<trkpt lat="46.370252" lon="12.561640">
<ele>2051.537109</ele>
<time>2022-08-16T09:38:18.341Z</time>
<extensions>
<gpxtpx:TrackPointExtension>
<gpxtpx:speed>0.859694</gpxtpx:speed>
</gpxtpx:TrackPointExtension>
</extensions>
</trkpt>
<trkpt lat="46.370175" lon="12.561703">
<ele>2054.569092</ele>
<time>2022-08-16T09:38:28.371Z</time>
<extensions>
<gpxtpx:TrackPointExtension>
<gpxtpx:speed>0.691362</gpxtpx:speed>
</gpxtpx:TrackPointExtension>
</extensions>
</trkpt>
<trkpt lat="46.370144" lon="12.561760">
<ele>2056.258301</ele>
<time>2022-08-16T09:38:38.393Z</time>
<extensions>
<gpxtpx:TrackPointExtension>
<gpxtpx:speed>0.620578</gpxtpx:speed>
</gpxtpx:TrackPointExtension>
</extensions>
</trkpt>
<trkpt lat="46.370125" lon="12.561794">
<ele>2055.532715</ele>
<time>2022-08-16T09:38:48.437Z</time>
<extensions>
<gpxtpx:TrackPointExtension>
<gpxtpx:speed>0.424534</gpxtpx:speed>
</gpxtpx:TrackPointExtension>
</extensions>
</trkpt>
<trkpt lat="46.370080" lon="12.561816">
<ele>2055.470459</ele>
<time>2022-08-16T09:38:58.473Z</time>
<extensions>
<gpxtpx:TrackPointExtension>
<gpxtpx:speed>0.529418</gpxtpx:speed>
</gpxtpx:TrackPointExtension>
</extensions>
</trkpt>
<trkpt lat="46.370035" lon="12.561861">
<ele>2056.563477</ele>
<time>2022-08-16T09:39:09.335Z</time>
<extensions>
<gpxtpx:TrackPointExtension>
<gpxtpx:speed>0.587413</gpxtpx:speed>
</gpxtpx:TrackPointExtension>
</extensions>
</trkpt>
<trkpt lat="46.369977" lon="12.561881">
<ele>2058.764893</ele>
<time>2022-08-16T09:39:19.341Z</time>
<extensions>
<gpxtpx:TrackPointExtension>
<gpxtpx:speed>0.589410</gpxtpx:speed>
</gpxtpx:TrackPointExtension>
</extensions>
</trkpt>
<trkpt lat="46.369919" lon="12.561901">
<ele>2059.593750</ele>
<time>2022-08-16T09:39:29.341Z</time>
<extensions>
<gpxtpx:TrackPointExtension>
<gpxtpx:speed>0.621345</gpxtpx:speed>
</gpxtpx:TrackPointExtension>
</extensions>
</trkpt>
<trkpt lat="46.369854" lon="12.561919">
<ele>2060.042969</ele>
<time>2022-08-16T09:39:40.345Z</time>
<extensions>
<gpxtpx:TrackPointExtension>
<gpxtpx:speed>0.517363</gpxtpx:speed>
</gpxtpx:TrackPointExtension>
</extensions>
</trkpt>
<trkpt lat="46.369883" lon="12.561774">
<ele>2057.074951</ele>
<time>2022-08-16T09:39:54.309Z</time>
<extensions>
<gpxtpx:TrackPointExtension>
<gpxtpx:speed>0.694669</gpxtpx:speed>
</gpxtpx:TrackPointExtension>
</extensions>
</trkpt>
<trkpt lat="46.369859" lon="12.561666">
<ele>2056.639404</ele>
<time>2022-08-16T09:40:04.340Z</time>
<extensions>
<gpxtpx:TrackPointExtension>
<gpxtpx:speed>0.662024</gpxtpx:speed>
</gpxtpx:TrackPointExtension>
</extensions>
</trkpt>
<trkpt lat="46.369861" lon="12.561580">
<ele>2055.054688</ele>
<time>2022-08-16T09:40:14.368Z</time>
<extensions>
<gpxtpx:TrackPointExtension>
<gpxtpx:speed>0.507938</gpxtpx:speed>
</gpxtpx:TrackPointExtension>
</extensions>
</trkpt>
<trkpt lat="46.369813" lon="12.561633">
<ele>2060.576172</ele>
<time>2022-08-16T09:40:29.349Z</time>
<extensions>
<gpxtpx:TrackPointExtension>
<gpxtpx:speed>0.419492</gpxtpx:speed>
</gpxtpx:TrackPointExtension>
</extensions>
</trkpt>
<trkpt lat="46.369777" lon="12.561661">
<ele>2065.675049</ele>
<time>2022-08-16T09:40:39.350Z</time>
<extensions>
<gpxtpx:TrackPointExtension>
<gpxtpx:speed>0.508809</gpxtpx:speed>
</gpxtpx:TrackPointExtension>
</extensions>
</trkpt>
<trkpt lat="46.369723" lon="12.561683">
<ele>2067.995117</ele>
<time>2022-08-16T09:40:54.307Z</time>
<extensions>
<gpxtpx:TrackPointExtension>
<gpxtpx:speed>0.483365</gpxtpx:speed>
</gpxtpx:TrackPointExtension>
</extensions>
</trkpt>
<trkpt lat="46.369739" lon="12.561601">
<ele>2068.244873</ele>
<time>2022-08-16T09:41:04.337Z</time>
<extensions>
<gpxtpx:TrackPointExtension>
<gpxtpx:speed>0.460877</gpxtpx:speed>
</gpxtpx:TrackPointExtension>
</extensions>
</trkpt>
<trkpt lat="46.369757" lon="12.561617">
<ele>2070.285645</ele>
<time>2022-08-16T09:41:44.486Z</time>
<extensions>
<gpxtpx:TrackPointExtension>
<gpxtpx:speed>0.227753</gpxtpx:speed>
</gpxtpx:TrackPointExtension>
</extensions>
</trkpt>
<trkpt lat="46.369758" lon="12.561585">
<ele>2069.802002</ele>
<time>2022-08-16T09:41:55.314Z</time>
<extensions>
<gpxtpx:TrackPointExtension>
<gpxtpx:speed>0.591311</gpxtpx:speed>
</gpxtpx:TrackPointExtension>
</extensions>
</trkpt>
<trkpt lat="46.369745" lon="12.561491">
<ele>2069.496826</ele>
<time>2022-08-16T09:42:05.332Z</time>
<extensions>
<gpxtpx:TrackPointExtension>
<gpxtpx:speed>0.532498</gpxtpx:speed>
</gpxtpx:TrackPointExtension>
</extensions>
</trkpt>
<trkpt lat="46.369700" lon="12.561482">
<ele>2072.927246</ele>
<time>2022-08-16T09:42:15.337Z</time>
<extensions>
<gpxtpx:TrackPointExtension>
<gpxtpx:speed>0.618489</gpxtpx:speed>
</gpxtpx:TrackPointExtension>
</extensions>
</trkpt>
<trkpt lat="46.369645" lon="12.561500">
<ele>2075.510986</ele>
<time>2022-08-16T09:42:30.335Z</time>
<extensions>
<gpxtpx:TrackPointExtension>
<gpxtpx:speed>0.444087</gpxtpx:speed>
</gpxtpx:TrackPointExtension>
</extensions>
</trkpt>
<trkpt lat="46.369646" lon="12.561396">
<ele>2074.970459</ele>
<time>2022-08-16T09:42:40.346Z</time>
<extensions>
<gpxtpx:TrackPointExtension>
<gpxtpx:speed>0.607830</gpxtpx:speed>
</gpxtpx:TrackPointExtension>
</extensions>
</trkpt>
<trkpt lat="46.369642" lon="12.561417">
<ele>2081.594727</ele>
<time>2022-08-16T09:42:55.340Z</time>
<extensions>
<gpxtpx:TrackPointExtension>
<gpxtpx:speed>0.537226</gpxtpx:speed>
</gpxtpx:TrackPointExtension>
</extensions>
</trkpt>
<trkpt lat="46.369579" lon="12.561401">
<ele>2082.350586</ele>
<time>2022-08-16T09:43:07.334Z</time>
<extensions>
<gpxtpx:TrackPointExtension>
<gpxtpx:speed>0.477078</gpxtpx:speed>
</gpxtpx:TrackPointExtension>
</extensions>
</trkpt>
<trkpt lat="46.369592" lon="12.561328">
<ele>2083.733398</ele>
<time>2022-08-16T09:43:17.348Z</time>
<extensions>
<gpxtpx:TrackPointExtension>
<gpxtpx:speed>0.517011</gpxtpx:speed>
</gpxtpx:TrackPointExtension>
</extensions>
</trkpt>
<trkpt lat="46.369545" lon="12.561382">
<ele>2086.746826</ele>
<time>2022-08-16T09:43:30.340Z</time>
<extensions>
<gpxtpx:TrackPointExtension>
<gpxtpx:speed>0.347157</gpxtpx:speed>
</gpxtpx:TrackPointExtension>
</extensions>
</trkpt>
<trkpt lat="46.369574" lon="12.561399">
<ele>2087.203369</ele>
<time>2022-08-16T09:43:40.346Z</time>
<extensions>
<gpxtpx:TrackPointExtension>
<gpxtpx:speed>0.569666</gpxtpx:speed>
</gpxtpx:TrackPointExtension>
</extensions>
</trkpt>
<trkpt lat="46.369579" lon="12.561451">
<ele>2088.039795</ele>
<time>2022-08-16T09:43:50.383Z</time>
<extensions>
<gpxtpx:TrackPointExtension>
<gpxtpx:speed>0.459695</gpxtpx:speed>
</gpxtpx:TrackPointExtension>
</extensions>
</trkpt>
<trkpt lat="46.369536" lon="12.561487">
<ele>2090.263672</ele>
<time>2022-08-16T09:44:05.343Z</time>
<extensions>
<gpxtpx:TrackPointExtension>
<gpxtpx:speed>0.499597</gpxtpx:speed>
</gpxtpx:TrackPointExtension>
</extensions>
</trkpt>
<trkpt lat="46.369507" lon="12.561508">
<ele>2092.707764</ele>
<time>2022-08-16T09:44:16.344Z</time>
<extensions>
<gpxtpx:TrackPointExtension>
<gpxtpx:speed>0.263752</gpxtpx:speed>
</gpxtpx:TrackPointExtension>
</extensions>
</trkpt>
<trkpt lat="46.369485" lon="12.561545">
<ele>2095.943115</ele>
<time>2022-08-16T09:44:30.387Z</time>
<extensions>
<gpxtpx:TrackPointExtension>
<gpxtpx:speed>0.477133</gpxtpx:speed>
</gpxtpx:TrackPointExtension>
</extensions>
</trkpt>
<trkpt lat="46.369450" lon="12.561590">
<ele>2095.031982</ele>
<time>2022-08-16T09:44:40.399Z</time>
<extensions>
<gpxtpx:TrackPointExtension>
<gpxtpx:speed>0.759171</gpxtpx:speed>
</gpxtpx:TrackPointExtension>
</extensions>
</trkpt>
<trkpt lat="46.369419" lon="12.561659">
<ele>2098.778076</ele>
<time>2022-08-16T09:44:50.461Z</time>
<extensions>
<gpxtpx:TrackPointExtension>
<gpxtpx:speed>0.359646</gpxtpx:speed>
</gpxtpx:TrackPointExtension>
</extensions>
</trkpt>
<trkpt lat="46.369398" lon="12.561677">
<ele>2100.924561</ele>
<time>2022-08-16T09:45:00.499Z</time>
<extensions>
<gpxtpx:TrackPointExtension>
<gpxtpx:speed>0.432425</gpxtpx:speed>
</gpxtpx:TrackPointExtension>
</extensions>
</trkpt>
<trkpt lat="46.369353" lon="12.561693">
<ele>2102.812744</ele>
<time>2022-08-16T09:45:11.340Z</time>
<extensions>
<gpxtpx:TrackPointExtension>
<gpxtpx:speed>0.545681</gpxtpx:speed>
</gpxtpx:TrackPointExtension>
</extensions>
</trkpt>
<trkpt lat="46.369321" lon="12.561752">
<ele>2100.660400</ele>
<time>2022-08-16T09:45:23.337Z</time>
<extensions>
<gpxtpx:TrackPointExtension>
<gpxtpx:speed>1.816504</gpxtpx:speed>
</gpxtpx:TrackPointExtension>
</extensions>
</trkpt>
<trkpt lat="46.369282" lon="12.561763">
<ele>2101.437744</ele>
<time>2022-08-16T09:45:36.337Z</time>
<extensions>
<gpxtpx:TrackPointExtension>
<gpxtpx:speed>0.282266</gpxtpx:speed>
</gpxtpx:TrackPointExtension>
</extensions>
</trkpt>
<trkpt lat="46.369282" lon="12.561806">
<ele>2102.884766</ele>
<time>2022-08-16T09:45:46.343Z</time>
<extensions>
<gpxtpx:TrackPointExtension>
<gpxtpx:speed>0.668886</gpxtpx:speed>
</gpxtpx:TrackPointExtension>
</extensions>
</trkpt>
<trkpt lat="46.369303" lon="12.561805">
<ele>2104.450195</ele>
<time>2022-08-16T09:46:01.351Z</time>
<extensions>
<gpxtpx:TrackPointExtension>
<gpxtpx:speed>0.263062</gpxtpx:speed>
</gpxtpx:TrackPointExtension>
</extensions>
</trkpt>
<trkpt lat="46.369286" lon="12.561770">
<ele>2104.185303</ele>
<time>2022-08-16T09:46:16.321Z</time>
<extensions>
<gpxtpx:TrackPointExtension>
<gpxtpx:speed>0.251368</gpxtpx:speed>
</gpxtpx:TrackPointExtension>
</extensions>
</trkpt>
<trkpt lat="46.369266" lon="12.561759">
<ele>2102.716309</ele>
<time>2022-08-16T09:46:30.324Z</time>
<extensions>
<gpxtpx:TrackPointExtension>
<gpxtpx:speed>0.610530</gpxtpx:speed>
</gpxtpx:TrackPointExtension>
</extensions>
</trkpt>
<trkpt lat="46.369256" lon="12.561753">
<ele>2102.858643</ele>
<time>2022-08-16T09:46:52.331Z</time>
<extensions>
<gpxtpx:TrackPointExtension>
<gpxtpx:speed>0.321661</gpxtpx:speed>
</gpxtpx:TrackPointExtension>
</extensions>
</trkpt>
<trkpt lat="46.369270" lon="12.561741">
<ele>2101.464844</ele>
<time>2022-08-16T09:47:24.323Z</time>
<extensions>
<gpxtpx:TrackPointExtension>
<gpxtpx:speed>0.630531</gpxtpx:speed>
</gpxtpx:TrackPointExtension>
</extensions>
</trkpt>
<trkpt lat="46.369253" lon="12.561859">
<ele>2099.548340</ele>
<time>2022-08-16T09:47:36.414Z</time>
<extensions>
<gpxtpx:TrackPointExtension>
<gpxtpx:speed>0.802779</gpxtpx:speed>
</gpxtpx:TrackPointExtension>
</extensions>
</trkpt>
<trkpt lat="46.369207" lon="12.561911">
<ele>2098.029541</ele>
<time>2022-08-16T09:47:46.495Z</time>
<extensions>
<gpxtpx:TrackPointExtension>
<gpxtpx:speed>0.599385</gpxtpx:speed>
</gpxtpx:TrackPointExtension>
</extensions>
</trkpt>
<trkpt lat="46.369188" lon="12.561984">
<ele>2098.078125</ele>
<time>2022-08-16T09:47:57.353Z</time>
<extensions>
<gpxtpx:TrackPointExtension>
<gpxtpx:speed>0.438011</gpxtpx:speed>
</gpxtpx:TrackPointExtension>
</extensions>
</trkpt>
<trkpt lat="46.369185" lon="12.562110">
<ele>2096.892090</ele>
<time>2022-08-16T09:48:12.348Z</time>
<extensions>
<gpxtpx:TrackPointExtension>
<gpxtpx:speed>0.912441</gpxtpx:speed>
</gpxtpx:TrackPointExtension>
</extensions>
</trkpt>
<trkpt lat="46.369152" lon="12.562177">
<ele>2099.308105</ele>
<time>2022-08-16T09:48:22.353Z</time>
<extensions>
<gpxtpx:TrackPointExtension>
<gpxtpx:speed>0.645428</gpxtpx:speed>
</gpxtpx:TrackPointExtension>
</extensions>
</trkpt>
<trkpt lat="46.369133" lon="12.562297">
<ele>2102.170410</ele>
<time>2022-08-16T09:48:37.324Z</time>
<extensions>
<gpxtpx:TrackPointExtension>
<gpxtpx:speed>0.928751</gpxtpx:speed>
</gpxtpx:TrackPointExtension>
</extensions>
</trkpt>
<trkpt lat="46.369131" lon="12.562348">
<ele>2103.211670</ele>
<time>2022-08-16T09:49:06.326Z</time>
<extensions>
<gpxtpx:TrackPointExtension>
<gpxtpx:speed>1.194874</gpxtpx:speed>
</gpxtpx:TrackPointExtension>
</extensions>
</trkpt>
<trkpt lat="46.369141" lon="12.562339">
<ele>2104.783936</ele>
<time>2022-08-16T09:49:20.349Z</time>
<extensions>
<gpxtpx:TrackPointExtension>
<gpxtpx:speed>0.356511</gpxtpx:speed>
</gpxtpx:TrackPointExtension>
</extensions>
</trkpt>
<trkpt lat="46.369131" lon="12.562347">
<ele>2104.086182</ele>
<time>2022-08-16T09:50:58.333Z</time>
<extensions>
<gpxtpx:TrackPointExtension>
<gpxtpx:speed>0.872602</gpxtpx:speed>
</gpxtpx:TrackPointExtension>
</extensions>
</trkpt>
<trkpt lat="46.369051" lon="12.562489">
<ele>2107.606689</ele>
<time>2022-08-16T09:51:12.440Z</time>
<extensions>
<gpxtpx:TrackPointExtension>
<gpxtpx:speed>0.912015</gpxtpx:speed>
</gpxtpx:TrackPointExtension>
</extensions>
</trkpt>
<trkpt lat="46.369014" lon="12.562537">
<ele>2111.972412</ele>
<time>2022-08-16T09:51:22.469Z</time>
<extensions>
<gpxtpx:TrackPointExtension>
<gpxtpx:speed>0.621321</gpxtpx:speed>
</gpxtpx:TrackPointExtension>
</extensions>
</trkpt>
<trkpt lat="46.368967" lon="12.562504">
<ele>2112.444092</ele>
<time>2022-08-16T09:51:32.496Z</time>
<extensions>
<gpxtpx:TrackPointExtension>
<gpxtpx:speed>0.605868</gpxtpx:speed>
</gpxtpx:TrackPointExtension>
</extensions>
</trkpt>
<trkpt lat="46.368952" lon="12.562585">
<ele>2116.406494</ele>
<time>2022-08-16T09:51:43.330Z</time>
<extensions>
<gpxtpx:TrackPointExtension>
<gpxtpx:speed>0.590284</gpxtpx:speed>
</gpxtpx:TrackPointExtension>
</extensions>
</trkpt>
<trkpt lat="46.368915" lon="12.562632">
<ele>2118.143799</ele>
<time>2022-08-16T09:51:53.353Z</time>
<extensions>
<gpxtpx:TrackPointExtension>
<gpxtpx:speed>0.676110</gpxtpx:speed>
</gpxtpx:TrackPointExtension>
</extensions>
</trkpt>
<trkpt lat="46.368887" lon="12.562667">
<ele>2117.762451</ele>
<time>2022-08-16T09:52:03.357Z</time>
<extensions>
<gpxtpx:TrackPointExtension>
<gpxtpx:speed>0.579880</gpxtpx:speed>
</gpxtpx:TrackPointExtension>
</extensions>
</trkpt>
<trkpt lat="46.368855" lon="12.562654">
<ele>2118.151367</ele>
<time>2022-08-16T09:52:15.335Z</time>
<extensions>
<gpxtpx:TrackPointExtension>
<gpxtpx:speed>0.498165</gpxtpx:speed>
</gpxtpx:TrackPointExtension>
</extensions>
</trkpt>
<trkpt lat="46.368830" lon="12.562586">
<ele>2120.127441</ele>
<time>2022-08-16T09:52:28.337Z</time>
<extensions>
<gpxtpx:TrackPointExtension>
<gpxtpx:speed>0.597027</gpxtpx:speed>
</gpxtpx:TrackPointExtension>
</extensions>
</trkpt>
<trkpt lat="46.368822" lon="12.562644">
<ele>2122.302979</ele>
<time>2022-08-16T09:52:48.333Z</time>
<extensions>
<gpxtpx:TrackPointExtension>
<gpxtpx:speed>0.665660</gpxtpx:speed>
</gpxtpx:TrackPointExtension>
</extensions>
</trkpt>
<trkpt lat="46.368797" lon="12.562710">
<ele>2120.775879</ele>
<time>2022-08-16T09:52:58.340Z</time>
<extensions>
<gpxtpx:TrackPointExtension>
<gpxtpx:speed>0.566799</gpxtpx:speed>
</gpxtpx:TrackPointExtension>
</extensions>
</trkpt>
<trkpt lat="46.368782" lon="12.562791">
<ele>2124.859131</ele>
<time>2022-08-16T09:53:12.340Z</time>
<extensions>
<gpxtpx:TrackPointExtension>
<gpxtpx:speed>0.440607</gpxtpx:speed>
</gpxtpx:TrackPointExtension>
</extensions>
</trkpt>
<trkpt lat="46.368753" lon="12.562823">
<ele>2129.786377</ele>
<time>2022-08-16T09:53:23.336Z</time>
<extensions>
<gpxtpx:TrackPointExtension>
<gpxtpx:speed>0.467133</gpxtpx:speed>
</gpxtpx:TrackPointExtension>
</extensions>
</trkpt>
<trkpt lat="46.368733" lon="12.562882">
<ele>2132.024902</ele>
<time>2022-08-16T09:53:33.341Z</time>
<extensions>
<gpxtpx:TrackPointExtension>
<gpxtpx:speed>0.536048</gpxtpx:speed>
</gpxtpx:TrackPointExtension>
</extensions>
</trkpt>
<trkpt lat="46.368712" lon="12.562861">
<ele>2131.106201</ele>
<time>2022-08-16T09:53:43.363Z</time>
<extensions>
<gpxtpx:TrackPointExtension>
<gpxtpx:speed>0.209925</gpxtpx:speed>
</gpxtpx:TrackPointExtension>
</extensions>
</trkpt>
<trkpt lat="46.368701" lon="12.562857">
<ele>2131.981689</ele>
<time>2022-08-16T09:54:13.380Z</time>
<extensions>
<gpxtpx:TrackPointExtension>
<gpxtpx:speed>0.414551</gpxtpx:speed>
</gpxtpx:TrackPointExtension>
</extensions>
</trkpt>
<trkpt lat="46.368631" lon="12.562874">
<ele>2136.361572</ele>
<time>2022-08-16T09:54:28.323Z</time>
<extensions>
<gpxtpx:TrackPointExtension>
<gpxtpx:speed>0.536568</gpxtpx:speed>
</gpxtpx:TrackPointExtension>
</extensions>
</trkpt>
<trkpt lat="46.368588" lon="12.562887">
<ele>2136.623047</ele>
<time>2022-08-16T09:54:43.373Z</time>
<extensions>
<gpxtpx:TrackPointExtension>
<gpxtpx:speed>0.574549</gpxtpx:speed>
</gpxtpx:TrackPointExtension>
</extensions>
</trkpt>
<trkpt lat="46.368556" lon="12.562959">
<ele>2138.332275</ele>
<time>2022-08-16T09:54:53.412Z</time>
<extensions>
<gpxtpx:TrackPointExtension>
<gpxtpx:speed>0.707806</gpxtpx:speed>
</gpxtpx:TrackPointExtension>
</extensions>
</trkpt>
<trkpt lat="46.368533" lon="12.562996">
<ele>2140.872314</ele>
<time>2022-08-16T09:55:03.462Z</time>
<extensions>
<gpxtpx:TrackPointExtension>
<gpxtpx:speed>0.788551</gpxtpx:speed>
</gpxtpx:TrackPointExtension>
</extensions>
</trkpt>
<trkpt lat="46.368523" lon="12.563000">
<ele>2142.013184</ele>
<time>2022-08-16T09:55:19.339Z</time>
<extensions>
<gpxtpx:TrackPointExtension>
<gpxtpx:speed>0.479204</gpxtpx:speed>
</gpxtpx:TrackPointExtension>
</extensions>
</trkpt>
<trkpt lat="46.368493" lon="12.563060">
<ele>2141.677490</ele>
<time>2022-08-16T09:55:29.340Z</time>
<extensions>
<gpxtpx:TrackPointExtension>
<gpxtpx:speed>0.752202</gpxtpx:speed>
</gpxtpx:TrackPointExtension>
</extensions>
</trkpt>
<trkpt lat="46.368477" lon="12.563032">
<ele>2141.321533</ele>
<time>2022-08-16T09:55:39.359Z</time>
<extensions>
<gpxtpx:TrackPointExtension>
<gpxtpx:speed>0.215010</gpxtpx:speed>
</gpxtpx:TrackPointExtension>
</extensions>
</trkpt>
<trkpt lat="46.368442" lon="12.563047">
<ele>2143.846436</ele>
<time>2022-08-16T09:55:54.322Z</time>
<extensions>
<gpxtpx:TrackPointExtension>
<gpxtpx:speed>0.555832</gpxtpx:speed>
</gpxtpx:TrackPointExtension>
</extensions>
</trkpt>
<trkpt lat="46.368442" lon="12.563123">
<ele>2143.941650</ele>
<time>2022-08-16T09:56:04.373Z</time>
<extensions>
<gpxtpx:TrackPointExtension>
<gpxtpx:speed>0.675569</gpxtpx:speed>
</gpxtpx:TrackPointExtension>
</extensions>
</trkpt>
<trkpt lat="46.368407" lon="12.563085">
<ele>2145.340576</ele>
<time>2022-08-16T09:56:18.329Z</time>
<extensions>
<gpxtpx:TrackPointExtension>
<gpxtpx:speed>0.470077</gpxtpx:speed>
</gpxtpx:TrackPointExtension>
</extensions>
</trkpt>
<trkpt lat="46.368388" lon="12.563131">
<ele>2147.057861</ele>
<time>2022-08-16T09:56:29.350Z</time>
<extensions>
<gpxtpx:TrackPointExtension>
<gpxtpx:speed>0.421808</gpxtpx:speed>
</gpxtpx:TrackPointExtension>
</extensions>
</trkpt>
<trkpt lat="46.368370" lon="12.563179">
<ele>2150.491455</ele>
<time>2022-08-16T09:56:49.346Z</time>
<extensions>
<gpxtpx:TrackPointExtension>
<gpxtpx:speed>0.792019</gpxtpx:speed>
</gpxtpx:TrackPointExtension>
</extensions>
</trkpt>
<trkpt lat="46.368383" lon="12.563221">
<ele>2155.015137</ele>
<time>2022-08-16T09:57:03.314Z</time>
<extensions>
<gpxtpx:TrackPointExtension>
<gpxtpx:speed>0.298215</gpxtpx:speed>
</gpxtpx:TrackPointExtension>
</extensions>
</trkpt>
<trkpt lat="46.368370" lon="12.563228">
<ele>2155.623535</ele>
<time>2022-08-16T09:57:15.336Z</time>
<extensions>
<gpxtpx:TrackPointExtension>
<gpxtpx:speed>2.511950</gpxtpx:speed>
</gpxtpx:TrackPointExtension>
</extensions>
</trkpt>
<trkpt lat="46.368365" lon="12.563256">
<ele>2154.438965</ele>
<time>2022-08-16T09:58:09.325Z</time>
<extensions>
<gpxtpx:TrackPointExtension>
<gpxtpx:speed>0.417457</gpxtpx:speed>
</gpxtpx:TrackPointExtension>
</extensions>
</trkpt>
<trkpt lat="46.368352" lon="12.563240">
<ele>2153.180420</ele>
<time>2022-08-16T09:58:19.397Z</time>
<extensions>
<gpxtpx:TrackPointExtension>
<gpxtpx:speed>0.549712</gpxtpx:speed>
</gpxtpx:TrackPointExtension>
</extensions>
</trkpt>
<trkpt lat="46.368352" lon="12.563211">
<ele>2151.615479</ele>
<time>2022-08-16T09:58:29.426Z</time>
<extensions>
<gpxtpx:TrackPointExtension>
<gpxtpx:speed>0.401021</gpxtpx:speed>
</gpxtpx:TrackPointExtension>
</extensions>
</trkpt>
<trkpt lat="46.368324" lon="12.563185">
<ele>2150.901367</ele>
<time>2022-08-16T09:58:49.307Z</time>
<extensions>
<gpxtpx:TrackPointExtension>
<gpxtpx:speed>0.707720</gpxtpx:speed>
</gpxtpx:TrackPointExtension>
</extensions>
</trkpt>
<trkpt lat="46.368297" lon="12.563178">
<ele>2149.968506</ele>
<time>2022-08-16T09:59:00.340Z</time>
<extensions>
<gpxtpx:TrackPointExtension>
<gpxtpx:speed>0.281945</gpxtpx:speed>
</gpxtpx:TrackPointExtension>
</extensions>
</trkpt>
<trkpt lat="46.368219" lon="12.563149">
<ele>2150.657227</ele>
<time>2022-08-16T09:59:15.305Z</time>
<extensions>
<gpxtpx:TrackPointExtension>
<gpxtpx:speed>0.774210</gpxtpx:speed>
</gpxtpx:TrackPointExtension>
</extensions>
</trkpt>
<trkpt lat="46.368176" lon="12.563162">
<ele>2152.842529</ele>
<time>2022-08-16T09:59:25.348Z</time>
<extensions>
<gpxtpx:TrackPointExtension>
<gpxtpx:speed>0.642695</gpxtpx:speed>
</gpxtpx:TrackPointExtension>
</extensions>
</trkpt>
<trkpt lat="46.368157" lon="12.563159">
<ele>2152.662598</ele>
<time>2022-08-16T09:59:38.345Z</time>
<extensions>
<gpxtpx:TrackPointExtension>
<gpxtpx:speed>0.266171</gpxtpx:speed>
</gpxtpx:TrackPointExtension>
</extensions>
</trkpt>
<trkpt lat="46.368126" lon="12.563153">
<ele>2151.585938</ele>
<time>2022-08-16T10:00:05.336Z</time>
<extensions>
<gpxtpx:TrackPointExtension>
<gpxtpx:speed>0.520982</gpxtpx:speed>
</gpxtpx:TrackPointExtension>
</extensions>
</trkpt>
<trkpt lat="46.368100" lon="12.563133">
<ele>2150.388672</ele>
<time>2022-08-16T10:00:15.351Z</time>
<extensions>
<gpxtpx:TrackPointExtension>
<gpxtpx:speed>0.537100</gpxtpx:speed>
</gpxtpx:TrackPointExtension>
</extensions>
</trkpt>
<trkpt lat="46.368035" lon="12.563117">
<ele>2150.141357</ele>
<time>2022-08-16T10:00:30.427Z</time>
<extensions>
<gpxtpx:TrackPointExtension>
<gpxtpx:speed>0.492414</gpxtpx:speed>
</gpxtpx:TrackPointExtension>
</extensions>
</trkpt>
<trkpt lat="46.368018" lon="12.563098">
<ele>2149.648193</ele>
<time>2022-08-16T10:00:50.352Z</time>
<extensions>
<gpxtpx:TrackPointExtension>
<gpxtpx:speed>0.528713</gpxtpx:speed>
</gpxtpx:TrackPointExtension>
</extensions>
</trkpt>
<trkpt lat="46.368001" lon="12.563083">
<ele>2150.589844</ele>
<time>2022-08-16T10:01:03.349Z</time>
<extensions>
<gpxtpx:TrackPointExtension>
<gpxtpx:speed>0.269587</gpxtpx:speed>
</gpxtpx:TrackPointExtension>
</extensions>
</trkpt>
<trkpt lat="46.367989" lon="12.563084">
<ele>2150.756592</ele>
<time>2022-08-16T10:01:23.338Z</time>
<extensions>
<gpxtpx:TrackPointExtension>
<gpxtpx:speed>0.678633</gpxtpx:speed>
</gpxtpx:TrackPointExtension>
</extensions>
</trkpt>
<trkpt lat="46.367957" lon="12.563054">
<ele>2150.354248</ele>
<time>2022-08-16T10:01:36.377Z</time>
<extensions>
<gpxtpx:TrackPointExtension>
<gpxtpx:speed>0.880483</gpxtpx:speed>
</gpxtpx:TrackPointExtension>
</extensions>
</trkpt>
<trkpt lat="46.367925" lon="12.563047">
<ele>2154.167236</ele>
<time>2022-08-16T10:01:56.358Z</time>
<extensions>
<gpxtpx:TrackPointExtension>
<gpxtpx:speed>0.290629</gpxtpx:speed>
</gpxtpx:TrackPointExtension>
</extensions>
</trkpt>
<trkpt lat="46.367896" lon="12.563079">
<ele>2156.851563</ele>
<time>2022-08-16T10:02:10.340Z</time>
<extensions>
<gpxtpx:TrackPointExtension>
<gpxtpx:speed>0.441850</gpxtpx:speed>
</gpxtpx:TrackPointExtension>
</extensions>
</trkpt>
<trkpt lat="46.367878" lon="12.563112">
<ele>2156.193115</ele>
<time>2022-08-16T10:02:21.310Z</time>
<extensions>
<gpxtpx:TrackPointExtension>
<gpxtpx:speed>0.848007</gpxtpx:speed>
</gpxtpx:TrackPointExtension>
</extensions>
</trkpt>
<trkpt lat="46.367829" lon="12.563144">
<ele>2158.116211</ele>
<time>2022-08-16T10:02:31.342Z</time>
<extensions>
<gpxtpx:TrackPointExtension>
<gpxtpx:speed>0.383382</gpxtpx:speed>
</gpxtpx:TrackPointExtension>
</extensions>
</trkpt>
<trkpt lat="46.367781" lon="12.563153">
<ele>2158.132324</ele>
<time>2022-08-16T10:02:41.356Z</time>
<extensions>
<gpxtpx:TrackPointExtension>
<gpxtpx:speed>0.600020</gpxtpx:speed>
</gpxtpx:TrackPointExtension>
</extensions>
</trkpt>
<trkpt lat="46.367735" lon="12.563127">
<ele>2159.144287</ele>
<time>2022-08-16T10:02:56.309Z</time>
<extensions>
<gpxtpx:TrackPointExtension>
<gpxtpx:speed>0.391253</gpxtpx:speed>
</gpxtpx:TrackPointExtension>
</extensions>
</trkpt>
<trkpt lat="46.367702" lon="12.563126">
<ele>2160.552979</ele>
<time>2022-08-16T10:03:06.340Z</time>
<extensions>
<gpxtpx:TrackPointExtension>
<gpxtpx:speed>0.309744</gpxtpx:speed>
</gpxtpx:TrackPointExtension>
</extensions>
</trkpt>
<trkpt lat="46.367691" lon="12.563129">
<ele>2161.997314</ele>
<time>2022-08-16T10:03:20.336Z</time>
<extensions>
<gpxtpx:TrackPointExtension>
<gpxtpx:speed>0.340304</gpxtpx:speed>
</gpxtpx:TrackPointExtension>
</extensions>
</trkpt>
<trkpt lat="46.367668" lon="12.563126">
<ele>2163.300293</ele>
<time>2022-08-16T10:03:30.342Z</time>
<extensions>
<gpxtpx:TrackPointExtension>
<gpxtpx:speed>0.287105</gpxtpx:speed>
</gpxtpx:TrackPointExtension>
</extensions>
</trkpt>
<trkpt lat="46.367676" lon="12.563052">
<ele>2163.087402</ele>
<time>2022-08-16T10:03:41.447Z</time>
<extensions>
<gpxtpx:TrackPointExtension>
<gpxtpx:speed>0.754847</gpxtpx:speed>
</gpxtpx:TrackPointExtension>
</extensions>
</trkpt>
<trkpt lat="46.367641" lon="12.563050">
<ele>2166.854004</ele>
<time>2022-08-16T10:03:51.507Z</time>
<extensions>
<gpxtpx:TrackPointExtension>
<gpxtpx:speed>0.427015</gpxtpx:speed>
</gpxtpx:TrackPointExtension>
</extensions>
</trkpt>
<trkpt lat="46.367616" lon="12.563048">
<ele>2168.467285</ele>
<time>2022-08-16T10:04:02.346Z</time>
<extensions>
<gpxtpx:TrackPointExtension>
<gpxtpx:speed>0.435063</gpxtpx:speed>
</gpxtpx:TrackPointExtension>
</extensions>
</trkpt>
<trkpt lat="46.367591" lon="12.563081">
<ele>2170.791260</ele>
<time>2022-08-16T10:04:17.337Z</time>
<extensions>
<gpxtpx:TrackPointExtension>
<gpxtpx:speed>0.417697</gpxtpx:speed>
</gpxtpx:TrackPointExtension>
</extensions>
</trkpt>
<trkpt lat="46.367539" lon="12.563160">
<ele>2170.027588</ele>
<time>2022-08-16T10:04:28.329Z</time>
<extensions>
<gpxtpx:TrackPointExtension>
<gpxtpx:speed>1.063711</gpxtpx:speed>
</gpxtpx:TrackPointExtension>
</extensions>
</trkpt>
<trkpt lat="46.367482" lon="12.563259">
<ele>2171.957764</ele>
<time>2022-08-16T10:04:42.322Z</time>
<extensions>
<gpxtpx:TrackPointExtension>
<gpxtpx:speed>0.379152</gpxtpx:speed>
</gpxtpx:TrackPointExtension>
</extensions>
</trkpt>
<trkpt lat="46.367422" lon="12.563323">
<ele>2175.840820</ele>
<time>2022-08-16T10:04:57.331Z</time>
<extensions>
<gpxtpx:TrackPointExtension>
<gpxtpx:speed>0.567441</gpxtpx:speed>
</gpxtpx:TrackPointExtension>
</extensions>
</trkpt>
<trkpt lat="46.367368" lon="12.563306">
<ele>2177.632813</ele>
<time>2022-08-16T10:05:07.340Z</time>
<extensions>
<gpxtpx:TrackPointExtension>
<gpxtpx:speed>0.676392</gpxtpx:speed>
</gpxtpx:TrackPointExtension>
</extensions>
</trkpt>
<trkpt lat="46.367295" lon="12.563292">
<ele>2179.474854</ele>
<time>2022-08-16T10:05:22.330Z</time>
<extensions>
<gpxtpx:TrackPointExtension>
<gpxtpx:speed>0.525920</gpxtpx:speed>
</gpxtpx:TrackPointExtension>
</extensions>
</trkpt>
<trkpt lat="46.367272" lon="12.563278">
<ele>2182.772461</ele>
<time>2022-08-16T10:05:32.363Z</time>
<extensions>
<gpxtpx:TrackPointExtension>
<gpxtpx:speed>0.325017</gpxtpx:speed>
</gpxtpx:TrackPointExtension>
</extensions>
</trkpt>
<trkpt lat="46.367242" lon="12.563291">
<ele>2187.530029</ele>
<time>2022-08-16T10:05:45.352Z</time>
<extensions>
<gpxtpx:TrackPointExtension>
<gpxtpx:speed>0.416887</gpxtpx:speed>
</gpxtpx:TrackPointExtension>
</extensions>
</trkpt>
<trkpt lat="46.367206" lon="12.563272">
<ele>2188.288574</ele>
<time>2022-08-16T10:05:57.318Z</time>
<extensions>
<gpxtpx:TrackPointExtension>
<gpxtpx:speed>0.348229</gpxtpx:speed>
</gpxtpx:TrackPointExtension>
</extensions>
</trkpt>
<trkpt lat="46.367166" lon="12.563267">
<ele>2191.768555</ele>
<time>2022-08-16T10:06:07.333Z</time>
<extensions>
<gpxtpx:TrackPointExtension>
<gpxtpx:speed>0.506496</gpxtpx:speed>
</gpxtpx:TrackPointExtension>
</extensions>
</trkpt>
<trkpt lat="46.367117" lon="12.563319">
<ele>2192.206299</ele>
<time>2022-08-16T10:06:22.348Z</time>
<extensions>
<gpxtpx:TrackPointExtension>
<gpxtpx:speed>0.851792</gpxtpx:speed>
</gpxtpx:TrackPointExtension>
</extensions>
</trkpt>
<trkpt lat="46.367123" lon="12.563331">
<ele>2193.310059</ele>
<time>2022-08-16T10:06:40.342Z</time>
<extensions>
<gpxtpx:TrackPointExtension>
<gpxtpx:speed>0.375767</gpxtpx:speed>
</gpxtpx:TrackPointExtension>
</extensions>
</trkpt>
<trkpt lat="46.367132" lon="12.563349">
<ele>2192.326660</ele>
<time>2022-08-16T10:06:52.402Z</time>
<extensions>
<gpxtpx:TrackPointExtension>
<gpxtpx:speed>0.396136</gpxtpx:speed>
</gpxtpx:TrackPointExtension>
</extensions>
</trkpt>
<trkpt lat="46.367089" lon="12.563343">
<ele>2191.250000</ele>
<time>2022-08-16T10:07:02.404Z</time>
<extensions>
<gpxtpx:TrackPointExtension>
<gpxtpx:speed>0.890305</gpxtpx:speed>
</gpxtpx:TrackPointExtension>
</extensions>
</trkpt>
<trkpt lat="46.367018" lon="12.563370">
<ele>2192.984619</ele>
<time>2022-08-16T10:07:12.433Z</time>
<extensions>
<gpxtpx:TrackPointExtension>
<gpxtpx:speed>0.822944</gpxtpx:speed>
</gpxtpx:TrackPointExtension>
</extensions>
</trkpt>
<trkpt lat="46.367035" lon="12.563341">
<ele>2191.964600</ele>
<time>2022-08-16T10:07:45.319Z</time>
<extensions>
<gpxtpx:TrackPointExtension>
<gpxtpx:speed>1.274138</gpxtpx:speed>
</gpxtpx:TrackPointExtension>
</extensions>
</trkpt>
<trkpt lat="46.367035" lon="12.563323">
<ele>2191.289307</ele>
<time>2022-08-16T10:08:38.322Z</time>
<extensions>
<gpxtpx:TrackPointExtension>
<gpxtpx:speed>0.294212</gpxtpx:speed>
</gpxtpx:TrackPointExtension>
</extensions>
</trkpt>
<trkpt lat="46.367018" lon="12.563343">
<ele>2191.688232</ele>
<time>2022-08-16T10:11:38.299Z</time>
<extensions>
<gpxtpx:TrackPointExtension>
<gpxtpx:speed>0.812294</gpxtpx:speed>
</gpxtpx:TrackPointExtension>
</extensions>
</trkpt>
<trkpt lat="46.366948" lon="12.563424">
<ele>2193.003174</ele>
<time>2022-08-16T10:11:48.408Z</time>
<extensions>
<gpxtpx:TrackPointExtension>
<gpxtpx:speed>0.902375</gpxtpx:speed>
</gpxtpx:TrackPointExtension>
</extensions>
</trkpt>
<trkpt lat="46.366932" lon="12.563447">
<ele>2193.229736</ele>
<time>2022-08-16T10:11:58.496Z</time>
<extensions>
<gpxtpx:TrackPointExtension>
<gpxtpx:speed>0.610539</gpxtpx:speed>
</gpxtpx:TrackPointExtension>
</extensions>
</trkpt>
<trkpt lat="46.366967" lon="12.563403">
<ele>2191.443359</ele>
<time>2022-08-16T10:12:09.349Z</time>
<extensions>
<gpxtpx:TrackPointExtension>
<gpxtpx:speed>0.657035</gpxtpx:speed>
</gpxtpx:TrackPointExtension>
</extensions>
</trkpt>
<trkpt lat="46.366984" lon="12.563256">
<ele>2187.102783</ele>
<time>2022-08-16T10:12:24.320Z</time>
<extensions>
<gpxtpx:TrackPointExtension>
<gpxtpx:speed>0.978523</gpxtpx:speed>
</gpxtpx:TrackPointExtension>
</extensions>
</trkpt>
<trkpt lat="46.366954" lon="12.563134">
<ele>2186.587891</ele>
<time>2022-08-16T10:12:39.306Z</time>
<extensions>
<gpxtpx:TrackPointExtension>
<gpxtpx:speed>0.702443</gpxtpx:speed>
</gpxtpx:TrackPointExtension>
</extensions>
</trkpt>
<trkpt lat="46.366982" lon="12.563101">
<ele>2181.949951</ele>
<time>2022-08-16T10:12:49.333Z</time>
<extensions>
<gpxtpx:TrackPointExtension>
<gpxtpx:speed>0.390403</gpxtpx:speed>
</gpxtpx:TrackPointExtension>
</extensions>
</trkpt>
<trkpt lat="46.367008" lon="12.563069">
<ele>2181.883789</ele>
<time>2022-08-16T10:12:59.345Z</time>
<extensions>
<gpxtpx:TrackPointExtension>
<gpxtpx:speed>0.609838</gpxtpx:speed>
</gpxtpx:TrackPointExtension>
</extensions>
</trkpt>
<trkpt lat="46.367004" lon="12.563007">
<ele>2182.584961</ele>
<time>2022-08-16T10:13:12.339Z</time>
<extensions>
<gpxtpx:TrackPointExtension>
<gpxtpx:speed>0.623275</gpxtpx:speed>
</gpxtpx:TrackPointExtension>
</extensions>
</trkpt>
<trkpt lat="46.366983" lon="12.562936">
<ele>2179.192871</ele>
<time>2022-08-16T10:13:24.326Z</time>
<extensions>
<gpxtpx:TrackPointExtension>
<gpxtpx:speed>0.569065</gpxtpx:speed>
</gpxtpx:TrackPointExtension>
</extensions>
</trkpt>
<trkpt lat="46.367011" lon="12.562853">
<ele>2178.855225</ele>
<time>2022-08-16T10:13:34.332Z</time>
<extensions>
<gpxtpx:TrackPointExtension>
<gpxtpx:speed>0.662404</gpxtpx:speed>
</gpxtpx:TrackPointExtension>
</extensions>
</trkpt>
<trkpt lat="46.367055" lon="12.562682">
<ele>2176.960938</ele>
<time>2022-08-16T10:13:49.309Z</time>
<extensions>
<gpxtpx:TrackPointExtension>
<gpxtpx:speed>1.237749</gpxtpx:speed>
</gpxtpx:TrackPointExtension>
</extensions>
</trkpt>
<trkpt lat="46.367018" lon="12.562620">
<ele>2176.435059</ele>
<time>2022-08-16T10:14:04.349Z</time>
<extensions>
<gpxtpx:TrackPointExtension>
<gpxtpx:speed>1.464900</gpxtpx:speed>
</gpxtpx:TrackPointExtension>
</extensions>
</trkpt>
<trkpt lat="46.367061" lon="12.562524">
<ele>2178.771240</ele>
<time>2022-08-16T10:14:19.344Z</time>
<extensions>
<gpxtpx:TrackPointExtension>
<gpxtpx:speed>0.863926</gpxtpx:speed>
</gpxtpx:TrackPointExtension>
</extensions>
</trkpt>
<trkpt lat="46.367006" lon="12.562433">
<ele>2179.395264</ele>
<time>2022-08-16T10:14:34.356Z</time>
<extensions>
<gpxtpx:TrackPointExtension>
<gpxtpx:speed>0.798898</gpxtpx:speed>
</gpxtpx:TrackPointExtension>
</extensions>
</trkpt>
<trkpt lat="46.367018" lon="12.562292">
<ele>2178.783447</ele>
<time>2022-08-16T10:14:48.330Z</time>
<extensions>
<gpxtpx:TrackPointExtension>
<gpxtpx:speed>0.911991</gpxtpx:speed>
</gpxtpx:TrackPointExtension>
</extensions>
</trkpt>
<trkpt lat="46.367005" lon="12.562291">
<ele>2180.341309</ele>
<time>2022-08-16T10:14:59.380Z</time>
<extensions>
<gpxtpx:TrackPointExtension>
<gpxtpx:speed>0.337694</gpxtpx:speed>
</gpxtpx:TrackPointExtension>
</extensions>
</trkpt>
<trkpt lat="46.366990" lon="12.562244">
<ele>2182.552246</ele>
<time>2022-08-16T10:15:09.413Z</time>
<extensions>
<gpxtpx:TrackPointExtension>
<gpxtpx:speed>0.480319</gpxtpx:speed>
</gpxtpx:TrackPointExtension>
</extensions>
</trkpt>
<trkpt lat="46.366928" lon="12.562211">
<ele>2185.205566</ele>
<time>2022-08-16T10:15:19.462Z</time>
<extensions>
<gpxtpx:TrackPointExtension>
<gpxtpx:speed>0.858273</gpxtpx:speed>
</gpxtpx:TrackPointExtension>
</extensions>
</trkpt>
<trkpt lat="46.366889" lon="12.562148">
<ele>2186.035889</ele>
<time>2022-08-16T10:15:29.485Z</time>
<extensions>
<gpxtpx:TrackPointExtension>
<gpxtpx:speed>1.073380</gpxtpx:speed>
</gpxtpx:TrackPointExtension>
</extensions>
</trkpt>
<trkpt lat="46.366856" lon="12.562004">
<ele>2183.680176</ele>
<time>2022-08-16T10:15:40.325Z</time>
<extensions>
<gpxtpx:TrackPointExtension>
<gpxtpx:speed>0.985821</gpxtpx:speed>
</gpxtpx:TrackPointExtension>
</extensions>
</trkpt>
<trkpt lat="46.366872" lon="12.561875">
<ele>2182.647705</ele>
<time>2022-08-16T10:15:50.360Z</time>
<extensions>
<gpxtpx:TrackPointExtension>
<gpxtpx:speed>0.950884</gpxtpx:speed>
</gpxtpx:TrackPointExtension>
</extensions>
</trkpt>
<trkpt lat="46.366869" lon="12.561702">
<ele>2185.488281</ele>
<time>2022-08-16T10:16:05.348Z</time>
<extensions>
<gpxtpx:TrackPointExtension>
<gpxtpx:speed>0.896833</gpxtpx:speed>
</gpxtpx:TrackPointExtension>
</extensions>
</trkpt>
<trkpt lat="46.366866" lon="12.561607">
<ele>2188.780518</ele>
<time>2022-08-16T10:16:15.377Z</time>
<extensions>
<gpxtpx:TrackPointExtension>
<gpxtpx:speed>0.857300</gpxtpx:speed>
</gpxtpx:TrackPointExtension>
</extensions>
</trkpt>
<trkpt lat="46.366859" lon="12.561452">
<ele>2187.472900</ele>
<time>2022-08-16T10:16:30.347Z</time>
<extensions>
<gpxtpx:TrackPointExtension>
<gpxtpx:speed>0.770126</gpxtpx:speed>
</gpxtpx:TrackPointExtension>
</extensions>
</trkpt>
<trkpt lat="46.366869" lon="12.561436">
<ele>2187.367188</ele>
<time>2022-08-16T10:16:40.362Z</time>
<extensions>
<gpxtpx:TrackPointExtension>
<gpxtpx:speed>0.644220</gpxtpx:speed>
</gpxtpx:TrackPointExtension>
</extensions>
</trkpt>
<trkpt lat="46.366905" lon="12.561506">
<ele>2190.740479</ele>
<time>2022-08-16T10:16:55.341Z</time>
<extensions>
<gpxtpx:TrackPointExtension>
<gpxtpx:speed>0.751427</gpxtpx:speed>
</gpxtpx:TrackPointExtension>
</extensions>
</trkpt>
<trkpt lat="46.366945" lon="12.561509">
<ele>2190.886963</ele>
<time>2022-08-16T10:17:05.350Z</time>
<extensions>
<gpxtpx:TrackPointExtension>
<gpxtpx:speed>0.697984</gpxtpx:speed>
</gpxtpx:TrackPointExtension>
</extensions>
</trkpt>
<trkpt lat="46.366942" lon="12.561458">
<ele>2190.328857</ele>
<time>2022-08-16T10:17:16.339Z</time>
<extensions>
<gpxtpx:TrackPointExtension>
<gpxtpx:speed>0.266875</gpxtpx:speed>
</gpxtpx:TrackPointExtension>
</extensions>
</trkpt>
<trkpt lat="46.366951" lon="12.561452">
<ele>2189.304199</ele>
<time>2022-08-16T10:17:43.345Z</time>
<extensions>
<gpxtpx:TrackPointExtension>
<gpxtpx:speed>0.248008</gpxtpx:speed>
</gpxtpx:TrackPointExtension>
</extensions>
</trkpt>
<trkpt lat="46.366925" lon="12.561426">
<ele>2190.809326</ele>
<time>2022-08-16T10:18:00.360Z</time>
<extensions>
<gpxtpx:TrackPointExtension>
<gpxtpx:speed>0.310148</gpxtpx:speed>
</gpxtpx:TrackPointExtension>
</extensions>
</trkpt>
<trkpt lat="46.366923" lon="12.561370">
<ele>2188.100830</ele>
<time>2022-08-16T10:18:10.387Z</time>
<extensions>
<gpxtpx:TrackPointExtension>
<gpxtpx:speed>0.391037</gpxtpx:speed>
</gpxtpx:TrackPointExtension>
</extensions>
</trkpt>
<trkpt lat="46.366901" lon="12.561309">
<ele>2188.710693</ele>
<time>2022-08-16T10:18:20.395Z</time>
<extensions>
<gpxtpx:TrackPointExtension>
<gpxtpx:speed>0.901482</gpxtpx:speed>
</gpxtpx:TrackPointExtension>
</extensions>
</trkpt>
<trkpt lat="46.366857" lon="12.561229">
<ele>2191.186035</ele>
<time>2022-08-16T10:18:30.475Z</time>
<extensions>
<gpxtpx:TrackPointExtension>
<gpxtpx:speed>0.915262</gpxtpx:speed>
</gpxtpx:TrackPointExtension>
</extensions>
</trkpt>
<trkpt lat="46.366845" lon="12.561219">
<ele>2190.708740</ele>
<time>2022-08-16T10:18:53.335Z</time>
<extensions>
<gpxtpx:TrackPointExtension>
<gpxtpx:speed>0.899496</gpxtpx:speed>
</gpxtpx:TrackPointExtension>
</extensions>
</trkpt>
<trkpt lat="46.366798" lon="12.561072">
<ele>2192.431396</ele>
<time>2022-08-16T10:19:06.339Z</time>
<extensions>
<gpxtpx:TrackPointExtension>
<gpxtpx:speed>1.137985</gpxtpx:speed>
</gpxtpx:TrackPointExtension>
</extensions>
</trkpt>
<trkpt lat="46.366728" lon="12.560982">
<ele>2193.944580</ele>
<time>2022-08-16T10:19:21.341Z</time>
<extensions>
<gpxtpx:TrackPointExtension>
<gpxtpx:speed>0.627532</gpxtpx:speed>
</gpxtpx:TrackPointExtension>
</extensions>
</trkpt>
<trkpt lat="46.366703" lon="12.560951">
<ele>2193.458496</ele>
<time>2022-08-16T10:19:31.341Z</time>
<extensions>
<gpxtpx:TrackPointExtension>
<gpxtpx:speed>0.788045</gpxtpx:speed>
</gpxtpx:TrackPointExtension>
</extensions>
</trkpt>
<trkpt lat="46.366671" lon="12.560845">
<ele>2192.250732</ele>
<time>2022-08-16T10:19:41.344Z</time>
<extensions>
<gpxtpx:TrackPointExtension>
<gpxtpx:speed>0.926365</gpxtpx:speed>
</gpxtpx:TrackPointExtension>
</extensions>
</trkpt>
<trkpt lat="46.366618" lon="12.560725">
<ele>2189.989258</ele>
<time>2022-08-16T10:19:56.331Z</time>
<extensions>
<gpxtpx:TrackPointExtension>
<gpxtpx:speed>0.851902</gpxtpx:speed>
</gpxtpx:TrackPointExtension>
</extensions>
</trkpt>
<trkpt lat="46.366587" lon="12.560624">
<ele>2192.475586</ele>
<time>2022-08-16T10:20:06.348Z</time>
<extensions>
<gpxtpx:TrackPointExtension>
<gpxtpx:speed>0.805621</gpxtpx:speed>
</gpxtpx:TrackPointExtension>
</extensions>
</trkpt>
<trkpt lat="46.366505" lon="12.560482">
<ele>2192.545654</ele>
<time>2022-08-16T10:20:19.329Z</time>
<extensions>
<gpxtpx:TrackPointExtension>
<gpxtpx:speed>1.085473</gpxtpx:speed>
</gpxtpx:TrackPointExtension>
</extensions>
</trkpt>
<trkpt lat="46.366456" lon="12.560361">
<ele>2192.293945</ele>
<time>2022-08-16T10:20:31.330Z</time>
<extensions>
<gpxtpx:TrackPointExtension>
<gpxtpx:speed>0.932284</gpxtpx:speed>
</gpxtpx:TrackPointExtension>
</extensions>
</trkpt>
<trkpt lat="46.366411" lon="12.560264">
<ele>2196.353516</ele>
<time>2022-08-16T10:20:41.353Z</time>
<extensions>
<gpxtpx:TrackPointExtension>
<gpxtpx:speed>0.818893</gpxtpx:speed>
</gpxtpx:TrackPointExtension>
</extensions>
</trkpt>
<trkpt lat="46.366319" lon="12.560131">
<ele>2197.690674</ele>
<time>2022-08-16T10:20:56.334Z</time>
<extensions>
<gpxtpx:TrackPointExtension>
<gpxtpx:speed>0.915641</gpxtpx:speed>
</gpxtpx:TrackPointExtension>
</extensions>
</trkpt>
<trkpt lat="46.366277" lon="12.560035">
<ele>2195.229248</ele>
<time>2022-08-16T10:21:06.342Z</time>
<extensions>
<gpxtpx:TrackPointExtension>
<gpxtpx:speed>0.811652</gpxtpx:speed>
</gpxtpx:TrackPointExtension>
</extensions>
</trkpt>
<trkpt lat="46.366253" lon="12.559940">
<ele>2195.695068</ele>
<time>2022-08-16T10:21:16.342Z</time>
<extensions>
<gpxtpx:TrackPointExtension>
<gpxtpx:speed>0.824877</gpxtpx:speed>
</gpxtpx:TrackPointExtension>
</extensions>
</trkpt>
<trkpt lat="46.366228" lon="12.559897">
<ele>2194.716553</ele>
<time>2022-08-16T10:21:26.399Z</time>
<extensions>
<gpxtpx:TrackPointExtension>
<gpxtpx:speed>0.593047</gpxtpx:speed>
</gpxtpx:TrackPointExtension>
</extensions>
</trkpt>
<trkpt lat="46.366233" lon="12.559884">
<ele>2193.579102</ele>
<time>2022-08-16T10:21:40.339Z</time>
<extensions>
<gpxtpx:TrackPointExtension>
<gpxtpx:speed>0.496478</gpxtpx:speed>
</gpxtpx:TrackPointExtension>
</extensions>
</trkpt>
<trkpt lat="46.366230" lon="12.559871">
<ele>2194.855225</ele>
<time>2022-08-16T10:23:40.321Z</time>
<extensions>
<gpxtpx:TrackPointExtension>
<gpxtpx:speed>0.321247</gpxtpx:speed>
</gpxtpx:TrackPointExtension>
</extensions>
</trkpt>
<trkpt lat="46.366189" lon="12.559872">
<ele>2199.397461</ele>
<time>2022-08-16T10:23:52.339Z</time>
<extensions>
<gpxtpx:TrackPointExtension>
<gpxtpx:speed>0.396446</gpxtpx:speed>
</gpxtpx:TrackPointExtension>
</extensions>
</trkpt>
<trkpt lat="46.366173" lon="12.559881">
<ele>2199.286377</ele>
<time>2022-08-16T10:24:02.341Z</time>
<extensions>
<gpxtpx:TrackPointExtension>
<gpxtpx:speed>0.286996</gpxtpx:speed>
</gpxtpx:TrackPointExtension>
</extensions>
</trkpt>
<trkpt lat="46.366160" lon="12.559878">
<ele>2199.275391</ele>
<time>2022-08-16T10:24:14.318Z</time>
<extensions>
<gpxtpx:TrackPointExtension>
<gpxtpx:speed>0.585756</gpxtpx:speed>
</gpxtpx:TrackPointExtension>
</extensions>
</trkpt>
<trkpt lat="46.366124" lon="12.559837">
<ele>2200.868164</ele>
<time>2022-08-16T10:24:27.380Z</time>
<extensions>
<gpxtpx:TrackPointExtension>
<gpxtpx:speed>0.648515</gpxtpx:speed>
</gpxtpx:TrackPointExtension>
</extensions>
</trkpt>
<trkpt lat="46.366143" lon="12.559783">
<ele>2201.113770</ele>
<time>2022-08-16T10:24:37.409Z</time>
<extensions>
<gpxtpx:TrackPointExtension>
<gpxtpx:speed>0.762822</gpxtpx:speed>
</gpxtpx:TrackPointExtension>
</extensions>
</trkpt>
<trkpt lat="46.366152" lon="12.559739">
<ele>2199.617920</ele>
<time>2022-08-16T10:24:47.455Z</time>
<extensions>
<gpxtpx:TrackPointExtension>
<gpxtpx:speed>0.672704</gpxtpx:speed>
</gpxtpx:TrackPointExtension>
</extensions>
</trkpt>
<trkpt lat="46.366145" lon="12.559689">
<ele>2200.878906</ele>
<time>2022-08-16T10:24:57.498Z</time>
<extensions>
<gpxtpx:TrackPointExtension>
<gpxtpx:speed>0.541752</gpxtpx:speed>
</gpxtpx:TrackPointExtension>
</extensions>
</trkpt>
<trkpt lat="46.366151" lon="12.559667">
<ele>2201.972168</ele>
<time>2022-08-16T10:25:11.338Z</time>
<extensions>
<gpxtpx:TrackPointExtension>
<gpxtpx:speed>0.673083</gpxtpx:speed>
</gpxtpx:TrackPointExtension>
</extensions>
</trkpt>
<trkpt lat="46.366103" lon="12.559613">
<ele>2207.044434</ele>
<time>2022-08-16T10:25:23.354Z</time>
<extensions>
<gpxtpx:TrackPointExtension>
<gpxtpx:speed>0.410874</gpxtpx:speed>
</gpxtpx:TrackPointExtension>
</extensions>
</trkpt>
<trkpt lat="46.366072" lon="12.559557">
<ele>2209.158203</ele>
<time>2022-08-16T10:25:33.356Z</time>
<extensions>
<gpxtpx:TrackPointExtension>
<gpxtpx:speed>0.527357</gpxtpx:speed>
</gpxtpx:TrackPointExtension>
</extensions>
</trkpt>
<trkpt lat="46.366062" lon="12.559480">
<ele>2212.840332</ele>
<time>2022-08-16T10:25:48.335Z</time>
<extensions>
<gpxtpx:TrackPointExtension>
<gpxtpx:speed>0.543137</gpxtpx:speed>
</gpxtpx:TrackPointExtension>
</extensions>
</trkpt>
<trkpt lat="46.366105" lon="12.559505">
<ele>2214.090820</ele>
<time>2022-08-16T10:25:58.337Z</time>
<extensions>
<gpxtpx:TrackPointExtension>
<gpxtpx:speed>0.607266</gpxtpx:speed>
</gpxtpx:TrackPointExtension>
</extensions>
</trkpt>
<trkpt lat="46.366159" lon="12.559541">
<ele>2215.999023</ele>
<time>2022-08-16T10:26:08.346Z</time>
<extensions>
<gpxtpx:TrackPointExtension>
<gpxtpx:speed>0.569937</gpxtpx:speed>
</gpxtpx:TrackPointExtension>
</extensions>
</trkpt>
<trkpt lat="46.366237" lon="12.559579">
<ele>2218.714355</ele>
<time>2022-08-16T10:26:23.355Z</time>
<extensions>
<gpxtpx:TrackPointExtension>
<gpxtpx:speed>0.538334</gpxtpx:speed>
</gpxtpx:TrackPointExtension>
</extensions>
</trkpt>
<trkpt lat="46.366282" lon="12.559593">
<ele>2216.986816</ele>
<time>2022-08-16T10:26:36.350Z</time>
<extensions>
<gpxtpx:TrackPointExtension>
<gpxtpx:speed>0.477876</gpxtpx:speed>
</gpxtpx:TrackPointExtension>
</extensions>
</trkpt>
<trkpt lat="46.366243" lon="12.559524">
<ele>2222.995605</ele>
<time>2022-08-16T10:26:48.342Z</time>
<extensions>
<gpxtpx:TrackPointExtension>
<gpxtpx:speed>0.771996</gpxtpx:speed>
</gpxtpx:TrackPointExtension>
</extensions>
</trkpt>
<trkpt lat="46.366194" lon="12.559359">
<ele>2222.417969</ele>
<time>2022-08-16T10:27:03.332Z</time>
<extensions>
<gpxtpx:TrackPointExtension>
<gpxtpx:speed>0.688904</gpxtpx:speed>
</gpxtpx:TrackPointExtension>
</extensions>
</trkpt>
<trkpt lat="46.366225" lon="12.559346">
<ele>2224.665039</ele>
<time>2022-08-16T10:27:14.332Z</time>
<extensions>
<gpxtpx:TrackPointExtension>
<gpxtpx:speed>0.552558</gpxtpx:speed>
</gpxtpx:TrackPointExtension>
</extensions>
</trkpt>
<trkpt lat="46.366275" lon="12.559364">
<ele>2225.716309</ele>
<time>2022-08-16T10:27:24.334Z</time>
<extensions>
<gpxtpx:TrackPointExtension>
<gpxtpx:speed>0.548730</gpxtpx:speed>
</gpxtpx:TrackPointExtension>
</extensions>
</trkpt>
<trkpt lat="46.366332" lon="12.559407">
<ele>2224.397461</ele>
<time>2022-08-16T10:27:38.403Z</time>
<extensions>
<gpxtpx:TrackPointExtension>
<gpxtpx:speed>0.524979</gpxtpx:speed>
</gpxtpx:TrackPointExtension>
</extensions>
</trkpt>
<trkpt lat="46.366345" lon="12.559399">
<ele>2224.923828</ele>
<time>2022-08-16T10:27:48.453Z</time>
<extensions>
<gpxtpx:TrackPointExtension>
<gpxtpx:speed>0.523170</gpxtpx:speed>
</gpxtpx:TrackPointExtension>
</extensions>
</trkpt>
<trkpt lat="46.366318" lon="12.559368">
<ele>2227.616455</ele>
<time>2022-08-16T10:27:58.513Z</time>
<extensions>
<gpxtpx:TrackPointExtension>
<gpxtpx:speed>0.643205</gpxtpx:speed>
</gpxtpx:TrackPointExtension>
</extensions>
</trkpt>
<trkpt lat="46.366317" lon="12.559265">
<ele>2229.694580</ele>
<time>2022-08-16T10:28:09.329Z</time>
<extensions>
<gpxtpx:TrackPointExtension>
<gpxtpx:speed>0.615759</gpxtpx:speed>
</gpxtpx:TrackPointExtension>
</extensions>
</trkpt>
<trkpt lat="46.366264" lon="12.559169">
<ele>2234.529541</ele>
<time>2022-08-16T10:28:19.338Z</time>
<extensions>
<gpxtpx:TrackPointExtension>
<gpxtpx:speed>1.543699</gpxtpx:speed>
</gpxtpx:TrackPointExtension>
</extensions>
</trkpt>
<trkpt lat="46.366290" lon="12.559115">
<ele>2236.124023</ele>
<time>2022-08-16T10:28:29.344Z</time>
<extensions>
<gpxtpx:TrackPointExtension>
<gpxtpx:speed>0.598354</gpxtpx:speed>
</gpxtpx:TrackPointExtension>
</extensions>
</trkpt>
<trkpt lat="46.366383" lon="12.559231">
<ele>2234.291016</ele>
<time>2022-08-16T10:28:44.357Z</time>
<extensions>
<gpxtpx:TrackPointExtension>
<gpxtpx:speed>0.876099</gpxtpx:speed>
</gpxtpx:TrackPointExtension>
</extensions>
</trkpt>
<trkpt lat="46.366458" lon="12.559249">
<ele>2232.207764</ele>
<time>2022-08-16T10:28:57.334Z</time>
<extensions>
<gpxtpx:TrackPointExtension>
<gpxtpx:speed>0.618848</gpxtpx:speed>
</gpxtpx:TrackPointExtension>
</extensions>
</trkpt>
<trkpt lat="46.366464" lon="12.559192">
<ele>2235.366211</ele>
<time>2022-08-16T10:29:09.329Z</time>
<extensions>
<gpxtpx:TrackPointExtension>
<gpxtpx:speed>0.646075</gpxtpx:speed>
</gpxtpx:TrackPointExtension>
</extensions>
</trkpt>
<trkpt lat="46.366448" lon="12.559148">
<ele>2241.343262</ele>
<time>2022-08-16T10:29:24.320Z</time>
<extensions>
<gpxtpx:TrackPointExtension>
<gpxtpx:speed>0.350297</gpxtpx:speed>
</gpxtpx:TrackPointExtension>
</extensions>
</trkpt>
<trkpt lat="46.366456" lon="12.559105">
<ele>2244.454102</ele>
<time>2022-08-16T10:29:34.338Z</time>
<extensions>
<gpxtpx:TrackPointExtension>
<gpxtpx:speed>0.631414</gpxtpx:speed>
</gpxtpx:TrackPointExtension>
</extensions>
</trkpt>
<trkpt lat="46.366418" lon="12.559060">
<ele>2246.418945</ele>
<time>2022-08-16T10:29:44.346Z</time>
<extensions>
<gpxtpx:TrackPointExtension>
<gpxtpx:speed>0.595758</gpxtpx:speed>
</gpxtpx:TrackPointExtension>
</extensions>
</trkpt>
<trkpt lat="46.366393" lon="12.558980">
<ele>2247.856689</ele>
<time>2022-08-16T10:29:55.338Z</time>
<extensions>
<gpxtpx:TrackPointExtension>
<gpxtpx:speed>0.597636</gpxtpx:speed>
</gpxtpx:TrackPointExtension>
</extensions>
</trkpt>
<trkpt lat="46.366397" lon="12.558922">
<ele>2250.609863</ele>
<time>2022-08-16T10:30:05.340Z</time>
<extensions>
<gpxtpx:TrackPointExtension>
<gpxtpx:speed>0.658945</gpxtpx:speed>
</gpxtpx:TrackPointExtension>
</extensions>
</trkpt>
<trkpt lat="46.366387" lon="12.558833">
<ele>2252.217773</ele>
<time>2022-08-16T10:30:19.421Z</time>
<extensions>
<gpxtpx:TrackPointExtension>
<gpxtpx:speed>0.514985</gpxtpx:speed>
</gpxtpx:TrackPointExtension>
</extensions>
</trkpt>
<trkpt lat="46.366369" lon="12.558765">
<ele>2254.360840</ele>
<time>2022-08-16T10:30:29.435Z</time>
<extensions>
<gpxtpx:TrackPointExtension>
<gpxtpx:speed>0.595048</gpxtpx:speed>
</gpxtpx:TrackPointExtension>
</extensions>
</trkpt>
<trkpt lat="46.366353" lon="12.558727">
<ele>2256.192627</ele>
<time>2022-08-16T10:31:25.355Z</time>
<extensions>
<gpxtpx:TrackPointExtension>
<gpxtpx:speed>0.217629</gpxtpx:speed>
</gpxtpx:TrackPointExtension>
</extensions>
</trkpt>
<trkpt lat="46.366363" lon="12.558723">
<ele>2256.801025</ele>
<time>2022-08-16T10:32:10.333Z</time>
<extensions>
<gpxtpx:TrackPointExtension>
<gpxtpx:speed>0.489823</gpxtpx:speed>
</gpxtpx:TrackPointExtension>
</extensions>
</trkpt>
<trkpt lat="46.366412" lon="12.558747">
<ele>2259.394531</ele>
<time>2022-08-16T10:32:20.378Z</time>
<extensions>
<gpxtpx:TrackPointExtension>
<gpxtpx:speed>0.486225</gpxtpx:speed>
</gpxtpx:TrackPointExtension>
</extensions>
</trkpt>
<trkpt lat="46.366450" lon="12.558737">
<ele>2260.508545</ele>
<time>2022-08-16T10:32:35.346Z</time>
<extensions>
<gpxtpx:TrackPointExtension>
<gpxtpx:speed>0.624277</gpxtpx:speed>
</gpxtpx:TrackPointExtension>
</extensions>
</trkpt>
<trkpt lat="46.366439" lon="12.558658">
<ele>2262.728027</ele>
<time>2022-08-16T10:32:48.330Z</time>
<extensions>
<gpxtpx:TrackPointExtension>
<gpxtpx:speed>0.505718</gpxtpx:speed>
</gpxtpx:TrackPointExtension>
</extensions>
</trkpt>
<trkpt lat="46.366411" lon="12.558595">
<ele>2266.928223</ele>
<time>2022-08-16T10:33:00.341Z</time>
<extensions>
<gpxtpx:TrackPointExtension>
<gpxtpx:speed>0.485111</gpxtpx:speed>
</gpxtpx:TrackPointExtension>
</extensions>
</trkpt>
<trkpt lat="46.366389" lon="12.558568">
<ele>2268.601318</ele>
<time>2022-08-16T10:33:10.373Z</time>
<extensions>
<gpxtpx:TrackPointExtension>
<gpxtpx:speed>0.383416</gpxtpx:speed>
</gpxtpx:TrackPointExtension>
</extensions>
</trkpt>
<trkpt lat="46.366374" lon="12.558532">
<ele>2271.175781</ele>
<time>2022-08-16T10:33:20.383Z</time>
<extensions>
<gpxtpx:TrackPointExtension>
<gpxtpx:speed>0.220573</gpxtpx:speed>
</gpxtpx:TrackPointExtension>
</extensions>
</trkpt>
<trkpt lat="46.366358" lon="12.558511">
<ele>2273.498047</ele>
<time>2022-08-16T10:33:30.414Z</time>
<extensions>
<gpxtpx:TrackPointExtension>
<gpxtpx:speed>0.274889</gpxtpx:speed>
</gpxtpx:TrackPointExtension>
</extensions>
</trkpt>
<trkpt lat="46.366352" lon="12.558467">
<ele>2275.841064</ele>
<time>2022-08-16T10:33:40.483Z</time>
<extensions>
<gpxtpx:TrackPointExtension>
<gpxtpx:speed>0.535029</gpxtpx:speed>
</gpxtpx:TrackPointExtension>
</extensions>
</trkpt>
<trkpt lat="46.366342" lon="12.558410">
<ele>2276.647461</ele>
<time>2022-08-16T10:33:51.364Z</time>
<extensions>
<gpxtpx:TrackPointExtension>
<gpxtpx:speed>0.445269</gpxtpx:speed>
</gpxtpx:TrackPointExtension>
</extensions>
</trkpt>
<trkpt lat="46.366333" lon="12.558361">
<ele>2278.955322</ele>
<time>2022-08-16T10:34:01.378Z</time>
<extensions>
<gpxtpx:TrackPointExtension>
<gpxtpx:speed>0.337017</gpxtpx:speed>
</gpxtpx:TrackPointExtension>
</extensions>
</trkpt>
<trkpt lat="46.366334" lon="12.558312">
<ele>2277.967285</ele>
<time>2022-08-16T10:34:14.337Z</time>
<extensions>
<gpxtpx:TrackPointExtension>
<gpxtpx:speed>0.380615</gpxtpx:speed>
</gpxtpx:TrackPointExtension>
</extensions>
</trkpt>
<trkpt lat="46.366319" lon="12.558261">
<ele>2279.102783</ele>
<time>2022-08-16T10:34:26.334Z</time>
<extensions>
<gpxtpx:TrackPointExtension>
<gpxtpx:speed>0.355877</gpxtpx:speed>
</gpxtpx:TrackPointExtension>
</extensions>
</trkpt>
<trkpt lat="46.366293" lon="12.558235">
<ele>2280.871094</ele>
<time>2022-08-16T10:34:36.340Z</time>
<extensions>
<gpxtpx:TrackPointExtension>
<gpxtpx:speed>0.520437</gpxtpx:speed>
</gpxtpx:TrackPointExtension>
</extensions>
</trkpt>
<trkpt lat="46.366241" lon="12.558170">
<ele>2283.414795</ele>
<time>2022-08-16T10:34:51.335Z</time>
<extensions>
<gpxtpx:TrackPointExtension>
<gpxtpx:speed>0.646917</gpxtpx:speed>
</gpxtpx:TrackPointExtension>
</extensions>
</trkpt>
<trkpt lat="46.366207" lon="12.558134">
<ele>2285.833740</ele>
<time>2022-08-16T10:35:01.336Z</time>
<extensions>
<gpxtpx:TrackPointExtension>
<gpxtpx:speed>0.471969</gpxtpx:speed>
</gpxtpx:TrackPointExtension>
</extensions>
</trkpt>
<trkpt lat="46.366183" lon="12.558106">
<ele>2286.362549</ele>
<time>2022-08-16T10:35:11.339Z</time>
<extensions>
<gpxtpx:TrackPointExtension>
<gpxtpx:speed>0.422588</gpxtpx:speed>
</gpxtpx:TrackPointExtension>
</extensions>
</trkpt>
<trkpt lat="46.366174" lon="12.558067">
<ele>2286.152344</ele>
<time>2022-08-16T10:35:21.340Z</time>
<extensions>
<gpxtpx:TrackPointExtension>
<gpxtpx:speed>0.404690</gpxtpx:speed>
</gpxtpx:TrackPointExtension>
</extensions>
</trkpt>
<trkpt lat="46.366174" lon="12.558051">
<ele>2286.631104</ele>
<time>2022-08-16T10:35:31.349Z</time>
<extensions>
<gpxtpx:TrackPointExtension>
<gpxtpx:speed>0.403098</gpxtpx:speed>
</gpxtpx:TrackPointExtension>
</extensions>
</trkpt>
<trkpt lat="46.366187" lon="12.558007">
<ele>2285.586914</ele>
<time>2022-08-16T10:35:46.347Z</time>
<extensions>
<gpxtpx:TrackPointExtension>
<gpxtpx:speed>0.404381</gpxtpx:speed>
</gpxtpx:TrackPointExtension>
</extensions>
</trkpt>
<trkpt lat="46.366224" lon="12.558014">
<ele>2287.568604</ele>
<time>2022-08-16T10:36:00.334Z</time>
<extensions>
<gpxtpx:TrackPointExtension>
<gpxtpx:speed>0.545659</gpxtpx:speed>
</gpxtpx:TrackPointExtension>
</extensions>
</trkpt>
<trkpt lat="46.366269" lon="12.558013">
<ele>2288.827881</ele>
<time>2022-08-16T10:36:11.324Z</time>
<extensions>
<gpxtpx:TrackPointExtension>
<gpxtpx:speed>0.385444</gpxtpx:speed>
</gpxtpx:TrackPointExtension>
</extensions>
</trkpt>
<trkpt lat="46.366232" lon="12.557963">
<ele>2292.060059</ele>
<time>2022-08-16T10:36:21.369Z</time>
<extensions>
<gpxtpx:TrackPointExtension>
<gpxtpx:speed>0.382936</gpxtpx:speed>
</gpxtpx:TrackPointExtension>
</extensions>
</trkpt>
<trkpt lat="46.366225" lon="12.557927">
<ele>2295.608643</ele>
<time>2022-08-16T10:36:31.408Z</time>
<extensions>
<gpxtpx:TrackPointExtension>
<gpxtpx:speed>0.470358</gpxtpx:speed>
</gpxtpx:TrackPointExtension>
</extensions>
</trkpt>
<trkpt lat="46.366258" lon="12.557931">
<ele>2296.976318</ele>
<time>2022-08-16T10:36:41.439Z</time>
<extensions>
<gpxtpx:TrackPointExtension>
<gpxtpx:speed>0.512957</gpxtpx:speed>
</gpxtpx:TrackPointExtension>
</extensions>
</trkpt>
<trkpt lat="46.366281" lon="12.557938">
<ele>2298.171631</ele>
<time>2022-08-16T10:36:51.459Z</time>
<extensions>
<gpxtpx:TrackPointExtension>
<gpxtpx:speed>0.296362</gpxtpx:speed>
</gpxtpx:TrackPointExtension>
</extensions>
</trkpt>
<trkpt lat="46.366275" lon="12.557880">
<ele>2298.359863</ele>
<time>2022-08-16T10:37:01.494Z</time>
<extensions>
<gpxtpx:TrackPointExtension>
<gpxtpx:speed>0.407531</gpxtpx:speed>
</gpxtpx:TrackPointExtension>
</extensions>
</trkpt>
<trkpt lat="46.366239" lon="12.557858">
<ele>2300.403564</ele>
<time>2022-08-16T10:37:12.344Z</time>
<extensions>
<gpxtpx:TrackPointExtension>
<gpxtpx:speed>0.423320</gpxtpx:speed>
</gpxtpx:TrackPointExtension>
</extensions>
</trkpt>
<trkpt lat="46.366244" lon="12.557809">
<ele>2302.640381</ele>
<time>2022-08-16T10:37:25.336Z</time>
<extensions>
<gpxtpx:TrackPointExtension>
<gpxtpx:speed>0.443194</gpxtpx:speed>
</gpxtpx:TrackPointExtension>
</extensions>
</trkpt>
<trkpt lat="46.366282" lon="12.557793">
<ele>2303.962402</ele>
<time>2022-08-16T10:37:42.327Z</time>
<extensions>
<gpxtpx:TrackPointExtension>
<gpxtpx:speed>0.557987</gpxtpx:speed>
</gpxtpx:TrackPointExtension>
</extensions>
</trkpt>
<trkpt lat="46.366335" lon="12.557793">
<ele>2305.151611</ele>
<time>2022-08-16T10:37:52.336Z</time>
<extensions>
<gpxtpx:TrackPointExtension>
<gpxtpx:speed>0.780789</gpxtpx:speed>
</gpxtpx:TrackPointExtension>
</extensions>
</trkpt>
<trkpt lat="46.366351" lon="12.557767">
<ele>2305.051025</ele>
<time>2022-08-16T10:38:02.339Z</time>
<extensions>
<gpxtpx:TrackPointExtension>
<gpxtpx:speed>0.511558</gpxtpx:speed>
</gpxtpx:TrackPointExtension>
</extensions>
</trkpt>
<trkpt lat="46.366330" lon="12.557749">
<ele>2307.291016</ele>
<time>2022-08-16T10:38:12.346Z</time>
<extensions>
<gpxtpx:TrackPointExtension>
<gpxtpx:speed>0.334362</gpxtpx:speed>
</gpxtpx:TrackPointExtension>
</extensions>
</trkpt>
<trkpt lat="46.366350" lon="12.557724">
<ele>2308.316162</ele>
<time>2022-08-16T10:38:27.355Z</time>
<extensions>
<gpxtpx:TrackPointExtension>
<gpxtpx:speed>0.670495</gpxtpx:speed>
</gpxtpx:TrackPointExtension>
</extensions>
</trkpt>
<trkpt lat="46.366301" lon="12.557656">
<ele>2311.544922</ele>
<time>2022-08-16T10:38:41.336Z</time>
<extensions>
<gpxtpx:TrackPointExtension>
<gpxtpx:speed>0.550089</gpxtpx:speed>
</gpxtpx:TrackPointExtension>
</extensions>
</trkpt>
<trkpt lat="46.366286" lon="12.557612">
<ele>2314.362549</ele>
<time>2022-08-16T10:38:52.357Z</time>
<extensions>
<gpxtpx:TrackPointExtension>
<gpxtpx:speed>0.574003</gpxtpx:speed>
</gpxtpx:TrackPointExtension>
</extensions>
</trkpt>
<trkpt lat="46.366315" lon="12.557630">
<ele>2314.894531</ele>
<time>2022-08-16T10:39:07.336Z</time>
<extensions>
<gpxtpx:TrackPointExtension>
<gpxtpx:speed>0.382597</gpxtpx:speed>
</gpxtpx:TrackPointExtension>
</extensions>
</trkpt>
<trkpt lat="46.366326" lon="12.557599">
<ele>2316.844727</ele>
<time>2022-08-16T10:39:19.334Z</time>
<extensions>
<gpxtpx:TrackPointExtension>
<gpxtpx:speed>0.366158</gpxtpx:speed>
</gpxtpx:TrackPointExtension>
</extensions>
</trkpt>
<trkpt lat="46.366321" lon="12.557518">
<ele>2318.588867</ele>
<time>2022-08-16T10:39:32.377Z</time>
<extensions>
<gpxtpx:TrackPointExtension>
<gpxtpx:speed>0.499331</gpxtpx:speed>
</gpxtpx:TrackPointExtension>
</extensions>
</trkpt>
<trkpt lat="46.366373" lon="12.557559">
<ele>2320.564697</ele>
<time>2022-08-16T10:39:42.438Z</time>
<extensions>
<gpxtpx:TrackPointExtension>
<gpxtpx:speed>0.478506</gpxtpx:speed>
</gpxtpx:TrackPointExtension>
</extensions>
</trkpt>
<trkpt lat="46.366387" lon="12.557563">
<ele>2320.225830</ele>
<time>2022-08-16T10:39:52.478Z</time>
<extensions>
<gpxtpx:TrackPointExtension>
<gpxtpx:speed>0.411408</gpxtpx:speed>
</gpxtpx:TrackPointExtension>
</extensions>
</trkpt>
<trkpt lat="46.366396" lon="12.557577">
<ele>2320.531494</ele>
<time>2022-08-16T10:40:05.349Z</time>
<extensions>
<gpxtpx:TrackPointExtension>
<gpxtpx:speed>0.368261</gpxtpx:speed>
</gpxtpx:TrackPointExtension>
</extensions>
</trkpt>
<trkpt lat="46.366429" lon="12.557599">
<ele>2320.891113</ele>
<time>2022-08-16T10:40:18.322Z</time>
<extensions>
<gpxtpx:TrackPointExtension>
<gpxtpx:speed>0.230716</gpxtpx:speed>
</gpxtpx:TrackPointExtension>
</extensions>
</trkpt>
<trkpt lat="46.366462" lon="12.557599">
<ele>2322.464355</ele>
<time>2022-08-16T10:40:53.343Z</time>
<extensions>
<gpxtpx:TrackPointExtension>
<gpxtpx:speed>0.659812</gpxtpx:speed>
</gpxtpx:TrackPointExtension>
</extensions>
</trkpt>
<trkpt lat="46.366474" lon="12.557598">
<ele>2322.661133</ele>
<time>2022-08-16T10:41:03.351Z</time>
<extensions>
<gpxtpx:TrackPointExtension>
<gpxtpx:speed>0.351779</gpxtpx:speed>
</gpxtpx:TrackPointExtension>
</extensions>
</trkpt>
<trkpt lat="46.366478" lon="12.557587">
<ele>2323.982666</ele>
<time>2022-08-16T10:41:17.336Z</time>
<extensions>
<gpxtpx:TrackPointExtension>
<gpxtpx:speed>0.378587</gpxtpx:speed>
</gpxtpx:TrackPointExtension>
</extensions>
</trkpt>
<trkpt lat="46.366482" lon="12.557545">
<ele>2326.193359</ele>
<time>2022-08-16T10:41:28.358Z</time>
<extensions>
<gpxtpx:TrackPointExtension>
<gpxtpx:speed>0.341904</gpxtpx:speed>
</gpxtpx:TrackPointExtension>
</extensions>
</trkpt>
<trkpt lat="46.366477" lon="12.557530">
<ele>2328.503906</ele>
<time>2022-08-16T10:41:41.343Z</time>
<extensions>
<gpxtpx:TrackPointExtension>
<gpxtpx:speed>0.497487</gpxtpx:speed>
</gpxtpx:TrackPointExtension>
</extensions>
</trkpt>
<trkpt lat="46.366504" lon="12.557547">
<ele>2328.626953</ele>
<time>2022-08-16T10:41:51.354Z</time>
<extensions>
<gpxtpx:TrackPointExtension>
<gpxtpx:speed>0.819123</gpxtpx:speed>
</gpxtpx:TrackPointExtension>
</extensions>
</trkpt>
<trkpt lat="46.366574" lon="12.557558">
<ele>2330.334961</ele>
<time>2022-08-16T10:42:03.331Z</time>
<extensions>
<gpxtpx:TrackPointExtension>
<gpxtpx:speed>0.844124</gpxtpx:speed>
</gpxtpx:TrackPointExtension>
</extensions>
</trkpt>
<trkpt lat="46.366613" lon="12.557567">
<ele>2332.086182</ele>
<time>2022-08-16T10:42:13.342Z</time>
<extensions>
<gpxtpx:TrackPointExtension>
<gpxtpx:speed>0.516292</gpxtpx:speed>
</gpxtpx:TrackPointExtension>
</extensions>
</trkpt>
<trkpt lat="46.366654" lon="12.557559">
<ele>2333.141846</ele>
<time>2022-08-16T10:42:28.345Z</time>
<extensions>
<gpxtpx:TrackPointExtension>
<gpxtpx:speed>0.522041</gpxtpx:speed>
</gpxtpx:TrackPointExtension>
</extensions>
</trkpt>
<trkpt lat="46.366684" lon="12.557592">
<ele>2334.222900</ele>
<time>2022-08-16T10:42:38.348Z</time>
<extensions>
<gpxtpx:TrackPointExtension>
<gpxtpx:speed>0.483479</gpxtpx:speed>
</gpxtpx:TrackPointExtension>
</extensions>
</trkpt>
<trkpt lat="46.366720" lon="12.557599">
<ele>2335.745361</ele>
<time>2022-08-16T10:42:48.369Z</time>
<extensions>
<gpxtpx:TrackPointExtension>
<gpxtpx:speed>0.677303</gpxtpx:speed>
</gpxtpx:TrackPointExtension>
</extensions>
</trkpt>
<trkpt lat="46.366738" lon="12.557616">
<ele>2336.081543</ele>
<time>2022-08-16T10:43:13.328Z</time>
<extensions>
<gpxtpx:TrackPointExtension>
<gpxtpx:speed>0.440500</gpxtpx:speed>
</gpxtpx:TrackPointExtension>
</extensions>
</trkpt>
<trkpt lat="46.366804" lon="12.557628">
<ele>2337.909180</ele>
<time>2022-08-16T10:43:24.353Z</time>
<extensions>
<gpxtpx:TrackPointExtension>
<gpxtpx:speed>0.488982</gpxtpx:speed>
</gpxtpx:TrackPointExtension>
</extensions>
</trkpt>
<trkpt lat="46.366819" lon="12.557649">
<ele>2338.320313</ele>
<time>2022-08-16T10:43:58.352Z</time>
<extensions>
<gpxtpx:TrackPointExtension>
<gpxtpx:speed>0.288574</gpxtpx:speed>
</gpxtpx:TrackPointExtension>
</extensions>
</trkpt>
</trkseg>
<trkseg>
<trkpt lat="46.366796" lon="12.557657">
<ele>2338.846436</ele>
<time>2022-08-16T10:58:48.073Z</time>
<extensions>
<gpxtpx:TrackPointExtension>
<gpxtpx:speed>0.097397</gpxtpx:speed>
</gpxtpx:TrackPointExtension>
</extensions>
</trkpt>
<trkpt lat="46.366773" lon="12.557625">
<ele>2337.715332</ele>
<time>2022-08-16T10:58:58.347Z</time>
<extensions>
<gpxtpx:TrackPointExtension>
<gpxtpx:speed>0.593068</gpxtpx:speed>
</gpxtpx:TrackPointExtension>
</extensions>
</trkpt>
<trkpt lat="46.366729" lon="12.557538">
<ele>2337.957275</ele>
<time>2022-08-16T10:59:08.377Z</time>
<extensions>
<gpxtpx:TrackPointExtension>
<gpxtpx:speed>0.517205</gpxtpx:speed>
</gpxtpx:TrackPointExtension>
</extensions>
</trkpt>
<trkpt lat="46.366681" lon="12.557432">
<ele>2341.852539</ele>
<time>2022-08-16T10:59:23.357Z</time>
<extensions>
<gpxtpx:TrackPointExtension>
<gpxtpx:speed>0.715709</gpxtpx:speed>
</gpxtpx:TrackPointExtension>
</extensions>
</trkpt>
<trkpt lat="46.366674" lon="12.557383">
<ele>2342.821533</ele>
<time>2022-08-16T10:59:35.336Z</time>
<extensions>
<gpxtpx:TrackPointExtension>
<gpxtpx:speed>0.573390</gpxtpx:speed>
</gpxtpx:TrackPointExtension>
</extensions>
</trkpt>
<trkpt lat="46.366663" lon="12.557304">
<ele>2345.000488</ele>
<time>2022-08-16T10:59:45.370Z</time>
<extensions>
<gpxtpx:TrackPointExtension>
<gpxtpx:speed>0.641902</gpxtpx:speed>
</gpxtpx:TrackPointExtension>
</extensions>
</trkpt>
<trkpt lat="46.366626" lon="12.557197">
<ele>2347.527588</ele>
<time>2022-08-16T10:59:58.435Z</time>
<extensions>
<gpxtpx:TrackPointExtension>
<gpxtpx:speed>0.905008</gpxtpx:speed>
</gpxtpx:TrackPointExtension>
</extensions>
</trkpt>
<trkpt lat="46.366623" lon="12.557109">
<ele>2349.165283</ele>
<time>2022-08-16T11:00:08.485Z</time>
<extensions>
<gpxtpx:TrackPointExtension>
<gpxtpx:speed>0.635595</gpxtpx:speed>
</gpxtpx:TrackPointExtension>
</extensions>
</trkpt>
<trkpt lat="46.366609" lon="12.557048">
<ele>2351.189941</ele>
<time>2022-08-16T11:00:19.372Z</time>
<extensions>
<gpxtpx:TrackPointExtension>
<gpxtpx:speed>0.507279</gpxtpx:speed>
</gpxtpx:TrackPointExtension>
</extensions>
</trkpt>
<trkpt lat="46.366584" lon="12.556977">
<ele>2353.228760</ele>
<time>2022-08-16T11:00:32.310Z</time>
<extensions>
<gpxtpx:TrackPointExtension>
<gpxtpx:speed>0.559046</gpxtpx:speed>
</gpxtpx:TrackPointExtension>
</extensions>
</trkpt>
<trkpt lat="46.366582" lon="12.556958">
<ele>2353.234131</ele>
<time>2022-08-16T11:00:42.327Z</time>
<extensions>
<gpxtpx:TrackPointExtension>
<gpxtpx:speed>0.517500</gpxtpx:speed>
</gpxtpx:TrackPointExtension>
</extensions>
</trkpt>
<trkpt lat="46.366579" lon="12.556885">
<ele>2354.933838</ele>
<time>2022-08-16T11:00:54.300Z</time>
<extensions>
<gpxtpx:TrackPointExtension>
<gpxtpx:speed>0.704670</gpxtpx:speed>
</gpxtpx:TrackPointExtension>
</extensions>
</trkpt>
<trkpt lat="46.366568" lon="12.556817">
<ele>2354.160889</ele>
<time>2022-08-16T11:01:04.358Z</time>
<extensions>
<gpxtpx:TrackPointExtension>
<gpxtpx:speed>0.493914</gpxtpx:speed>
</gpxtpx:TrackPointExtension>
</extensions>
</trkpt>
<trkpt lat="46.366462" lon="12.556797">
<ele>2354.284424</ele>
<time>2022-08-16T11:01:19.358Z</time>
<extensions>
<gpxtpx:TrackPointExtension>
<gpxtpx:speed>0.944490</gpxtpx:speed>
</gpxtpx:TrackPointExtension>
</extensions>
</trkpt>
<trkpt lat="46.366448" lon="12.556835">
<ele>2352.588867</ele>
<time>2022-08-16T11:01:30.343Z</time>
<extensions>
<gpxtpx:TrackPointExtension>
<gpxtpx:speed>0.767028</gpxtpx:speed>
</gpxtpx:TrackPointExtension>
</extensions>
</trkpt>
<trkpt lat="46.366439" lon="12.556723">
<ele>2354.709717</ele>
<time>2022-08-16T11:01:41.338Z</time>
<extensions>
<gpxtpx:TrackPointExtension>
<gpxtpx:speed>0.453694</gpxtpx:speed>
</gpxtpx:TrackPointExtension>
</extensions>
</trkpt>
<trkpt lat="46.366417" lon="12.556622">
<ele>2357.062744</ele>
<time>2022-08-16T11:01:56.307Z</time>
<extensions>
<gpxtpx:TrackPointExtension>
<gpxtpx:speed>0.647994</gpxtpx:speed>
</gpxtpx:TrackPointExtension>
</extensions>
</trkpt>
<trkpt lat="46.366388" lon="12.556532">
<ele>2359.957031</ele>
<time>2022-08-16T11:02:06.333Z</time>
<extensions>
<gpxtpx:TrackPointExtension>
<gpxtpx:speed>0.445159</gpxtpx:speed>
</gpxtpx:TrackPointExtension>
</extensions>
</trkpt>
<trkpt lat="46.366356" lon="12.556473">
<ele>2361.936035</ele>
<time>2022-08-16T11:02:18.344Z</time>
<extensions>
<gpxtpx:TrackPointExtension>
<gpxtpx:speed>0.645152</gpxtpx:speed>
</gpxtpx:TrackPointExtension>
</extensions>
</trkpt>
<trkpt lat="46.366341" lon="12.556426">
<ele>2366.227539</ele>
<time>2022-08-16T11:02:32.346Z</time>
<extensions>
<gpxtpx:TrackPointExtension>
<gpxtpx:speed>0.620408</gpxtpx:speed>
</gpxtpx:TrackPointExtension>
</extensions>
</trkpt>
<trkpt lat="46.366360" lon="12.556339">
<ele>2370.717041</ele>
<time>2022-08-16T11:02:52.324Z</time>
<extensions>
<gpxtpx:TrackPointExtension>
<gpxtpx:speed>0.502377</gpxtpx:speed>
</gpxtpx:TrackPointExtension>
</extensions>
</trkpt>
<trkpt lat="46.366374" lon="12.556283">
<ele>2373.077881</ele>
<time>2022-08-16T11:03:02.330Z</time>
<extensions>
<gpxtpx:TrackPointExtension>
<gpxtpx:speed>0.543885</gpxtpx:speed>
</gpxtpx:TrackPointExtension>
</extensions>
</trkpt>
<trkpt lat="46.366383" lon="12.556252">
<ele>2377.656006</ele>
<time>2022-08-16T11:03:12.339Z</time>
<extensions>
<gpxtpx:TrackPointExtension>
<gpxtpx:speed>0.490398</gpxtpx:speed>
</gpxtpx:TrackPointExtension>
</extensions>
</trkpt>
<trkpt lat="46.366372" lon="12.556234">
<ele>2379.034912</ele>
<time>2022-08-16T11:03:27.335Z</time>
<extensions>
<gpxtpx:TrackPointExtension>
<gpxtpx:speed>0.244271</gpxtpx:speed>
</gpxtpx:TrackPointExtension>
</extensions>
</trkpt>
<trkpt lat="46.366346" lon="12.556187">
<ele>2383.812500</ele>
<time>2022-08-16T11:03:42.338Z</time>
<extensions>
<gpxtpx:TrackPointExtension>
<gpxtpx:speed>0.334941</gpxtpx:speed>
</gpxtpx:TrackPointExtension>
</extensions>
</trkpt>
<trkpt lat="46.366349" lon="12.556164">
<ele>2385.937500</ele>
<time>2022-08-16T11:03:52.344Z</time>
<extensions>
<gpxtpx:TrackPointExtension>
<gpxtpx:speed>0.250111</gpxtpx:speed>
</gpxtpx:TrackPointExtension>
</extensions>
</trkpt>
<trkpt lat="46.366385" lon="12.556158">
<ele>2385.480957</ele>
<time>2022-08-16T11:04:02.371Z</time>
<extensions>
<gpxtpx:TrackPointExtension>
<gpxtpx:speed>0.501502</gpxtpx:speed>
</gpxtpx:TrackPointExtension>
</extensions>
</trkpt>
<trkpt lat="46.366395" lon="12.556160">
<ele>2388.697266</ele>
<time>2022-08-16T11:04:12.375Z</time>
<extensions>
<gpxtpx:TrackPointExtension>
<gpxtpx:speed>0.340735</gpxtpx:speed>
</gpxtpx:TrackPointExtension>
</extensions>
</trkpt>
<trkpt lat="46.366377" lon="12.556138">
<ele>2389.877930</ele>
<time>2022-08-16T11:04:22.407Z</time>
<extensions>
<gpxtpx:TrackPointExtension>
<gpxtpx:speed>0.505722</gpxtpx:speed>
</gpxtpx:TrackPointExtension>
</extensions>
</trkpt>
<trkpt lat="46.366388" lon="12.556084">
<ele>2390.698730</ele>
<time>2022-08-16T11:04:32.455Z</time>
<extensions>
<gpxtpx:TrackPointExtension>
<gpxtpx:speed>0.685730</gpxtpx:speed>
</gpxtpx:TrackPointExtension>
</extensions>
</trkpt>
<trkpt lat="46.366401" lon="12.556084">
<ele>2392.482910</ele>
<time>2022-08-16T11:04:43.347Z</time>
<extensions>
<gpxtpx:TrackPointExtension>
<gpxtpx:speed>0.368839</gpxtpx:speed>
</gpxtpx:TrackPointExtension>
</extensions>
</trkpt>
<trkpt lat="46.366392" lon="12.556066">
<ele>2394.550537</ele>
<time>2022-08-16T11:04:55.346Z</time>
<extensions>
<gpxtpx:TrackPointExtension>
<gpxtpx:speed>0.273897</gpxtpx:speed>
</gpxtpx:TrackPointExtension>
</extensions>
</trkpt>
<trkpt lat="46.366381" lon="12.556083">
<ele>2395.097656</ele>
<time>2022-08-16T11:05:13.346Z</time>
<extensions>
<gpxtpx:TrackPointExtension>
<gpxtpx:speed>0.847671</gpxtpx:speed>
</gpxtpx:TrackPointExtension>
</extensions>
</trkpt>
<trkpt lat="46.366358" lon="12.556059">
<ele>2399.163574</ele>
<time>2022-08-16T11:05:23.359Z</time>
<extensions>
<gpxtpx:TrackPointExtension>
<gpxtpx:speed>0.690619</gpxtpx:speed>
</gpxtpx:TrackPointExtension>
</extensions>
</trkpt>
<trkpt lat="46.366348" lon="12.555993">
<ele>2398.452637</ele>
<time>2022-08-16T11:05:34.367Z</time>
<extensions>
<gpxtpx:TrackPointExtension>
<gpxtpx:speed>0.432864</gpxtpx:speed>
</gpxtpx:TrackPointExtension>
</extensions>
</trkpt>
<trkpt lat="46.366275" lon="12.555913">
<ele>2397.762695</ele>
<time>2022-08-16T11:05:48.356Z</time>
<extensions>
<gpxtpx:TrackPointExtension>
<gpxtpx:speed>0.676490</gpxtpx:speed>
</gpxtpx:TrackPointExtension>
</extensions>
</trkpt>
<trkpt lat="46.366275" lon="12.555894">
<ele>2396.869385</ele>
<time>2022-08-16T11:06:05.331Z</time>
<extensions>
<gpxtpx:TrackPointExtension>
<gpxtpx:speed>0.429302</gpxtpx:speed>
</gpxtpx:TrackPointExtension>
</extensions>
</trkpt>
<trkpt lat="46.366254" lon="12.555894">
<ele>2395.504150</ele>
<time>2022-08-16T11:06:18.332Z</time>
<extensions>
<gpxtpx:TrackPointExtension>
<gpxtpx:speed>0.302697</gpxtpx:speed>
</gpxtpx:TrackPointExtension>
</extensions>
</trkpt>
<trkpt lat="46.366270" lon="12.555911">
<ele>2395.116943</ele>
<time>2022-08-16T11:06:28.334Z</time>
<extensions>
<gpxtpx:TrackPointExtension>
<gpxtpx:speed>0.533991</gpxtpx:speed>
</gpxtpx:TrackPointExtension>
</extensions>
</trkpt>
<trkpt lat="46.366328" lon="12.555885">
<ele>2396.708496</ele>
<time>2022-08-16T11:06:43.335Z</time>
<extensions>
<gpxtpx:TrackPointExtension>
<gpxtpx:speed>0.740350</gpxtpx:speed>
</gpxtpx:TrackPointExtension>
</extensions>
</trkpt>
<trkpt lat="46.366324" lon="12.555827">
<ele>2397.384521</ele>
<time>2022-08-16T11:06:53.385Z</time>
<extensions>
<gpxtpx:TrackPointExtension>
<gpxtpx:speed>0.368797</gpxtpx:speed>
</gpxtpx:TrackPointExtension>
</extensions>
</trkpt>
<trkpt lat="46.366306" lon="12.555797">
<ele>2397.974365</ele>
<time>2022-08-16T11:07:03.424Z</time>
<extensions>
<gpxtpx:TrackPointExtension>
<gpxtpx:speed>0.666659</gpxtpx:speed>
</gpxtpx:TrackPointExtension>
</extensions>
</trkpt>
<trkpt lat="46.366295" lon="12.555750">
<ele>2398.361328</ele>
<time>2022-08-16T11:07:13.473Z</time>
<extensions>
<gpxtpx:TrackPointExtension>
<gpxtpx:speed>0.348130</gpxtpx:speed>
</gpxtpx:TrackPointExtension>
</extensions>
</trkpt>
<trkpt lat="46.366317" lon="12.555715">
<ele>2401.127686</ele>
<time>2022-08-16T11:07:23.503Z</time>
<extensions>
<gpxtpx:TrackPointExtension>
<gpxtpx:speed>0.575374</gpxtpx:speed>
</gpxtpx:TrackPointExtension>
</extensions>
</trkpt>
<trkpt lat="46.366328" lon="12.555702">
<ele>2406.771729</ele>
<time>2022-08-16T11:07:34.349Z</time>
<extensions>
<gpxtpx:TrackPointExtension>
<gpxtpx:speed>0.277504</gpxtpx:speed>
</gpxtpx:TrackPointExtension>
</extensions>
</trkpt>
<trkpt lat="46.366321" lon="12.555682">
<ele>2410.708740</ele>
<time>2022-08-16T11:07:44.350Z</time>
<extensions>
<gpxtpx:TrackPointExtension>
<gpxtpx:speed>0.537498</gpxtpx:speed>
</gpxtpx:TrackPointExtension>
</extensions>
</trkpt>
<trkpt lat="46.366323" lon="12.555662">
<ele>2411.096191</ele>
<time>2022-08-16T11:08:00.341Z</time>
<extensions>
<gpxtpx:TrackPointExtension>
<gpxtpx:speed>0.779645</gpxtpx:speed>
</gpxtpx:TrackPointExtension>
</extensions>
</trkpt>
<trkpt lat="46.366323" lon="12.555591">
<ele>2413.836670</ele>
<time>2022-08-16T11:08:14.334Z</time>
<extensions>
<gpxtpx:TrackPointExtension>
<gpxtpx:speed>0.314641</gpxtpx:speed>
</gpxtpx:TrackPointExtension>
</extensions>
</trkpt>
<trkpt lat="46.366301" lon="12.555570">
<ele>2415.187012</ele>
<time>2022-08-16T11:08:24.339Z</time>
<extensions>
<gpxtpx:TrackPointExtension>
<gpxtpx:speed>0.423475</gpxtpx:speed>
</gpxtpx:TrackPointExtension>
</extensions>
</trkpt>
<trkpt lat="46.366260" lon="12.555555">
<ele>2417.044922</ele>
<time>2022-08-16T11:08:38.347Z</time>
<extensions>
<gpxtpx:TrackPointExtension>
<gpxtpx:speed>0.336788</gpxtpx:speed>
</gpxtpx:TrackPointExtension>
</extensions>
</trkpt>
<trkpt lat="46.366265" lon="12.555524">
<ele>2419.057617</ele>
<time>2022-08-16T11:08:49.330Z</time>
<extensions>
<gpxtpx:TrackPointExtension>
<gpxtpx:speed>0.529878</gpxtpx:speed>
</gpxtpx:TrackPointExtension>
</extensions>
</trkpt>
<trkpt lat="46.366239" lon="12.555508">
<ele>2419.706543</ele>
<time>2022-08-16T11:09:04.331Z</time>
<extensions>
<gpxtpx:TrackPointExtension>
<gpxtpx:speed>0.458211</gpxtpx:speed>
</gpxtpx:TrackPointExtension>
</extensions>
</trkpt>
<trkpt lat="46.366199" lon="12.555464">
<ele>2421.902588</ele>
<time>2022-08-16T11:09:16.348Z</time>
<extensions>
<gpxtpx:TrackPointExtension>
<gpxtpx:speed>0.331538</gpxtpx:speed>
</gpxtpx:TrackPointExtension>
</extensions>
</trkpt>
<trkpt lat="46.366167" lon="12.555439">
<ele>2424.899414</ele>
<time>2022-08-16T11:09:29.333Z</time>
<extensions>
<gpxtpx:TrackPointExtension>
<gpxtpx:speed>0.377037</gpxtpx:speed>
</gpxtpx:TrackPointExtension>
</extensions>
</trkpt>
<trkpt lat="46.366187" lon="12.555391">
<ele>2425.020996</ele>
<time>2022-08-16T11:09:44.366Z</time>
<extensions>
<gpxtpx:TrackPointExtension>
<gpxtpx:speed>0.547939</gpxtpx:speed>
</gpxtpx:TrackPointExtension>
</extensions>
</trkpt>
<trkpt lat="46.366203" lon="12.555375">
<ele>2430.602295</ele>
<time>2022-08-16T11:09:54.380Z</time>
<extensions>
<gpxtpx:TrackPointExtension>
<gpxtpx:speed>0.230184</gpxtpx:speed>
</gpxtpx:TrackPointExtension>
</extensions>
</trkpt>
<trkpt lat="46.366239" lon="12.555370">
<ele>2428.910156</ele>
<time>2022-08-16T11:10:04.416Z</time>
<extensions>
<gpxtpx:TrackPointExtension>
<gpxtpx:speed>0.410137</gpxtpx:speed>
</gpxtpx:TrackPointExtension>
</extensions>
</trkpt>
<trkpt lat="46.366265" lon="12.555333">
<ele>2430.191895</ele>
<time>2022-08-16T11:10:14.459Z</time>
<extensions>
<gpxtpx:TrackPointExtension>
<gpxtpx:speed>0.449545</gpxtpx:speed>
</gpxtpx:TrackPointExtension>
</extensions>
</trkpt>
<trkpt lat="46.366250" lon="12.555267">
<ele>2430.740479</ele>
<time>2022-08-16T11:10:24.489Z</time>
<extensions>
<gpxtpx:TrackPointExtension>
<gpxtpx:speed>0.363064</gpxtpx:speed>
</gpxtpx:TrackPointExtension>
</extensions>
</trkpt>
<trkpt lat="46.366231" lon="12.555242">
<ele>2431.676270</ele>
<time>2022-08-16T11:10:40.332Z</time>
<extensions>
<gpxtpx:TrackPointExtension>
<gpxtpx:speed>0.273382</gpxtpx:speed>
</gpxtpx:TrackPointExtension>
</extensions>
</trkpt>
<trkpt lat="46.366214" lon="12.555225">
<ele>2434.487549</ele>
<time>2022-08-16T11:10:50.349Z</time>
<extensions>
<gpxtpx:TrackPointExtension>
<gpxtpx:speed>0.331810</gpxtpx:speed>
</gpxtpx:TrackPointExtension>
</extensions>
</trkpt>
<trkpt lat="46.366248" lon="12.555180">
<ele>2436.766113</ele>
<time>2022-08-16T11:11:01.334Z</time>
<extensions>
<gpxtpx:TrackPointExtension>
<gpxtpx:speed>0.588376</gpxtpx:speed>
</gpxtpx:TrackPointExtension>
</extensions>
</trkpt>
<trkpt lat="46.366227" lon="12.555180">
<ele>2439.667480</ele>
<time>2022-08-16T11:11:15.343Z</time>
<extensions>
<gpxtpx:TrackPointExtension>
<gpxtpx:speed>0.433129</gpxtpx:speed>
</gpxtpx:TrackPointExtension>
</extensions>
</trkpt>
<trkpt lat="46.366198" lon="12.555153">
<ele>2441.430908</ele>
<time>2022-08-16T11:11:25.355Z</time>
<extensions>
<gpxtpx:TrackPointExtension>
<gpxtpx:speed>0.531106</gpxtpx:speed>
</gpxtpx:TrackPointExtension>
</extensions>
</trkpt>
<trkpt lat="46.366191" lon="12.555143">
<ele>2441.284668</ele>
<time>2022-08-16T11:11:40.358Z</time>
<extensions>
<gpxtpx:TrackPointExtension>
<gpxtpx:speed>0.339216</gpxtpx:speed>
</gpxtpx:TrackPointExtension>
</extensions>
</trkpt>
<trkpt lat="46.366208" lon="12.555222">
<ele>2448.441895</ele>
<time>2022-08-16T11:11:55.340Z</time>
<extensions>
<gpxtpx:TrackPointExtension>
<gpxtpx:speed>0.521182</gpxtpx:speed>
</gpxtpx:TrackPointExtension>
</extensions>
</trkpt>
<trkpt lat="46.366277" lon="12.555185">
<ele>2447.109619</ele>
<time>2022-08-16T11:12:08.340Z</time>
<extensions>
<gpxtpx:TrackPointExtension>
<gpxtpx:speed>0.524015</gpxtpx:speed>
</gpxtpx:TrackPointExtension>
</extensions>
</trkpt>
<trkpt lat="46.366292" lon="12.555166">
<ele>2445.214355</ele>
<time>2022-08-16T11:12:18.361Z</time>
<extensions>
<gpxtpx:TrackPointExtension>
<gpxtpx:speed>0.597646</gpxtpx:speed>
</gpxtpx:TrackPointExtension>
</extensions>
</trkpt>
<trkpt lat="46.366355" lon="12.555251">
<ele>2447.241211</ele>
<time>2022-08-16T11:12:30.333Z</time>
<extensions>
<gpxtpx:TrackPointExtension>
<gpxtpx:speed>1.530566</gpxtpx:speed>
</gpxtpx:TrackPointExtension>
</extensions>
</trkpt>
<trkpt lat="46.366347" lon="12.555193">
<ele>2450.533691</ele>
<time>2022-08-16T11:12:45.365Z</time>
<extensions>
<gpxtpx:TrackPointExtension>
<gpxtpx:speed>0.245620</gpxtpx:speed>
</gpxtpx:TrackPointExtension>
</extensions>
</trkpt>
<trkpt lat="46.366366" lon="12.555113">
<ele>2449.458496</ele>
<time>2022-08-16T11:12:55.399Z</time>
<extensions>
<gpxtpx:TrackPointExtension>
<gpxtpx:speed>0.375060</gpxtpx:speed>
</gpxtpx:TrackPointExtension>
</extensions>
</trkpt>
<trkpt lat="46.366371" lon="12.555092">
<ele>2449.897705</ele>
<time>2022-08-16T11:13:08.327Z</time>
<extensions>
<gpxtpx:TrackPointExtension>
<gpxtpx:speed>0.211780</gpxtpx:speed>
</gpxtpx:TrackPointExtension>
</extensions>
</trkpt>
<trkpt lat="46.366378" lon="12.555075">
<ele>2448.808594</ele>
<time>2022-08-16T11:13:27.359Z</time>
<extensions>
<gpxtpx:TrackPointExtension>
<gpxtpx:speed>0.361712</gpxtpx:speed>
</gpxtpx:TrackPointExtension>
</extensions>
</trkpt>
<trkpt lat="46.366368" lon="12.555058">
<ele>2449.047607</ele>
<time>2022-08-16T11:13:41.325Z</time>
<extensions>
<gpxtpx:TrackPointExtension>
<gpxtpx:speed>0.283894</gpxtpx:speed>
</gpxtpx:TrackPointExtension>
</extensions>
</trkpt>
<trkpt lat="46.366335" lon="12.555050">
<ele>2451.800049</ele>
<time>2022-08-16T11:13:51.340Z</time>
<extensions>
<gpxtpx:TrackPointExtension>
<gpxtpx:speed>0.222293</gpxtpx:speed>
</gpxtpx:TrackPointExtension>
</extensions>
</trkpt>
<trkpt lat="46.366324" lon="12.555048">
<ele>2453.081543</ele>
<time>2022-08-16T11:14:05.326Z</time>
<extensions>
<gpxtpx:TrackPointExtension>
<gpxtpx:speed>0.237402</gpxtpx:speed>
</gpxtpx:TrackPointExtension>
</extensions>
</trkpt>
<trkpt lat="46.366310" lon="12.555025">
<ele>2454.810059</ele>
<time>2022-08-16T11:14:16.334Z</time>
<extensions>
<gpxtpx:TrackPointExtension>
<gpxtpx:speed>0.365255</gpxtpx:speed>
</gpxtpx:TrackPointExtension>
</extensions>
</trkpt>
<trkpt lat="46.366267" lon="12.555030">
<ele>2455.505859</ele>
<time>2022-08-16T11:14:31.335Z</time>
<extensions>
<gpxtpx:TrackPointExtension>
<gpxtpx:speed>0.628788</gpxtpx:speed>
</gpxtpx:TrackPointExtension>
</extensions>
</trkpt>
<trkpt lat="46.366257" lon="12.555026">
<ele>2456.133789</ele>
<time>2022-08-16T11:14:43.355Z</time>
<extensions>
<gpxtpx:TrackPointExtension>
<gpxtpx:speed>0.448054</gpxtpx:speed>
</gpxtpx:TrackPointExtension>
</extensions>
</trkpt>
<trkpt lat="46.366263" lon="12.555002">
<ele>2457.000488</ele>
<time>2022-08-16T11:14:56.355Z</time>
<extensions>
<gpxtpx:TrackPointExtension>
<gpxtpx:speed>0.271067</gpxtpx:speed>
</gpxtpx:TrackPointExtension>
</extensions>
</trkpt>
<trkpt lat="46.366247" lon="12.554961">
<ele>2457.991699</ele>
<time>2022-08-16T11:15:16.324Z</time>
<extensions>
<gpxtpx:TrackPointExtension>
<gpxtpx:speed>0.426969</gpxtpx:speed>
</gpxtpx:TrackPointExtension>
</extensions>
</trkpt>
<trkpt lat="46.366228" lon="12.554956">
<ele>2461.219971</ele>
<time>2022-08-16T11:16:17.341Z</time>
<extensions>
<gpxtpx:TrackPointExtension>
<gpxtpx:speed>0.259706</gpxtpx:speed>
</gpxtpx:TrackPointExtension>
</extensions>
</trkpt>
<trkpt lat="46.366206" lon="12.554946">
<ele>2463.385742</ele>
<time>2022-08-16T11:16:57.328Z</time>
<extensions>
<gpxtpx:TrackPointExtension>
<gpxtpx:speed>0.337788</gpxtpx:speed>
</gpxtpx:TrackPointExtension>
</extensions>
</trkpt>
<trkpt lat="46.366218" lon="12.554934">
<ele>2464.086670</ele>
<time>2022-08-16T11:17:07.331Z</time>
<extensions>
<gpxtpx:TrackPointExtension>
<gpxtpx:speed>0.516371</gpxtpx:speed>
</gpxtpx:TrackPointExtension>
</extensions>
</trkpt>
<trkpt lat="46.366227" lon="12.554958">
<ele>2464.902588</ele>
<time>2022-08-16T11:17:37.345Z</time>
<extensions>
<gpxtpx:TrackPointExtension>
<gpxtpx:speed>0.299935</gpxtpx:speed>
</gpxtpx:TrackPointExtension>
</extensions>
</trkpt>
<trkpt lat="46.366211" lon="12.554952">
<ele>2464.593750</ele>
<time>2022-08-16T11:17:55.382Z</time>
<extensions>
<gpxtpx:TrackPointExtension>
<gpxtpx:speed>1.357605</gpxtpx:speed>
</gpxtpx:TrackPointExtension>
</extensions>
</trkpt>
<trkpt lat="46.366205" lon="12.554966">
<ele>2464.468506</ele>
<time>2022-08-16T11:18:11.327Z</time>
<extensions>
<gpxtpx:TrackPointExtension>
<gpxtpx:speed>0.405404</gpxtpx:speed>
</gpxtpx:TrackPointExtension>
</extensions>
</trkpt>
<trkpt lat="46.366182" lon="12.554939">
<ele>2466.972168</ele>
<time>2022-08-16T11:18:21.328Z</time>
<extensions>
<gpxtpx:TrackPointExtension>
<gpxtpx:speed>0.304057</gpxtpx:speed>
</gpxtpx:TrackPointExtension>
</extensions>
</trkpt>
<trkpt lat="46.366155" lon="12.554943">
<ele>2465.493896</ele>
<time>2022-08-16T11:18:31.357Z</time>
<extensions>
<gpxtpx:TrackPointExtension>
<gpxtpx:speed>1.328970</gpxtpx:speed>
</gpxtpx:TrackPointExtension>
</extensions>
</trkpt>
<trkpt lat="46.366167" lon="12.555001">
<ele>2468.094238</ele>
<time>2022-08-16T11:18:42.394Z</time>
<extensions>
<gpxtpx:TrackPointExtension>
<gpxtpx:speed>0.283899</gpxtpx:speed>
</gpxtpx:TrackPointExtension>
</extensions>
</trkpt>
<trkpt lat="46.366182" lon="12.554979">
<ele>2467.251953</ele>
<time>2022-08-16T11:18:52.402Z</time>
<extensions>
<gpxtpx:TrackPointExtension>
<gpxtpx:speed>0.226019</gpxtpx:speed>
</gpxtpx:TrackPointExtension>
</extensions>
</trkpt>
<trkpt lat="46.366191" lon="12.554989">
<ele>2471.248047</ele>
<time>2022-08-16T11:19:23.322Z</time>
<extensions>
<gpxtpx:TrackPointExtension>
<gpxtpx:speed>0.203882</gpxtpx:speed>
</gpxtpx:TrackPointExtension>
</extensions>
</trkpt>
<trkpt lat="46.366203" lon="12.554980">
<ele>2469.262207</ele>
<time>2022-08-16T11:19:33.340Z</time>
<extensions>
<gpxtpx:TrackPointExtension>
<gpxtpx:speed>0.234414</gpxtpx:speed>
</gpxtpx:TrackPointExtension>
</extensions>
</trkpt>
<trkpt lat="46.366190" lon="12.554965">
<ele>2467.734863</ele>
<time>2022-08-16T11:19:43.342Z</time>
<extensions>
<gpxtpx:TrackPointExtension>
<gpxtpx:speed>0.283834</gpxtpx:speed>
</gpxtpx:TrackPointExtension>
</extensions>
</trkpt>
<trkpt lat="46.366206" lon="12.555046">
<ele>2468.143311</ele>
<time>2022-08-16T11:19:58.326Z</time>
<extensions>
<gpxtpx:TrackPointExtension>
<gpxtpx:speed>0.308707</gpxtpx:speed>
</gpxtpx:TrackPointExtension>
</extensions>
</trkpt>
<trkpt lat="46.366214" lon="12.555054">
<ele>2467.703613</ele>
<time>2022-08-16T11:20:08.329Z</time>
<extensions>
<gpxtpx:TrackPointExtension>
<gpxtpx:speed>0.230829</gpxtpx:speed>
</gpxtpx:TrackPointExtension>
</extensions>
</trkpt>
<trkpt lat="46.366198" lon="12.555003">
<ele>2465.040039</ele>
<time>2022-08-16T11:20:18.340Z</time>
<extensions>
<gpxtpx:TrackPointExtension>
<gpxtpx:speed>0.495928</gpxtpx:speed>
</gpxtpx:TrackPointExtension>
</extensions>
</trkpt>
<trkpt lat="46.366185" lon="12.554980">
<ele>2465.419678</ele>
<time>2022-08-16T11:20:28.340Z</time>
<extensions>
<gpxtpx:TrackPointExtension>
<gpxtpx:speed>0.350065</gpxtpx:speed>
</gpxtpx:TrackPointExtension>
</extensions>
</trkpt>
<trkpt lat="46.366176" lon="12.554917">
<ele>2466.191162</ele>
<time>2022-08-16T11:20:41.355Z</time>
<extensions>
<gpxtpx:TrackPointExtension>
<gpxtpx:speed>0.268681</gpxtpx:speed>
</gpxtpx:TrackPointExtension>
</extensions>
</trkpt>
<trkpt lat="46.366132" lon="12.554898">
<ele>2469.480713</ele>
<time>2022-08-16T11:20:58.342Z</time>
<extensions>
<gpxtpx:TrackPointExtension>
<gpxtpx:speed>0.373469</gpxtpx:speed>
</gpxtpx:TrackPointExtension>
</extensions>
</trkpt>
<trkpt lat="46.366088" lon="12.554889">
<ele>2472.978760</ele>
<time>2022-08-16T11:21:09.324Z</time>
<extensions>
<gpxtpx:TrackPointExtension>
<gpxtpx:speed>0.342592</gpxtpx:speed>
</gpxtpx:TrackPointExtension>
</extensions>
</trkpt>
<trkpt lat="46.366088" lon="12.554865">
<ele>2475.309570</ele>
<time>2022-08-16T11:21:19.338Z</time>
<extensions>
<gpxtpx:TrackPointExtension>
<gpxtpx:speed>0.321899</gpxtpx:speed>
</gpxtpx:TrackPointExtension>
</extensions>
</trkpt>
<trkpt lat="46.366078" lon="12.554834">
<ele>2477.198975</ele>
<time>2022-08-16T11:21:40.363Z</time>
<extensions>
<gpxtpx:TrackPointExtension>
<gpxtpx:speed>0.813214</gpxtpx:speed>
</gpxtpx:TrackPointExtension>
</extensions>
</trkpt>
<trkpt lat="46.366019" lon="12.554780">
<ele>2479.261475</ele>
<time>2022-08-16T11:21:53.426Z</time>
<extensions>
<gpxtpx:TrackPointExtension>
<gpxtpx:speed>0.586069</gpxtpx:speed>
</gpxtpx:TrackPointExtension>
</extensions>
</trkpt>
<trkpt lat="46.365980" lon="12.554704">
<ele>2480.748535</ele>
<time>2022-08-16T11:22:03.460Z</time>
<extensions>
<gpxtpx:TrackPointExtension>
<gpxtpx:speed>0.680878</gpxtpx:speed>
</gpxtpx:TrackPointExtension>
</extensions>
</trkpt>
<trkpt lat="46.365896" lon="12.554675">
<ele>2483.477539</ele>
<time>2022-08-16T11:22:14.316Z</time>
<extensions>
<gpxtpx:TrackPointExtension>
<gpxtpx:speed>0.804126</gpxtpx:speed>
</gpxtpx:TrackPointExtension>
</extensions>
</trkpt>
<trkpt lat="46.365828" lon="12.554654">
<ele>2483.791260</ele>
<time>2022-08-16T11:22:24.321Z</time>
<extensions>
<gpxtpx:TrackPointExtension>
<gpxtpx:speed>0.761704</gpxtpx:speed>
</gpxtpx:TrackPointExtension>
</extensions>
</trkpt>
<trkpt lat="46.365802" lon="12.554672">
<ele>2486.522461</ele>
<time>2022-08-16T11:22:34.369Z</time>
<extensions>
<gpxtpx:TrackPointExtension>
<gpxtpx:speed>0.806026</gpxtpx:speed>
</gpxtpx:TrackPointExtension>
</extensions>
</trkpt>
<trkpt lat="46.365819" lon="12.554681">
<ele>2488.446777</ele>
<time>2022-08-16T11:22:53.333Z</time>
<extensions>
<gpxtpx:TrackPointExtension>
<gpxtpx:speed>0.294918</gpxtpx:speed>
</gpxtpx:TrackPointExtension>
</extensions>
</trkpt>
<trkpt lat="46.365814" lon="12.554670">
<ele>2489.347168</ele>
<time>2022-08-16T11:23:13.339Z</time>
<extensions>
<gpxtpx:TrackPointExtension>
<gpxtpx:speed>0.297929</gpxtpx:speed>
</gpxtpx:TrackPointExtension>
</extensions>
</trkpt>
<trkpt lat="46.365805" lon="12.554676">
<ele>2489.414063</ele>
<time>2022-08-16T11:23:37.330Z</time>
<extensions>
<gpxtpx:TrackPointExtension>
<gpxtpx:speed>1.622753</gpxtpx:speed>
</gpxtpx:TrackPointExtension>
</extensions>
</trkpt>
<trkpt lat="46.365759" lon="12.554634">
<ele>2487.982178</ele>
<time>2022-08-16T11:23:49.322Z</time>
<extensions>
<gpxtpx:TrackPointExtension>
<gpxtpx:speed>0.863085</gpxtpx:speed>
</gpxtpx:TrackPointExtension>
</extensions>
</trkpt>
<trkpt lat="46.365721" lon="12.554541">
<ele>2493.049316</ele>
<time>2022-08-16T11:24:04.306Z</time>
<extensions>
<gpxtpx:TrackPointExtension>
<gpxtpx:speed>0.485733</gpxtpx:speed>
</gpxtpx:TrackPointExtension>
</extensions>
</trkpt>
<trkpt lat="46.365700" lon="12.554537">
<ele>2493.875000</ele>
<time>2022-08-16T11:24:28.331Z</time>
<extensions>
<gpxtpx:TrackPointExtension>
<gpxtpx:speed>0.694442</gpxtpx:speed>
</gpxtpx:TrackPointExtension>
</extensions>
</trkpt>
<trkpt lat="46.365685" lon="12.554488">
<ele>2497.628906</ele>
<time>2022-08-16T11:24:39.382Z</time>
<extensions>
<gpxtpx:TrackPointExtension>
<gpxtpx:speed>0.420572</gpxtpx:speed>
</gpxtpx:TrackPointExtension>
</extensions>
</trkpt>
<trkpt lat="46.365670" lon="12.554451">
<ele>2496.807861</ele>
<time>2022-08-16T11:24:49.427Z</time>
<extensions>
<gpxtpx:TrackPointExtension>
<gpxtpx:speed>0.623089</gpxtpx:speed>
</gpxtpx:TrackPointExtension>
</extensions>
</trkpt>
<trkpt lat="46.365657" lon="12.554470">
<ele>2497.806885</ele>
<time>2022-08-16T11:24:59.454Z</time>
<extensions>
<gpxtpx:TrackPointExtension>
<gpxtpx:speed>0.370967</gpxtpx:speed>
</gpxtpx:TrackPointExtension>
</extensions>
</trkpt>
<trkpt lat="46.365644" lon="12.554480">
<ele>2497.903809</ele>
<time>2022-08-16T11:25:09.487Z</time>
<extensions>
<gpxtpx:TrackPointExtension>
<gpxtpx:speed>0.247118</gpxtpx:speed>
</gpxtpx:TrackPointExtension>
</extensions>
</trkpt>
<trkpt lat="46.365605" lon="12.554489">
<ele>2495.970947</ele>
<time>2022-08-16T11:25:20.339Z</time>
<extensions>
<gpxtpx:TrackPointExtension>
<gpxtpx:speed>0.665154</gpxtpx:speed>
</gpxtpx:TrackPointExtension>
</extensions>
</trkpt>
<trkpt lat="46.365577" lon="12.554463">
<ele>2498.341553</ele>
<time>2022-08-16T11:25:33.339Z</time>
<extensions>
<gpxtpx:TrackPointExtension>
<gpxtpx:speed>0.285776</gpxtpx:speed>
</gpxtpx:TrackPointExtension>
</extensions>
</trkpt>
<trkpt lat="46.365556" lon="12.554456">
<ele>2499.431152</ele>
<time>2022-08-16T11:25:45.337Z</time>
<extensions>
<gpxtpx:TrackPointExtension>
<gpxtpx:speed>0.203876</gpxtpx:speed>
</gpxtpx:TrackPointExtension>
</extensions>
</trkpt>
<trkpt lat="46.365546" lon="12.554397">
<ele>2499.728760</ele>
<time>2022-08-16T11:25:55.338Z</time>
<extensions>
<gpxtpx:TrackPointExtension>
<gpxtpx:speed>0.738053</gpxtpx:speed>
</gpxtpx:TrackPointExtension>
</extensions>
</trkpt>
<trkpt lat="46.365478" lon="12.554327">
<ele>2501.235840</ele>
<time>2022-08-16T11:26:05.341Z</time>
<extensions>
<gpxtpx:TrackPointExtension>
<gpxtpx:speed>0.913634</gpxtpx:speed>
</gpxtpx:TrackPointExtension>
</extensions>
</trkpt>
<trkpt lat="46.365463" lon="12.554202">
<ele>2504.063232</ele>
<time>2022-08-16T11:26:20.332Z</time>
<extensions>
<gpxtpx:TrackPointExtension>
<gpxtpx:speed>0.560304</gpxtpx:speed>
</gpxtpx:TrackPointExtension>
</extensions>
</trkpt>
<trkpt lat="46.365412" lon="12.554158">
<ele>2507.750000</ele>
<time>2022-08-16T11:26:30.362Z</time>
<extensions>
<gpxtpx:TrackPointExtension>
<gpxtpx:speed>0.608306</gpxtpx:speed>
</gpxtpx:TrackPointExtension>
</extensions>
</trkpt>
<trkpt lat="46.365329" lon="12.554090">
<ele>2506.781982</ele>
<time>2022-08-16T11:26:45.368Z</time>
<extensions>
<gpxtpx:TrackPointExtension>
<gpxtpx:speed>0.664329</gpxtpx:speed>
</gpxtpx:TrackPointExtension>
</extensions>
</trkpt>
<trkpt lat="46.365262" lon="12.554055">
<ele>2510.092041</ele>
<time>2022-08-16T11:26:57.338Z</time>
<extensions>
<gpxtpx:TrackPointExtension>
<gpxtpx:speed>0.508538</gpxtpx:speed>
</gpxtpx:TrackPointExtension>
</extensions>
</trkpt>
<trkpt lat="46.365223" lon="12.553976">
<ele>2512.495361</ele>
<time>2022-08-16T11:27:10.324Z</time>
<extensions>
<gpxtpx:TrackPointExtension>
<gpxtpx:speed>0.608618</gpxtpx:speed>
</gpxtpx:TrackPointExtension>
</extensions>
</trkpt>
<trkpt lat="46.365229" lon="12.553896">
<ele>2514.483154</ele>
<time>2022-08-16T11:27:25.351Z</time>
<extensions>
<gpxtpx:TrackPointExtension>
<gpxtpx:speed>0.524251</gpxtpx:speed>
</gpxtpx:TrackPointExtension>
</extensions>
</trkpt>
<trkpt lat="46.365207" lon="12.553806">
<ele>2519.256836</ele>
<time>2022-08-16T11:27:40.327Z</time>
<extensions>
<gpxtpx:TrackPointExtension>
<gpxtpx:speed>0.645020</gpxtpx:speed>
</gpxtpx:TrackPointExtension>
</extensions>
</trkpt>
<trkpt lat="46.365158" lon="12.553740">
<ele>2521.487305</ele>
<time>2022-08-16T11:27:50.357Z</time>
<extensions>
<gpxtpx:TrackPointExtension>
<gpxtpx:speed>0.783256</gpxtpx:speed>
</gpxtpx:TrackPointExtension>
</extensions>
</trkpt>
<trkpt lat="46.365082" lon="12.553692">
<ele>2521.968262</ele>
<time>2022-08-16T11:28:00.385Z</time>
<extensions>
<gpxtpx:TrackPointExtension>
<gpxtpx:speed>0.926721</gpxtpx:speed>
</gpxtpx:TrackPointExtension>
</extensions>
</trkpt>
<trkpt lat="46.364987" lon="12.553645">
<ele>2523.810303</ele>
<time>2022-08-16T11:28:10.413Z</time>
<extensions>
<gpxtpx:TrackPointExtension>
<gpxtpx:speed>0.967815</gpxtpx:speed>
</gpxtpx:TrackPointExtension>
</extensions>
</trkpt>
<trkpt lat="46.364915" lon="12.553574">
<ele>2523.933594</ele>
<time>2022-08-16T11:28:20.461Z</time>
<extensions>
<gpxtpx:TrackPointExtension>
<gpxtpx:speed>0.865176</gpxtpx:speed>
</gpxtpx:TrackPointExtension>
</extensions>
</trkpt>
<trkpt lat="46.364869" lon="12.553553">
<ele>2526.320557</ele>
<time>2022-08-16T11:28:31.340Z</time>
<extensions>
<gpxtpx:TrackPointExtension>
<gpxtpx:speed>0.524296</gpxtpx:speed>
</gpxtpx:TrackPointExtension>
</extensions>
</trkpt>
<trkpt lat="46.364840" lon="12.553541">
<ele>2525.110352</ele>
<time>2022-08-16T11:28:41.355Z</time>
<extensions>
<gpxtpx:TrackPointExtension>
<gpxtpx:speed>0.438991</gpxtpx:speed>
</gpxtpx:TrackPointExtension>
</extensions>
</trkpt>
<trkpt lat="46.364825" lon="12.553552">
<ele>2525.454834</ele>
<time>2022-08-16T11:28:51.360Z</time>
<extensions>
<gpxtpx:TrackPointExtension>
<gpxtpx:speed>0.328068</gpxtpx:speed>
</gpxtpx:TrackPointExtension>
</extensions>
</trkpt>
<trkpt lat="46.364836" lon="12.553547">
<ele>2526.039795</ele>
<time>2022-08-16T11:29:09.334Z</time>
<extensions>
<gpxtpx:TrackPointExtension>
<gpxtpx:speed>0.283208</gpxtpx:speed>
</gpxtpx:TrackPointExtension>
</extensions>
</trkpt>
<trkpt lat="46.364854" lon="12.553550">
<ele>2526.024414</ele>
<time>2022-08-16T11:29:39.290Z</time>
<extensions>
<gpxtpx:TrackPointExtension>
<gpxtpx:speed>0.078862</gpxtpx:speed>
</gpxtpx:TrackPointExtension>
</extensions>
</trkpt>
</trkseg>
<trkseg>
<trkpt lat="46.366627" lon="12.557127">
<ele>2354.415771</ele>
<time>2022-08-16T12:30:54.424Z</time>
<extensions>
<gpxtpx:TrackPointExtension>
<gpxtpx:speed>0.549453</gpxtpx:speed>
</gpxtpx:TrackPointExtension>
</extensions>
</trkpt>
<trkpt lat="46.366639" lon="12.557181">
<ele>2351.468750</ele>
<time>2022-08-16T12:31:04.467Z</time>
<extensions>
<gpxtpx:TrackPointExtension>
<gpxtpx:speed>0.819211</gpxtpx:speed>
</gpxtpx:TrackPointExtension>
</extensions>
</trkpt>
<trkpt lat="46.366705" lon="12.557299">
<ele>2350.337402</ele>
<time>2022-08-16T12:31:15.346Z</time>
<extensions>
<gpxtpx:TrackPointExtension>
<gpxtpx:speed>1.063300</gpxtpx:speed>
</gpxtpx:TrackPointExtension>
</extensions>
</trkpt>
<trkpt lat="46.366708" lon="12.557363">
<ele>2346.883789</ele>
<time>2022-08-16T12:31:30.333Z</time>
<extensions>
<gpxtpx:TrackPointExtension>
<gpxtpx:speed>0.381986</gpxtpx:speed>
</gpxtpx:TrackPointExtension>
</extensions>
</trkpt>
<trkpt lat="46.366716" lon="12.557383">
<ele>2347.464600</ele>
<time>2022-08-16T12:31:40.347Z</time>
<extensions>
<gpxtpx:TrackPointExtension>
<gpxtpx:speed>0.340234</gpxtpx:speed>
</gpxtpx:TrackPointExtension>
</extensions>
</trkpt>
<trkpt lat="46.366707" lon="12.557436">
<ele>2345.857666</ele>
<time>2022-08-16T12:31:51.344Z</time>
<extensions>
<gpxtpx:TrackPointExtension>
<gpxtpx:speed>0.490314</gpxtpx:speed>
</gpxtpx:TrackPointExtension>
</extensions>
</trkpt>
<trkpt lat="46.366706" lon="12.557454">
<ele>2343.374023</ele>
<time>2022-08-16T12:32:11.320Z</time>
<extensions>
<gpxtpx:TrackPointExtension>
<gpxtpx:speed>0.399682</gpxtpx:speed>
</gpxtpx:TrackPointExtension>
</extensions>
</trkpt>
<trkpt lat="46.366715" lon="12.557539">
<ele>2341.715332</ele>
<time>2022-08-16T12:32:25.332Z</time>
<extensions>
<gpxtpx:TrackPointExtension>
<gpxtpx:speed>0.515394</gpxtpx:speed>
</gpxtpx:TrackPointExtension>
</extensions>
</trkpt>
<trkpt lat="46.366751" lon="12.557583">
<ele>2342.027100</ele>
<time>2022-08-16T12:32:35.356Z</time>
<extensions>
<gpxtpx:TrackPointExtension>
<gpxtpx:speed>0.652133</gpxtpx:speed>
</gpxtpx:TrackPointExtension>
</extensions>
</trkpt>
<trkpt lat="46.366739" lon="12.557600">
<ele>2341.178223</ele>
<time>2022-08-16T12:32:48.309Z</time>
<extensions>
<gpxtpx:TrackPointExtension>
<gpxtpx:speed>0.421613</gpxtpx:speed>
</gpxtpx:TrackPointExtension>
</extensions>
</trkpt>
<trkpt lat="46.366738" lon="12.557645">
<ele>2340.890625</ele>
<time>2022-08-16T12:33:00.343Z</time>
<extensions>
<gpxtpx:TrackPointExtension>
<gpxtpx:speed>0.776733</gpxtpx:speed>
</gpxtpx:TrackPointExtension>
</extensions>
</trkpt>
<trkpt lat="46.366837" lon="12.557682">
<ele>2340.261719</ele>
<time>2022-08-16T12:33:15.323Z</time>
<extensions>
<gpxtpx:TrackPointExtension>
<gpxtpx:speed>0.999237</gpxtpx:speed>
</gpxtpx:TrackPointExtension>
</extensions>
</trkpt>
<trkpt lat="46.366809" lon="12.557708">
<ele>2336.726807</ele>
<time>2022-08-16T12:33:47.339Z</time>
<extensions>
<gpxtpx:TrackPointExtension>
<gpxtpx:speed>0.238102</gpxtpx:speed>
</gpxtpx:TrackPointExtension>
</extensions>
</trkpt>
<trkpt lat="46.366811" lon="12.557725">
<ele>2337.938232</ele>
<time>2022-08-16T12:36:34.329Z</time>
<extensions>
<gpxtpx:TrackPointExtension>
<gpxtpx:speed>0.436265</gpxtpx:speed>
</gpxtpx:TrackPointExtension>
</extensions>
</trkpt>
<trkpt lat="46.366847" lon="12.557824">
<ele>2339.853516</ele>
<time>2022-08-16T12:36:44.336Z</time>
<extensions>
<gpxtpx:TrackPointExtension>
<gpxtpx:speed>0.783947</gpxtpx:speed>
</gpxtpx:TrackPointExtension>
</extensions>
</trkpt>
<trkpt lat="46.366887" lon="12.557935">
<ele>2345.331299</ele>
<time>2022-08-16T12:36:56.385Z</time>
<extensions>
<gpxtpx:TrackPointExtension>
<gpxtpx:speed>0.787092</gpxtpx:speed>
</gpxtpx:TrackPointExtension>
</extensions>
</trkpt>
<trkpt lat="46.366893" lon="12.557996">
<ele>2341.291504</ele>
<time>2022-08-16T12:37:06.392Z</time>
<extensions>
<gpxtpx:TrackPointExtension>
<gpxtpx:speed>0.707818</gpxtpx:speed>
</gpxtpx:TrackPointExtension>
</extensions>
</trkpt>
<trkpt lat="46.366947" lon="12.558033">
<ele>2338.266113</ele>
<time>2022-08-16T12:37:16.405Z</time>
<extensions>
<gpxtpx:TrackPointExtension>
<gpxtpx:speed>0.791186</gpxtpx:speed>
</gpxtpx:TrackPointExtension>
</extensions>
</trkpt>
<trkpt lat="46.366992" lon="12.558073">
<ele>2336.009766</ele>
<time>2022-08-16T12:37:26.454Z</time>
<extensions>
<gpxtpx:TrackPointExtension>
<gpxtpx:speed>0.711936</gpxtpx:speed>
</gpxtpx:TrackPointExtension>
</extensions>
</trkpt>
<trkpt lat="46.367047" lon="12.558109">
<ele>2334.811279</ele>
<time>2022-08-16T12:37:36.492Z</time>
<extensions>
<gpxtpx:TrackPointExtension>
<gpxtpx:speed>0.950911</gpxtpx:speed>
</gpxtpx:TrackPointExtension>
</extensions>
</trkpt>
<trkpt lat="46.367069" lon="12.558171">
<ele>2334.706055</ele>
<time>2022-08-16T12:37:47.324Z</time>
<extensions>
<gpxtpx:TrackPointExtension>
<gpxtpx:speed>0.375491</gpxtpx:speed>
</gpxtpx:TrackPointExtension>
</extensions>
</trkpt>
<trkpt lat="46.367085" lon="12.558213">
<ele>2332.234375</ele>
<time>2022-08-16T12:37:57.341Z</time>
<extensions>
<gpxtpx:TrackPointExtension>
<gpxtpx:speed>0.429827</gpxtpx:speed>
</gpxtpx:TrackPointExtension>
</extensions>
</trkpt>
<trkpt lat="46.367086" lon="12.558229">
<ele>2332.605713</ele>
<time>2022-08-16T12:38:11.348Z</time>
<extensions>
<gpxtpx:TrackPointExtension>
<gpxtpx:speed>0.463949</gpxtpx:speed>
</gpxtpx:TrackPointExtension>
</extensions>
</trkpt>
<trkpt lat="46.367102" lon="12.558243">
<ele>2331.818848</ele>
<time>2022-08-16T12:38:22.340Z</time>
<extensions>
<gpxtpx:TrackPointExtension>
<gpxtpx:speed>0.205673</gpxtpx:speed>
</gpxtpx:TrackPointExtension>
</extensions>
</trkpt>
<trkpt lat="46.367110" lon="12.558264">
<ele>2330.378906</ele>
<time>2022-08-16T12:38:47.341Z</time>
<extensions>
<gpxtpx:TrackPointExtension>
<gpxtpx:speed>0.322326</gpxtpx:speed>
</gpxtpx:TrackPointExtension>
</extensions>
</trkpt>
<trkpt lat="46.367138" lon="12.558317">
<ele>2331.437744</ele>
<time>2022-08-16T12:38:59.384Z</time>
<extensions>
<gpxtpx:TrackPointExtension>
<gpxtpx:speed>0.646915</gpxtpx:speed>
</gpxtpx:TrackPointExtension>
</extensions>
</trkpt>
<trkpt lat="46.367164" lon="12.558365">
<ele>2331.703857</ele>
<time>2022-08-16T12:39:12.323Z</time>
<extensions>
<gpxtpx:TrackPointExtension>
<gpxtpx:speed>0.257374</gpxtpx:speed>
</gpxtpx:TrackPointExtension>
</extensions>
</trkpt>
<trkpt lat="46.367217" lon="12.558380">
<ele>2329.513428</ele>
<time>2022-08-16T12:39:22.340Z</time>
<extensions>
<gpxtpx:TrackPointExtension>
<gpxtpx:speed>0.590342</gpxtpx:speed>
</gpxtpx:TrackPointExtension>
</extensions>
</trkpt>
<trkpt lat="46.367250" lon="12.558369">
<ele>2329.874512</ele>
<time>2022-08-16T12:39:37.340Z</time>
<extensions>
<gpxtpx:TrackPointExtension>
<gpxtpx:speed>0.422506</gpxtpx:speed>
</gpxtpx:TrackPointExtension>
</extensions>
</trkpt>
<trkpt lat="46.367261" lon="12.558347">
<ele>2332.671387</ele>
<time>2022-08-16T12:40:02.327Z</time>
<extensions>
<gpxtpx:TrackPointExtension>
<gpxtpx:speed>0.310888</gpxtpx:speed>
</gpxtpx:TrackPointExtension>
</extensions>
</trkpt>
<trkpt lat="46.367293" lon="12.558363">
<ele>2332.263428</ele>
<time>2022-08-16T12:40:12.381Z</time>
<extensions>
<gpxtpx:TrackPointExtension>
<gpxtpx:speed>0.355881</gpxtpx:speed>
</gpxtpx:TrackPointExtension>
</extensions>
</trkpt>
<trkpt lat="46.367313" lon="12.558350">
<ele>2331.709229</ele>
<time>2022-08-16T12:40:22.420Z</time>
<extensions>
<gpxtpx:TrackPointExtension>
<gpxtpx:speed>0.848184</gpxtpx:speed>
</gpxtpx:TrackPointExtension>
</extensions>
</trkpt>
<trkpt lat="46.367279" lon="12.558281">
<ele>2331.634033</ele>
<time>2022-08-16T12:40:32.491Z</time>
<extensions>
<gpxtpx:TrackPointExtension>
<gpxtpx:speed>0.505726</gpxtpx:speed>
</gpxtpx:TrackPointExtension>
</extensions>
</trkpt>
<trkpt lat="46.367249" lon="12.558217">
<ele>2335.177490</ele>
<time>2022-08-16T12:40:43.332Z</time>
<extensions>
<gpxtpx:TrackPointExtension>
<gpxtpx:speed>0.348301</gpxtpx:speed>
</gpxtpx:TrackPointExtension>
</extensions>
</trkpt>
<trkpt lat="46.367262" lon="12.558156">
<ele>2336.913818</ele>
<time>2022-08-16T12:40:53.335Z</time>
<extensions>
<gpxtpx:TrackPointExtension>
<gpxtpx:speed>1.339758</gpxtpx:speed>
</gpxtpx:TrackPointExtension>
</extensions>
</trkpt>
<trkpt lat="46.367257" lon="12.558199">
<ele>2330.964600</ele>
<time>2022-08-16T12:41:03.345Z</time>
<extensions>
<gpxtpx:TrackPointExtension>
<gpxtpx:speed>0.293284</gpxtpx:speed>
</gpxtpx:TrackPointExtension>
</extensions>
</trkpt>
<trkpt lat="46.367307" lon="12.558145">
<ele>2326.714600</ele>
<time>2022-08-16T12:41:18.329Z</time>
<extensions>
<gpxtpx:TrackPointExtension>
<gpxtpx:speed>0.660385</gpxtpx:speed>
</gpxtpx:TrackPointExtension>
</extensions>
</trkpt>
<trkpt lat="46.367356" lon="12.558142">
<ele>2325.776123</ele>
<time>2022-08-16T12:41:28.330Z</time>
<extensions>
<gpxtpx:TrackPointExtension>
<gpxtpx:speed>0.866531</gpxtpx:speed>
</gpxtpx:TrackPointExtension>
</extensions>
</trkpt>
<trkpt lat="46.367433" lon="12.558133">
<ele>2325.384033</ele>
<time>2022-08-16T12:41:38.360Z</time>
<extensions>
<gpxtpx:TrackPointExtension>
<gpxtpx:speed>1.052660</gpxtpx:speed>
</gpxtpx:TrackPointExtension>
</extensions>
</trkpt>
<trkpt lat="46.367484" lon="12.558156">
<ele>2314.516113</ele>
<time>2022-08-16T12:41:53.352Z</time>
<extensions>
<gpxtpx:TrackPointExtension>
<gpxtpx:speed>0.432109</gpxtpx:speed>
</gpxtpx:TrackPointExtension>
</extensions>
</trkpt>
<trkpt lat="46.367543" lon="12.558147">
<ele>2308.749023</ele>
<time>2022-08-16T12:42:03.374Z</time>
<extensions>
<gpxtpx:TrackPointExtension>
<gpxtpx:speed>0.735548</gpxtpx:speed>
</gpxtpx:TrackPointExtension>
</extensions>
</trkpt>
<trkpt lat="46.367594" lon="12.558145">
<ele>2303.084961</ele>
<time>2022-08-16T12:42:15.328Z</time>
<extensions>
<gpxtpx:TrackPointExtension>
<gpxtpx:speed>0.451106</gpxtpx:speed>
</gpxtpx:TrackPointExtension>
</extensions>
</trkpt>
<trkpt lat="46.367670" lon="12.558177">
<ele>2300.092529</ele>
<time>2022-08-16T12:42:28.350Z</time>
<extensions>
<gpxtpx:TrackPointExtension>
<gpxtpx:speed>0.677895</gpxtpx:speed>
</gpxtpx:TrackPointExtension>
</extensions>
</trkpt>
<trkpt lat="46.367748" lon="12.558192">
<ele>2292.157471</ele>
<time>2022-08-16T12:42:38.371Z</time>
<extensions>
<gpxtpx:TrackPointExtension>
<gpxtpx:speed>0.925755</gpxtpx:speed>
</gpxtpx:TrackPointExtension>
</extensions>
</trkpt>
<trkpt lat="46.367816" lon="12.558134">
<ele>2295.362549</ele>
<time>2022-08-16T12:42:53.327Z</time>
<extensions>
<gpxtpx:TrackPointExtension>
<gpxtpx:speed>0.679049</gpxtpx:speed>
</gpxtpx:TrackPointExtension>
</extensions>
</trkpt>
<trkpt lat="46.367880" lon="12.558114">
<ele>2294.492188</ele>
<time>2022-08-16T12:43:04.383Z</time>
<extensions>
<gpxtpx:TrackPointExtension>
<gpxtpx:speed>1.051571</gpxtpx:speed>
</gpxtpx:TrackPointExtension>
</extensions>
</trkpt>
<trkpt lat="46.367946" lon="12.557988">
<ele>2296.527100</ele>
<time>2022-08-16T12:43:18.316Z</time>
<extensions>
<gpxtpx:TrackPointExtension>
<gpxtpx:speed>1.055133</gpxtpx:speed>
</gpxtpx:TrackPointExtension>
</extensions>
</trkpt>
<trkpt lat="46.367973" lon="12.557988">
<ele>2292.459961</ele>
<time>2022-08-16T12:43:28.372Z</time>
<extensions>
<gpxtpx:TrackPointExtension>
<gpxtpx:speed>0.588128</gpxtpx:speed>
</gpxtpx:TrackPointExtension>
</extensions>
</trkpt>
<trkpt lat="46.367980" lon="12.557964">
<ele>2289.797363</ele>
<time>2022-08-16T12:43:38.401Z</time>
<extensions>
<gpxtpx:TrackPointExtension>
<gpxtpx:speed>0.747020</gpxtpx:speed>
</gpxtpx:TrackPointExtension>
</extensions>
</trkpt>
<trkpt lat="46.368019" lon="12.557927">
<ele>2287.542725</ele>
<time>2022-08-16T12:43:48.452Z</time>
<extensions>
<gpxtpx:TrackPointExtension>
<gpxtpx:speed>0.742891</gpxtpx:speed>
</gpxtpx:TrackPointExtension>
</extensions>
</trkpt>
<trkpt lat="46.368079" lon="12.557893">
<ele>2288.612061</ele>
<time>2022-08-16T12:43:59.345Z</time>
<extensions>
<gpxtpx:TrackPointExtension>
<gpxtpx:speed>1.431821</gpxtpx:speed>
</gpxtpx:TrackPointExtension>
</extensions>
</trkpt>
<trkpt lat="46.368107" lon="12.557849">
<ele>2290.159180</ele>
<time>2022-08-16T12:44:11.328Z</time>
<extensions>
<gpxtpx:TrackPointExtension>
<gpxtpx:speed>0.601848</gpxtpx:speed>
</gpxtpx:TrackPointExtension>
</extensions>
</trkpt>
<trkpt lat="46.368099" lon="12.557859">
<ele>2290.025879</ele>
<time>2022-08-16T12:44:24.318Z</time>
<extensions>
<gpxtpx:TrackPointExtension>
<gpxtpx:speed>0.208769</gpxtpx:speed>
</gpxtpx:TrackPointExtension>
</extensions>
</trkpt>
<trkpt lat="46.368157" lon="12.557842">
<ele>2288.993164</ele>
<time>2022-08-16T12:44:37.313Z</time>
<extensions>
<gpxtpx:TrackPointExtension>
<gpxtpx:speed>0.791025</gpxtpx:speed>
</gpxtpx:TrackPointExtension>
</extensions>
</trkpt>
<trkpt lat="46.368176" lon="12.557843">
<ele>2284.164551</ele>
<time>2022-08-16T12:44:52.356Z</time>
<extensions>
<gpxtpx:TrackPointExtension>
<gpxtpx:speed>0.230054</gpxtpx:speed>
</gpxtpx:TrackPointExtension>
</extensions>
</trkpt>
<trkpt lat="46.368224" lon="12.557754">
<ele>2280.854736</ele>
<time>2022-08-16T12:45:07.333Z</time>
<extensions>
<gpxtpx:TrackPointExtension>
<gpxtpx:speed>1.388033</gpxtpx:speed>
</gpxtpx:TrackPointExtension>
</extensions>
</trkpt>
<trkpt lat="46.368309" lon="12.557649">
<ele>2278.420898</ele>
<time>2022-08-16T12:45:17.334Z</time>
<extensions>
<gpxtpx:TrackPointExtension>
<gpxtpx:speed>1.283468</gpxtpx:speed>
</gpxtpx:TrackPointExtension>
</extensions>
</trkpt>
<trkpt lat="46.368335" lon="12.557521">
<ele>2275.610596</ele>
<time>2022-08-16T12:45:27.361Z</time>
<extensions>
<gpxtpx:TrackPointExtension>
<gpxtpx:speed>1.207177</gpxtpx:speed>
</gpxtpx:TrackPointExtension>
</extensions>
</trkpt>
<trkpt lat="46.368365" lon="12.557320">
<ele>2271.499512</ele>
<time>2022-08-16T12:45:42.323Z</time>
<extensions>
<gpxtpx:TrackPointExtension>
<gpxtpx:speed>1.345711</gpxtpx:speed>
</gpxtpx:TrackPointExtension>
</extensions>
</trkpt>
<trkpt lat="46.368373" lon="12.557165">
<ele>2268.227051</ele>
<time>2022-08-16T12:45:52.326Z</time>
<extensions>
<gpxtpx:TrackPointExtension>
<gpxtpx:speed>1.210092</gpxtpx:speed>
</gpxtpx:TrackPointExtension>
</extensions>
</trkpt>
<trkpt lat="46.368359" lon="12.557036">
<ele>2264.201172</ele>
<time>2022-08-16T12:46:02.327Z</time>
<extensions>
<gpxtpx:TrackPointExtension>
<gpxtpx:speed>1.534847</gpxtpx:speed>
</gpxtpx:TrackPointExtension>
</extensions>
</trkpt>
<trkpt lat="46.368313" lon="12.556953">
<ele>2262.830811</ele>
<time>2022-08-16T12:46:12.371Z</time>
<extensions>
<gpxtpx:TrackPointExtension>
<gpxtpx:speed>0.782354</gpxtpx:speed>
</gpxtpx:TrackPointExtension>
</extensions>
</trkpt>
<trkpt lat="46.368286" lon="12.556893">
<ele>2260.654785</ele>
<time>2022-08-16T12:46:22.401Z</time>
<extensions>
<gpxtpx:TrackPointExtension>
<gpxtpx:speed>0.805657</gpxtpx:speed>
</gpxtpx:TrackPointExtension>
</extensions>
</trkpt>
<trkpt lat="46.368290" lon="12.556861">
<ele>2260.344238</ele>
<time>2022-08-16T12:46:32.435Z</time>
<extensions>
<gpxtpx:TrackPointExtension>
<gpxtpx:speed>0.759998</gpxtpx:speed>
</gpxtpx:TrackPointExtension>
</extensions>
</trkpt>
<trkpt lat="46.368301" lon="12.556861">
<ele>2260.263428</ele>
<time>2022-08-16T12:46:56.321Z</time>
<extensions>
<gpxtpx:TrackPointExtension>
<gpxtpx:speed>0.209534</gpxtpx:speed>
</gpxtpx:TrackPointExtension>
</extensions>
</trkpt>
<trkpt lat="46.368309" lon="12.556897">
<ele>2261.960938</ele>
<time>2022-08-16T12:47:29.315Z</time>
<extensions>
<gpxtpx:TrackPointExtension>
<gpxtpx:speed>0.216221</gpxtpx:speed>
</gpxtpx:TrackPointExtension>
</extensions>
</trkpt>
<trkpt lat="46.368305" lon="12.556915">
<ele>2261.486328</ele>
<time>2022-08-16T12:47:53.315Z</time>
<extensions>
<gpxtpx:TrackPointExtension>
<gpxtpx:speed>0.288112</gpxtpx:speed>
</gpxtpx:TrackPointExtension>
</extensions>
</trkpt>
<trkpt lat="46.368317" lon="12.556926">
<ele>2261.846436</ele>
<time>2022-08-16T12:48:38.333Z</time>
<extensions>
<gpxtpx:TrackPointExtension>
<gpxtpx:speed>0.293899</gpxtpx:speed>
</gpxtpx:TrackPointExtension>
</extensions>
</trkpt>
<trkpt lat="46.368308" lon="12.556967">
<ele>2262.292236</ele>
<time>2022-08-16T12:48:48.338Z</time>
<extensions>
<gpxtpx:TrackPointExtension>
<gpxtpx:speed>1.443516</gpxtpx:speed>
</gpxtpx:TrackPointExtension>
</extensions>
</trkpt>
<trkpt lat="46.368304" lon="12.557169">
<ele>2259.472900</ele>
<time>2022-08-16T12:48:58.345Z</time>
<extensions>
<gpxtpx:TrackPointExtension>
<gpxtpx:speed>1.273622</gpxtpx:speed>
</gpxtpx:TrackPointExtension>
</extensions>
</trkpt>
<trkpt lat="46.368234" lon="12.557325">
<ele>2257.550049</ele>
<time>2022-08-16T12:49:08.347Z</time>
<extensions>
<gpxtpx:TrackPointExtension>
<gpxtpx:speed>1.374619</gpxtpx:speed>
</gpxtpx:TrackPointExtension>
</extensions>
</trkpt>
<trkpt lat="46.368178" lon="12.557219">
<ele>2256.275879</ele>
<time>2022-08-16T12:49:18.352Z</time>
<extensions>
<gpxtpx:TrackPointExtension>
<gpxtpx:speed>1.027209</gpxtpx:speed>
</gpxtpx:TrackPointExtension>
</extensions>
</trkpt>
<trkpt lat="46.368185" lon="12.557064">
<ele>2249.894775</ele>
<time>2022-08-16T12:49:28.387Z</time>
<extensions>
<gpxtpx:TrackPointExtension>
<gpxtpx:speed>1.160785</gpxtpx:speed>
</gpxtpx:TrackPointExtension>
</extensions>
</trkpt>
<trkpt lat="46.368157" lon="12.556860">
<ele>2244.364014</ele>
<time>2022-08-16T12:49:43.385Z</time>
<extensions>
<gpxtpx:TrackPointExtension>
<gpxtpx:speed>1.249920</gpxtpx:speed>
</gpxtpx:TrackPointExtension>
</extensions>
</trkpt>
<trkpt lat="46.368134" lon="12.556758">
<ele>2243.804199</ele>
<time>2022-08-16T12:49:53.436Z</time>
<extensions>
<gpxtpx:TrackPointExtension>
<gpxtpx:speed>1.499476</gpxtpx:speed>
</gpxtpx:TrackPointExtension>
</extensions>
</trkpt>
<trkpt lat="46.368138" lon="12.556637">
<ele>2242.802246</ele>
<time>2022-08-16T12:50:03.465Z</time>
<extensions>
<gpxtpx:TrackPointExtension>
<gpxtpx:speed>1.140343</gpxtpx:speed>
</gpxtpx:TrackPointExtension>
</extensions>
</trkpt>
<trkpt lat="46.368114" lon="12.556499">
<ele>2241.141846</ele>
<time>2022-08-16T12:50:14.339Z</time>
<extensions>
<gpxtpx:TrackPointExtension>
<gpxtpx:speed>1.053185</gpxtpx:speed>
</gpxtpx:TrackPointExtension>
</extensions>
</trkpt>
<trkpt lat="46.368113" lon="12.556373">
<ele>2239.886230</ele>
<time>2022-08-16T12:50:25.324Z</time>
<extensions>
<gpxtpx:TrackPointExtension>
<gpxtpx:speed>0.970405</gpxtpx:speed>
</gpxtpx:TrackPointExtension>
</extensions>
</trkpt>
<trkpt lat="46.368173" lon="12.556249">
<ele>2243.347412</ele>
<time>2022-08-16T12:50:39.341Z</time>
<extensions>
<gpxtpx:TrackPointExtension>
<gpxtpx:speed>0.872064</gpxtpx:speed>
</gpxtpx:TrackPointExtension>
</extensions>
</trkpt>
<trkpt lat="46.368229" lon="12.556159">
<ele>2238.509033</ele>
<time>2022-08-16T12:50:49.346Z</time>
<extensions>
<gpxtpx:TrackPointExtension>
<gpxtpx:speed>1.080141</gpxtpx:speed>
</gpxtpx:TrackPointExtension>
</extensions>
</trkpt>
<trkpt lat="46.368370" lon="12.556085">
<ele>2237.513428</ele>
<time>2022-08-16T12:51:02.340Z</time>
<extensions>
<gpxtpx:TrackPointExtension>
<gpxtpx:speed>1.037526</gpxtpx:speed>
</gpxtpx:TrackPointExtension>
</extensions>
</trkpt>
<trkpt lat="46.368441" lon="12.556037">
<ele>2232.381592</ele>
<time>2022-08-16T12:51:14.357Z</time>
<extensions>
<gpxtpx:TrackPointExtension>
<gpxtpx:speed>1.069904</gpxtpx:speed>
</gpxtpx:TrackPointExtension>
</extensions>
</trkpt>
<trkpt lat="46.368511" lon="12.555943">
<ele>2228.868652</ele>
<time>2022-08-16T12:51:29.358Z</time>
<extensions>
<gpxtpx:TrackPointExtension>
<gpxtpx:speed>1.047494</gpxtpx:speed>
</gpxtpx:TrackPointExtension>
</extensions>
</trkpt>
<trkpt lat="46.368548" lon="12.555802">
<ele>2225.952881</ele>
<time>2022-08-16T12:51:41.363Z</time>
<extensions>
<gpxtpx:TrackPointExtension>
<gpxtpx:speed>0.980692</gpxtpx:speed>
</gpxtpx:TrackPointExtension>
</extensions>
</trkpt>
<trkpt lat="46.368615" lon="12.555637">
<ele>2226.788818</ele>
<time>2022-08-16T12:51:54.368Z</time>
<extensions>
<gpxtpx:TrackPointExtension>
<gpxtpx:speed>1.099679</gpxtpx:speed>
</gpxtpx:TrackPointExtension>
</extensions>
</trkpt>
<trkpt lat="46.368601" lon="12.555582">
<ele>2230.182373</ele>
<time>2022-08-16T12:52:09.329Z</time>
<extensions>
<gpxtpx:TrackPointExtension>
<gpxtpx:speed>0.724648</gpxtpx:speed>
</gpxtpx:TrackPointExtension>
</extensions>
</trkpt>
<trkpt lat="46.368639" lon="12.555589">
<ele>2227.517090</ele>
<time>2022-08-16T12:52:24.327Z</time>
<extensions>
<gpxtpx:TrackPointExtension>
<gpxtpx:speed>1.981093</gpxtpx:speed>
</gpxtpx:TrackPointExtension>
</extensions>
</trkpt>
<trkpt lat="46.368655" lon="12.555558">
<ele>2225.146484</ele>
<time>2022-08-16T12:52:34.380Z</time>
<extensions>
<gpxtpx:TrackPointExtension>
<gpxtpx:speed>0.647142</gpxtpx:speed>
</gpxtpx:TrackPointExtension>
</extensions>
</trkpt>
<trkpt lat="46.368699" lon="12.555486">
<ele>2222.882324</ele>
<time>2022-08-16T12:52:44.417Z</time>
<extensions>
<gpxtpx:TrackPointExtension>
<gpxtpx:speed>0.998498</gpxtpx:speed>
</gpxtpx:TrackPointExtension>
</extensions>
</trkpt>
<trkpt lat="46.368796" lon="12.555406">
<ele>2221.251221</ele>
<time>2022-08-16T12:52:54.429Z</time>
<extensions>
<gpxtpx:TrackPointExtension>
<gpxtpx:speed>1.086954</gpxtpx:speed>
</gpxtpx:TrackPointExtension>
</extensions>
</trkpt>
<trkpt lat="46.368847" lon="12.555301">
<ele>2216.898438</ele>
<time>2022-08-16T12:53:04.495Z</time>
<extensions>
<gpxtpx:TrackPointExtension>
<gpxtpx:speed>1.051304</gpxtpx:speed>
</gpxtpx:TrackPointExtension>
</extensions>
</trkpt>
<trkpt lat="46.368943" lon="12.555215">
<ele>2215.369629</ele>
<time>2022-08-16T12:53:15.330Z</time>
<extensions>
<gpxtpx:TrackPointExtension>
<gpxtpx:speed>0.957585</gpxtpx:speed>
</gpxtpx:TrackPointExtension>
</extensions>
</trkpt>
<trkpt lat="46.369039" lon="12.555194">
<ele>2214.916016</ele>
<time>2022-08-16T12:53:25.335Z</time>
<extensions>
<gpxtpx:TrackPointExtension>
<gpxtpx:speed>1.171302</gpxtpx:speed>
</gpxtpx:TrackPointExtension>
</extensions>
</trkpt>
<trkpt lat="46.369051" lon="12.555182">
<ele>2214.541504</ele>
<time>2022-08-16T12:53:35.336Z</time>
<extensions>
<gpxtpx:TrackPointExtension>
<gpxtpx:speed>0.961509</gpxtpx:speed>
</gpxtpx:TrackPointExtension>
</extensions>
</trkpt>
<trkpt lat="46.369141" lon="12.555194">
<ele>2208.930664</ele>
<time>2022-08-16T12:53:50.341Z</time>
<extensions>
<gpxtpx:TrackPointExtension>
<gpxtpx:speed>0.836113</gpxtpx:speed>
</gpxtpx:TrackPointExtension>
</extensions>
</trkpt>
<trkpt lat="46.369196" lon="12.555268">
<ele>2207.209473</ele>
<time>2022-08-16T12:54:01.341Z</time>
<extensions>
<gpxtpx:TrackPointExtension>
<gpxtpx:speed>0.675841</gpxtpx:speed>
</gpxtpx:TrackPointExtension>
</extensions>
</trkpt>
<trkpt lat="46.369277" lon="12.555258">
<ele>2199.092773</ele>
<time>2022-08-16T12:54:15.332Z</time>
<extensions>
<gpxtpx:TrackPointExtension>
<gpxtpx:speed>0.752283</gpxtpx:speed>
</gpxtpx:TrackPointExtension>
</extensions>
</trkpt>
<trkpt lat="46.369334" lon="12.555189">
<ele>2197.697754</ele>
<time>2022-08-16T12:54:25.346Z</time>
<extensions>
<gpxtpx:TrackPointExtension>
<gpxtpx:speed>0.741401</gpxtpx:speed>
</gpxtpx:TrackPointExtension>
</extensions>
</trkpt>
<trkpt lat="46.369310" lon="12.555067">
<ele>2200.843506</ele>
<time>2022-08-16T12:54:39.324Z</time>
<extensions>
<gpxtpx:TrackPointExtension>
<gpxtpx:speed>0.676965</gpxtpx:speed>
</gpxtpx:TrackPointExtension>
</extensions>
</trkpt>
<trkpt lat="46.369275" lon="12.554997">
<ele>2199.218750</ele>
<time>2022-08-16T12:54:50.344Z</time>
<extensions>
<gpxtpx:TrackPointExtension>
<gpxtpx:speed>0.738305</gpxtpx:speed>
</gpxtpx:TrackPointExtension>
</extensions>
</trkpt>
<trkpt lat="46.369237" lon="12.554869">
<ele>2193.181396</ele>
<time>2022-08-16T12:55:05.316Z</time>
<extensions>
<gpxtpx:TrackPointExtension>
<gpxtpx:speed>0.801265</gpxtpx:speed>
</gpxtpx:TrackPointExtension>
</extensions>
</trkpt>
<trkpt lat="46.369191" lon="12.554759">
<ele>2192.032227</ele>
<time>2022-08-16T12:55:15.320Z</time>
<extensions>
<gpxtpx:TrackPointExtension>
<gpxtpx:speed>0.918325</gpxtpx:speed>
</gpxtpx:TrackPointExtension>
</extensions>
</trkpt>
<trkpt lat="46.369185" lon="12.554669">
<ele>2188.882568</ele>
<time>2022-08-16T12:55:25.375Z</time>
<extensions>
<gpxtpx:TrackPointExtension>
<gpxtpx:speed>0.870112</gpxtpx:speed>
</gpxtpx:TrackPointExtension>
</extensions>
</trkpt>
<trkpt lat="46.369220" lon="12.554582">
<ele>2187.336182</ele>
<time>2022-08-16T12:55:35.390Z</time>
<extensions>
<gpxtpx:TrackPointExtension>
<gpxtpx:speed>1.413441</gpxtpx:speed>
</gpxtpx:TrackPointExtension>
</extensions>
</trkpt>
<trkpt lat="46.369136" lon="12.554529">
<ele>2187.367920</ele>
<time>2022-08-16T12:55:45.400Z</time>
<extensions>
<gpxtpx:TrackPointExtension>
<gpxtpx:speed>0.985538</gpxtpx:speed>
</gpxtpx:TrackPointExtension>
</extensions>
</trkpt>
<trkpt lat="46.369098" lon="12.554440">
<ele>2188.977295</ele>
<time>2022-08-16T12:55:55.472Z</time>
<extensions>
<gpxtpx:TrackPointExtension>
<gpxtpx:speed>0.862615</gpxtpx:speed>
</gpxtpx:TrackPointExtension>
</extensions>
</trkpt>
<trkpt lat="46.369115" lon="12.554400">
<ele>2183.699463</ele>
<time>2022-08-16T12:56:06.322Z</time>
<extensions>
<gpxtpx:TrackPointExtension>
<gpxtpx:speed>0.573458</gpxtpx:speed>
</gpxtpx:TrackPointExtension>
</extensions>
</trkpt>
<trkpt lat="46.369077" lon="12.554327">
<ele>2178.617188</ele>
<time>2022-08-16T12:56:16.326Z</time>
<extensions>
<gpxtpx:TrackPointExtension>
<gpxtpx:speed>0.844403</gpxtpx:speed>
</gpxtpx:TrackPointExtension>
</extensions>
</trkpt>
<trkpt lat="46.369029" lon="12.554254">
<ele>2177.130371</ele>
<time>2022-08-16T12:56:26.333Z</time>
<extensions>
<gpxtpx:TrackPointExtension>
<gpxtpx:speed>0.917528</gpxtpx:speed>
</gpxtpx:TrackPointExtension>
</extensions>
</trkpt>
<trkpt lat="46.368970" lon="12.554185">
<ele>2177.711670</ele>
<time>2022-08-16T12:56:36.345Z</time>
<extensions>
<gpxtpx:TrackPointExtension>
<gpxtpx:speed>0.944441</gpxtpx:speed>
</gpxtpx:TrackPointExtension>
</extensions>
</trkpt>
<trkpt lat="46.368905" lon="12.554052">
<ele>2174.885986</ele>
<time>2022-08-16T12:56:51.319Z</time>
<extensions>
<gpxtpx:TrackPointExtension>
<gpxtpx:speed>0.949509</gpxtpx:speed>
</gpxtpx:TrackPointExtension>
</extensions>
</trkpt>
<trkpt lat="46.368886" lon="12.553958">
<ele>2173.837402</ele>
<time>2022-08-16T12:57:01.331Z</time>
<extensions>
<gpxtpx:TrackPointExtension>
<gpxtpx:speed>0.886225</gpxtpx:speed>
</gpxtpx:TrackPointExtension>
</extensions>
</trkpt>
<trkpt lat="46.368861" lon="12.553900">
<ele>2166.412598</ele>
<time>2022-08-16T12:57:12.346Z</time>
<extensions>
<gpxtpx:TrackPointExtension>
<gpxtpx:speed>1.079959</gpxtpx:speed>
</gpxtpx:TrackPointExtension>
</extensions>
</trkpt>
<trkpt lat="46.368811" lon="12.553827">
<ele>2160.774658</ele>
<time>2022-08-16T12:57:22.351Z</time>
<extensions>
<gpxtpx:TrackPointExtension>
<gpxtpx:speed>1.106418</gpxtpx:speed>
</gpxtpx:TrackPointExtension>
</extensions>
</trkpt>
<trkpt lat="46.368801" lon="12.553718">
<ele>2157.001953</ele>
<time>2022-08-16T12:57:36.344Z</time>
<extensions>
<gpxtpx:TrackPointExtension>
<gpxtpx:speed>0.760592</gpxtpx:speed>
</gpxtpx:TrackPointExtension>
</extensions>
</trkpt>
<trkpt lat="46.368767" lon="12.553635">
<ele>2153.533447</ele>
<time>2022-08-16T12:57:49.352Z</time>
<extensions>
<gpxtpx:TrackPointExtension>
<gpxtpx:speed>1.055798</gpxtpx:speed>
</gpxtpx:TrackPointExtension>
</extensions>
</trkpt>
<trkpt lat="46.368785" lon="12.553560">
<ele>2155.158203</ele>
<time>2022-08-16T12:58:01.362Z</time>
<extensions>
<gpxtpx:TrackPointExtension>
<gpxtpx:speed>0.711448</gpxtpx:speed>
</gpxtpx:TrackPointExtension>
</extensions>
</trkpt>
<trkpt lat="46.368850" lon="12.553476">
<ele>2150.617920</ele>
<time>2022-08-16T12:58:16.329Z</time>
<extensions>
<gpxtpx:TrackPointExtension>
<gpxtpx:speed>0.713403</gpxtpx:speed>
</gpxtpx:TrackPointExtension>
</extensions>
</trkpt>
<trkpt lat="46.368917" lon="12.553431">
<ele>2147.224854</ele>
<time>2022-08-16T12:58:26.372Z</time>
<extensions>
<gpxtpx:TrackPointExtension>
<gpxtpx:speed>0.685877</gpxtpx:speed>
</gpxtpx:TrackPointExtension>
</extensions>
</trkpt>
<trkpt lat="46.368935" lon="12.553350">
<ele>2146.973633</ele>
<time>2022-08-16T12:58:36.373Z</time>
<extensions>
<gpxtpx:TrackPointExtension>
<gpxtpx:speed>0.758461</gpxtpx:speed>
</gpxtpx:TrackPointExtension>
</extensions>
</trkpt>
<trkpt lat="46.368987" lon="12.553293">
<ele>2143.262695</ele>
<time>2022-08-16T12:58:46.407Z</time>
<extensions>
<gpxtpx:TrackPointExtension>
<gpxtpx:speed>0.725166</gpxtpx:speed>
</gpxtpx:TrackPointExtension>
</extensions>
</trkpt>
<trkpt lat="46.369030" lon="12.553222">
<ele>2140.242676</ele>
<time>2022-08-16T12:58:56.465Z</time>
<extensions>
<gpxtpx:TrackPointExtension>
<gpxtpx:speed>0.736793</gpxtpx:speed>
</gpxtpx:TrackPointExtension>
</extensions>
</trkpt>
<trkpt lat="46.369038" lon="12.553118">
<ele>2132.124023</ele>
<time>2022-08-16T12:59:07.318Z</time>
<extensions>
<gpxtpx:TrackPointExtension>
<gpxtpx:speed>0.964639</gpxtpx:speed>
</gpxtpx:TrackPointExtension>
</extensions>
</trkpt>
<trkpt lat="46.369076" lon="12.552982">
<ele>2127.608643</ele>
<time>2022-08-16T12:59:17.334Z</time>
<extensions>
<gpxtpx:TrackPointExtension>
<gpxtpx:speed>1.093042</gpxtpx:speed>
</gpxtpx:TrackPointExtension>
</extensions>
</trkpt>
<trkpt lat="46.369145" lon="12.552829">
<ele>2129.665039</ele>
<time>2022-08-16T12:59:27.335Z</time>
<extensions>
<gpxtpx:TrackPointExtension>
<gpxtpx:speed>1.237586</gpxtpx:speed>
</gpxtpx:TrackPointExtension>
</extensions>
</trkpt>
<trkpt lat="46.369165" lon="12.552595">
<ele>2127.304932</ele>
<time>2022-08-16T12:59:42.332Z</time>
<extensions>
<gpxtpx:TrackPointExtension>
<gpxtpx:speed>1.249609</gpxtpx:speed>
</gpxtpx:TrackPointExtension>
</extensions>
</trkpt>
<trkpt lat="46.369133" lon="12.552382">
<ele>2124.743652</ele>
<time>2022-08-16T12:59:55.324Z</time>
<extensions>
<gpxtpx:TrackPointExtension>
<gpxtpx:speed>1.269935</gpxtpx:speed>
</gpxtpx:TrackPointExtension>
</extensions>
</trkpt>
<trkpt lat="46.369134" lon="12.552196">
<ele>2122.604736</ele>
<time>2022-08-16T13:00:05.331Z</time>
<extensions>
<gpxtpx:TrackPointExtension>
<gpxtpx:speed>1.319692</gpxtpx:speed>
</gpxtpx:TrackPointExtension>
</extensions>
</trkpt>
<trkpt lat="46.369097" lon="12.552013">
<ele>2119.725098</ele>
<time>2022-08-16T13:00:17.345Z</time>
<extensions>
<gpxtpx:TrackPointExtension>
<gpxtpx:speed>1.196189</gpxtpx:speed>
</gpxtpx:TrackPointExtension>
</extensions>
</trkpt>
<trkpt lat="46.369074" lon="12.551916">
<ele>2122.593750</ele>
<time>2022-08-16T13:00:27.363Z</time>
<extensions>
<gpxtpx:TrackPointExtension>
<gpxtpx:speed>0.990090</gpxtpx:speed>
</gpxtpx:TrackPointExtension>
</extensions>
</trkpt>
<trkpt lat="46.368937" lon="12.551826">
<ele>2124.699463</ele>
<time>2022-08-16T13:00:42.344Z</time>
<extensions>
<gpxtpx:TrackPointExtension>
<gpxtpx:speed>1.278982</gpxtpx:speed>
</gpxtpx:TrackPointExtension>
</extensions>
</trkpt>
<trkpt lat="46.368884" lon="12.551704">
<ele>2125.991699</ele>
<time>2022-08-16T13:00:53.340Z</time>
<extensions>
<gpxtpx:TrackPointExtension>
<gpxtpx:speed>1.241775</gpxtpx:speed>
</gpxtpx:TrackPointExtension>
</extensions>
</trkpt>
<trkpt lat="46.368923" lon="12.551494">
<ele>2119.541748</ele>
<time>2022-08-16T13:01:07.332Z</time>
<extensions>
<gpxtpx:TrackPointExtension>
<gpxtpx:speed>1.114097</gpxtpx:speed>
</gpxtpx:TrackPointExtension>
</extensions>
</trkpt>
<trkpt lat="46.368901" lon="12.551347">
<ele>2113.516113</ele>
<time>2022-08-16T13:01:17.348Z</time>
<extensions>
<gpxtpx:TrackPointExtension>
<gpxtpx:speed>1.239452</gpxtpx:speed>
</gpxtpx:TrackPointExtension>
</extensions>
</trkpt>
<trkpt lat="46.368994" lon="12.551183">
<ele>2108.467041</ele>
<time>2022-08-16T13:01:27.406Z</time>
<extensions>
<gpxtpx:TrackPointExtension>
<gpxtpx:speed>1.235494</gpxtpx:speed>
</gpxtpx:TrackPointExtension>
</extensions>
</trkpt>
<trkpt lat="46.369028" lon="12.550987">
<ele>2110.379883</ele>
<time>2022-08-16T13:01:39.336Z</time>
<extensions>
<gpxtpx:TrackPointExtension>
<gpxtpx:speed>1.093570</gpxtpx:speed>
</gpxtpx:TrackPointExtension>
</extensions>
</trkpt>
<trkpt lat="46.369062" lon="12.550854">
<ele>2107.323242</ele>
<time>2022-08-16T13:01:49.340Z</time>
<extensions>
<gpxtpx:TrackPointExtension>
<gpxtpx:speed>1.018201</gpxtpx:speed>
</gpxtpx:TrackPointExtension>
</extensions>
</trkpt>
<trkpt lat="46.369147" lon="12.550699">
<ele>2108.563721</ele>
<time>2022-08-16T13:02:02.509Z</time>
<extensions>
<gpxtpx:TrackPointExtension>
<gpxtpx:speed>1.103088</gpxtpx:speed>
</gpxtpx:TrackPointExtension>
</extensions>
</trkpt>
<trkpt lat="46.369144" lon="12.550526">
<ele>2104.319824</ele>
<time>2022-08-16T13:02:13.342Z</time>
<extensions>
<gpxtpx:TrackPointExtension>
<gpxtpx:speed>1.126666</gpxtpx:speed>
</gpxtpx:TrackPointExtension>
</extensions>
</trkpt>
<trkpt lat="46.369156" lon="12.550332">
<ele>2100.715088</ele>
<time>2022-08-16T13:02:27.339Z</time>
<extensions>
<gpxtpx:TrackPointExtension>
<gpxtpx:speed>1.071219</gpxtpx:speed>
</gpxtpx:TrackPointExtension>
</extensions>
</trkpt>
<trkpt lat="46.369144" lon="12.550198">
<ele>2101.891113</ele>
<time>2022-08-16T13:02:37.346Z</time>
<extensions>
<gpxtpx:TrackPointExtension>
<gpxtpx:speed>1.131325</gpxtpx:speed>
</gpxtpx:TrackPointExtension>
</extensions>
</trkpt>
<trkpt lat="46.369181" lon="12.550082">
<ele>2100.439453</ele>
<time>2022-08-16T13:02:48.343Z</time>
<extensions>
<gpxtpx:TrackPointExtension>
<gpxtpx:speed>1.015763</gpxtpx:speed>
</gpxtpx:TrackPointExtension>
</extensions>
</trkpt>
<trkpt lat="46.369157" lon="12.549990">
<ele>2103.479248</ele>
<time>2022-08-16T13:02:58.347Z</time>
<extensions>
<gpxtpx:TrackPointExtension>
<gpxtpx:speed>1.030822</gpxtpx:speed>
</gpxtpx:TrackPointExtension>
</extensions>
</trkpt>
<trkpt lat="46.369193" lon="12.549902">
<ele>2102.712891</ele>
<time>2022-08-16T13:03:13.314Z</time>
<extensions>
<gpxtpx:TrackPointExtension>
<gpxtpx:speed>1.063411</gpxtpx:speed>
</gpxtpx:TrackPointExtension>
</extensions>
</trkpt>
<trkpt lat="46.369182" lon="12.549905">
<ele>2102.792480</ele>
<time>2022-08-16T13:03:34.301Z</time>
<extensions>
<gpxtpx:TrackPointExtension>
<gpxtpx:speed>0.286856</gpxtpx:speed>
</gpxtpx:TrackPointExtension>
</extensions>
</trkpt>
<trkpt lat="46.369196" lon="12.549887">
<ele>2099.659668</ele>
<time>2022-08-16T13:04:39.363Z</time>
<extensions>
<gpxtpx:TrackPointExtension>
<gpxtpx:speed>0.959960</gpxtpx:speed>
</gpxtpx:TrackPointExtension>
</extensions>
</trkpt>
<trkpt lat="46.369202" lon="12.549783">
<ele>2096.598389</ele>
<time>2022-08-16T13:04:49.366Z</time>
<extensions>
<gpxtpx:TrackPointExtension>
<gpxtpx:speed>0.854588</gpxtpx:speed>
</gpxtpx:TrackPointExtension>
</extensions>
</trkpt>
<trkpt lat="46.369250" lon="12.549698">
<ele>2092.511230</ele>
<time>2022-08-16T13:04:59.385Z</time>
<extensions>
<gpxtpx:TrackPointExtension>
<gpxtpx:speed>1.028647</gpxtpx:speed>
</gpxtpx:TrackPointExtension>
</extensions>
</trkpt>
<trkpt lat="46.369289" lon="12.549600">
<ele>2088.116455</ele>
<time>2022-08-16T13:05:09.431Z</time>
<extensions>
<gpxtpx:TrackPointExtension>
<gpxtpx:speed>0.975992</gpxtpx:speed>
</gpxtpx:TrackPointExtension>
</extensions>
</trkpt>
<trkpt lat="46.369314" lon="12.549488">
<ele>2090.406006</ele>
<time>2022-08-16T13:05:19.471Z</time>
<extensions>
<gpxtpx:TrackPointExtension>
<gpxtpx:speed>1.130929</gpxtpx:speed>
</gpxtpx:TrackPointExtension>
</extensions>
</trkpt>
<trkpt lat="46.369397" lon="12.549400">
<ele>2089.393799</ele>
<time>2022-08-16T13:05:30.320Z</time>
<extensions>
<gpxtpx:TrackPointExtension>
<gpxtpx:speed>0.927764</gpxtpx:speed>
</gpxtpx:TrackPointExtension>
</extensions>
</trkpt>
<trkpt lat="46.369428" lon="12.549299">
<ele>2086.573486</ele>
<time>2022-08-16T13:05:40.323Z</time>
<extensions>
<gpxtpx:TrackPointExtension>
<gpxtpx:speed>0.950282</gpxtpx:speed>
</gpxtpx:TrackPointExtension>
</extensions>
</trkpt>
<trkpt lat="46.369430" lon="12.549177">
<ele>2085.428223</ele>
<time>2022-08-16T13:05:52.320Z</time>
<extensions>
<gpxtpx:TrackPointExtension>
<gpxtpx:speed>1.081780</gpxtpx:speed>
</gpxtpx:TrackPointExtension>
</extensions>
</trkpt>
<trkpt lat="46.369402" lon="12.549057">
<ele>2081.978516</ele>
<time>2022-08-16T13:06:05.304Z</time>
<extensions>
<gpxtpx:TrackPointExtension>
<gpxtpx:speed>0.796883</gpxtpx:speed>
</gpxtpx:TrackPointExtension>
</extensions>
</trkpt>
<trkpt lat="46.369400" lon="12.549039">
<ele>2082.370605</ele>
<time>2022-08-16T13:06:15.312Z</time>
<extensions>
<gpxtpx:TrackPointExtension>
<gpxtpx:speed>0.332645</gpxtpx:speed>
</gpxtpx:TrackPointExtension>
</extensions>
</trkpt>
<trkpt lat="46.369335" lon="12.548973">
<ele>2084.636963</ele>
<time>2022-08-16T13:06:25.358Z</time>
<extensions>
<gpxtpx:TrackPointExtension>
<gpxtpx:speed>0.795523</gpxtpx:speed>
</gpxtpx:TrackPointExtension>
</extensions>
</trkpt>
<trkpt lat="46.369277" lon="12.548879">
<ele>2084.718750</ele>
<time>2022-08-16T13:06:40.327Z</time>
<extensions>
<gpxtpx:TrackPointExtension>
<gpxtpx:speed>1.641715</gpxtpx:speed>
</gpxtpx:TrackPointExtension>
</extensions>
</trkpt>
<trkpt lat="46.369282" lon="12.548747">
<ele>2079.663086</ele>
<time>2022-08-16T13:06:51.331Z</time>
<extensions>
<gpxtpx:TrackPointExtension>
<gpxtpx:speed>1.128300</gpxtpx:speed>
</gpxtpx:TrackPointExtension>
</extensions>
</trkpt>
<trkpt lat="46.369236" lon="12.548580">
<ele>2075.001953</ele>
<time>2022-08-16T13:07:05.348Z</time>
<extensions>
<gpxtpx:TrackPointExtension>
<gpxtpx:speed>0.916674</gpxtpx:speed>
</gpxtpx:TrackPointExtension>
</extensions>
</trkpt>
<trkpt lat="46.369189" lon="12.548381">
<ele>2074.031494</ele>
<time>2022-08-16T13:07:20.325Z</time>
<extensions>
<gpxtpx:TrackPointExtension>
<gpxtpx:speed>0.997112</gpxtpx:speed>
</gpxtpx:TrackPointExtension>
</extensions>
</trkpt>
<trkpt lat="46.369204" lon="12.548269">
<ele>2074.534668</ele>
<time>2022-08-16T13:07:30.328Z</time>
<extensions>
<gpxtpx:TrackPointExtension>
<gpxtpx:speed>0.965032</gpxtpx:speed>
</gpxtpx:TrackPointExtension>
</extensions>
</trkpt>
<trkpt lat="46.369261" lon="12.548194">
<ele>2073.895752</ele>
<time>2022-08-16T13:07:40.332Z</time>
<extensions>
<gpxtpx:TrackPointExtension>
<gpxtpx:speed>0.886445</gpxtpx:speed>
</gpxtpx:TrackPointExtension>
</extensions>
</trkpt>
<trkpt lat="46.369306" lon="12.548131">
<ele>2072.534180</ele>
<time>2022-08-16T13:07:50.332Z</time>
<extensions>
<gpxtpx:TrackPointExtension>
<gpxtpx:speed>0.796461</gpxtpx:speed>
</gpxtpx:TrackPointExtension>
</extensions>
</trkpt>
<trkpt lat="46.369318" lon="12.548052">
<ele>2073.770264</ele>
<time>2022-08-16T13:08:00.338Z</time>
<extensions>
<gpxtpx:TrackPointExtension>
<gpxtpx:speed>0.598493</gpxtpx:speed>
</gpxtpx:TrackPointExtension>
</extensions>
</trkpt>
<trkpt lat="46.369222" lon="12.548050">
<ele>2072.747070</ele>
<time>2022-08-16T13:08:10.341Z</time>
<extensions>
<gpxtpx:TrackPointExtension>
<gpxtpx:speed>0.856342</gpxtpx:speed>
</gpxtpx:TrackPointExtension>
</extensions>
</trkpt>
<trkpt lat="46.369150" lon="12.547996">
<ele>2071.467285</ele>
<time>2022-08-16T13:08:20.381Z</time>
<extensions>
<gpxtpx:TrackPointExtension>
<gpxtpx:speed>0.977120</gpxtpx:speed>
</gpxtpx:TrackPointExtension>
</extensions>
</trkpt>
<trkpt lat="46.369198" lon="12.547924">
<ele>2068.515869</ele>
<time>2022-08-16T13:08:30.410Z</time>
<extensions>
<gpxtpx:TrackPointExtension>
<gpxtpx:speed>0.711964</gpxtpx:speed>
</gpxtpx:TrackPointExtension>
</extensions>
</trkpt>
<trkpt lat="46.369225" lon="12.547875">
<ele>2069.679199</ele>
<time>2022-08-16T13:08:40.450Z</time>
<extensions>
<gpxtpx:TrackPointExtension>
<gpxtpx:speed>0.651133</gpxtpx:speed>
</gpxtpx:TrackPointExtension>
</extensions>
</trkpt>
<trkpt lat="46.369299" lon="12.547838">
<ele>2067.253906</ele>
<time>2022-08-16T13:08:50.497Z</time>
<extensions>
<gpxtpx:TrackPointExtension>
<gpxtpx:speed>0.809870</gpxtpx:speed>
</gpxtpx:TrackPointExtension>
</extensions>
</trkpt>
<trkpt lat="46.369336" lon="12.547733">
<ele>2066.410889</ele>
<time>2022-08-16T13:09:01.353Z</time>
<extensions>
<gpxtpx:TrackPointExtension>
<gpxtpx:speed>0.851277</gpxtpx:speed>
</gpxtpx:TrackPointExtension>
</extensions>
</trkpt>
<trkpt lat="46.369423" lon="12.547610">
<ele>2063.987305</ele>
<time>2022-08-16T13:09:16.336Z</time>
<extensions>
<gpxtpx:TrackPointExtension>
<gpxtpx:speed>0.837471</gpxtpx:speed>
</gpxtpx:TrackPointExtension>
</extensions>
</trkpt>
<trkpt lat="46.369531" lon="12.547603">
<ele>2059.781494</ele>
<time>2022-08-16T13:09:31.325Z</time>
<extensions>
<gpxtpx:TrackPointExtension>
<gpxtpx:speed>0.745809</gpxtpx:speed>
</gpxtpx:TrackPointExtension>
</extensions>
</trkpt>
<trkpt lat="46.369609" lon="12.547626">
<ele>2057.923340</ele>
<time>2022-08-16T13:09:41.331Z</time>
<extensions>
<gpxtpx:TrackPointExtension>
<gpxtpx:speed>0.863033</gpxtpx:speed>
</gpxtpx:TrackPointExtension>
</extensions>
</trkpt>
<trkpt lat="46.369709" lon="12.547639">
<ele>2053.003174</ele>
<time>2022-08-16T13:09:54.339Z</time>
<extensions>
<gpxtpx:TrackPointExtension>
<gpxtpx:speed>0.869884</gpxtpx:speed>
</gpxtpx:TrackPointExtension>
</extensions>
</trkpt>
<trkpt lat="46.369775" lon="12.547625">
<ele>2050.450684</ele>
<time>2022-08-16T13:10:06.327Z</time>
<extensions>
<gpxtpx:TrackPointExtension>
<gpxtpx:speed>0.778211</gpxtpx:speed>
</gpxtpx:TrackPointExtension>
</extensions>
</trkpt>
<trkpt lat="46.369749" lon="12.547510">
<ele>2048.774658</ele>
<time>2022-08-16T13:10:21.306Z</time>
<extensions>
<gpxtpx:TrackPointExtension>
<gpxtpx:speed>0.607899</gpxtpx:speed>
</gpxtpx:TrackPointExtension>
</extensions>
</trkpt>
<trkpt lat="46.369728" lon="12.547442">
<ele>2045.621094</ele>
<time>2022-08-16T13:10:31.345Z</time>
<extensions>
<gpxtpx:TrackPointExtension>
<gpxtpx:speed>0.707160</gpxtpx:speed>
</gpxtpx:TrackPointExtension>
</extensions>
</trkpt>
<trkpt lat="46.369730" lon="12.547375">
<ele>2043.353027</ele>
<time>2022-08-16T13:10:42.315Z</time>
<extensions>
<gpxtpx:TrackPointExtension>
<gpxtpx:speed>0.562460</gpxtpx:speed>
</gpxtpx:TrackPointExtension>
</extensions>
</trkpt>
<trkpt lat="46.369652" lon="12.547261">
<ele>2038.842285</ele>
<time>2022-08-16T13:10:56.366Z</time>
<extensions>
<gpxtpx:TrackPointExtension>
<gpxtpx:speed>0.855840</gpxtpx:speed>
</gpxtpx:TrackPointExtension>
</extensions>
</trkpt>
<trkpt lat="46.369686" lon="12.547110">
<ele>2037.757324</ele>
<time>2022-08-16T13:11:10.343Z</time>
<extensions>
<gpxtpx:TrackPointExtension>
<gpxtpx:speed>0.910026</gpxtpx:speed>
</gpxtpx:TrackPointExtension>
</extensions>
</trkpt>
<trkpt lat="46.369695" lon="12.547028">
<ele>2034.504395</ele>
<time>2022-08-16T13:11:20.349Z</time>
<extensions>
<gpxtpx:TrackPointExtension>
<gpxtpx:speed>0.938341</gpxtpx:speed>
</gpxtpx:TrackPointExtension>
</extensions>
</trkpt>
<trkpt lat="46.369741" lon="12.546927">
<ele>2031.434326</ele>
<time>2022-08-16T13:11:31.329Z</time>
<extensions>
<gpxtpx:TrackPointExtension>
<gpxtpx:speed>0.926787</gpxtpx:speed>
</gpxtpx:TrackPointExtension>
</extensions>
</trkpt>
<trkpt lat="46.369733" lon="12.546818">
<ele>2030.007568</ele>
<time>2022-08-16T13:11:41.340Z</time>
<extensions>
<gpxtpx:TrackPointExtension>
<gpxtpx:speed>0.891732</gpxtpx:speed>
</gpxtpx:TrackPointExtension>
</extensions>
</trkpt>
<trkpt lat="46.369753" lon="12.546743">
<ele>2025.492920</ele>
<time>2022-08-16T13:11:51.370Z</time>
<extensions>
<gpxtpx:TrackPointExtension>
<gpxtpx:speed>0.590557</gpxtpx:speed>
</gpxtpx:TrackPointExtension>
</extensions>
</trkpt>
<trkpt lat="46.369783" lon="12.546620">
<ele>2025.667725</ele>
<time>2022-08-16T13:12:06.391Z</time>
<extensions>
<gpxtpx:TrackPointExtension>
<gpxtpx:speed>0.588631</gpxtpx:speed>
</gpxtpx:TrackPointExtension>
</extensions>
</trkpt>
<trkpt lat="46.369845" lon="12.546577">
<ele>2025.822998</ele>
<time>2022-08-16T13:12:16.435Z</time>
<extensions>
<gpxtpx:TrackPointExtension>
<gpxtpx:speed>0.752877</gpxtpx:speed>
</gpxtpx:TrackPointExtension>
</extensions>
</trkpt>
<trkpt lat="46.369922" lon="12.546538">
<ele>2025.872314</ele>
<time>2022-08-16T13:12:26.486Z</time>
<extensions>
<gpxtpx:TrackPointExtension>
<gpxtpx:speed>0.873430</gpxtpx:speed>
</gpxtpx:TrackPointExtension>
</extensions>
</trkpt>
<trkpt lat="46.369941" lon="12.546466">
<ele>2021.340332</ele>
<time>2022-08-16T13:12:37.336Z</time>
<extensions>
<gpxtpx:TrackPointExtension>
<gpxtpx:speed>0.772589</gpxtpx:speed>
</gpxtpx:TrackPointExtension>
</extensions>
</trkpt>
<trkpt lat="46.369991" lon="12.546393">
<ele>2016.697754</ele>
<time>2022-08-16T13:12:52.320Z</time>
<extensions>
<gpxtpx:TrackPointExtension>
<gpxtpx:speed>0.673934</gpxtpx:speed>
</gpxtpx:TrackPointExtension>
</extensions>
</trkpt>
<trkpt lat="46.370028" lon="12.546412">
<ele>2012.469971</ele>
<time>2022-08-16T13:13:05.323Z</time>
<extensions>
<gpxtpx:TrackPointExtension>
<gpxtpx:speed>0.220891</gpxtpx:speed>
</gpxtpx:TrackPointExtension>
</extensions>
</trkpt>
<trkpt lat="46.370046" lon="12.546479">
<ele>2010.591309</ele>
<time>2022-08-16T13:13:17.346Z</time>
<extensions>
<gpxtpx:TrackPointExtension>
<gpxtpx:speed>0.534724</gpxtpx:speed>
</gpxtpx:TrackPointExtension>
</extensions>
</trkpt>
<trkpt lat="46.370098" lon="12.546494">
<ele>2011.315186</ele>
<time>2022-08-16T13:13:32.319Z</time>
<extensions>
<gpxtpx:TrackPointExtension>
<gpxtpx:speed>0.556839</gpxtpx:speed>
</gpxtpx:TrackPointExtension>
</extensions>
</trkpt>
<trkpt lat="46.370141" lon="12.546617">
<ele>2007.499756</ele>
<time>2022-08-16T13:13:42.340Z</time>
<extensions>
<gpxtpx:TrackPointExtension>
<gpxtpx:speed>1.080910</gpxtpx:speed>
</gpxtpx:TrackPointExtension>
</extensions>
</trkpt>
<trkpt lat="46.370197" lon="12.546559">
<ele>2004.328613</ele>
<time>2022-08-16T13:13:52.348Z</time>
<extensions>
<gpxtpx:TrackPointExtension>
<gpxtpx:speed>0.737750</gpxtpx:speed>
</gpxtpx:TrackPointExtension>
</extensions>
</trkpt>
<trkpt lat="46.370247" lon="12.546484">
<ele>2001.635254</ele>
<time>2022-08-16T13:14:03.333Z</time>
<extensions>
<gpxtpx:TrackPointExtension>
<gpxtpx:speed>1.227968</gpxtpx:speed>
</gpxtpx:TrackPointExtension>
</extensions>
</trkpt>
<trkpt lat="46.370278" lon="12.546386">
<ele>1998.614502</ele>
<time>2022-08-16T13:14:13.335Z</time>
<extensions>
<gpxtpx:TrackPointExtension>
<gpxtpx:speed>1.255244</gpxtpx:speed>
</gpxtpx:TrackPointExtension>
</extensions>
</trkpt>
<trkpt lat="46.370312" lon="12.546294">
<ele>1995.121826</ele>
<time>2022-08-16T13:14:27.306Z</time>
<extensions>
<gpxtpx:TrackPointExtension>
<gpxtpx:speed>0.995216</gpxtpx:speed>
</gpxtpx:TrackPointExtension>
</extensions>
</trkpt>
<trkpt lat="46.370329" lon="12.546189">
<ele>1995.428467</ele>
<time>2022-08-16T13:14:37.310Z</time>
<extensions>
<gpxtpx:TrackPointExtension>
<gpxtpx:speed>0.777555</gpxtpx:speed>
</gpxtpx:TrackPointExtension>
</extensions>
</trkpt>
<trkpt lat="46.370374" lon="12.546078">
<ele>1990.539063</ele>
<time>2022-08-16T13:14:51.298Z</time>
<extensions>
<gpxtpx:TrackPointExtension>
<gpxtpx:speed>0.970707</gpxtpx:speed>
</gpxtpx:TrackPointExtension>
</extensions>
</trkpt>
<trkpt lat="46.370388" lon="12.545929">
<ele>1989.169189</ele>
<time>2022-08-16T13:15:02.372Z</time>
<extensions>
<gpxtpx:TrackPointExtension>
<gpxtpx:speed>0.853747</gpxtpx:speed>
</gpxtpx:TrackPointExtension>
</extensions>
</trkpt>
<trkpt lat="46.370373" lon="12.545799">
<ele>1984.723877</ele>
<time>2022-08-16T13:15:12.417Z</time>
<extensions>
<gpxtpx:TrackPointExtension>
<gpxtpx:speed>1.046019</gpxtpx:speed>
</gpxtpx:TrackPointExtension>
</extensions>
</trkpt>
<trkpt lat="46.370435" lon="12.545713">
<ele>1984.138184</ele>
<time>2022-08-16T13:15:22.422Z</time>
<extensions>
<gpxtpx:TrackPointExtension>
<gpxtpx:speed>0.950198</gpxtpx:speed>
</gpxtpx:TrackPointExtension>
</extensions>
</trkpt>
<trkpt lat="46.370488" lon="12.545622">
<ele>1981.185303</ele>
<time>2022-08-16T13:15:32.474Z</time>
<extensions>
<gpxtpx:TrackPointExtension>
<gpxtpx:speed>0.975557</gpxtpx:speed>
</gpxtpx:TrackPointExtension>
</extensions>
</trkpt>
<trkpt lat="46.370484" lon="12.545504">
<ele>1984.239258</ele>
<time>2022-08-16T13:15:43.323Z</time>
<extensions>
<gpxtpx:TrackPointExtension>
<gpxtpx:speed>0.930144</gpxtpx:speed>
</gpxtpx:TrackPointExtension>
</extensions>
</trkpt>
<trkpt lat="46.370475" lon="12.545355">
<ele>1984.325684</ele>
<time>2022-08-16T13:15:57.340Z</time>
<extensions>
<gpxtpx:TrackPointExtension>
<gpxtpx:speed>0.932278</gpxtpx:speed>
</gpxtpx:TrackPointExtension>
</extensions>
</trkpt>
<trkpt lat="46.370460" lon="12.545268">
<ele>1982.297363</ele>
<time>2022-08-16T13:16:08.313Z</time>
<extensions>
<gpxtpx:TrackPointExtension>
<gpxtpx:speed>0.802341</gpxtpx:speed>
</gpxtpx:TrackPointExtension>
</extensions>
</trkpt>
<trkpt lat="46.370481" lon="12.545193">
<ele>1979.697021</ele>
<time>2022-08-16T13:16:18.335Z</time>
<extensions>
<gpxtpx:TrackPointExtension>
<gpxtpx:speed>0.700431</gpxtpx:speed>
</gpxtpx:TrackPointExtension>
</extensions>
</trkpt>
<trkpt lat="46.370526" lon="12.545101">
<ele>1977.816406</ele>
<time>2022-08-16T13:16:28.352Z</time>
<extensions>
<gpxtpx:TrackPointExtension>
<gpxtpx:speed>0.779789</gpxtpx:speed>
</gpxtpx:TrackPointExtension>
</extensions>
</trkpt>
<trkpt lat="46.370576" lon="12.545054">
<ele>1973.682373</ele>
<time>2022-08-16T13:16:38.355Z</time>
<extensions>
<gpxtpx:TrackPointExtension>
<gpxtpx:speed>0.700034</gpxtpx:speed>
</gpxtpx:TrackPointExtension>
</extensions>
</trkpt>
<trkpt lat="46.370596" lon="12.544942">
<ele>1973.699707</ele>
<time>2022-08-16T13:16:53.295Z</time>
<extensions>
<gpxtpx:TrackPointExtension>
<gpxtpx:speed>0.798279</gpxtpx:speed>
</gpxtpx:TrackPointExtension>
</extensions>
</trkpt>
<trkpt lat="46.370629" lon="12.544895">
<ele>1970.562256</ele>
<time>2022-08-16T13:17:03.340Z</time>
<extensions>
<gpxtpx:TrackPointExtension>
<gpxtpx:speed>0.722511</gpxtpx:speed>
</gpxtpx:TrackPointExtension>
</extensions>
</trkpt>
<trkpt lat="46.370658" lon="12.544793">
<ele>1965.638916</ele>
<time>2022-08-16T13:17:18.298Z</time>
<extensions>
<gpxtpx:TrackPointExtension>
<gpxtpx:speed>0.772552</gpxtpx:speed>
</gpxtpx:TrackPointExtension>
</extensions>
</trkpt>
<trkpt lat="46.370668" lon="12.544728">
<ele>1960.099609</ele>
<time>2022-08-16T13:17:28.302Z</time>
<extensions>
<gpxtpx:TrackPointExtension>
<gpxtpx:speed>0.596256</gpxtpx:speed>
</gpxtpx:TrackPointExtension>
</extensions>
</trkpt>
<trkpt lat="46.370686" lon="12.544636">
<ele>1956.589600</ele>
<time>2022-08-16T13:17:38.343Z</time>
<extensions>
<gpxtpx:TrackPointExtension>
<gpxtpx:speed>0.817851</gpxtpx:speed>
</gpxtpx:TrackPointExtension>
</extensions>
</trkpt>
<trkpt lat="46.370716" lon="12.544570">
<ele>1954.325195</ele>
<time>2022-08-16T13:17:48.345Z</time>
<extensions>
<gpxtpx:TrackPointExtension>
<gpxtpx:speed>0.831313</gpxtpx:speed>
</gpxtpx:TrackPointExtension>
</extensions>
</trkpt>
<trkpt lat="46.370801" lon="12.544499">
<ele>1949.106689</ele>
<time>2022-08-16T13:18:02.349Z</time>
<extensions>
<gpxtpx:TrackPointExtension>
<gpxtpx:speed>0.789471</gpxtpx:speed>
</gpxtpx:TrackPointExtension>
</extensions>
</trkpt>
<trkpt lat="46.370826" lon="12.544411">
<ele>1949.075195</ele>
<time>2022-08-16T13:18:13.334Z</time>
<extensions>
<gpxtpx:TrackPointExtension>
<gpxtpx:speed>0.792081</gpxtpx:speed>
</gpxtpx:TrackPointExtension>
</extensions>
</trkpt>
<trkpt lat="46.370870" lon="12.544403">
<ele>1946.303711</ele>
<time>2022-08-16T13:18:23.346Z</time>
<extensions>
<gpxtpx:TrackPointExtension>
<gpxtpx:speed>0.528043</gpxtpx:speed>
</gpxtpx:TrackPointExtension>
</extensions>
</trkpt>
<trkpt lat="46.370910" lon="12.544370">
<ele>1942.569092</ele>
<time>2022-08-16T13:18:33.376Z</time>
<extensions>
<gpxtpx:TrackPointExtension>
<gpxtpx:speed>0.601778</gpxtpx:speed>
</gpxtpx:TrackPointExtension>
</extensions>
</trkpt>
<trkpt lat="46.370940" lon="12.544278">
<ele>1940.324951</ele>
<time>2022-08-16T13:18:43.415Z</time>
<extensions>
<gpxtpx:TrackPointExtension>
<gpxtpx:speed>0.705355</gpxtpx:speed>
</gpxtpx:TrackPointExtension>
</extensions>
</trkpt>
<trkpt lat="46.370969" lon="12.544209">
<ele>1940.337891</ele>
<time>2022-08-16T13:18:53.439Z</time>
<extensions>
<gpxtpx:TrackPointExtension>
<gpxtpx:speed>0.764590</gpxtpx:speed>
</gpxtpx:TrackPointExtension>
</extensions>
</trkpt>
<trkpt lat="46.370972" lon="12.544097">
<ele>1937.835449</ele>
<time>2022-08-16T13:19:03.491Z</time>
<extensions>
<gpxtpx:TrackPointExtension>
<gpxtpx:speed>0.956848</gpxtpx:speed>
</gpxtpx:TrackPointExtension>
</extensions>
</trkpt>
<trkpt lat="46.371010" lon="12.543972">
<ele>1936.056152</ele>
<time>2022-08-16T13:19:14.334Z</time>
<extensions>
<gpxtpx:TrackPointExtension>
<gpxtpx:speed>0.981912</gpxtpx:speed>
</gpxtpx:TrackPointExtension>
</extensions>
</trkpt>
<trkpt lat="46.371104" lon="12.543946">
<ele>1934.248047</ele>
<time>2022-08-16T13:19:24.337Z</time>
<extensions>
<gpxtpx:TrackPointExtension>
<gpxtpx:speed>0.986989</gpxtpx:speed>
</gpxtpx:TrackPointExtension>
</extensions>
</trkpt>
<trkpt lat="46.371191" lon="12.543905">
<ele>1930.358398</ele>
<time>2022-08-16T13:19:39.329Z</time>
<extensions>
<gpxtpx:TrackPointExtension>
<gpxtpx:speed>0.770774</gpxtpx:speed>
</gpxtpx:TrackPointExtension>
</extensions>
</trkpt>
<trkpt lat="46.371244" lon="12.543887">
<ele>1926.730957</ele>
<time>2022-08-16T13:19:49.354Z</time>
<extensions>
<gpxtpx:TrackPointExtension>
<gpxtpx:speed>0.594352</gpxtpx:speed>
</gpxtpx:TrackPointExtension>
</extensions>
</trkpt>
<trkpt lat="46.371351" lon="12.543926">
<ele>1925.346680</ele>
<time>2022-08-16T13:20:04.325Z</time>
<extensions>
<gpxtpx:TrackPointExtension>
<gpxtpx:speed>0.824319</gpxtpx:speed>
</gpxtpx:TrackPointExtension>
</extensions>
</trkpt>
<trkpt lat="46.371410" lon="12.543885">
<ele>1921.508789</ele>
<time>2022-08-16T13:20:14.364Z</time>
<extensions>
<gpxtpx:TrackPointExtension>
<gpxtpx:speed>0.860005</gpxtpx:speed>
</gpxtpx:TrackPointExtension>
</extensions>
</trkpt>
<trkpt lat="46.371480" lon="12.543846">
<ele>1922.874268</ele>
<time>2022-08-16T13:20:25.328Z</time>
<extensions>
<gpxtpx:TrackPointExtension>
<gpxtpx:speed>0.795071</gpxtpx:speed>
</gpxtpx:TrackPointExtension>
</extensions>
</trkpt>
<trkpt lat="46.371531" lon="12.543832">
<ele>1924.136963</ele>
<time>2022-08-16T13:20:35.331Z</time>
<extensions>
<gpxtpx:TrackPointExtension>
<gpxtpx:speed>0.766219</gpxtpx:speed>
</gpxtpx:TrackPointExtension>
</extensions>
</trkpt>
<trkpt lat="46.371576" lon="12.543785">
<ele>1921.695313</ele>
<time>2022-08-16T13:20:45.336Z</time>
<extensions>
<gpxtpx:TrackPointExtension>
<gpxtpx:speed>0.563574</gpxtpx:speed>
</gpxtpx:TrackPointExtension>
</extensions>
</trkpt>
<trkpt lat="46.371587" lon="12.543721">
<ele>1921.351074</ele>
<time>2022-08-16T13:20:59.335Z</time>
<extensions>
<gpxtpx:TrackPointExtension>
<gpxtpx:speed>0.657056</gpxtpx:speed>
</gpxtpx:TrackPointExtension>
</extensions>
</trkpt>
<trkpt lat="46.371657" lon="12.543715">
<ele>1922.449951</ele>
<time>2022-08-16T13:21:14.373Z</time>
<extensions>
<gpxtpx:TrackPointExtension>
<gpxtpx:speed>0.663617</gpxtpx:speed>
</gpxtpx:TrackPointExtension>
</extensions>
</trkpt>
<trkpt lat="46.371668" lon="12.543729">
<ele>1919.746338</ele>
<time>2022-08-16T13:21:26.327Z</time>
<extensions>
<gpxtpx:TrackPointExtension>
<gpxtpx:speed>0.620532</gpxtpx:speed>
</gpxtpx:TrackPointExtension>
</extensions>
</trkpt>
<trkpt lat="46.371708" lon="12.543674">
<ele>1917.939453</ele>
<time>2022-08-16T13:21:39.354Z</time>
<extensions>
<gpxtpx:TrackPointExtension>
<gpxtpx:speed>0.482033</gpxtpx:speed>
</gpxtpx:TrackPointExtension>
</extensions>
</trkpt>
<trkpt lat="46.371728" lon="12.543634">
<ele>1916.973145</ele>
<time>2022-08-16T13:21:49.373Z</time>
<extensions>
<gpxtpx:TrackPointExtension>
<gpxtpx:speed>0.710589</gpxtpx:speed>
</gpxtpx:TrackPointExtension>
</extensions>
</trkpt>
<trkpt lat="46.371754" lon="12.543582">
<ele>1916.365723</ele>
<time>2022-08-16T13:21:59.423Z</time>
<extensions>
<gpxtpx:TrackPointExtension>
<gpxtpx:speed>0.715712</gpxtpx:speed>
</gpxtpx:TrackPointExtension>
</extensions>
</trkpt>
<trkpt lat="46.371780" lon="12.543506">
<ele>1912.628662</ele>
<time>2022-08-16T13:22:13.353Z</time>
<extensions>
<gpxtpx:TrackPointExtension>
<gpxtpx:speed>1.018631</gpxtpx:speed>
</gpxtpx:TrackPointExtension>
</extensions>
</trkpt>
<trkpt lat="46.371797" lon="12.543523">
<ele>1911.163086</ele>
<time>2022-08-16T13:22:24.309Z</time>
<extensions>
<gpxtpx:TrackPointExtension>
<gpxtpx:speed>0.237144</gpxtpx:speed>
</gpxtpx:TrackPointExtension>
</extensions>
</trkpt>
<trkpt lat="46.371782" lon="12.543511">
<ele>1912.429688</ele>
<time>2022-08-16T13:23:23.322Z</time>
<extensions>
<gpxtpx:TrackPointExtension>
<gpxtpx:speed>0.271071</gpxtpx:speed>
</gpxtpx:TrackPointExtension>
</extensions>
</trkpt>
<trkpt lat="46.371784" lon="12.543485">
<ele>1914.669922</ele>
<time>2022-08-16T13:23:39.509Z</time>
<extensions>
<gpxtpx:TrackPointExtension>
<gpxtpx:speed>0.011145</gpxtpx:speed>
</gpxtpx:TrackPointExtension>
</extensions>
</trkpt>
</trkseg>
<trkseg>
<trkpt lat="46.371778" lon="12.543500">
<ele>1912.906494</ele>
<time>2022-08-16T13:24:47.091Z</time>
<extensions>
<gpxtpx:TrackPointExtension>
<gpxtpx:speed>0.230371</gpxtpx:speed>
</gpxtpx:TrackPointExtension>
</extensions>
</trkpt>
<trkpt lat="46.371778" lon="12.543485">
<ele>1911.356934</ele>
<time>2022-08-16T13:25:15.363Z</time>
<extensions>
<gpxtpx:TrackPointExtension>
<gpxtpx:speed>1.621933</gpxtpx:speed>
</gpxtpx:TrackPointExtension>
</extensions>
</trkpt>
<trkpt lat="46.371796" lon="12.543496">
<ele>1909.988281</ele>
<time>2022-08-16T13:25:32.338Z</time>
<extensions>
<gpxtpx:TrackPointExtension>
<gpxtpx:speed>0.706066</gpxtpx:speed>
</gpxtpx:TrackPointExtension>
</extensions>
</trkpt>
<trkpt lat="46.371801" lon="12.543409">
<ele>1911.759766</ele>
<time>2022-08-16T13:25:42.370Z</time>
<extensions>
<gpxtpx:TrackPointExtension>
<gpxtpx:speed>0.971519</gpxtpx:speed>
</gpxtpx:TrackPointExtension>
</extensions>
</trkpt>
<trkpt lat="46.371841" lon="12.543325">
<ele>1909.461670</ele>
<time>2022-08-16T13:25:52.391Z</time>
<extensions>
<gpxtpx:TrackPointExtension>
<gpxtpx:speed>0.986315</gpxtpx:speed>
</gpxtpx:TrackPointExtension>
</extensions>
</trkpt>
<trkpt lat="46.371863" lon="12.543247">
<ele>1908.055664</ele>
<time>2022-08-16T13:26:02.398Z</time>
<extensions>
<gpxtpx:TrackPointExtension>
<gpxtpx:speed>0.910559</gpxtpx:speed>
</gpxtpx:TrackPointExtension>
</extensions>
</trkpt>
<trkpt lat="46.371858" lon="12.543200">
<ele>1905.251465</ele>
<time>2022-08-16T13:26:12.445Z</time>
<extensions>
<gpxtpx:TrackPointExtension>
<gpxtpx:speed>0.434890</gpxtpx:speed>
</gpxtpx:TrackPointExtension>
</extensions>
</trkpt>
<trkpt lat="46.371866" lon="12.543131">
<ele>1902.644043</ele>
<time>2022-08-16T13:26:22.487Z</time>
<extensions>
<gpxtpx:TrackPointExtension>
<gpxtpx:speed>0.764858</gpxtpx:speed>
</gpxtpx:TrackPointExtension>
</extensions>
</trkpt>
<trkpt lat="46.371900" lon="12.543024">
<ele>1901.700684</ele>
<time>2022-08-16T13:26:33.346Z</time>
<extensions>
<gpxtpx:TrackPointExtension>
<gpxtpx:speed>1.030286</gpxtpx:speed>
</gpxtpx:TrackPointExtension>
</extensions>
</trkpt>
<trkpt lat="46.371976" lon="12.542938">
<ele>1898.975586</ele>
<time>2022-08-16T13:26:43.358Z</time>
<extensions>
<gpxtpx:TrackPointExtension>
<gpxtpx:speed>1.136551</gpxtpx:speed>
</gpxtpx:TrackPointExtension>
</extensions>
</trkpt>
<trkpt lat="46.372055" lon="12.542830">
<ele>1893.920654</ele>
<time>2022-08-16T13:26:58.314Z</time>
<extensions>
<gpxtpx:TrackPointExtension>
<gpxtpx:speed>0.962377</gpxtpx:speed>
</gpxtpx:TrackPointExtension>
</extensions>
</trkpt>
<trkpt lat="46.372132" lon="12.542764">
<ele>1893.275391</ele>
<time>2022-08-16T13:27:08.320Z</time>
<extensions>
<gpxtpx:TrackPointExtension>
<gpxtpx:speed>0.807741</gpxtpx:speed>
</gpxtpx:TrackPointExtension>
</extensions>
</trkpt>
<trkpt lat="46.372174" lon="12.542627">
<ele>1892.483887</ele>
<time>2022-08-16T13:27:22.335Z</time>
<extensions>
<gpxtpx:TrackPointExtension>
<gpxtpx:speed>1.075680</gpxtpx:speed>
</gpxtpx:TrackPointExtension>
</extensions>
</trkpt>
<trkpt lat="46.372237" lon="12.542532">
<ele>1890.216797</ele>
<time>2022-08-16T13:27:33.325Z</time>
<extensions>
<gpxtpx:TrackPointExtension>
<gpxtpx:speed>1.139506</gpxtpx:speed>
</gpxtpx:TrackPointExtension>
</extensions>
</trkpt>
<trkpt lat="46.372288" lon="12.542434">
<ele>1889.611084</ele>
<time>2022-08-16T13:27:43.326Z</time>
<extensions>
<gpxtpx:TrackPointExtension>
<gpxtpx:speed>0.923955</gpxtpx:speed>
</gpxtpx:TrackPointExtension>
</extensions>
</trkpt>
<trkpt lat="46.372359" lon="12.542349">
<ele>1888.779785</ele>
<time>2022-08-16T13:27:53.341Z</time>
<extensions>
<gpxtpx:TrackPointExtension>
<gpxtpx:speed>0.843184</gpxtpx:speed>
</gpxtpx:TrackPointExtension>
</extensions>
</trkpt>
<trkpt lat="46.372471" lon="12.542232">
<ele>1889.831055</ele>
<time>2022-08-16T13:28:08.325Z</time>
<extensions>
<gpxtpx:TrackPointExtension>
<gpxtpx:speed>0.913792</gpxtpx:speed>
</gpxtpx:TrackPointExtension>
</extensions>
</trkpt>
<trkpt lat="46.372526" lon="12.542119">
<ele>1886.069824</ele>
<time>2022-08-16T13:28:18.325Z</time>
<extensions>
<gpxtpx:TrackPointExtension>
<gpxtpx:speed>0.932998</gpxtpx:speed>
</gpxtpx:TrackPointExtension>
</extensions>
</trkpt>
<trkpt lat="46.372578" lon="12.542030">
<ele>1884.945068</ele>
<time>2022-08-16T13:28:28.361Z</time>
<extensions>
<gpxtpx:TrackPointExtension>
<gpxtpx:speed>0.841360</gpxtpx:speed>
</gpxtpx:TrackPointExtension>
</extensions>
</trkpt>
<trkpt lat="46.372657" lon="12.541954">
<ele>1883.329346</ele>
<time>2022-08-16T13:28:39.350Z</time>
<extensions>
<gpxtpx:TrackPointExtension>
<gpxtpx:speed>0.913776</gpxtpx:speed>
</gpxtpx:TrackPointExtension>
</extensions>
</trkpt>
<trkpt lat="46.372777" lon="12.541837">
<ele>1884.897461</ele>
<time>2022-08-16T13:28:53.297Z</time>
<extensions>
<gpxtpx:TrackPointExtension>
<gpxtpx:speed>1.111142</gpxtpx:speed>
</gpxtpx:TrackPointExtension>
</extensions>
</trkpt>
<trkpt lat="46.372867" lon="12.541860">
<ele>1881.204590</ele>
<time>2022-08-16T13:29:03.373Z</time>
<extensions>
<gpxtpx:TrackPointExtension>
<gpxtpx:speed>1.096692</gpxtpx:speed>
</gpxtpx:TrackPointExtension>
</extensions>
</trkpt>
<trkpt lat="46.372989" lon="12.541889">
<ele>1875.788086</ele>
<time>2022-08-16T13:29:18.323Z</time>
<extensions>
<gpxtpx:TrackPointExtension>
<gpxtpx:speed>1.102080</gpxtpx:speed>
</gpxtpx:TrackPointExtension>
</extensions>
</trkpt>
<trkpt lat="46.373049" lon="12.541810">
<ele>1875.349609</ele>
<time>2022-08-16T13:29:28.422Z</time>
<extensions>
<gpxtpx:TrackPointExtension>
<gpxtpx:speed>0.912034</gpxtpx:speed>
</gpxtpx:TrackPointExtension>
</extensions>
</trkpt>
<trkpt lat="46.373106" lon="12.541792">
<ele>1870.143066</ele>
<time>2022-08-16T13:29:38.496Z</time>
<extensions>
<gpxtpx:TrackPointExtension>
<gpxtpx:speed>0.966769</gpxtpx:speed>
</gpxtpx:TrackPointExtension>
</extensions>
</trkpt>
<trkpt lat="46.373181" lon="12.541760">
<ele>1867.785156</ele>
<time>2022-08-16T13:29:49.298Z</time>
<extensions>
<gpxtpx:TrackPointExtension>
<gpxtpx:speed>1.075953</gpxtpx:speed>
</gpxtpx:TrackPointExtension>
</extensions>
</trkpt>
<trkpt lat="46.373257" lon="12.541779">
<ele>1861.450439</ele>
<time>2022-08-16T13:29:59.338Z</time>
<extensions>
<gpxtpx:TrackPointExtension>
<gpxtpx:speed>1.056590</gpxtpx:speed>
</gpxtpx:TrackPointExtension>
</extensions>
</trkpt>
<trkpt lat="46.373326" lon="12.541762">
<ele>1858.469727</ele>
<time>2022-08-16T13:30:09.343Z</time>
<extensions>
<gpxtpx:TrackPointExtension>
<gpxtpx:speed>0.972542</gpxtpx:speed>
</gpxtpx:TrackPointExtension>
</extensions>
</trkpt>
<trkpt lat="46.373423" lon="12.541708">
<ele>1853.526367</ele>
<time>2022-08-16T13:30:24.334Z</time>
<extensions>
<gpxtpx:TrackPointExtension>
<gpxtpx:speed>0.887594</gpxtpx:speed>
</gpxtpx:TrackPointExtension>
</extensions>
</trkpt>
<trkpt lat="46.373485" lon="12.541665">
<ele>1848.837402</ele>
<time>2022-08-16T13:30:35.315Z</time>
<extensions>
<gpxtpx:TrackPointExtension>
<gpxtpx:speed>0.755048</gpxtpx:speed>
</gpxtpx:TrackPointExtension>
</extensions>
</trkpt>
<trkpt lat="46.373555" lon="12.541737">
<ele>1845.864746</ele>
<time>2022-08-16T13:30:49.326Z</time>
<extensions>
<gpxtpx:TrackPointExtension>
<gpxtpx:speed>1.141331</gpxtpx:speed>
</gpxtpx:TrackPointExtension>
</extensions>
</trkpt>
<trkpt lat="46.373662" lon="12.541596">
<ele>1846.507813</ele>
<time>2022-08-16T13:31:03.324Z</time>
<extensions>
<gpxtpx:TrackPointExtension>
<gpxtpx:speed>1.033228</gpxtpx:speed>
</gpxtpx:TrackPointExtension>
</extensions>
</trkpt>
<trkpt lat="46.373675" lon="12.541641">
<ele>1848.027832</ele>
<time>2022-08-16T13:31:14.347Z</time>
<extensions>
<gpxtpx:TrackPointExtension>
<gpxtpx:speed>0.354825</gpxtpx:speed>
</gpxtpx:TrackPointExtension>
</extensions>
</trkpt>
<trkpt lat="46.373684" lon="12.541632">
<ele>1849.373047</ele>
<time>2022-08-16T13:31:29.299Z</time>
<extensions>
<gpxtpx:TrackPointExtension>
<gpxtpx:speed>0.224163</gpxtpx:speed>
</gpxtpx:TrackPointExtension>
</extensions>
</trkpt>
<trkpt lat="46.373682" lon="12.541593">
<ele>1848.027100</ele>
<time>2022-08-16T13:32:13.313Z</time>
<extensions>
<gpxtpx:TrackPointExtension>
<gpxtpx:speed>0.242230</gpxtpx:speed>
</gpxtpx:TrackPointExtension>
</extensions>
</trkpt>
<trkpt lat="46.373663" lon="12.541518">
<ele>1849.104492</ele>
<time>2022-08-16T13:32:24.437Z</time>
<extensions>
<gpxtpx:TrackPointExtension>
<gpxtpx:speed>0.542983</gpxtpx:speed>
</gpxtpx:TrackPointExtension>
</extensions>
</trkpt>
<trkpt lat="46.373654" lon="12.541534">
<ele>1849.519531</ele>
<time>2022-08-16T13:32:34.451Z</time>
<extensions>
<gpxtpx:TrackPointExtension>
<gpxtpx:speed>0.242408</gpxtpx:speed>
</gpxtpx:TrackPointExtension>
</extensions>
</trkpt>
<trkpt lat="46.373668" lon="12.541509">
<ele>1853.152100</ele>
<time>2022-08-16T13:32:44.500Z</time>
<extensions>
<gpxtpx:TrackPointExtension>
<gpxtpx:speed>0.284886</gpxtpx:speed>
</gpxtpx:TrackPointExtension>
</extensions>
</trkpt>
<trkpt lat="46.373686" lon="12.541545">
<ele>1850.032715</ele>
<time>2022-08-16T13:33:14.332Z</time>
<extensions>
<gpxtpx:TrackPointExtension>
<gpxtpx:speed>0.300234</gpxtpx:speed>
</gpxtpx:TrackPointExtension>
</extensions>
</trkpt>
<trkpt lat="46.373599" lon="12.541447">
<ele>1848.164551</ele>
<time>2022-08-16T13:33:25.304Z</time>
<extensions>
<gpxtpx:TrackPointExtension>
<gpxtpx:speed>1.145336</gpxtpx:speed>
</gpxtpx:TrackPointExtension>
</extensions>
</trkpt>
<trkpt lat="46.373520" lon="12.541248">
<ele>1846.217773</ele>
<time>2022-08-16T13:33:40.329Z</time>
<extensions>
<gpxtpx:TrackPointExtension>
<gpxtpx:speed>1.114140</gpxtpx:speed>
</gpxtpx:TrackPointExtension>
</extensions>
</trkpt>
<trkpt lat="46.373486" lon="12.541102">
<ele>1844.922852</ele>
<time>2022-08-16T13:33:50.332Z</time>
<extensions>
<gpxtpx:TrackPointExtension>
<gpxtpx:speed>1.029807</gpxtpx:speed>
</gpxtpx:TrackPointExtension>
</extensions>
</trkpt>
<trkpt lat="46.373387" lon="12.540998">
<ele>1843.670410</ele>
<time>2022-08-16T13:34:02.302Z</time>
<extensions>
<gpxtpx:TrackPointExtension>
<gpxtpx:speed>0.969426</gpxtpx:speed>
</gpxtpx:TrackPointExtension>
</extensions>
</trkpt>
<trkpt lat="46.373275" lon="12.540916">
<ele>1841.948730</ele>
<time>2022-08-16T13:34:15.294Z</time>
<extensions>
<gpxtpx:TrackPointExtension>
<gpxtpx:speed>0.986101</gpxtpx:speed>
</gpxtpx:TrackPointExtension>
</extensions>
</trkpt>
<trkpt lat="46.373182" lon="12.540906">
<ele>1845.708008</ele>
<time>2022-08-16T13:34:25.300Z</time>
<extensions>
<gpxtpx:TrackPointExtension>
<gpxtpx:speed>1.052707</gpxtpx:speed>
</gpxtpx:TrackPointExtension>
</extensions>
</trkpt>
<trkpt lat="46.373131" lon="12.540770">
<ele>1843.711182</ele>
<time>2022-08-16T13:34:35.333Z</time>
<extensions>
<gpxtpx:TrackPointExtension>
<gpxtpx:speed>1.025388</gpxtpx:speed>
</gpxtpx:TrackPointExtension>
</extensions>
</trkpt>
<trkpt lat="46.373064" lon="12.540683">
<ele>1843.373535</ele>
<time>2022-08-16T13:34:45.356Z</time>
<extensions>
<gpxtpx:TrackPointExtension>
<gpxtpx:speed>1.026801</gpxtpx:speed>
</gpxtpx:TrackPointExtension>
</extensions>
</trkpt>
<trkpt lat="46.373063" lon="12.540581">
<ele>1840.590820</ele>
<time>2022-08-16T13:34:58.338Z</time>
<extensions>
<gpxtpx:TrackPointExtension>
<gpxtpx:speed>0.860711</gpxtpx:speed>
</gpxtpx:TrackPointExtension>
</extensions>
</trkpt>
<trkpt lat="46.373031" lon="12.540388">
<ele>1832.755859</ele>
<time>2022-08-16T13:35:10.330Z</time>
<extensions>
<gpxtpx:TrackPointExtension>
<gpxtpx:speed>1.054898</gpxtpx:speed>
</gpxtpx:TrackPointExtension>
</extensions>
</trkpt>
<trkpt lat="46.372949" lon="12.540207">
<ele>1836.743408</ele>
<time>2022-08-16T13:35:25.311Z</time>
<extensions>
<gpxtpx:TrackPointExtension>
<gpxtpx:speed>1.000457</gpxtpx:speed>
</gpxtpx:TrackPointExtension>
</extensions>
</trkpt>
<trkpt lat="46.372915" lon="12.540085">
<ele>1841.971680</ele>
<time>2022-08-16T13:35:35.341Z</time>
<extensions>
<gpxtpx:TrackPointExtension>
<gpxtpx:speed>1.152429</gpxtpx:speed>
</gpxtpx:TrackPointExtension>
</extensions>
</trkpt>
<trkpt lat="46.372867" lon="12.540110">
<ele>1843.497559</ele>
<time>2022-08-16T13:35:46.323Z</time>
<extensions>
<gpxtpx:TrackPointExtension>
<gpxtpx:speed>0.751821</gpxtpx:speed>
</gpxtpx:TrackPointExtension>
</extensions>
</trkpt>
<trkpt lat="46.372859" lon="12.540002">
<ele>1833.642090</ele>
<time>2022-08-16T13:36:00.355Z</time>
<extensions>
<gpxtpx:TrackPointExtension>
<gpxtpx:speed>0.639382</gpxtpx:speed>
</gpxtpx:TrackPointExtension>
</extensions>
</trkpt>
<trkpt lat="46.372851" lon="12.539907">
<ele>1827.246094</ele>
<time>2022-08-16T13:36:10.387Z</time>
<extensions>
<gpxtpx:TrackPointExtension>
<gpxtpx:speed>0.554300</gpxtpx:speed>
</gpxtpx:TrackPointExtension>
</extensions>
</trkpt>
<trkpt lat="46.372826" lon="12.539848">
<ele>1826.001221</ele>
<time>2022-08-16T13:36:20.416Z</time>
<extensions>
<gpxtpx:TrackPointExtension>
<gpxtpx:speed>0.679945</gpxtpx:speed>
</gpxtpx:TrackPointExtension>
</extensions>
</trkpt>
<trkpt lat="46.372788" lon="12.539771">
<ele>1825.617676</ele>
<time>2022-08-16T13:36:30.446Z</time>
<extensions>
<gpxtpx:TrackPointExtension>
<gpxtpx:speed>1.024692</gpxtpx:speed>
</gpxtpx:TrackPointExtension>
</extensions>
</trkpt>
<trkpt lat="46.372749" lon="12.539858">
<ele>1823.952881</ele>
<time>2022-08-16T13:36:40.476Z</time>
<extensions>
<gpxtpx:TrackPointExtension>
<gpxtpx:speed>0.913806</gpxtpx:speed>
</gpxtpx:TrackPointExtension>
</extensions>
</trkpt>
<trkpt lat="46.372718" lon="12.539755">
<ele>1823.860352</ele>
<time>2022-08-16T13:36:51.302Z</time>
<extensions>
<gpxtpx:TrackPointExtension>
<gpxtpx:speed>0.760177</gpxtpx:speed>
</gpxtpx:TrackPointExtension>
</extensions>
</trkpt>
<trkpt lat="46.372680" lon="12.539689">
<ele>1822.619141</ele>
<time>2022-08-16T13:37:01.340Z</time>
<extensions>
<gpxtpx:TrackPointExtension>
<gpxtpx:speed>1.139632</gpxtpx:speed>
</gpxtpx:TrackPointExtension>
</extensions>
</trkpt>
<trkpt lat="46.372652" lon="12.539605">
<ele>1817.427734</ele>
<time>2022-08-16T13:37:11.357Z</time>
<extensions>
<gpxtpx:TrackPointExtension>
<gpxtpx:speed>0.879637</gpxtpx:speed>
</gpxtpx:TrackPointExtension>
</extensions>
</trkpt>
<trkpt lat="46.372626" lon="12.539474">
<ele>1819.565430</ele>
<time>2022-08-16T13:37:26.334Z</time>
<extensions>
<gpxtpx:TrackPointExtension>
<gpxtpx:speed>0.812444</gpxtpx:speed>
</gpxtpx:TrackPointExtension>
</extensions>
</trkpt>
<trkpt lat="46.372605" lon="12.539568">
<ele>1814.654785</ele>
<time>2022-08-16T13:37:36.336Z</time>
<extensions>
<gpxtpx:TrackPointExtension>
<gpxtpx:speed>0.798765</gpxtpx:speed>
</gpxtpx:TrackPointExtension>
</extensions>
</trkpt>
<trkpt lat="46.372608" lon="12.539670">
<ele>1810.739258</ele>
<time>2022-08-16T13:37:46.338Z</time>
<extensions>
<gpxtpx:TrackPointExtension>
<gpxtpx:speed>0.836815</gpxtpx:speed>
</gpxtpx:TrackPointExtension>
</extensions>
</trkpt>
<trkpt lat="46.372562" lon="12.539785">
<ele>1810.670410</ele>
<time>2022-08-16T13:37:56.340Z</time>
<extensions>
<gpxtpx:TrackPointExtension>
<gpxtpx:speed>0.913960</gpxtpx:speed>
</gpxtpx:TrackPointExtension>
</extensions>
</trkpt>
<trkpt lat="46.372453" lon="12.539779">
<ele>1811.595215</ele>
<time>2022-08-16T13:38:11.335Z</time>
<extensions>
<gpxtpx:TrackPointExtension>
<gpxtpx:speed>1.237900</gpxtpx:speed>
</gpxtpx:TrackPointExtension>
</extensions>
</trkpt>
<trkpt lat="46.372434" lon="12.539675">
<ele>1808.220215</ele>
<time>2022-08-16T13:38:21.339Z</time>
<extensions>
<gpxtpx:TrackPointExtension>
<gpxtpx:speed>0.925568</gpxtpx:speed>
</gpxtpx:TrackPointExtension>
</extensions>
</trkpt>
<trkpt lat="46.372391" lon="12.539567">
<ele>1800.370117</ele>
<time>2022-08-16T13:38:34.332Z</time>
<extensions>
<gpxtpx:TrackPointExtension>
<gpxtpx:speed>0.874303</gpxtpx:speed>
</gpxtpx:TrackPointExtension>
</extensions>
</trkpt>
<trkpt lat="46.372352" lon="12.539531">
<ele>1798.074951</ele>
<time>2022-08-16T13:38:46.334Z</time>
<extensions>
<gpxtpx:TrackPointExtension>
<gpxtpx:speed>0.600914</gpxtpx:speed>
</gpxtpx:TrackPointExtension>
</extensions>
</trkpt>
<trkpt lat="46.372304" lon="12.539585">
<ele>1784.949707</ele>
<time>2022-08-16T13:39:01.322Z</time>
<extensions>
<gpxtpx:TrackPointExtension>
<gpxtpx:speed>0.705186</gpxtpx:speed>
</gpxtpx:TrackPointExtension>
</extensions>
</trkpt>
<trkpt lat="46.372277" lon="12.539468">
<ele>1784.535889</ele>
<time>2022-08-16T13:39:11.342Z</time>
<extensions>
<gpxtpx:TrackPointExtension>
<gpxtpx:speed>0.873717</gpxtpx:speed>
</gpxtpx:TrackPointExtension>
</extensions>
</trkpt>
<trkpt lat="46.372223" lon="12.539405">
<ele>1782.914551</ele>
<time>2022-08-16T13:39:23.335Z</time>
<extensions>
<gpxtpx:TrackPointExtension>
<gpxtpx:speed>0.736993</gpxtpx:speed>
</gpxtpx:TrackPointExtension>
</extensions>
</trkpt>
<trkpt lat="46.372171" lon="12.539527">
<ele>1781.015137</ele>
<time>2022-08-16T13:39:36.331Z</time>
<extensions>
<gpxtpx:TrackPointExtension>
<gpxtpx:speed>0.827102</gpxtpx:speed>
</gpxtpx:TrackPointExtension>
</extensions>
</trkpt>
<trkpt lat="46.372135" lon="12.539606">
<ele>1778.577637</ele>
<time>2022-08-16T13:39:46.333Z</time>
<extensions>
<gpxtpx:TrackPointExtension>
<gpxtpx:speed>0.728067</gpxtpx:speed>
</gpxtpx:TrackPointExtension>
</extensions>
</trkpt>
<trkpt lat="46.372087" lon="12.539609">
<ele>1777.530762</ele>
<time>2022-08-16T13:39:56.362Z</time>
<extensions>
<gpxtpx:TrackPointExtension>
<gpxtpx:speed>0.989912</gpxtpx:speed>
</gpxtpx:TrackPointExtension>
</extensions>
</trkpt>
<trkpt lat="46.372020" lon="12.539590">
<ele>1776.747803</ele>
<time>2022-08-16T13:40:06.387Z</time>
<extensions>
<gpxtpx:TrackPointExtension>
<gpxtpx:speed>0.785523</gpxtpx:speed>
</gpxtpx:TrackPointExtension>
</extensions>
</trkpt>
<trkpt lat="46.371980" lon="12.539655">
<ele>1773.284180</ele>
<time>2022-08-16T13:40:16.445Z</time>
<extensions>
<gpxtpx:TrackPointExtension>
<gpxtpx:speed>0.774279</gpxtpx:speed>
</gpxtpx:TrackPointExtension>
</extensions>
</trkpt>
<trkpt lat="46.371905" lon="12.539642">
<ele>1769.116943</ele>
<time>2022-08-16T13:40:27.333Z</time>
<extensions>
<gpxtpx:TrackPointExtension>
<gpxtpx:speed>0.855228</gpxtpx:speed>
</gpxtpx:TrackPointExtension>
</extensions>
</trkpt>
<trkpt lat="46.371851" lon="12.539566">
<ele>1765.853027</ele>
<time>2022-08-16T13:40:37.334Z</time>
<extensions>
<gpxtpx:TrackPointExtension>
<gpxtpx:speed>0.988027</gpxtpx:speed>
</gpxtpx:TrackPointExtension>
</extensions>
</trkpt>
<trkpt lat="46.371788" lon="12.539478">
<ele>1763.611084</ele>
<time>2022-08-16T13:40:49.401Z</time>
<extensions>
<gpxtpx:TrackPointExtension>
<gpxtpx:speed>0.822153</gpxtpx:speed>
</gpxtpx:TrackPointExtension>
</extensions>
</trkpt>
<trkpt lat="46.371733" lon="12.539416">
<ele>1759.834229</ele>
<time>2022-08-16T13:41:02.337Z</time>
<extensions>
<gpxtpx:TrackPointExtension>
<gpxtpx:speed>0.888820</gpxtpx:speed>
</gpxtpx:TrackPointExtension>
</extensions>
</trkpt>
<trkpt lat="46.371767" lon="12.539228">
<ele>1750.850830</ele>
<time>2022-08-16T13:41:17.331Z</time>
<extensions>
<gpxtpx:TrackPointExtension>
<gpxtpx:speed>0.821019</gpxtpx:speed>
</gpxtpx:TrackPointExtension>
</extensions>
</trkpt>
<trkpt lat="46.371771" lon="12.539080">
<ele>1747.937012</ele>
<time>2022-08-16T13:41:27.342Z</time>
<extensions>
<gpxtpx:TrackPointExtension>
<gpxtpx:speed>1.125483</gpxtpx:speed>
</gpxtpx:TrackPointExtension>
</extensions>
</trkpt>
<trkpt lat="46.371814" lon="12.538976">
<ele>1742.584961</ele>
<time>2022-08-16T13:41:38.351Z</time>
<extensions>
<gpxtpx:TrackPointExtension>
<gpxtpx:speed>0.963988</gpxtpx:speed>
</gpxtpx:TrackPointExtension>
</extensions>
</trkpt>
<trkpt lat="46.371854" lon="12.538815">
<ele>1742.784668</ele>
<time>2022-08-16T13:41:52.325Z</time>
<extensions>
<gpxtpx:TrackPointExtension>
<gpxtpx:speed>0.907320</gpxtpx:speed>
</gpxtpx:TrackPointExtension>
</extensions>
</trkpt>
<trkpt lat="46.371845" lon="12.538713">
<ele>1738.856445</ele>
<time>2022-08-16T13:42:02.346Z</time>
<extensions>
<gpxtpx:TrackPointExtension>
<gpxtpx:speed>0.937819</gpxtpx:speed>
</gpxtpx:TrackPointExtension>
</extensions>
</trkpt>
<trkpt lat="46.371868" lon="12.538544">
<ele>1738.723389</ele>
<time>2022-08-16T13:42:17.321Z</time>
<extensions>
<gpxtpx:TrackPointExtension>
<gpxtpx:speed>1.021686</gpxtpx:speed>
</gpxtpx:TrackPointExtension>
</extensions>
</trkpt>
<trkpt lat="46.371832" lon="12.538451">
<ele>1739.948242</ele>
<time>2022-08-16T13:42:27.327Z</time>
<extensions>
<gpxtpx:TrackPointExtension>
<gpxtpx:speed>0.937127</gpxtpx:speed>
</gpxtpx:TrackPointExtension>
</extensions>
</trkpt>
<trkpt lat="46.371815" lon="12.538365">
<ele>1740.435059</ele>
<time>2022-08-16T13:42:37.334Z</time>
<extensions>
<gpxtpx:TrackPointExtension>
<gpxtpx:speed>0.896778</gpxtpx:speed>
</gpxtpx:TrackPointExtension>
</extensions>
</trkpt>
<trkpt lat="46.371785" lon="12.538277">
<ele>1732.237061</ele>
<time>2022-08-16T13:42:52.326Z</time>
<extensions>
<gpxtpx:TrackPointExtension>
<gpxtpx:speed>0.786466</gpxtpx:speed>
</gpxtpx:TrackPointExtension>
</extensions>
</trkpt>
<trkpt lat="46.371776" lon="12.538174">
<ele>1728.730469</ele>
<time>2022-08-16T13:43:02.380Z</time>
<extensions>
<gpxtpx:TrackPointExtension>
<gpxtpx:speed>0.841749</gpxtpx:speed>
</gpxtpx:TrackPointExtension>
</extensions>
</trkpt>
<trkpt lat="46.371768" lon="12.538064">
<ele>1724.621094</ele>
<time>2022-08-16T13:43:12.385Z</time>
<extensions>
<gpxtpx:TrackPointExtension>
<gpxtpx:speed>0.720713</gpxtpx:speed>
</gpxtpx:TrackPointExtension>
</extensions>
</trkpt>
<trkpt lat="46.371740" lon="12.537971">
<ele>1723.993164</ele>
<time>2022-08-16T13:43:22.425Z</time>
<extensions>
<gpxtpx:TrackPointExtension>
<gpxtpx:speed>0.823751</gpxtpx:speed>
</gpxtpx:TrackPointExtension>
</extensions>
</trkpt>
<trkpt lat="46.371733" lon="12.537885">
<ele>1722.701660</ele>
<time>2022-08-16T13:43:32.450Z</time>
<extensions>
<gpxtpx:TrackPointExtension>
<gpxtpx:speed>0.720166</gpxtpx:speed>
</gpxtpx:TrackPointExtension>
</extensions>
</trkpt>
<trkpt lat="46.371685" lon="12.537810">
<ele>1722.152832</ele>
<time>2022-08-16T13:43:42.494Z</time>
<extensions>
<gpxtpx:TrackPointExtension>
<gpxtpx:speed>0.718509</gpxtpx:speed>
</gpxtpx:TrackPointExtension>
</extensions>
</trkpt>
<trkpt lat="46.371619" lon="12.537741">
<ele>1720.436279</ele>
<time>2022-08-16T13:43:53.327Z</time>
<extensions>
<gpxtpx:TrackPointExtension>
<gpxtpx:speed>1.059249</gpxtpx:speed>
</gpxtpx:TrackPointExtension>
</extensions>
</trkpt>
<trkpt lat="46.371632" lon="12.537646">
<ele>1715.019287</ele>
<time>2022-08-16T13:44:03.329Z</time>
<extensions>
<gpxtpx:TrackPointExtension>
<gpxtpx:speed>0.829425</gpxtpx:speed>
</gpxtpx:TrackPointExtension>
</extensions>
</trkpt>
<trkpt lat="46.371625" lon="12.537542">
<ele>1709.314453</ele>
<time>2022-08-16T13:44:13.363Z</time>
<extensions>
<gpxtpx:TrackPointExtension>
<gpxtpx:speed>0.949473</gpxtpx:speed>
</gpxtpx:TrackPointExtension>
</extensions>
</trkpt>
<trkpt lat="46.371568" lon="12.537399">
<ele>1708.153320</ele>
<time>2022-08-16T13:44:28.348Z</time>
<extensions>
<gpxtpx:TrackPointExtension>
<gpxtpx:speed>0.967125</gpxtpx:speed>
</gpxtpx:TrackPointExtension>
</extensions>
</trkpt>
<trkpt lat="46.371556" lon="12.537303">
<ele>1705.830322</ele>
<time>2022-08-16T13:44:41.335Z</time>
<extensions>
<gpxtpx:TrackPointExtension>
<gpxtpx:speed>0.740078</gpxtpx:speed>
</gpxtpx:TrackPointExtension>
</extensions>
</trkpt>
<trkpt lat="46.371554" lon="12.537179">
<ele>1702.061279</ele>
<time>2022-08-16T13:44:53.345Z</time>
<extensions>
<gpxtpx:TrackPointExtension>
<gpxtpx:speed>0.736026</gpxtpx:speed>
</gpxtpx:TrackPointExtension>
</extensions>
</trkpt>
<trkpt lat="46.371578" lon="12.537015">
<ele>1701.502197</ele>
<time>2022-08-16T13:45:08.334Z</time>
<extensions>
<gpxtpx:TrackPointExtension>
<gpxtpx:speed>0.763719</gpxtpx:speed>
</gpxtpx:TrackPointExtension>
</extensions>
</trkpt>
<trkpt lat="46.371610" lon="12.536868">
<ele>1700.915771</ele>
<time>2022-08-16T13:45:18.350Z</time>
<extensions>
<gpxtpx:TrackPointExtension>
<gpxtpx:speed>0.995757</gpxtpx:speed>
</gpxtpx:TrackPointExtension>
</extensions>
</trkpt>
<trkpt lat="46.371636" lon="12.536751">
<ele>1692.827393</ele>
<time>2022-08-16T13:45:29.339Z</time>
<extensions>
<gpxtpx:TrackPointExtension>
<gpxtpx:speed>0.966351</gpxtpx:speed>
</gpxtpx:TrackPointExtension>
</extensions>
</trkpt>
<trkpt lat="46.371609" lon="12.536576">
<ele>1686.490723</ele>
<time>2022-08-16T13:45:43.350Z</time>
<extensions>
<gpxtpx:TrackPointExtension>
<gpxtpx:speed>0.906574</gpxtpx:speed>
</gpxtpx:TrackPointExtension>
</extensions>
</trkpt>
<trkpt lat="46.371632" lon="12.536388">
<ele>1679.070313</ele>
<time>2022-08-16T13:45:58.335Z</time>
<extensions>
<gpxtpx:TrackPointExtension>
<gpxtpx:speed>0.857418</gpxtpx:speed>
</gpxtpx:TrackPointExtension>
</extensions>
</trkpt>
<trkpt lat="46.371643" lon="12.536265">
<ele>1677.343262</ele>
<time>2022-08-16T13:46:08.335Z</time>
<extensions>
<gpxtpx:TrackPointExtension>
<gpxtpx:speed>0.918677</gpxtpx:speed>
</gpxtpx:TrackPointExtension>
</extensions>
</trkpt>
<trkpt lat="46.371682" lon="12.536058">
<ele>1671.219238</ele>
<time>2022-08-16T13:46:23.310Z</time>
<extensions>
<gpxtpx:TrackPointExtension>
<gpxtpx:speed>0.942133</gpxtpx:speed>
</gpxtpx:TrackPointExtension>
</extensions>
</trkpt>
<trkpt lat="46.371684" lon="12.535916">
<ele>1666.595215</ele>
<time>2022-08-16T13:46:33.369Z</time>
<extensions>
<gpxtpx:TrackPointExtension>
<gpxtpx:speed>0.922193</gpxtpx:speed>
</gpxtpx:TrackPointExtension>
</extensions>
</trkpt>
<trkpt lat="46.371701" lon="12.535777">
<ele>1665.553711</ele>
<time>2022-08-16T13:46:43.384Z</time>
<extensions>
<gpxtpx:TrackPointExtension>
<gpxtpx:speed>0.918458</gpxtpx:speed>
</gpxtpx:TrackPointExtension>
</extensions>
</trkpt>
<trkpt lat="46.371708" lon="12.535638">
<ele>1665.407715</ele>
<time>2022-08-16T13:46:53.426Z</time>
<extensions>
<gpxtpx:TrackPointExtension>
<gpxtpx:speed>0.934213</gpxtpx:speed>
</gpxtpx:TrackPointExtension>
</extensions>
</trkpt>
<trkpt lat="46.371733" lon="12.535512">
<ele>1667.077148</ele>
<time>2022-08-16T13:47:03.480Z</time>
<extensions>
<gpxtpx:TrackPointExtension>
<gpxtpx:speed>0.850549</gpxtpx:speed>
</gpxtpx:TrackPointExtension>
</extensions>
</trkpt>
<trkpt lat="46.371761" lon="12.535484">
<ele>1667.301270</ele>
<time>2022-08-16T13:47:14.329Z</time>
<extensions>
<gpxtpx:TrackPointExtension>
<gpxtpx:speed>0.712422</gpxtpx:speed>
</gpxtpx:TrackPointExtension>
</extensions>
</trkpt>
<trkpt lat="46.371755" lon="12.535460">
<ele>1665.243164</ele>
<time>2022-08-16T13:48:03.319Z</time>
<extensions>
<gpxtpx:TrackPointExtension>
<gpxtpx:speed>0.406167</gpxtpx:speed>
</gpxtpx:TrackPointExtension>
</extensions>
</trkpt>
<trkpt lat="46.371747" lon="12.535453">
<ele>1666.163574</ele>
<time>2022-08-16T13:48:25.313Z</time>
<extensions>
<gpxtpx:TrackPointExtension>
<gpxtpx:speed>0.870438</gpxtpx:speed>
</gpxtpx:TrackPointExtension>
</extensions>
</trkpt>
<trkpt lat="46.371738" lon="12.535456">
<ele>1669.259277</ele>
<time>2022-08-16T13:48:44.315Z</time>
<extensions>
<gpxtpx:TrackPointExtension>
<gpxtpx:speed>0.300614</gpxtpx:speed>
</gpxtpx:TrackPointExtension>
</extensions>
</trkpt>
<trkpt lat="46.371734" lon="12.535468">
<ele>1669.325195</ele>
<time>2022-08-16T13:48:54.316Z</time>
<extensions>
<gpxtpx:TrackPointExtension>
<gpxtpx:speed>0.549703</gpxtpx:speed>
</gpxtpx:TrackPointExtension>
</extensions>
</trkpt>
<trkpt lat="46.371708" lon="12.535435">
<ele>1668.201172</ele>
<time>2022-08-16T13:49:13.331Z</time>
<extensions>
<gpxtpx:TrackPointExtension>
<gpxtpx:speed>0.600367</gpxtpx:speed>
</gpxtpx:TrackPointExtension>
</extensions>
</trkpt>
<trkpt lat="46.371700" lon="12.535430">
<ele>1669.459473</ele>
<time>2022-08-16T13:49:34.322Z</time>
<extensions>
<gpxtpx:TrackPointExtension>
<gpxtpx:speed>1.381283</gpxtpx:speed>
</gpxtpx:TrackPointExtension>
</extensions>
</trkpt>
<trkpt lat="46.371717" lon="12.535439">
<ele>1668.869629</ele>
<time>2022-08-16T13:49:54.355Z</time>
<extensions>
<gpxtpx:TrackPointExtension>
<gpxtpx:speed>0.736242</gpxtpx:speed>
</gpxtpx:TrackPointExtension>
</extensions>
</trkpt>
<trkpt lat="46.371695" lon="12.535447">
<ele>1671.025391</ele>
<time>2022-08-16T13:50:05.307Z</time>
<extensions>
<gpxtpx:TrackPointExtension>
<gpxtpx:speed>0.475472</gpxtpx:speed>
</gpxtpx:TrackPointExtension>
</extensions>
</trkpt>
</trkseg>
<trkseg>
<trkpt lat="46.371678" lon="12.535442">
<ele>1668.984375</ele>
<time>2022-08-16T13:52:21.812Z</time>
<extensions>
<gpxtpx:TrackPointExtension>
<gpxtpx:speed>0.000465</gpxtpx:speed>
</gpxtpx:TrackPointExtension>
</extensions>
</trkpt>
<trkpt lat="46.371671" lon="12.535428">
<ele>1670.176270</ele>
<time>2022-08-16T13:53:43.320Z</time>
<extensions>
<gpxtpx:TrackPointExtension>
<gpxtpx:speed>0.322068</gpxtpx:speed>
</gpxtpx:TrackPointExtension>
</extensions>
</trkpt>
<trkpt lat="46.371657" lon="12.535338">
<ele>1672.020508</ele>
<time>2022-08-16T13:53:57.306Z</time>
<extensions>
<gpxtpx:TrackPointExtension>
<gpxtpx:speed>0.464778</gpxtpx:speed>
</gpxtpx:TrackPointExtension>
</extensions>
</trkpt>
<trkpt lat="46.371655" lon="12.535293">
<ele>1671.741455</ele>
<time>2022-08-16T13:54:07.325Z</time>
<extensions>
<gpxtpx:TrackPointExtension>
<gpxtpx:speed>0.555158</gpxtpx:speed>
</gpxtpx:TrackPointExtension>
</extensions>
</trkpt>
<trkpt lat="46.371729" lon="12.535143">
<ele>1668.462891</ele>
<time>2022-08-16T13:54:20.318Z</time>
<extensions>
<gpxtpx:TrackPointExtension>
<gpxtpx:speed>0.651134</gpxtpx:speed>
</gpxtpx:TrackPointExtension>
</extensions>
</trkpt>
<trkpt lat="46.371730" lon="12.535068">
<ele>1667.041504</ele>
<time>2022-08-16T13:54:30.318Z</time>
<extensions>
<gpxtpx:TrackPointExtension>
<gpxtpx:speed>0.838016</gpxtpx:speed>
</gpxtpx:TrackPointExtension>
</extensions>
</trkpt>
<trkpt lat="46.371672" lon="12.535023">
<ele>1663.559570</ele>
<time>2022-08-16T13:54:42.369Z</time>
<extensions>
<gpxtpx:TrackPointExtension>
<gpxtpx:speed>0.900709</gpxtpx:speed>
</gpxtpx:TrackPointExtension>
</extensions>
</trkpt>
<trkpt lat="46.371711" lon="12.535051">
<ele>1661.015625</ele>
<time>2022-08-16T13:54:52.414Z</time>
<extensions>
<gpxtpx:TrackPointExtension>
<gpxtpx:speed>0.709448</gpxtpx:speed>
</gpxtpx:TrackPointExtension>
</extensions>
</trkpt>
<trkpt lat="46.371625" lon="12.535061">
<ele>1661.517090</ele>
<time>2022-08-16T13:55:02.439Z</time>
<extensions>
<gpxtpx:TrackPointExtension>
<gpxtpx:speed>0.536980</gpxtpx:speed>
</gpxtpx:TrackPointExtension>
</extensions>
</trkpt>
<trkpt lat="46.371622" lon="12.535033">
<ele>1655.196533</ele>
<time>2022-08-16T13:55:28.322Z</time>
<extensions>
<gpxtpx:TrackPointExtension>
<gpxtpx:speed>0.238031</gpxtpx:speed>
</gpxtpx:TrackPointExtension>
</extensions>
</trkpt>
<trkpt lat="46.371565" lon="12.534731">
<ele>1662.881836</ele>
<time>2022-08-16T13:55:43.325Z</time>
<extensions>
<gpxtpx:TrackPointExtension>
<gpxtpx:speed>1.370611</gpxtpx:speed>
</gpxtpx:TrackPointExtension>
</extensions>
</trkpt>
<trkpt lat="46.371568" lon="12.534669">
<ele>1659.229736</ele>
<time>2022-08-16T13:55:54.323Z</time>
<extensions>
<gpxtpx:TrackPointExtension>
<gpxtpx:speed>0.967520</gpxtpx:speed>
</gpxtpx:TrackPointExtension>
</extensions>
</trkpt>
<trkpt lat="46.371584" lon="12.534558">
<ele>1651.167236</ele>
<time>2022-08-16T13:56:08.337Z</time>
<extensions>
<gpxtpx:TrackPointExtension>
<gpxtpx:speed>0.872178</gpxtpx:speed>
</gpxtpx:TrackPointExtension>
</extensions>
</trkpt>
<trkpt lat="46.371599" lon="12.534467">
<ele>1647.006348</ele>
<time>2022-08-16T13:56:18.340Z</time>
<extensions>
<gpxtpx:TrackPointExtension>
<gpxtpx:speed>0.991071</gpxtpx:speed>
</gpxtpx:TrackPointExtension>
</extensions>
</trkpt>
<trkpt lat="46.371613" lon="12.534371">
<ele>1645.832031</ele>
<time>2022-08-16T13:56:28.341Z</time>
<extensions>
<gpxtpx:TrackPointExtension>
<gpxtpx:speed>0.865533</gpxtpx:speed>
</gpxtpx:TrackPointExtension>
</extensions>
</trkpt>
<trkpt lat="46.371584" lon="12.534278">
<ele>1642.707275</ele>
<time>2022-08-16T13:56:42.327Z</time>
<extensions>
<gpxtpx:TrackPointExtension>
<gpxtpx:speed>0.773236</gpxtpx:speed>
</gpxtpx:TrackPointExtension>
</extensions>
</trkpt>
<trkpt lat="46.371613" lon="12.534198">
<ele>1640.369873</ele>
<time>2022-08-16T13:56:53.318Z</time>
<extensions>
<gpxtpx:TrackPointExtension>
<gpxtpx:speed>0.937016</gpxtpx:speed>
</gpxtpx:TrackPointExtension>
</extensions>
</trkpt>
<trkpt lat="46.371541" lon="12.534176">
<ele>1634.237549</ele>
<time>2022-08-16T13:57:08.319Z</time>
<extensions>
<gpxtpx:TrackPointExtension>
<gpxtpx:speed>1.127429</gpxtpx:speed>
</gpxtpx:TrackPointExtension>
</extensions>
</trkpt>
<trkpt lat="46.371524" lon="12.534155">
<ele>1630.593262</ele>
<time>2022-08-16T13:57:18.328Z</time>
<extensions>
<gpxtpx:TrackPointExtension>
<gpxtpx:speed>0.951090</gpxtpx:speed>
</gpxtpx:TrackPointExtension>
</extensions>
</trkpt>
<trkpt lat="46.371574" lon="12.534098">
<ele>1624.874512</ele>
<time>2022-08-16T13:57:28.328Z</time>
<extensions>
<gpxtpx:TrackPointExtension>
<gpxtpx:speed>0.717806</gpxtpx:speed>
</gpxtpx:TrackPointExtension>
</extensions>
</trkpt>
<trkpt lat="46.371604" lon="12.534026">
<ele>1623.293213</ele>
<time>2022-08-16T13:57:38.342Z</time>
<extensions>
<gpxtpx:TrackPointExtension>
<gpxtpx:speed>1.003002</gpxtpx:speed>
</gpxtpx:TrackPointExtension>
</extensions>
</trkpt>
<trkpt lat="46.371616" lon="12.533983">
<ele>1620.255127</ele>
<time>2022-08-16T13:57:48.349Z</time>
<extensions>
<gpxtpx:TrackPointExtension>
<gpxtpx:speed>0.812176</gpxtpx:speed>
</gpxtpx:TrackPointExtension>
</extensions>
</trkpt>
<trkpt lat="46.371539" lon="12.533957">
<ele>1623.356934</ele>
<time>2022-08-16T13:58:03.319Z</time>
<extensions>
<gpxtpx:TrackPointExtension>
<gpxtpx:speed>0.491252</gpxtpx:speed>
</gpxtpx:TrackPointExtension>
</extensions>
</trkpt>
<trkpt lat="46.371578" lon="12.533870">
<ele>1623.371094</ele>
<time>2022-08-16T13:58:13.321Z</time>
<extensions>
<gpxtpx:TrackPointExtension>
<gpxtpx:speed>0.757586</gpxtpx:speed>
</gpxtpx:TrackPointExtension>
</extensions>
</trkpt>
<trkpt lat="46.371547" lon="12.533754">
<ele>1622.780762</ele>
<time>2022-08-16T13:58:25.339Z</time>
<extensions>
<gpxtpx:TrackPointExtension>
<gpxtpx:speed>0.837704</gpxtpx:speed>
</gpxtpx:TrackPointExtension>
</extensions>
</trkpt>
<trkpt lat="46.371562" lon="12.533722">
<ele>1619.855957</ele>
<time>2022-08-16T13:58:38.362Z</time>
<extensions>
<gpxtpx:TrackPointExtension>
<gpxtpx:speed>0.510556</gpxtpx:speed>
</gpxtpx:TrackPointExtension>
</extensions>
</trkpt>
<trkpt lat="46.371606" lon="12.533693">
<ele>1617.162354</ele>
<time>2022-08-16T13:58:48.371Z</time>
<extensions>
<gpxtpx:TrackPointExtension>
<gpxtpx:speed>0.691302</gpxtpx:speed>
</gpxtpx:TrackPointExtension>
</extensions>
</trkpt>
<trkpt lat="46.371672" lon="12.533643">
<ele>1612.165039</ele>
<time>2022-08-16T13:58:58.376Z</time>
<extensions>
<gpxtpx:TrackPointExtension>
<gpxtpx:speed>0.912964</gpxtpx:speed>
</gpxtpx:TrackPointExtension>
</extensions>
</trkpt>
<trkpt lat="46.371723" lon="12.533553">
<ele>1610.570801</ele>
<time>2022-08-16T13:59:08.415Z</time>
<extensions>
<gpxtpx:TrackPointExtension>
<gpxtpx:speed>0.761693</gpxtpx:speed>
</gpxtpx:TrackPointExtension>
</extensions>
</trkpt>
<trkpt lat="46.371761" lon="12.533467">
<ele>1608.925781</ele>
<time>2022-08-16T13:59:18.475Z</time>
<extensions>
<gpxtpx:TrackPointExtension>
<gpxtpx:speed>0.745308</gpxtpx:speed>
</gpxtpx:TrackPointExtension>
</extensions>
</trkpt>
<trkpt lat="46.371823" lon="12.533389">
<ele>1606.211426</ele>
<time>2022-08-16T13:59:29.345Z</time>
<extensions>
<gpxtpx:TrackPointExtension>
<gpxtpx:speed>1.544281</gpxtpx:speed>
</gpxtpx:TrackPointExtension>
</extensions>
</trkpt>
<trkpt lat="46.371930" lon="12.533232">
<ele>1601.133789</ele>
<time>2022-08-16T13:59:44.325Z</time>
<extensions>
<gpxtpx:TrackPointExtension>
<gpxtpx:speed>0.973501</gpxtpx:speed>
</gpxtpx:TrackPointExtension>
</extensions>
</trkpt>
<trkpt lat="46.371997" lon="12.533106">
<ele>1598.620605</ele>
<time>2022-08-16T13:59:54.396Z</time>
<extensions>
<gpxtpx:TrackPointExtension>
<gpxtpx:speed>1.080749</gpxtpx:speed>
</gpxtpx:TrackPointExtension>
</extensions>
</trkpt>
<trkpt lat="46.372017" lon="12.533097">
<ele>1596.115967</ele>
<time>2022-08-16T14:00:04.404Z</time>
<extensions>
<gpxtpx:TrackPointExtension>
<gpxtpx:speed>0.840755</gpxtpx:speed>
</gpxtpx:TrackPointExtension>
</extensions>
</trkpt>
<trkpt lat="46.372058" lon="12.533059">
<ele>1596.476563</ele>
<time>2022-08-16T14:00:19.328Z</time>
<extensions>
<gpxtpx:TrackPointExtension>
<gpxtpx:speed>1.168012</gpxtpx:speed>
</gpxtpx:TrackPointExtension>
</extensions>
</trkpt>
<trkpt lat="46.372143" lon="12.533002">
<ele>1595.821289</ele>
<time>2022-08-16T14:00:29.351Z</time>
<extensions>
<gpxtpx:TrackPointExtension>
<gpxtpx:speed>0.811265</gpxtpx:speed>
</gpxtpx:TrackPointExtension>
</extensions>
</trkpt>
<trkpt lat="46.372228" lon="12.533026">
<ele>1593.832031</ele>
<time>2022-08-16T14:00:40.340Z</time>
<extensions>
<gpxtpx:TrackPointExtension>
<gpxtpx:speed>0.738291</gpxtpx:speed>
</gpxtpx:TrackPointExtension>
</extensions>
</trkpt>
<trkpt lat="46.372232" lon="12.533053">
<ele>1592.492432</ele>
<time>2022-08-16T14:01:09.315Z</time>
<extensions>
<gpxtpx:TrackPointExtension>
<gpxtpx:speed>0.328209</gpxtpx:speed>
</gpxtpx:TrackPointExtension>
</extensions>
</trkpt>
<trkpt lat="46.372161" lon="12.533031">
<ele>1597.692383</ele>
<time>2022-08-16T14:01:21.323Z</time>
<extensions>
<gpxtpx:TrackPointExtension>
<gpxtpx:speed>0.822410</gpxtpx:speed>
</gpxtpx:TrackPointExtension>
</extensions>
</trkpt>
<trkpt lat="46.372190" lon="12.533051">
<ele>1596.412598</ele>
<time>2022-08-16T14:01:33.314Z</time>
<extensions>
<gpxtpx:TrackPointExtension>
<gpxtpx:speed>0.375657</gpxtpx:speed>
</gpxtpx:TrackPointExtension>
</extensions>
</trkpt>
<trkpt lat="46.372178" lon="12.533034">
<ele>1598.505859</ele>
<time>2022-08-16T14:02:08.300Z</time>
<extensions>
<gpxtpx:TrackPointExtension>
<gpxtpx:speed>0.813153</gpxtpx:speed>
</gpxtpx:TrackPointExtension>
</extensions>
</trkpt>
<trkpt lat="46.372192" lon="12.533033">
<ele>1599.321289</ele>
<time>2022-08-16T14:02:18.323Z</time>
<extensions>
<gpxtpx:TrackPointExtension>
<gpxtpx:speed>0.396256</gpxtpx:speed>
</gpxtpx:TrackPointExtension>
</extensions>
</trkpt>
<trkpt lat="46.372177" lon="12.532997">
<ele>1600.061523</ele>
<time>2022-08-16T14:02:28.326Z</time>
<extensions>
<gpxtpx:TrackPointExtension>
<gpxtpx:speed>0.664671</gpxtpx:speed>
</gpxtpx:TrackPointExtension>
</extensions>
</trkpt>
<trkpt lat="46.372155" lon="12.532913">
<ele>1599.742676</ele>
<time>2022-08-16T14:02:38.335Z</time>
<extensions>
<gpxtpx:TrackPointExtension>
<gpxtpx:speed>0.802433</gpxtpx:speed>
</gpxtpx:TrackPointExtension>
</extensions>
</trkpt>
<trkpt lat="46.372099" lon="12.532831">
<ele>1600.923828</ele>
<time>2022-08-16T14:02:48.381Z</time>
<extensions>
<gpxtpx:TrackPointExtension>
<gpxtpx:speed>0.994143</gpxtpx:speed>
</gpxtpx:TrackPointExtension>
</extensions>
</trkpt>
<trkpt lat="46.372115" lon="12.532585">
<ele>1598.526367</ele>
<time>2022-08-16T14:03:03.325Z</time>
<extensions>
<gpxtpx:TrackPointExtension>
<gpxtpx:speed>1.076036</gpxtpx:speed>
</gpxtpx:TrackPointExtension>
</extensions>
</trkpt>
<trkpt lat="46.372112" lon="12.532462">
<ele>1599.372559</ele>
<time>2022-08-16T14:03:13.343Z</time>
<extensions>
<gpxtpx:TrackPointExtension>
<gpxtpx:speed>0.975072</gpxtpx:speed>
</gpxtpx:TrackPointExtension>
</extensions>
</trkpt>
<trkpt lat="46.372155" lon="12.532305">
<ele>1594.271484</ele>
<time>2022-08-16T14:03:26.332Z</time>
<extensions>
<gpxtpx:TrackPointExtension>
<gpxtpx:speed>0.970905</gpxtpx:speed>
</gpxtpx:TrackPointExtension>
</extensions>
</trkpt>
<trkpt lat="46.372163" lon="12.532218">
<ele>1595.556152</ele>
<time>2022-08-16T14:03:38.319Z</time>
<extensions>
<gpxtpx:TrackPointExtension>
<gpxtpx:speed>0.774623</gpxtpx:speed>
</gpxtpx:TrackPointExtension>
</extensions>
</trkpt>
<trkpt lat="46.372129" lon="12.532140">
<ele>1596.179688</ele>
<time>2022-08-16T14:03:48.364Z</time>
<extensions>
<gpxtpx:TrackPointExtension>
<gpxtpx:speed>0.840489</gpxtpx:speed>
</gpxtpx:TrackPointExtension>
</extensions>
</trkpt>
<trkpt lat="46.372098" lon="12.532074">
<ele>1597.275879</ele>
<time>2022-08-16T14:03:58.370Z</time>
<extensions>
<gpxtpx:TrackPointExtension>
<gpxtpx:speed>1.109656</gpxtpx:speed>
</gpxtpx:TrackPointExtension>
</extensions>
</trkpt>
<trkpt lat="46.372037" lon="12.532047">
<ele>1594.628418</ele>
<time>2022-08-16T14:04:08.398Z</time>
<extensions>
<gpxtpx:TrackPointExtension>
<gpxtpx:speed>0.854016</gpxtpx:speed>
</gpxtpx:TrackPointExtension>
</extensions>
</trkpt>
<trkpt lat="46.371996" lon="12.531993">
<ele>1594.437500</ele>
<time>2022-08-16T14:04:18.447Z</time>
<extensions>
<gpxtpx:TrackPointExtension>
<gpxtpx:speed>0.829190</gpxtpx:speed>
</gpxtpx:TrackPointExtension>
</extensions>
</trkpt>
<trkpt lat="46.371949" lon="12.531928">
<ele>1594.546631</ele>
<time>2022-08-16T14:04:28.467Z</time>
<extensions>
<gpxtpx:TrackPointExtension>
<gpxtpx:speed>0.942184</gpxtpx:speed>
</gpxtpx:TrackPointExtension>
</extensions>
</trkpt>
<trkpt lat="46.371909" lon="12.531827">
<ele>1590.498047</ele>
<time>2022-08-16T14:04:39.323Z</time>
<extensions>
<gpxtpx:TrackPointExtension>
<gpxtpx:speed>0.880484</gpxtpx:speed>
</gpxtpx:TrackPointExtension>
</extensions>
</trkpt>
<trkpt lat="46.371932" lon="12.531710">
<ele>1586.260986</ele>
<time>2022-08-16T14:04:49.337Z</time>
<extensions>
<gpxtpx:TrackPointExtension>
<gpxtpx:speed>0.897217</gpxtpx:speed>
</gpxtpx:TrackPointExtension>
</extensions>
</trkpt>
<trkpt lat="46.371920" lon="12.531535">
<ele>1584.941895</ele>
<time>2022-08-16T14:05:03.322Z</time>
<extensions>
<gpxtpx:TrackPointExtension>
<gpxtpx:speed>0.878602</gpxtpx:speed>
</gpxtpx:TrackPointExtension>
</extensions>
</trkpt>
<trkpt lat="46.371907" lon="12.531400">
<ele>1581.669922</ele>
<time>2022-08-16T14:05:14.351Z</time>
<extensions>
<gpxtpx:TrackPointExtension>
<gpxtpx:speed>0.869722</gpxtpx:speed>
</gpxtpx:TrackPointExtension>
</extensions>
</trkpt>
<trkpt lat="46.371889" lon="12.531297">
<ele>1582.165039</ele>
<time>2022-08-16T14:05:24.356Z</time>
<extensions>
<gpxtpx:TrackPointExtension>
<gpxtpx:speed>0.795841</gpxtpx:speed>
</gpxtpx:TrackPointExtension>
</extensions>
</trkpt>
<trkpt lat="46.371846" lon="12.531162">
<ele>1578.628906</ele>
<time>2022-08-16T14:05:39.340Z</time>
<extensions>
<gpxtpx:TrackPointExtension>
<gpxtpx:speed>0.852555</gpxtpx:speed>
</gpxtpx:TrackPointExtension>
</extensions>
</trkpt>
<trkpt lat="46.371774" lon="12.531079">
<ele>1575.995361</ele>
<time>2022-08-16T14:05:50.333Z</time>
<extensions>
<gpxtpx:TrackPointExtension>
<gpxtpx:speed>0.981440</gpxtpx:speed>
</gpxtpx:TrackPointExtension>
</extensions>
</trkpt>
<trkpt lat="46.371747" lon="12.530979">
<ele>1578.079102</ele>
<time>2022-08-16T14:06:00.337Z</time>
<extensions>
<gpxtpx:TrackPointExtension>
<gpxtpx:speed>1.127041</gpxtpx:speed>
</gpxtpx:TrackPointExtension>
</extensions>
</trkpt>
<trkpt lat="46.371719" lon="12.530860">
<ele>1572.564209</ele>
<time>2022-08-16T14:06:14.345Z</time>
<extensions>
<gpxtpx:TrackPointExtension>
<gpxtpx:speed>0.672860</gpxtpx:speed>
</gpxtpx:TrackPointExtension>
</extensions>
</trkpt>
<trkpt lat="46.371744" lon="12.530761">
<ele>1565.533203</ele>
<time>2022-08-16T14:06:27.344Z</time>
<extensions>
<gpxtpx:TrackPointExtension>
<gpxtpx:speed>0.562654</gpxtpx:speed>
</gpxtpx:TrackPointExtension>
</extensions>
</trkpt>
<trkpt lat="46.371713" lon="12.530660">
<ele>1560.841309</ele>
<time>2022-08-16T14:06:39.300Z</time>
<extensions>
<gpxtpx:TrackPointExtension>
<gpxtpx:speed>1.031938</gpxtpx:speed>
</gpxtpx:TrackPointExtension>
</extensions>
</trkpt>
<trkpt lat="46.371725" lon="12.530546">
<ele>1553.007813</ele>
<time>2022-08-16T14:06:49.323Z</time>
<extensions>
<gpxtpx:TrackPointExtension>
<gpxtpx:speed>0.957256</gpxtpx:speed>
</gpxtpx:TrackPointExtension>
</extensions>
</trkpt>
<trkpt lat="46.371713" lon="12.530405">
<ele>1552.339600</ele>
<time>2022-08-16T14:06:59.368Z</time>
<extensions>
<gpxtpx:TrackPointExtension>
<gpxtpx:speed>1.181882</gpxtpx:speed>
</gpxtpx:TrackPointExtension>
</extensions>
</trkpt>
<trkpt lat="46.371694" lon="12.530273">
<ele>1549.253906</ele>
<time>2022-08-16T14:07:09.374Z</time>
<extensions>
<gpxtpx:TrackPointExtension>
<gpxtpx:speed>1.059203</gpxtpx:speed>
</gpxtpx:TrackPointExtension>
</extensions>
</trkpt>
<trkpt lat="46.371819" lon="12.530110">
<ele>1546.914429</ele>
<time>2022-08-16T14:07:24.319Z</time>
<extensions>
<gpxtpx:TrackPointExtension>
<gpxtpx:speed>1.390469</gpxtpx:speed>
</gpxtpx:TrackPointExtension>
</extensions>
</trkpt>
<trkpt lat="46.371816" lon="12.530050">
<ele>1542.008545</ele>
<time>2022-08-16T14:07:35.303Z</time>
<extensions>
<gpxtpx:TrackPointExtension>
<gpxtpx:speed>1.457405</gpxtpx:speed>
</gpxtpx:TrackPointExtension>
</extensions>
</trkpt>
<trkpt lat="46.371849" lon="12.529856">
<ele>1542.273315</ele>
<time>2022-08-16T14:07:49.389Z</time>
<extensions>
<gpxtpx:TrackPointExtension>
<gpxtpx:speed>0.933785</gpxtpx:speed>
</gpxtpx:TrackPointExtension>
</extensions>
</trkpt>
<trkpt lat="46.371872" lon="12.529780">
<ele>1538.874146</ele>
<time>2022-08-16T14:07:59.399Z</time>
<extensions>
<gpxtpx:TrackPointExtension>
<gpxtpx:speed>1.039961</gpxtpx:speed>
</gpxtpx:TrackPointExtension>
</extensions>
</trkpt>
<trkpt lat="46.371834" lon="12.529646">
<ele>1536.085205</ele>
<time>2022-08-16T14:08:09.446Z</time>
<extensions>
<gpxtpx:TrackPointExtension>
<gpxtpx:speed>1.212942</gpxtpx:speed>
</gpxtpx:TrackPointExtension>
</extensions>
</trkpt>
<trkpt lat="46.371849" lon="12.529555">
<ele>1534.118652</ele>
<time>2022-08-16T14:08:19.483Z</time>
<extensions>
<gpxtpx:TrackPointExtension>
<gpxtpx:speed>0.931550</gpxtpx:speed>
</gpxtpx:TrackPointExtension>
</extensions>
</trkpt>
<trkpt lat="46.371804" lon="12.529479">
<ele>1532.745605</ele>
<time>2022-08-16T14:08:30.305Z</time>
<extensions>
<gpxtpx:TrackPointExtension>
<gpxtpx:speed>0.901049</gpxtpx:speed>
</gpxtpx:TrackPointExtension>
</extensions>
</trkpt>
<trkpt lat="46.371820" lon="12.529436">
<ele>1527.080933</ele>
<time>2022-08-16T14:08:40.312Z</time>
<extensions>
<gpxtpx:TrackPointExtension>
<gpxtpx:speed>0.557957</gpxtpx:speed>
</gpxtpx:TrackPointExtension>
</extensions>
</trkpt>
<trkpt lat="46.371776" lon="12.529360">
<ele>1529.760864</ele>
<time>2022-08-16T14:08:50.385Z</time>
<extensions>
<gpxtpx:TrackPointExtension>
<gpxtpx:speed>0.644906</gpxtpx:speed>
</gpxtpx:TrackPointExtension>
</extensions>
</trkpt>
<trkpt lat="46.371795" lon="12.529405">
<ele>1529.623169</ele>
<time>2022-08-16T14:09:05.314Z</time>
<extensions>
<gpxtpx:TrackPointExtension>
<gpxtpx:speed>0.376746</gpxtpx:speed>
</gpxtpx:TrackPointExtension>
</extensions>
</trkpt>
<trkpt lat="46.371787" lon="12.529431">
<ele>1526.660522</ele>
<time>2022-08-16T14:09:15.348Z</time>
<extensions>
<gpxtpx:TrackPointExtension>
<gpxtpx:speed>0.440580</gpxtpx:speed>
</gpxtpx:TrackPointExtension>
</extensions>
</trkpt>
<trkpt lat="46.371716" lon="12.529509">
<ele>1519.987915</ele>
<time>2022-08-16T14:09:29.316Z</time>
<extensions>
<gpxtpx:TrackPointExtension>
<gpxtpx:speed>1.291304</gpxtpx:speed>
</gpxtpx:TrackPointExtension>
</extensions>
</trkpt>
<trkpt lat="46.371744" lon="12.529376">
<ele>1515.218506</ele>
<time>2022-08-16T14:09:40.357Z</time>
<extensions>
<gpxtpx:TrackPointExtension>
<gpxtpx:speed>1.055663</gpxtpx:speed>
</gpxtpx:TrackPointExtension>
</extensions>
</trkpt>
<trkpt lat="46.371767" lon="12.529195">
<ele>1514.726440</ele>
<time>2022-08-16T14:09:55.325Z</time>
<extensions>
<gpxtpx:TrackPointExtension>
<gpxtpx:speed>0.903185</gpxtpx:speed>
</gpxtpx:TrackPointExtension>
</extensions>
</trkpt>
<trkpt lat="46.371810" lon="12.529095">
<ele>1516.960449</ele>
<time>2022-08-16T14:10:05.325Z</time>
<extensions>
<gpxtpx:TrackPointExtension>
<gpxtpx:speed>0.773407</gpxtpx:speed>
</gpxtpx:TrackPointExtension>
</extensions>
</trkpt>
<trkpt lat="46.371869" lon="12.529032">
<ele>1513.968262</ele>
<time>2022-08-16T14:10:15.341Z</time>
<extensions>
<gpxtpx:TrackPointExtension>
<gpxtpx:speed>0.736756</gpxtpx:speed>
</gpxtpx:TrackPointExtension>
</extensions>
</trkpt>
<trkpt lat="46.371853" lon="12.528889">
<ele>1511.594727</ele>
<time>2022-08-16T14:10:30.348Z</time>
<extensions>
<gpxtpx:TrackPointExtension>
<gpxtpx:speed>0.707962</gpxtpx:speed>
</gpxtpx:TrackPointExtension>
</extensions>
</trkpt>
<trkpt lat="46.371836" lon="12.528697">
<ele>1507.843872</ele>
<time>2022-08-16T14:10:45.332Z</time>
<extensions>
<gpxtpx:TrackPointExtension>
<gpxtpx:speed>0.885859</gpxtpx:speed>
</gpxtpx:TrackPointExtension>
</extensions>
</trkpt>
<trkpt lat="46.371787" lon="12.528613">
<ele>1506.769165</ele>
<time>2022-08-16T14:10:55.344Z</time>
<extensions>
<gpxtpx:TrackPointExtension>
<gpxtpx:speed>0.784088</gpxtpx:speed>
</gpxtpx:TrackPointExtension>
</extensions>
</trkpt>
<trkpt lat="46.371754" lon="12.528530">
<ele>1509.850952</ele>
<time>2022-08-16T14:11:05.378Z</time>
<extensions>
<gpxtpx:TrackPointExtension>
<gpxtpx:speed>0.922388</gpxtpx:speed>
</gpxtpx:TrackPointExtension>
</extensions>
</trkpt>
<trkpt lat="46.371779" lon="12.528383">
<ele>1509.855957</ele>
<time>2022-08-16T14:11:15.388Z</time>
<extensions>
<gpxtpx:TrackPointExtension>
<gpxtpx:speed>1.559966</gpxtpx:speed>
</gpxtpx:TrackPointExtension>
</extensions>
</trkpt>
<trkpt lat="46.371799" lon="12.528292">
<ele>1509.431152</ele>
<time>2022-08-16T14:11:25.417Z</time>
<extensions>
<gpxtpx:TrackPointExtension>
<gpxtpx:speed>0.896075</gpxtpx:speed>
</gpxtpx:TrackPointExtension>
</extensions>
</trkpt>
<trkpt lat="46.371822" lon="12.528216">
<ele>1507.242432</ele>
<time>2022-08-16T14:11:35.456Z</time>
<extensions>
<gpxtpx:TrackPointExtension>
<gpxtpx:speed>1.085253</gpxtpx:speed>
</gpxtpx:TrackPointExtension>
</extensions>
</trkpt>
<trkpt lat="46.371781" lon="12.528249">
<ele>1507.030151</ele>
<time>2022-08-16T14:12:01.332Z</time>
<extensions>
<gpxtpx:TrackPointExtension>
<gpxtpx:speed>0.223027</gpxtpx:speed>
</gpxtpx:TrackPointExtension>
</extensions>
</trkpt>
<trkpt lat="46.371767" lon="12.528249">
<ele>1507.030518</ele>
<time>2022-08-16T14:12:16.340Z</time>
<extensions>
<gpxtpx:TrackPointExtension>
<gpxtpx:speed>0.688031</gpxtpx:speed>
</gpxtpx:TrackPointExtension>
</extensions>
</trkpt>
<trkpt lat="46.371800" lon="12.528113">
<ele>1502.062378</ele>
<time>2022-08-16T14:12:31.338Z</time>
<extensions>
<gpxtpx:TrackPointExtension>
<gpxtpx:speed>1.245019</gpxtpx:speed>
</gpxtpx:TrackPointExtension>
</extensions>
</trkpt>
<trkpt lat="46.371851" lon="12.527984">
<ele>1500.138550</ele>
<time>2022-08-16T14:12:41.356Z</time>
<extensions>
<gpxtpx:TrackPointExtension>
<gpxtpx:speed>1.193654</gpxtpx:speed>
</gpxtpx:TrackPointExtension>
</extensions>
</trkpt>
<trkpt lat="46.371799" lon="12.527889">
<ele>1495.572144</ele>
<time>2022-08-16T14:12:52.334Z</time>
<extensions>
<gpxtpx:TrackPointExtension>
<gpxtpx:speed>0.844636</gpxtpx:speed>
</gpxtpx:TrackPointExtension>
</extensions>
</trkpt>
<trkpt lat="46.371782" lon="12.527749">
<ele>1493.715576</ele>
<time>2022-08-16T14:13:06.325Z</time>
<extensions>
<gpxtpx:TrackPointExtension>
<gpxtpx:speed>1.165635</gpxtpx:speed>
</gpxtpx:TrackPointExtension>
</extensions>
</trkpt>
<trkpt lat="46.371801" lon="12.527648">
<ele>1494.057739</ele>
<time>2022-08-16T14:13:16.334Z</time>
<extensions>
<gpxtpx:TrackPointExtension>
<gpxtpx:speed>0.789699</gpxtpx:speed>
</gpxtpx:TrackPointExtension>
</extensions>
</trkpt>
<trkpt lat="46.371754" lon="12.527597">
<ele>1493.638306</ele>
<time>2022-08-16T14:13:26.336Z</time>
<extensions>
<gpxtpx:TrackPointExtension>
<gpxtpx:speed>0.911381</gpxtpx:speed>
</gpxtpx:TrackPointExtension>
</extensions>
</trkpt>
<trkpt lat="46.371767" lon="12.527443">
<ele>1486.901001</ele>
<time>2022-08-16T14:13:41.303Z</time>
<extensions>
<gpxtpx:TrackPointExtension>
<gpxtpx:speed>0.948492</gpxtpx:speed>
</gpxtpx:TrackPointExtension>
</extensions>
</trkpt>
<trkpt lat="46.371831" lon="12.527304">
<ele>1483.223877</ele>
<time>2022-08-16T14:13:51.316Z</time>
<extensions>
<gpxtpx:TrackPointExtension>
<gpxtpx:speed>1.024537</gpxtpx:speed>
</gpxtpx:TrackPointExtension>
</extensions>
</trkpt>
<trkpt lat="46.371858" lon="12.527198">
<ele>1482.083252</ele>
<time>2022-08-16T14:14:01.346Z</time>
<extensions>
<gpxtpx:TrackPointExtension>
<gpxtpx:speed>0.965868</gpxtpx:speed>
</gpxtpx:TrackPointExtension>
</extensions>
</trkpt>
<trkpt lat="46.371955" lon="12.527044">
<ele>1475.928711</ele>
<time>2022-08-16T14:14:16.361Z</time>
<extensions>
<gpxtpx:TrackPointExtension>
<gpxtpx:speed>1.054187</gpxtpx:speed>
</gpxtpx:TrackPointExtension>
</extensions>
</trkpt>
<trkpt lat="46.371994" lon="12.526893">
<ele>1474.367798</ele>
<time>2022-08-16T14:14:26.383Z</time>
<extensions>
<gpxtpx:TrackPointExtension>
<gpxtpx:speed>1.142623</gpxtpx:speed>
</gpxtpx:TrackPointExtension>
</extensions>
</trkpt>
<trkpt lat="46.372062" lon="12.526802">
<ele>1471.409058</ele>
<time>2022-08-16T14:14:36.417Z</time>
<extensions>
<gpxtpx:TrackPointExtension>
<gpxtpx:speed>0.934617</gpxtpx:speed>
</gpxtpx:TrackPointExtension>
</extensions>
</trkpt>
<trkpt lat="46.372110" lon="12.526685">
<ele>1469.048950</ele>
<time>2022-08-16T14:14:46.474Z</time>
<extensions>
<gpxtpx:TrackPointExtension>
<gpxtpx:speed>0.910631</gpxtpx:speed>
</gpxtpx:TrackPointExtension>
</extensions>
</trkpt>
<trkpt lat="46.372081" lon="12.526547">
<ele>1464.635254</ele>
<time>2022-08-16T14:14:57.317Z</time>
<extensions>
<gpxtpx:TrackPointExtension>
<gpxtpx:speed>0.846826</gpxtpx:speed>
</gpxtpx:TrackPointExtension>
</extensions>
</trkpt>
<trkpt lat="46.372099" lon="12.526416">
<ele>1461.510254</ele>
<time>2022-08-16T14:15:07.327Z</time>
<extensions>
<gpxtpx:TrackPointExtension>
<gpxtpx:speed>0.808546</gpxtpx:speed>
</gpxtpx:TrackPointExtension>
</extensions>
</trkpt>
<trkpt lat="46.372190" lon="12.526272">
<ele>1457.038208</ele>
<time>2022-08-16T14:15:22.335Z</time>
<extensions>
<gpxtpx:TrackPointExtension>
<gpxtpx:speed>0.837250</gpxtpx:speed>
</gpxtpx:TrackPointExtension>
</extensions>
</trkpt>
<trkpt lat="46.372252" lon="12.526205">
<ele>1452.460693</ele>
<time>2022-08-16T14:15:32.336Z</time>
<extensions>
<gpxtpx:TrackPointExtension>
<gpxtpx:speed>0.771262</gpxtpx:speed>
</gpxtpx:TrackPointExtension>
</extensions>
</trkpt>
<trkpt lat="46.372310" lon="12.526115">
<ele>1451.154297</ele>
<time>2022-08-16T14:15:44.326Z</time>
<extensions>
<gpxtpx:TrackPointExtension>
<gpxtpx:speed>0.674156</gpxtpx:speed>
</gpxtpx:TrackPointExtension>
</extensions>
</trkpt>
<trkpt lat="46.372330" lon="12.526001">
<ele>1451.857910</ele>
<time>2022-08-16T14:15:54.333Z</time>
<extensions>
<gpxtpx:TrackPointExtension>
<gpxtpx:speed>0.658448</gpxtpx:speed>
</gpxtpx:TrackPointExtension>
</extensions>
</trkpt>
<trkpt lat="46.372388" lon="12.525962">
<ele>1450.790283</ele>
<time>2022-08-16T14:16:07.333Z</time>
<extensions>
<gpxtpx:TrackPointExtension>
<gpxtpx:speed>0.652840</gpxtpx:speed>
</gpxtpx:TrackPointExtension>
</extensions>
</trkpt>
<trkpt lat="46.372477" lon="12.525911">
<ele>1447.536865</ele>
<time>2022-08-16T14:16:22.399Z</time>
<extensions>
<gpxtpx:TrackPointExtension>
<gpxtpx:speed>0.983488</gpxtpx:speed>
</gpxtpx:TrackPointExtension>
</extensions>
</trkpt>
<trkpt lat="46.372488" lon="12.525777">
<ele>1443.031128</ele>
<time>2022-08-16T14:16:37.342Z</time>
<extensions>
<gpxtpx:TrackPointExtension>
<gpxtpx:speed>0.968346</gpxtpx:speed>
</gpxtpx:TrackPointExtension>
</extensions>
</trkpt>
<trkpt lat="46.372533" lon="12.525603">
<ele>1442.306763</ele>
<time>2022-08-16T14:16:52.316Z</time>
<extensions>
<gpxtpx:TrackPointExtension>
<gpxtpx:speed>0.859050</gpxtpx:speed>
</gpxtpx:TrackPointExtension>
</extensions>
</trkpt>
<trkpt lat="46.372576" lon="12.525550">
<ele>1439.021484</ele>
<time>2022-08-16T14:17:02.351Z</time>
<extensions>
<gpxtpx:TrackPointExtension>
<gpxtpx:speed>0.842170</gpxtpx:speed>
</gpxtpx:TrackPointExtension>
</extensions>
</trkpt>
<trkpt lat="46.372576" lon="12.525382">
<ele>1439.558105</ele>
<time>2022-08-16T14:17:17.359Z</time>
<extensions>
<gpxtpx:TrackPointExtension>
<gpxtpx:speed>0.860016</gpxtpx:speed>
</gpxtpx:TrackPointExtension>
</extensions>
</trkpt>
<trkpt lat="46.372574" lon="12.525310">
<ele>1439.217651</ele>
<time>2022-08-16T14:17:27.393Z</time>
<extensions>
<gpxtpx:TrackPointExtension>
<gpxtpx:speed>0.662652</gpxtpx:speed>
</gpxtpx:TrackPointExtension>
</extensions>
</trkpt>
<trkpt lat="46.372581" lon="12.525216">
<ele>1437.260132</ele>
<time>2022-08-16T14:17:37.414Z</time>
<extensions>
<gpxtpx:TrackPointExtension>
<gpxtpx:speed>0.736549</gpxtpx:speed>
</gpxtpx:TrackPointExtension>
</extensions>
</trkpt>
<trkpt lat="46.372559" lon="12.525128">
<ele>1437.760498</ele>
<time>2022-08-16T14:17:47.469Z</time>
<extensions>
<gpxtpx:TrackPointExtension>
<gpxtpx:speed>0.899049</gpxtpx:speed>
</gpxtpx:TrackPointExtension>
</extensions>
</trkpt>
<trkpt lat="46.372535" lon="12.525089">
<ele>1433.147827</ele>
<time>2022-08-16T14:18:03.346Z</time>
<extensions>
<gpxtpx:TrackPointExtension>
<gpxtpx:speed>0.817178</gpxtpx:speed>
</gpxtpx:TrackPointExtension>
</extensions>
</trkpt>
<trkpt lat="46.372516" lon="12.524938">
<ele>1431.203491</ele>
<time>2022-08-16T14:18:16.344Z</time>
<extensions>
<gpxtpx:TrackPointExtension>
<gpxtpx:speed>1.241511</gpxtpx:speed>
</gpxtpx:TrackPointExtension>
</extensions>
</trkpt>
<trkpt lat="46.372497" lon="12.524855">
<ele>1431.692627</ele>
<time>2022-08-16T14:18:26.347Z</time>
<extensions>
<gpxtpx:TrackPointExtension>
<gpxtpx:speed>0.760608</gpxtpx:speed>
</gpxtpx:TrackPointExtension>
</extensions>
</trkpt>
<trkpt lat="46.372531" lon="12.524699">
<ele>1428.874634</ele>
<time>2022-08-16T14:18:38.338Z</time>
<extensions>
<gpxtpx:TrackPointExtension>
<gpxtpx:speed>0.982300</gpxtpx:speed>
</gpxtpx:TrackPointExtension>
</extensions>
</trkpt>
<trkpt lat="46.372630" lon="12.524499">
<ele>1425.287476</ele>
<time>2022-08-16T14:18:53.319Z</time>
<extensions>
<gpxtpx:TrackPointExtension>
<gpxtpx:speed>0.980857</gpxtpx:speed>
</gpxtpx:TrackPointExtension>
</extensions>
</trkpt>
<trkpt lat="46.372680" lon="12.524361">
<ele>1423.926880</ele>
<time>2022-08-16T14:19:03.326Z</time>
<extensions>
<gpxtpx:TrackPointExtension>
<gpxtpx:speed>0.988845</gpxtpx:speed>
</gpxtpx:TrackPointExtension>
</extensions>
</trkpt>
<trkpt lat="46.372750" lon="12.524250">
<ele>1420.733154</ele>
<time>2022-08-16T14:19:13.326Z</time>
<extensions>
<gpxtpx:TrackPointExtension>
<gpxtpx:speed>0.953245</gpxtpx:speed>
</gpxtpx:TrackPointExtension>
</extensions>
</trkpt>
<trkpt lat="46.372828" lon="12.524162">
<ele>1417.094971</ele>
<time>2022-08-16T14:19:23.336Z</time>
<extensions>
<gpxtpx:TrackPointExtension>
<gpxtpx:speed>1.092249</gpxtpx:speed>
</gpxtpx:TrackPointExtension>
</extensions>
</trkpt>
<trkpt lat="46.372888" lon="12.524021">
<ele>1413.152100</ele>
<time>2022-08-16T14:19:38.334Z</time>
<extensions>
<gpxtpx:TrackPointExtension>
<gpxtpx:speed>0.972983</gpxtpx:speed>
</gpxtpx:TrackPointExtension>
</extensions>
</trkpt>
<trkpt lat="46.372935" lon="12.523885">
<ele>1412.171631</ele>
<time>2022-08-16T14:19:50.329Z</time>
<extensions>
<gpxtpx:TrackPointExtension>
<gpxtpx:speed>1.058920</gpxtpx:speed>
</gpxtpx:TrackPointExtension>
</extensions>
</trkpt>
<trkpt lat="46.373004" lon="12.523717">
<ele>1411.348267</ele>
<time>2022-08-16T14:20:03.345Z</time>
<extensions>
<gpxtpx:TrackPointExtension>
<gpxtpx:speed>1.083484</gpxtpx:speed>
</gpxtpx:TrackPointExtension>
</extensions>
</trkpt>
<trkpt lat="46.373077" lon="12.523612">
<ele>1398.757324</ele>
<time>2022-08-16T14:20:18.327Z</time>
<extensions>
<gpxtpx:TrackPointExtension>
<gpxtpx:speed>0.945557</gpxtpx:speed>
</gpxtpx:TrackPointExtension>
</extensions>
</trkpt>
<trkpt lat="46.373135" lon="12.523495">
<ele>1398.867554</ele>
<time>2022-08-16T14:20:28.353Z</time>
<extensions>
<gpxtpx:TrackPointExtension>
<gpxtpx:speed>0.973650</gpxtpx:speed>
</gpxtpx:TrackPointExtension>
</extensions>
</trkpt>
<trkpt lat="46.373173" lon="12.523385">
<ele>1396.024658</ele>
<time>2022-08-16T14:20:38.380Z</time>
<extensions>
<gpxtpx:TrackPointExtension>
<gpxtpx:speed>0.901050</gpxtpx:speed>
</gpxtpx:TrackPointExtension>
</extensions>
</trkpt>
<trkpt lat="46.373185" lon="12.523287">
<ele>1393.899414</ele>
<time>2022-08-16T14:20:48.401Z</time>
<extensions>
<gpxtpx:TrackPointExtension>
<gpxtpx:speed>0.835189</gpxtpx:speed>
</gpxtpx:TrackPointExtension>
</extensions>
</trkpt>
<trkpt lat="46.373143" lon="12.523238">
<ele>1388.169189</ele>
<time>2022-08-16T14:20:58.468Z</time>
<extensions>
<gpxtpx:TrackPointExtension>
<gpxtpx:speed>0.643512</gpxtpx:speed>
</gpxtpx:TrackPointExtension>
</extensions>
</trkpt>
<trkpt lat="46.373081" lon="12.523276">
<ele>1386.690063</ele>
<time>2022-08-16T14:21:09.316Z</time>
<extensions>
<gpxtpx:TrackPointExtension>
<gpxtpx:speed>0.710043</gpxtpx:speed>
</gpxtpx:TrackPointExtension>
</extensions>
</trkpt>
<trkpt lat="46.373081" lon="12.523256">
<ele>1388.032471</ele>
<time>2022-08-16T14:21:39.320Z</time>
<extensions>
<gpxtpx:TrackPointExtension>
<gpxtpx:speed>0.578804</gpxtpx:speed>
</gpxtpx:TrackPointExtension>
</extensions>
</trkpt>
<trkpt lat="46.373016" lon="12.523185">
<ele>1388.131104</ele>
<time>2022-08-16T14:21:49.339Z</time>
<extensions>
<gpxtpx:TrackPointExtension>
<gpxtpx:speed>2.063849</gpxtpx:speed>
</gpxtpx:TrackPointExtension>
</extensions>
</trkpt>
<trkpt lat="46.373111" lon="12.523048">
<ele>1385.399048</ele>
<time>2022-08-16T14:22:04.311Z</time>
<extensions>
<gpxtpx:TrackPointExtension>
<gpxtpx:speed>1.395637</gpxtpx:speed>
</gpxtpx:TrackPointExtension>
</extensions>
</trkpt>
<trkpt lat="46.373165" lon="12.522937">
<ele>1381.469116</ele>
<time>2022-08-16T14:22:14.321Z</time>
<extensions>
<gpxtpx:TrackPointExtension>
<gpxtpx:speed>1.202613</gpxtpx:speed>
</gpxtpx:TrackPointExtension>
</extensions>
</trkpt>
<trkpt lat="46.373184" lon="12.522856">
<ele>1381.441895</ele>
<time>2022-08-16T14:22:25.303Z</time>
<extensions>
<gpxtpx:TrackPointExtension>
<gpxtpx:speed>0.771070</gpxtpx:speed>
</gpxtpx:TrackPointExtension>
</extensions>
</trkpt>
<trkpt lat="46.373062" lon="12.522897">
<ele>1378.079468</ele>
<time>2022-08-16T14:22:40.306Z</time>
<extensions>
<gpxtpx:TrackPointExtension>
<gpxtpx:speed>0.797779</gpxtpx:speed>
</gpxtpx:TrackPointExtension>
</extensions>
</trkpt>
<trkpt lat="46.373029" lon="12.522880">
<ele>1373.713501</ele>
<time>2022-08-16T14:22:50.331Z</time>
<extensions>
<gpxtpx:TrackPointExtension>
<gpxtpx:speed>0.699388</gpxtpx:speed>
</gpxtpx:TrackPointExtension>
</extensions>
</trkpt>
<trkpt lat="46.373105" lon="12.522787">
<ele>1378.989136</ele>
<time>2022-08-16T14:23:01.329Z</time>
<extensions>
<gpxtpx:TrackPointExtension>
<gpxtpx:speed>0.922808</gpxtpx:speed>
</gpxtpx:TrackPointExtension>
</extensions>
</trkpt>
<trkpt lat="46.373085" lon="12.522663">
<ele>1367.314331</ele>
<time>2022-08-16T14:23:15.326Z</time>
<extensions>
<gpxtpx:TrackPointExtension>
<gpxtpx:speed>1.141317</gpxtpx:speed>
</gpxtpx:TrackPointExtension>
</extensions>
</trkpt>
<trkpt lat="46.373098" lon="12.522552">
<ele>1364.377930</ele>
<time>2022-08-16T14:23:29.336Z</time>
<extensions>
<gpxtpx:TrackPointExtension>
<gpxtpx:speed>0.665814</gpxtpx:speed>
</gpxtpx:TrackPointExtension>
</extensions>
</trkpt>
<trkpt lat="46.373100" lon="12.522494">
<ele>1361.265259</ele>
<time>2022-08-16T14:23:40.333Z</time>
<extensions>
<gpxtpx:TrackPointExtension>
<gpxtpx:speed>0.909629</gpxtpx:speed>
</gpxtpx:TrackPointExtension>
</extensions>
</trkpt>
<trkpt lat="46.373086" lon="12.522501">
<ele>1359.075317</ele>
<time>2022-08-16T14:24:12.343Z</time>
<extensions>
<gpxtpx:TrackPointExtension>
<gpxtpx:speed>0.291896</gpxtpx:speed>
</gpxtpx:TrackPointExtension>
</extensions>
</trkpt>
<trkpt lat="46.373179" lon="12.522516">
<ele>1362.072021</ele>
<time>2022-08-16T14:24:32.327Z</time>
<extensions>
<gpxtpx:TrackPointExtension>
<gpxtpx:speed>0.660369</gpxtpx:speed>
</gpxtpx:TrackPointExtension>
</extensions>
</trkpt>
<trkpt lat="46.373228" lon="12.522440">
<ele>1360.884644</ele>
<time>2022-08-16T14:24:42.400Z</time>
<extensions>
<gpxtpx:TrackPointExtension>
<gpxtpx:speed>0.759848</gpxtpx:speed>
</gpxtpx:TrackPointExtension>
</extensions>
</trkpt>
<trkpt lat="46.373251" lon="12.522402">
<ele>1357.970093</ele>
<time>2022-08-16T14:24:52.426Z</time>
<extensions>
<gpxtpx:TrackPointExtension>
<gpxtpx:speed>0.878114</gpxtpx:speed>
</gpxtpx:TrackPointExtension>
</extensions>
</trkpt>
<trkpt lat="46.373309" lon="12.522333">
<ele>1358.060303</ele>
<time>2022-08-16T14:25:02.460Z</time>
<extensions>
<gpxtpx:TrackPointExtension>
<gpxtpx:speed>0.861844</gpxtpx:speed>
</gpxtpx:TrackPointExtension>
</extensions>
</trkpt>
<trkpt lat="46.373383" lon="12.522255">
<ele>1357.880981</ele>
<time>2022-08-16T14:25:12.512Z</time>
<extensions>
<gpxtpx:TrackPointExtension>
<gpxtpx:speed>0.966458</gpxtpx:speed>
</gpxtpx:TrackPointExtension>
</extensions>
</trkpt>
<trkpt lat="46.373483" lon="12.522188">
<ele>1354.630493</ele>
<time>2022-08-16T14:25:23.296Z</time>
<extensions>
<gpxtpx:TrackPointExtension>
<gpxtpx:speed>1.009881</gpxtpx:speed>
</gpxtpx:TrackPointExtension>
</extensions>
</trkpt>
<trkpt lat="46.373550" lon="12.522048">
<ele>1352.959351</ele>
<time>2022-08-16T14:25:33.321Z</time>
<extensions>
<gpxtpx:TrackPointExtension>
<gpxtpx:speed>1.125180</gpxtpx:speed>
</gpxtpx:TrackPointExtension>
</extensions>
</trkpt>
<trkpt lat="46.373723" lon="12.521899">
<ele>1352.557617</ele>
<time>2022-08-16T14:25:48.309Z</time>
<extensions>
<gpxtpx:TrackPointExtension>
<gpxtpx:speed>1.323045</gpxtpx:speed>
</gpxtpx:TrackPointExtension>
</extensions>
</trkpt>
<trkpt lat="46.373826" lon="12.521671">
<ele>1352.811279</ele>
<time>2022-08-16T14:26:03.308Z</time>
<extensions>
<gpxtpx:TrackPointExtension>
<gpxtpx:speed>1.301628</gpxtpx:speed>
</gpxtpx:TrackPointExtension>
</extensions>
</trkpt>
<trkpt lat="46.373831" lon="12.521496">
<ele>1351.874878</ele>
<time>2022-08-16T14:26:13.336Z</time>
<extensions>
<gpxtpx:TrackPointExtension>
<gpxtpx:speed>1.275459</gpxtpx:speed>
</gpxtpx:TrackPointExtension>
</extensions>
</trkpt>
<trkpt lat="46.373887" lon="12.521324">
<ele>1351.233154</ele>
<time>2022-08-16T14:26:26.310Z</time>
<extensions>
<gpxtpx:TrackPointExtension>
<gpxtpx:speed>1.126658</gpxtpx:speed>
</gpxtpx:TrackPointExtension>
</extensions>
</trkpt>
<trkpt lat="46.373950" lon="12.521183">
<ele>1348.261597</ele>
<time>2022-08-16T14:26:38.297Z</time>
<extensions>
<gpxtpx:TrackPointExtension>
<gpxtpx:speed>1.132015</gpxtpx:speed>
</gpxtpx:TrackPointExtension>
</extensions>
</trkpt>
<trkpt lat="46.373970" lon="12.521213">
<ele>1342.208862</ele>
<time>2022-08-16T14:27:03.307Z</time>
<extensions>
<gpxtpx:TrackPointExtension>
<gpxtpx:speed>0.249217</gpxtpx:speed>
</gpxtpx:TrackPointExtension>
</extensions>
</trkpt>
<trkpt lat="46.373944" lon="12.521199">
<ele>1341.072266</ele>
<time>2022-08-16T14:27:13.325Z</time>
<extensions>
<gpxtpx:TrackPointExtension>
<gpxtpx:speed>0.250031</gpxtpx:speed>
</gpxtpx:TrackPointExtension>
</extensions>
</trkpt>
<trkpt lat="46.373928" lon="12.521211">
<ele>1346.020264</ele>
<time>2022-08-16T14:27:53.314Z</time>
<extensions>
<gpxtpx:TrackPointExtension>
<gpxtpx:speed>0.256175</gpxtpx:speed>
</gpxtpx:TrackPointExtension>
</extensions>
</trkpt>
<trkpt lat="46.373902" lon="12.521234">
<ele>1353.125488</ele>
<time>2022-08-16T14:28:03.318Z</time>
<extensions>
<gpxtpx:TrackPointExtension>
<gpxtpx:speed>0.247840</gpxtpx:speed>
</gpxtpx:TrackPointExtension>
</extensions>
</trkpt>
<trkpt lat="46.373916" lon="12.521236">
<ele>1349.499634</ele>
<time>2022-08-16T14:28:16.304Z</time>
<extensions>
<gpxtpx:TrackPointExtension>
<gpxtpx:speed>0.371145</gpxtpx:speed>
</gpxtpx:TrackPointExtension>
</extensions>
</trkpt>
<trkpt lat="46.374039" lon="12.521222">
<ele>1346.901245</ele>
<time>2022-08-16T14:28:26.325Z</time>
<extensions>
<gpxtpx:TrackPointExtension>
<gpxtpx:speed>1.462427</gpxtpx:speed>
</gpxtpx:TrackPointExtension>
</extensions>
</trkpt>
<trkpt lat="46.374145" lon="12.521123">
<ele>1347.335449</ele>
<time>2022-08-16T14:28:38.333Z</time>
<extensions>
<gpxtpx:TrackPointExtension>
<gpxtpx:speed>1.087871</gpxtpx:speed>
</gpxtpx:TrackPointExtension>
</extensions>
</trkpt>
<trkpt lat="46.374214" lon="12.521016">
<ele>1347.587280</ele>
<time>2022-08-16T14:28:48.357Z</time>
<extensions>
<gpxtpx:TrackPointExtension>
<gpxtpx:speed>1.099350</gpxtpx:speed>
</gpxtpx:TrackPointExtension>
</extensions>
</trkpt>
<trkpt lat="46.374347" lon="12.520896">
<ele>1344.478882</ele>
<time>2022-08-16T14:29:03.326Z</time>
<extensions>
<gpxtpx:TrackPointExtension>
<gpxtpx:speed>1.194943</gpxtpx:speed>
</gpxtpx:TrackPointExtension>
</extensions>
</trkpt>
<trkpt lat="46.374430" lon="12.520831">
<ele>1345.135376</ele>
<time>2022-08-16T14:29:13.326Z</time>
<extensions>
<gpxtpx:TrackPointExtension>
<gpxtpx:speed>1.084962</gpxtpx:speed>
</gpxtpx:TrackPointExtension>
</extensions>
</trkpt>
<trkpt lat="46.374521" lon="12.520759">
<ele>1343.646240</ele>
<time>2022-08-16T14:29:23.353Z</time>
<extensions>
<gpxtpx:TrackPointExtension>
<gpxtpx:speed>1.079252</gpxtpx:speed>
</gpxtpx:TrackPointExtension>
</extensions>
</trkpt>
<trkpt lat="46.374588" lon="12.520654">
<ele>1341.784180</ele>
<time>2022-08-16T14:29:33.370Z</time>
<extensions>
<gpxtpx:TrackPointExtension>
<gpxtpx:speed>1.043640</gpxtpx:speed>
</gpxtpx:TrackPointExtension>
</extensions>
</trkpt>
<trkpt lat="46.374623" lon="12.520556">
<ele>1343.150879</ele>
<time>2022-08-16T14:29:43.412Z</time>
<extensions>
<gpxtpx:TrackPointExtension>
<gpxtpx:speed>0.820928</gpxtpx:speed>
</gpxtpx:TrackPointExtension>
</extensions>
</trkpt>
<trkpt lat="46.374654" lon="12.520422">
<ele>1340.754517</ele>
<time>2022-08-16T14:29:53.417Z</time>
<extensions>
<gpxtpx:TrackPointExtension>
<gpxtpx:speed>1.052290</gpxtpx:speed>
</gpxtpx:TrackPointExtension>
</extensions>
</trkpt>
<trkpt lat="46.374661" lon="12.520283">
<ele>1339.650757</ele>
<time>2022-08-16T14:30:03.459Z</time>
<extensions>
<gpxtpx:TrackPointExtension>
<gpxtpx:speed>1.012832</gpxtpx:speed>
</gpxtpx:TrackPointExtension>
</extensions>
</trkpt>
<trkpt lat="46.374708" lon="12.520165">
<ele>1339.162842</ele>
<time>2022-08-16T14:30:14.331Z</time>
<extensions>
<gpxtpx:TrackPointExtension>
<gpxtpx:speed>0.951402</gpxtpx:speed>
</gpxtpx:TrackPointExtension>
</extensions>
</trkpt>
<trkpt lat="46.374712" lon="12.520002">
<ele>1336.980835</ele>
<time>2022-08-16T14:30:29.296Z</time>
<extensions>
<gpxtpx:TrackPointExtension>
<gpxtpx:speed>1.048030</gpxtpx:speed>
</gpxtpx:TrackPointExtension>
</extensions>
</trkpt>
<trkpt lat="46.374731" lon="12.519903">
<ele>1338.460327</ele>
<time>2022-08-16T14:30:39.310Z</time>
<extensions>
<gpxtpx:TrackPointExtension>
<gpxtpx:speed>0.892875</gpxtpx:speed>
</gpxtpx:TrackPointExtension>
</extensions>
</trkpt>
<trkpt lat="46.374775" lon="12.519795">
<ele>1335.091797</ele>
<time>2022-08-16T14:30:49.351Z</time>
<extensions>
<gpxtpx:TrackPointExtension>
<gpxtpx:speed>0.947487</gpxtpx:speed>
</gpxtpx:TrackPointExtension>
</extensions>
</trkpt>
<trkpt lat="46.374769" lon="12.519759">
<ele>1333.131592</ele>
<time>2022-08-16T14:31:04.297Z</time>
<extensions>
<gpxtpx:TrackPointExtension>
<gpxtpx:speed>0.640053</gpxtpx:speed>
</gpxtpx:TrackPointExtension>
</extensions>
</trkpt>
<trkpt lat="46.374814" lon="12.519711">
<ele>1334.637695</ele>
<time>2022-08-16T14:31:14.328Z</time>
<extensions>
<gpxtpx:TrackPointExtension>
<gpxtpx:speed>0.681141</gpxtpx:speed>
</gpxtpx:TrackPointExtension>
</extensions>
</trkpt>
<trkpt lat="46.374882" lon="12.519689">
<ele>1338.076050</ele>
<time>2022-08-16T14:31:25.334Z</time>
<extensions>
<gpxtpx:TrackPointExtension>
<gpxtpx:speed>0.452012</gpxtpx:speed>
</gpxtpx:TrackPointExtension>
</extensions>
</trkpt>
<trkpt lat="46.374876" lon="12.519629">
<ele>1339.494507</ele>
<time>2022-08-16T14:31:47.303Z</time>
<extensions>
<gpxtpx:TrackPointExtension>
<gpxtpx:speed>0.591096</gpxtpx:speed>
</gpxtpx:TrackPointExtension>
</extensions>
</trkpt>
<trkpt lat="46.374808" lon="12.519616">
<ele>1338.794067</ele>
<time>2022-08-16T14:31:57.323Z</time>
<extensions>
<gpxtpx:TrackPointExtension>
<gpxtpx:speed>0.750736</gpxtpx:speed>
</gpxtpx:TrackPointExtension>
</extensions>
</trkpt>
<trkpt lat="46.374756" lon="12.519600">
<ele>1333.651489</ele>
<time>2022-08-16T14:32:09.327Z</time>
<extensions>
<gpxtpx:TrackPointExtension>
<gpxtpx:speed>0.750805</gpxtpx:speed>
</gpxtpx:TrackPointExtension>
</extensions>
</trkpt>
<trkpt lat="46.374727" lon="12.519489">
<ele>1327.918701</ele>
<time>2022-08-16T14:32:19.334Z</time>
<extensions>
<gpxtpx:TrackPointExtension>
<gpxtpx:speed>0.994701</gpxtpx:speed>
</gpxtpx:TrackPointExtension>
</extensions>
</trkpt>
<trkpt lat="46.374707" lon="12.519391">
<ele>1327.357178</ele>
<time>2022-08-16T14:32:29.334Z</time>
<extensions>
<gpxtpx:TrackPointExtension>
<gpxtpx:speed>0.885058</gpxtpx:speed>
</gpxtpx:TrackPointExtension>
</extensions>
</trkpt>
<trkpt lat="46.374784" lon="12.519223">
<ele>1327.330566</ele>
<time>2022-08-16T14:32:44.332Z</time>
<extensions>
<gpxtpx:TrackPointExtension>
<gpxtpx:speed>0.976180</gpxtpx:speed>
</gpxtpx:TrackPointExtension>
</extensions>
</trkpt>
<trkpt lat="46.374927" lon="12.519067">
<ele>1325.896729</ele>
<time>2022-08-16T14:32:59.311Z</time>
<extensions>
<gpxtpx:TrackPointExtension>
<gpxtpx:speed>1.108617</gpxtpx:speed>
</gpxtpx:TrackPointExtension>
</extensions>
</trkpt>
<trkpt lat="46.375041" lon="12.518872">
<ele>1327.685547</ele>
<time>2022-08-16T14:33:13.326Z</time>
<extensions>
<gpxtpx:TrackPointExtension>
<gpxtpx:speed>1.163936</gpxtpx:speed>
</gpxtpx:TrackPointExtension>
</extensions>
</trkpt>
<trkpt lat="46.375164" lon="12.518835">
<ele>1326.316528</ele>
<time>2022-08-16T14:33:24.315Z</time>
<extensions>
<gpxtpx:TrackPointExtension>
<gpxtpx:speed>1.178812</gpxtpx:speed>
</gpxtpx:TrackPointExtension>
</extensions>
</trkpt>
<trkpt lat="46.375173" lon="12.518838">
<ele>1326.298828</ele>
<time>2022-08-16T14:33:34.363Z</time>
<extensions>
<gpxtpx:TrackPointExtension>
<gpxtpx:speed>0.984123</gpxtpx:speed>
</gpxtpx:TrackPointExtension>
</extensions>
</trkpt>
<trkpt lat="46.375219" lon="12.518893">
<ele>1324.628662</ele>
<time>2022-08-16T14:33:45.333Z</time>
<extensions>
<gpxtpx:TrackPointExtension>
<gpxtpx:speed>0.893752</gpxtpx:speed>
</gpxtpx:TrackPointExtension>
</extensions>
</trkpt>
<trkpt lat="46.375252" lon="12.518872">
<ele>1325.771362</ele>
<time>2022-08-16T14:34:00.333Z</time>
<extensions>
<gpxtpx:TrackPointExtension>
<gpxtpx:speed>1.104790</gpxtpx:speed>
</gpxtpx:TrackPointExtension>
</extensions>
</trkpt>
<trkpt lat="46.375399" lon="12.518843">
<ele>1322.502197</ele>
<time>2022-08-16T14:34:15.307Z</time>
<extensions>
<gpxtpx:TrackPointExtension>
<gpxtpx:speed>1.148462</gpxtpx:speed>
</gpxtpx:TrackPointExtension>
</extensions>
</trkpt>
<trkpt lat="46.375519" lon="12.518796">
<ele>1320.853027</ele>
<time>2022-08-16T14:34:26.303Z</time>
<extensions>
<gpxtpx:TrackPointExtension>
<gpxtpx:speed>1.193737</gpxtpx:speed>
</gpxtpx:TrackPointExtension>
</extensions>
</trkpt>
<trkpt lat="46.375678" lon="12.518673">
<ele>1319.330444</ele>
<time>2022-08-16T14:34:40.321Z</time>
<extensions>
<gpxtpx:TrackPointExtension>
<gpxtpx:speed>1.200912</gpxtpx:speed>
</gpxtpx:TrackPointExtension>
</extensions>
</trkpt>
<trkpt lat="46.375841" lon="12.518546">
<ele>1320.072998</ele>
<time>2022-08-16T14:34:54.324Z</time>
<extensions>
<gpxtpx:TrackPointExtension>
<gpxtpx:speed>1.259465</gpxtpx:speed>
</gpxtpx:TrackPointExtension>
</extensions>
</trkpt>
<trkpt lat="46.375959" lon="12.518504">
<ele>1318.229736</ele>
<time>2022-08-16T14:35:04.324Z</time>
<extensions>
<gpxtpx:TrackPointExtension>
<gpxtpx:speed>1.243111</gpxtpx:speed>
</gpxtpx:TrackPointExtension>
</extensions>
</trkpt>
<trkpt lat="46.376091" lon="12.518490">
<ele>1316.135254</ele>
<time>2022-08-16T14:35:15.301Z</time>
<extensions>
<gpxtpx:TrackPointExtension>
<gpxtpx:speed>1.241638</gpxtpx:speed>
</gpxtpx:TrackPointExtension>
</extensions>
</trkpt>
<trkpt lat="46.376217" lon="12.518447">
<ele>1315.680786</ele>
<time>2022-08-16T14:35:25.319Z</time>
<extensions>
<gpxtpx:TrackPointExtension>
<gpxtpx:speed>1.246504</gpxtpx:speed>
</gpxtpx:TrackPointExtension>
</extensions>
</trkpt>
<trkpt lat="46.376393" lon="12.518345">
<ele>1315.266357</ele>
<time>2022-08-16T14:35:40.330Z</time>
<extensions>
<gpxtpx:TrackPointExtension>
<gpxtpx:speed>1.261320</gpxtpx:speed>
</gpxtpx:TrackPointExtension>
</extensions>
</trkpt>
<trkpt lat="46.376515" lon="12.518232">
<ele>1317.052002</ele>
<time>2022-08-16T14:35:52.326Z</time>
<extensions>
<gpxtpx:TrackPointExtension>
<gpxtpx:speed>1.173733</gpxtpx:speed>
</gpxtpx:TrackPointExtension>
</extensions>
</trkpt>
<trkpt lat="46.376663" lon="12.518116">
<ele>1316.845825</ele>
<time>2022-08-16T14:36:05.314Z</time>
<extensions>
<gpxtpx:TrackPointExtension>
<gpxtpx:speed>1.247951</gpxtpx:speed>
</gpxtpx:TrackPointExtension>
</extensions>
</trkpt>
<trkpt lat="46.376776" lon="12.518012">
<ele>1317.891968</ele>
<time>2022-08-16T14:36:15.367Z</time>
<extensions>
<gpxtpx:TrackPointExtension>
<gpxtpx:speed>1.277715</gpxtpx:speed>
</gpxtpx:TrackPointExtension>
</extensions>
</trkpt>
<trkpt lat="46.376880" lon="12.517915">
<ele>1317.113281</ele>
<time>2022-08-16T14:36:25.373Z</time>
<extensions>
<gpxtpx:TrackPointExtension>
<gpxtpx:speed>1.253940</gpxtpx:speed>
</gpxtpx:TrackPointExtension>
</extensions>
</trkpt>
<trkpt lat="46.376963" lon="12.517784">
<ele>1316.544556</ele>
<time>2022-08-16T14:36:35.398Z</time>
<extensions>
<gpxtpx:TrackPointExtension>
<gpxtpx:speed>1.232115</gpxtpx:speed>
</gpxtpx:TrackPointExtension>
</extensions>
</trkpt>
<trkpt lat="46.377045" lon="12.517651">
<ele>1318.234009</ele>
<time>2022-08-16T14:36:45.426Z</time>
<extensions>
<gpxtpx:TrackPointExtension>
<gpxtpx:speed>1.282279</gpxtpx:speed>
</gpxtpx:TrackPointExtension>
</extensions>
</trkpt>
<trkpt lat="46.377111" lon="12.517500">
<ele>1315.276978</ele>
<time>2022-08-16T14:36:55.494Z</time>
<extensions>
<gpxtpx:TrackPointExtension>
<gpxtpx:speed>1.297731</gpxtpx:speed>
</gpxtpx:TrackPointExtension>
</extensions>
</trkpt>
<trkpt lat="46.377222" lon="12.517370">
<ele>1314.991577</ele>
<time>2022-08-16T14:37:06.338Z</time>
<extensions>
<gpxtpx:TrackPointExtension>
<gpxtpx:speed>1.278860</gpxtpx:speed>
</gpxtpx:TrackPointExtension>
</extensions>
</trkpt>
<trkpt lat="46.377337" lon="12.517238">
<ele>1313.691284</ele>
<time>2022-08-16T14:37:19.528Z</time>
<extensions>
<gpxtpx:TrackPointExtension>
<gpxtpx:speed>1.170681</gpxtpx:speed>
</gpxtpx:TrackPointExtension>
</extensions>
</trkpt>
<trkpt lat="46.377440" lon="12.517110">
<ele>1312.804077</ele>
<time>2022-08-16T14:37:31.355Z</time>
<extensions>
<gpxtpx:TrackPointExtension>
<gpxtpx:speed>1.224181</gpxtpx:speed>
</gpxtpx:TrackPointExtension>
</extensions>
</trkpt>
<trkpt lat="46.377612" lon="12.517108">
<ele>1309.075073</ele>
<time>2022-08-16T14:37:46.320Z</time>
<extensions>
<gpxtpx:TrackPointExtension>
<gpxtpx:speed>1.243469</gpxtpx:speed>
</gpxtpx:TrackPointExtension>
</extensions>
</trkpt>
<trkpt lat="46.377736" lon="12.517138">
<ele>1306.820923</ele>
<time>2022-08-16T14:37:56.328Z</time>
<extensions>
<gpxtpx:TrackPointExtension>
<gpxtpx:speed>1.283930</gpxtpx:speed>
</gpxtpx:TrackPointExtension>
</extensions>
</trkpt>
<trkpt lat="46.377857" lon="12.517057">
<ele>1305.055298</ele>
<time>2022-08-16T14:38:07.333Z</time>
<extensions>
<gpxtpx:TrackPointExtension>
<gpxtpx:speed>1.249715</gpxtpx:speed>
</gpxtpx:TrackPointExtension>
</extensions>
</trkpt>
<trkpt lat="46.377993" lon="12.516902">
<ele>1302.554688</ele>
<time>2022-08-16T14:38:21.320Z</time>
<extensions>
<gpxtpx:TrackPointExtension>
<gpxtpx:speed>1.268122</gpxtpx:speed>
</gpxtpx:TrackPointExtension>
</extensions>
</trkpt>
<trkpt lat="46.378128" lon="12.516746">
<ele>1303.393311</ele>
<time>2022-08-16T14:38:35.325Z</time>
<extensions>
<gpxtpx:TrackPointExtension>
<gpxtpx:speed>1.264637</gpxtpx:speed>
</gpxtpx:TrackPointExtension>
</extensions>
</trkpt>
<trkpt lat="46.378189" lon="12.516550">
<ele>1301.412964</ele>
<time>2022-08-16T14:38:46.320Z</time>
<extensions>
<gpxtpx:TrackPointExtension>
<gpxtpx:speed>1.300595</gpxtpx:speed>
</gpxtpx:TrackPointExtension>
</extensions>
</trkpt>
<trkpt lat="46.378244" lon="12.516268">
<ele>1298.847534</ele>
<time>2022-08-16T14:39:01.344Z</time>
<extensions>
<gpxtpx:TrackPointExtension>
<gpxtpx:speed>1.317589</gpxtpx:speed>
</gpxtpx:TrackPointExtension>
</extensions>
</trkpt>
<trkpt lat="46.378251" lon="12.516051">
<ele>1300.552979</ele>
<time>2022-08-16T14:39:15.331Z</time>
<extensions>
<gpxtpx:TrackPointExtension>
<gpxtpx:speed>1.246343</gpxtpx:speed>
</gpxtpx:TrackPointExtension>
</extensions>
</trkpt>
<trkpt lat="46.378241" lon="12.516081">
<ele>1300.434204</ele>
<time>2022-08-16T14:39:26.308Z</time>
<extensions>
<gpxtpx:TrackPointExtension>
<gpxtpx:speed>0.379549</gpxtpx:speed>
</gpxtpx:TrackPointExtension>
</extensions>
</trkpt>
<trkpt lat="46.378248" lon="12.515972">
<ele>1298.753662</ele>
<time>2022-08-16T14:39:36.313Z</time>
<extensions>
<gpxtpx:TrackPointExtension>
<gpxtpx:speed>1.342158</gpxtpx:speed>
</gpxtpx:TrackPointExtension>
</extensions>
</trkpt>
<trkpt lat="46.378330" lon="12.515812">
<ele>1297.708374</ele>
<time>2022-08-16T14:39:46.322Z</time>
<extensions>
<gpxtpx:TrackPointExtension>
<gpxtpx:speed>1.259786</gpxtpx:speed>
</gpxtpx:TrackPointExtension>
</extensions>
</trkpt>
<trkpt lat="46.378403" lon="12.515674">
<ele>1297.630127</ele>
<time>2022-08-16T14:39:56.359Z</time>
<extensions>
<gpxtpx:TrackPointExtension>
<gpxtpx:speed>1.288569</gpxtpx:speed>
</gpxtpx:TrackPointExtension>
</extensions>
</trkpt>
<trkpt lat="46.378490" lon="12.515559">
<ele>1297.887085</ele>
<time>2022-08-16T14:40:06.377Z</time>
<extensions>
<gpxtpx:TrackPointExtension>
<gpxtpx:speed>1.188008</gpxtpx:speed>
</gpxtpx:TrackPointExtension>
</extensions>
</trkpt>
<trkpt lat="46.378558" lon="12.515444">
<ele>1299.683350</ele>
<time>2022-08-16T14:40:16.401Z</time>
<extensions>
<gpxtpx:TrackPointExtension>
<gpxtpx:speed>1.223183</gpxtpx:speed>
</gpxtpx:TrackPointExtension>
</extensions>
</trkpt>
<trkpt lat="46.378622" lon="12.515336">
<ele>1298.119995</ele>
<time>2022-08-16T14:40:26.412Z</time>
<extensions>
<gpxtpx:TrackPointExtension>
<gpxtpx:speed>1.131940</gpxtpx:speed>
</gpxtpx:TrackPointExtension>
</extensions>
</trkpt>
<trkpt lat="46.378714" lon="12.515258">
<ele>1303.941406</ele>
<time>2022-08-16T14:40:36.478Z</time>
<extensions>
<gpxtpx:TrackPointExtension>
<gpxtpx:speed>1.091257</gpxtpx:speed>
</gpxtpx:TrackPointExtension>
</extensions>
</trkpt>
<trkpt lat="46.378763" lon="12.515234">
<ele>1303.244263</ele>
<time>2022-08-16T14:41:04.326Z</time>
<extensions>
<gpxtpx:TrackPointExtension>
<gpxtpx:speed>1.345095</gpxtpx:speed>
</gpxtpx:TrackPointExtension>
</extensions>
</trkpt>
<trkpt lat="46.378810" lon="12.515145">
<ele>1300.984009</ele>
<time>2022-08-16T14:41:17.332Z</time>
<extensions>
<gpxtpx:TrackPointExtension>
<gpxtpx:speed>0.860973</gpxtpx:speed>
</gpxtpx:TrackPointExtension>
</extensions>
</trkpt>
<trkpt lat="46.378867" lon="12.515096">
<ele>1302.426147</ele>
<time>2022-08-16T14:41:27.341Z</time>
<extensions>
<gpxtpx:TrackPointExtension>
<gpxtpx:speed>0.923891</gpxtpx:speed>
</gpxtpx:TrackPointExtension>
</extensions>
</trkpt>
<trkpt lat="46.378969" lon="12.515031">
<ele>1297.675537</ele>
<time>2022-08-16T14:41:42.334Z</time>
<extensions>
<gpxtpx:TrackPointExtension>
<gpxtpx:speed>1.121866</gpxtpx:speed>
</gpxtpx:TrackPointExtension>
</extensions>
</trkpt>
<trkpt lat="46.379055" lon="12.514986">
<ele>1298.482422</ele>
<time>2022-08-16T14:41:52.355Z</time>
<extensions>
<gpxtpx:TrackPointExtension>
<gpxtpx:speed>1.087009</gpxtpx:speed>
</gpxtpx:TrackPointExtension>
</extensions>
</trkpt>
<trkpt lat="46.379180" lon="12.514896">
<ele>1297.712891</ele>
<time>2022-08-16T14:42:07.327Z</time>
<extensions>
<gpxtpx:TrackPointExtension>
<gpxtpx:speed>1.007350</gpxtpx:speed>
</gpxtpx:TrackPointExtension>
</extensions>
</trkpt>
<trkpt lat="46.379257" lon="12.514806">
<ele>1300.240845</ele>
<time>2022-08-16T14:42:21.299Z</time>
<extensions>
<gpxtpx:TrackPointExtension>
<gpxtpx:speed>0.780773</gpxtpx:speed>
</gpxtpx:TrackPointExtension>
</extensions>
</trkpt>
<trkpt lat="46.379279" lon="12.514731">
<ele>1297.642944</ele>
<time>2022-08-16T14:42:32.334Z</time>
<extensions>
<gpxtpx:TrackPointExtension>
<gpxtpx:speed>0.613544</gpxtpx:speed>
</gpxtpx:TrackPointExtension>
</extensions>
</trkpt>
<trkpt lat="46.379332" lon="12.514654">
<ele>1292.515869</ele>
<time>2022-08-16T14:42:47.293Z</time>
<extensions>
<gpxtpx:TrackPointExtension>
<gpxtpx:speed>0.811616</gpxtpx:speed>
</gpxtpx:TrackPointExtension>
</extensions>
</trkpt>
<trkpt lat="46.379423" lon="12.514629">
<ele>1291.730347</ele>
<time>2022-08-16T14:42:57.336Z</time>
<extensions>
<gpxtpx:TrackPointExtension>
<gpxtpx:speed>1.189510</gpxtpx:speed>
</gpxtpx:TrackPointExtension>
</extensions>
</trkpt>
<trkpt lat="46.379540" lon="12.514593">
<ele>1290.781860</ele>
<time>2022-08-16T14:43:08.298Z</time>
<extensions>
<gpxtpx:TrackPointExtension>
<gpxtpx:speed>1.219714</gpxtpx:speed>
</gpxtpx:TrackPointExtension>
</extensions>
</trkpt>
<trkpt lat="46.379696" lon="12.514508">
<ele>1289.338501</ele>
<time>2022-08-16T14:43:22.337Z</time>
<extensions>
<gpxtpx:TrackPointExtension>
<gpxtpx:speed>1.278350</gpxtpx:speed>
</gpxtpx:TrackPointExtension>
</extensions>
</trkpt>
<trkpt lat="46.379830" lon="12.514366">
<ele>1291.123291</ele>
<time>2022-08-16T14:43:35.328Z</time>
<extensions>
<gpxtpx:TrackPointExtension>
<gpxtpx:speed>1.325714</gpxtpx:speed>
</gpxtpx:TrackPointExtension>
</extensions>
</trkpt>
<trkpt lat="46.379954" lon="12.514293">
<ele>1290.371216</ele>
<time>2022-08-16T14:43:45.331Z</time>
<extensions>
<gpxtpx:TrackPointExtension>
<gpxtpx:speed>1.369137</gpxtpx:speed>
</gpxtpx:TrackPointExtension>
</extensions>
</trkpt>
<trkpt lat="46.380064" lon="12.514215">
<ele>1290.973511</ele>
<time>2022-08-16T14:43:55.343Z</time>
<extensions>
<gpxtpx:TrackPointExtension>
<gpxtpx:speed>1.415442</gpxtpx:speed>
</gpxtpx:TrackPointExtension>
</extensions>
</trkpt>
<trkpt lat="46.380190" lon="12.514245">
<ele>1279.999878</ele>
<time>2022-08-16T14:44:07.368Z</time>
<extensions>
<gpxtpx:TrackPointExtension>
<gpxtpx:speed>1.227630</gpxtpx:speed>
</gpxtpx:TrackPointExtension>
</extensions>
</trkpt>
<trkpt lat="46.380313" lon="12.514217">
<ele>1283.008667</ele>
<time>2022-08-16T14:44:17.435Z</time>
<extensions>
<gpxtpx:TrackPointExtension>
<gpxtpx:speed>1.216302</gpxtpx:speed>
</gpxtpx:TrackPointExtension>
</extensions>
</trkpt>
<trkpt lat="46.380477" lon="12.514121">
<ele>1277.793335</ele>
<time>2022-08-16T14:44:32.431Z</time>
<extensions>
<gpxtpx:TrackPointExtension>
<gpxtpx:speed>1.193347</gpxtpx:speed>
</gpxtpx:TrackPointExtension>
</extensions>
</trkpt>
<trkpt lat="46.380587" lon="12.514049">
<ele>1273.734985</ele>
<time>2022-08-16T14:44:43.296Z</time>
<extensions>
<gpxtpx:TrackPointExtension>
<gpxtpx:speed>1.112134</gpxtpx:speed>
</gpxtpx:TrackPointExtension>
</extensions>
</trkpt>
<trkpt lat="46.380683" lon="12.514027">
<ele>1264.807129</ele>
<time>2022-08-16T14:44:53.303Z</time>
<extensions>
<gpxtpx:TrackPointExtension>
<gpxtpx:speed>1.149655</gpxtpx:speed>
</gpxtpx:TrackPointExtension>
</extensions>
</trkpt>
<trkpt lat="46.380786" lon="12.513900">
<ele>1267.157104</ele>
<time>2022-08-16T14:45:03.306Z</time>
<extensions>
<gpxtpx:TrackPointExtension>
<gpxtpx:speed>1.170270</gpxtpx:speed>
</gpxtpx:TrackPointExtension>
</extensions>
</trkpt>
<trkpt lat="46.380872" lon="12.513797">
<ele>1268.012939</ele>
<time>2022-08-16T14:45:13.316Z</time>
<extensions>
<gpxtpx:TrackPointExtension>
<gpxtpx:speed>1.120340</gpxtpx:speed>
</gpxtpx:TrackPointExtension>
</extensions>
</trkpt>
<trkpt lat="46.380955" lon="12.513681">
<ele>1262.804321</ele>
<time>2022-08-16T14:45:23.322Z</time>
<extensions>
<gpxtpx:TrackPointExtension>
<gpxtpx:speed>1.148116</gpxtpx:speed>
</gpxtpx:TrackPointExtension>
</extensions>
</trkpt>
<trkpt lat="46.381024" lon="12.513642">
<ele>1260.007568</ele>
<time>2022-08-16T14:45:33.328Z</time>
<extensions>
<gpxtpx:TrackPointExtension>
<gpxtpx:speed>0.908458</gpxtpx:speed>
</gpxtpx:TrackPointExtension>
</extensions>
</trkpt>
<trkpt lat="46.381110" lon="12.513507">
<ele>1258.132446</ele>
<time>2022-08-16T14:45:48.323Z</time>
<extensions>
<gpxtpx:TrackPointExtension>
<gpxtpx:speed>0.850627</gpxtpx:speed>
</gpxtpx:TrackPointExtension>
</extensions>
</trkpt>
<trkpt lat="46.381224" lon="12.513322">
<ele>1252.256348</ele>
<time>2022-08-16T14:46:02.319Z</time>
<extensions>
<gpxtpx:TrackPointExtension>
<gpxtpx:speed>1.292583</gpxtpx:speed>
</gpxtpx:TrackPointExtension>
</extensions>
</trkpt>
<trkpt lat="46.381305" lon="12.513207">
<ele>1249.894897</ele>
<time>2022-08-16T14:46:12.330Z</time>
<extensions>
<gpxtpx:TrackPointExtension>
<gpxtpx:speed>1.174258</gpxtpx:speed>
</gpxtpx:TrackPointExtension>
</extensions>
</trkpt>
<trkpt lat="46.381399" lon="12.513075">
<ele>1251.285278</ele>
<time>2022-08-16T14:46:22.333Z</time>
<extensions>
<gpxtpx:TrackPointExtension>
<gpxtpx:speed>1.261810</gpxtpx:speed>
</gpxtpx:TrackPointExtension>
</extensions>
</trkpt>
<trkpt lat="46.381470" lon="12.512903">
<ele>1252.744629</ele>
<time>2022-08-16T14:46:33.335Z</time>
<extensions>
<gpxtpx:TrackPointExtension>
<gpxtpx:speed>1.298820</gpxtpx:speed>
</gpxtpx:TrackPointExtension>
</extensions>
</trkpt>
<trkpt lat="46.381584" lon="12.512699">
<ele>1249.313110</ele>
<time>2022-08-16T14:46:48.289Z</time>
<extensions>
<gpxtpx:TrackPointExtension>
<gpxtpx:speed>1.241255</gpxtpx:speed>
</gpxtpx:TrackPointExtension>
</extensions>
</trkpt>
<trkpt lat="46.381675" lon="12.512559">
<ele>1247.424683</ele>
<time>2022-08-16T14:46:58.323Z</time>
<extensions>
<gpxtpx:TrackPointExtension>
<gpxtpx:speed>1.271618</gpxtpx:speed>
</gpxtpx:TrackPointExtension>
</extensions>
</trkpt>
<trkpt lat="46.381758" lon="12.512412">
<ele>1244.543823</ele>
<time>2022-08-16T14:47:08.323Z</time>
<extensions>
<gpxtpx:TrackPointExtension>
<gpxtpx:speed>1.365626</gpxtpx:speed>
</gpxtpx:TrackPointExtension>
</extensions>
</trkpt>
<trkpt lat="46.381841" lon="12.512248">
<ele>1244.760498</ele>
<time>2022-08-16T14:47:18.398Z</time>
<extensions>
<gpxtpx:TrackPointExtension>
<gpxtpx:speed>1.444005</gpxtpx:speed>
</gpxtpx:TrackPointExtension>
</extensions>
</trkpt>
<trkpt lat="46.381906" lon="12.512067">
<ele>1244.706299</ele>
<time>2022-08-16T14:47:28.426Z</time>
<extensions>
<gpxtpx:TrackPointExtension>
<gpxtpx:speed>1.447941</gpxtpx:speed>
</gpxtpx:TrackPointExtension>
</extensions>
</trkpt>
<trkpt lat="46.381951" lon="12.511897">
<ele>1242.177124</ele>
<time>2022-08-16T14:47:38.477Z</time>
<extensions>
<gpxtpx:TrackPointExtension>
<gpxtpx:speed>1.442329</gpxtpx:speed>
</gpxtpx:TrackPointExtension>
</extensions>
</trkpt>
<trkpt lat="46.382024" lon="12.511762">
<ele>1239.801514</ele>
<time>2022-08-16T14:47:49.344Z</time>
<extensions>
<gpxtpx:TrackPointExtension>
<gpxtpx:speed>1.426713</gpxtpx:speed>
</gpxtpx:TrackPointExtension>
</extensions>
</trkpt>
<trkpt lat="46.382093" lon="12.511523">
<ele>1239.652100</ele>
<time>2022-08-16T14:48:04.293Z</time>
<extensions>
<gpxtpx:TrackPointExtension>
<gpxtpx:speed>1.377418</gpxtpx:speed>
</gpxtpx:TrackPointExtension>
</extensions>
</trkpt>
<trkpt lat="46.382177" lon="12.511375">
<ele>1239.433594</ele>
<time>2022-08-16T14:48:14.321Z</time>
<extensions>
<gpxtpx:TrackPointExtension>
<gpxtpx:speed>1.416873</gpxtpx:speed>
</gpxtpx:TrackPointExtension>
</extensions>
</trkpt>
<trkpt lat="46.382263" lon="12.511229">
<ele>1237.199097</ele>
<time>2022-08-16T14:48:24.327Z</time>
<extensions>
<gpxtpx:TrackPointExtension>
<gpxtpx:speed>1.380956</gpxtpx:speed>
</gpxtpx:TrackPointExtension>
</extensions>
</trkpt>
<trkpt lat="46.382348" lon="12.511031">
<ele>1239.048096</ele>
<time>2022-08-16T14:48:36.298Z</time>
<extensions>
<gpxtpx:TrackPointExtension>
<gpxtpx:speed>1.410641</gpxtpx:speed>
</gpxtpx:TrackPointExtension>
</extensions>
</trkpt>
<trkpt lat="46.382393" lon="12.510844">
<ele>1233.564941</ele>
<time>2022-08-16T14:48:46.314Z</time>
<extensions>
<gpxtpx:TrackPointExtension>
<gpxtpx:speed>1.463209</gpxtpx:speed>
</gpxtpx:TrackPointExtension>
</extensions>
</trkpt>
<trkpt lat="46.382464" lon="12.510630">
<ele>1232.286865</ele>
<time>2022-08-16T14:48:59.317Z</time>
<extensions>
<gpxtpx:TrackPointExtension>
<gpxtpx:speed>1.451965</gpxtpx:speed>
</gpxtpx:TrackPointExtension>
</extensions>
</trkpt>
<trkpt lat="46.382563" lon="12.510467">
<ele>1231.585938</ele>
<time>2022-08-16T14:49:09.340Z</time>
<extensions>
<gpxtpx:TrackPointExtension>
<gpxtpx:speed>1.385180</gpxtpx:speed>
</gpxtpx:TrackPointExtension>
</extensions>
</trkpt>
<trkpt lat="46.382713" lon="12.510244">
<ele>1233.641724</ele>
<time>2022-08-16T14:49:24.328Z</time>
<extensions>
<gpxtpx:TrackPointExtension>
<gpxtpx:speed>1.431602</gpxtpx:speed>
</gpxtpx:TrackPointExtension>
</extensions>
</trkpt>
<trkpt lat="46.382885" lon="12.510025">
<ele>1237.385010</ele>
<time>2022-08-16T14:49:39.327Z</time>
<extensions>
<gpxtpx:TrackPointExtension>
<gpxtpx:speed>1.563308</gpxtpx:speed>
</gpxtpx:TrackPointExtension>
</extensions>
</trkpt>
<trkpt lat="46.382971" lon="12.509830">
<ele>1239.455933</ele>
<time>2022-08-16T14:49:49.348Z</time>
<extensions>
<gpxtpx:TrackPointExtension>
<gpxtpx:speed>1.581124</gpxtpx:speed>
</gpxtpx:TrackPointExtension>
</extensions>
</trkpt>
<trkpt lat="46.383061" lon="12.509590">
<ele>1239.910645</ele>
<time>2022-08-16T14:50:02.332Z</time>
<extensions>
<gpxtpx:TrackPointExtension>
<gpxtpx:speed>1.481865</gpxtpx:speed>
</gpxtpx:TrackPointExtension>
</extensions>
</trkpt>
<trkpt lat="46.383155" lon="12.509401">
<ele>1239.784668</ele>
<time>2022-08-16T14:50:14.326Z</time>
<extensions>
<gpxtpx:TrackPointExtension>
<gpxtpx:speed>1.377495</gpxtpx:speed>
</gpxtpx:TrackPointExtension>
</extensions>
</trkpt>
<trkpt lat="46.383251" lon="12.509144">
<ele>1240.468140</ele>
<time>2022-08-16T14:50:29.370Z</time>
<extensions>
<gpxtpx:TrackPointExtension>
<gpxtpx:speed>1.375741</gpxtpx:speed>
</gpxtpx:TrackPointExtension>
</extensions>
</trkpt>
<trkpt lat="46.383234" lon="12.508933">
<ele>1244.195068</ele>
<time>2022-08-16T14:50:39.377Z</time>
<extensions>
<gpxtpx:TrackPointExtension>
<gpxtpx:speed>1.388554</gpxtpx:speed>
</gpxtpx:TrackPointExtension>
</extensions>
</trkpt>
<trkpt lat="46.383153" lon="12.508740">
<ele>1242.703369</ele>
<time>2022-08-16T14:50:49.419Z</time>
<extensions>
<gpxtpx:TrackPointExtension>
<gpxtpx:speed>1.453662</gpxtpx:speed>
</gpxtpx:TrackPointExtension>
</extensions>
</trkpt>
<trkpt lat="46.383124" lon="12.508548">
<ele>1242.080322</ele>
<time>2022-08-16T14:50:59.466Z</time>
<extensions>
<gpxtpx:TrackPointExtension>
<gpxtpx:speed>1.346803</gpxtpx:speed>
</gpxtpx:TrackPointExtension>
</extensions>
</trkpt>
<trkpt lat="46.383126" lon="12.508359">
<ele>1242.095825</ele>
<time>2022-08-16T14:51:09.497Z</time>
<extensions>
<gpxtpx:TrackPointExtension>
<gpxtpx:speed>1.293251</gpxtpx:speed>
</gpxtpx:TrackPointExtension>
</extensions>
</trkpt>
<trkpt lat="46.383169" lon="12.508191">
<ele>1241.796265</ele>
<time>2022-08-16T14:51:20.332Z</time>
<extensions>
<gpxtpx:TrackPointExtension>
<gpxtpx:speed>1.308326</gpxtpx:speed>
</gpxtpx:TrackPointExtension>
</extensions>
</trkpt>
<trkpt lat="46.383194" lon="12.508020">
<ele>1240.385010</ele>
<time>2022-08-16T14:51:31.330Z</time>
<extensions>
<gpxtpx:TrackPointExtension>
<gpxtpx:speed>1.240024</gpxtpx:speed>
</gpxtpx:TrackPointExtension>
</extensions>
</trkpt>
<trkpt lat="46.383303" lon="12.507828">
<ele>1244.086670</ele>
<time>2022-08-16T14:51:45.334Z</time>
<extensions>
<gpxtpx:TrackPointExtension>
<gpxtpx:speed>1.343402</gpxtpx:speed>
</gpxtpx:TrackPointExtension>
</extensions>
</trkpt>
<trkpt lat="46.383360" lon="12.507692">
<ele>1247.669678</ele>
<time>2022-08-16T14:51:55.339Z</time>
<extensions>
<gpxtpx:TrackPointExtension>
<gpxtpx:speed>1.074723</gpxtpx:speed>
</gpxtpx:TrackPointExtension>
</extensions>
</trkpt>
<trkpt lat="46.383399" lon="12.507753">
<ele>1245.849609</ele>
<time>2022-08-16T14:52:09.329Z</time>
<extensions>
<gpxtpx:TrackPointExtension>
<gpxtpx:speed>0.631126</gpxtpx:speed>
</gpxtpx:TrackPointExtension>
</extensions>
</trkpt>
<trkpt lat="46.383382" lon="12.507724">
<ele>1247.960571</ele>
<time>2022-08-16T14:52:51.500Z</time>
<extensions>
<gpxtpx:TrackPointExtension>
<gpxtpx:speed>0.150043</gpxtpx:speed>
</gpxtpx:TrackPointExtension>
</extensions>
</trkpt>
<trkpt lat="46.383368" lon="12.507713">
<ele>1249.583618</ele>
<time>2022-08-16T14:53:02.304Z</time>
<extensions>
<gpxtpx:TrackPointExtension>
<gpxtpx:speed>1.111409</gpxtpx:speed>
</gpxtpx:TrackPointExtension>
</extensions>
</trkpt>
<trkpt lat="46.383367" lon="12.507438">
<ele>1252.976563</ele>
<time>2022-08-16T14:53:16.463Z</time>
<extensions>
<gpxtpx:TrackPointExtension>
<gpxtpx:speed>1.691012</gpxtpx:speed>
</gpxtpx:TrackPointExtension>
</extensions>
</trkpt>
<trkpt lat="46.383356" lon="12.507325">
<ele>1251.200928</ele>
<time>2022-08-16T14:53:27.344Z</time>
<extensions>
<gpxtpx:TrackPointExtension>
<gpxtpx:speed>0.782197</gpxtpx:speed>
</gpxtpx:TrackPointExtension>
</extensions>
</trkpt>
<trkpt lat="46.383400" lon="12.507118">
<ele>1246.168335</ele>
<time>2022-08-16T14:53:39.331Z</time>
<extensions>
<gpxtpx:TrackPointExtension>
<gpxtpx:speed>1.005975</gpxtpx:speed>
</gpxtpx:TrackPointExtension>
</extensions>
</trkpt>
<trkpt lat="46.383478" lon="12.506939">
<ele>1244.199829</ele>
<time>2022-08-16T14:53:52.325Z</time>
<extensions>
<gpxtpx:TrackPointExtension>
<gpxtpx:speed>1.024025</gpxtpx:speed>
</gpxtpx:TrackPointExtension>
</extensions>
</trkpt>
<trkpt lat="46.383589" lon="12.506743">
<ele>1241.417358</ele>
<time>2022-08-16T14:54:07.337Z</time>
<extensions>
<gpxtpx:TrackPointExtension>
<gpxtpx:speed>1.060718</gpxtpx:speed>
</gpxtpx:TrackPointExtension>
</extensions>
</trkpt>
<trkpt lat="46.383660" lon="12.506549">
<ele>1242.203491</ele>
<time>2022-08-16T14:54:18.291Z</time>
<extensions>
<gpxtpx:TrackPointExtension>
<gpxtpx:speed>1.186563</gpxtpx:speed>
</gpxtpx:TrackPointExtension>
</extensions>
</trkpt>
<trkpt lat="46.383740" lon="12.506303">
<ele>1242.610718</ele>
<time>2022-08-16T14:54:32.302Z</time>
<extensions>
<gpxtpx:TrackPointExtension>
<gpxtpx:speed>1.164485</gpxtpx:speed>
</gpxtpx:TrackPointExtension>
</extensions>
</trkpt>
<trkpt lat="46.383798" lon="12.506145">
<ele>1241.161743</ele>
<time>2022-08-16T14:54:42.316Z</time>
<extensions>
<gpxtpx:TrackPointExtension>
<gpxtpx:speed>1.187947</gpxtpx:speed>
</gpxtpx:TrackPointExtension>
</extensions>
</trkpt>
<trkpt lat="46.383866" lon="12.505893">
<ele>1238.312622</ele>
<time>2022-08-16T14:54:56.322Z</time>
<extensions>
<gpxtpx:TrackPointExtension>
<gpxtpx:speed>1.197596</gpxtpx:speed>
</gpxtpx:TrackPointExtension>
</extensions>
</trkpt>
<trkpt lat="46.383895" lon="12.505685">
<ele>1233.824097</ele>
<time>2022-08-16T14:55:07.294Z</time>
<extensions>
<gpxtpx:TrackPointExtension>
<gpxtpx:speed>1.234779</gpxtpx:speed>
</gpxtpx:TrackPointExtension>
</extensions>
</trkpt>
<trkpt lat="46.383931" lon="12.505393">
<ele>1234.500732</ele>
<time>2022-08-16T14:55:22.320Z</time>
<extensions>
<gpxtpx:TrackPointExtension>
<gpxtpx:speed>1.278749</gpxtpx:speed>
</gpxtpx:TrackPointExtension>
</extensions>
</trkpt>
<trkpt lat="46.383976" lon="12.505159">
<ele>1233.674683</ele>
<time>2022-08-16T14:55:34.319Z</time>
<extensions>
<gpxtpx:TrackPointExtension>
<gpxtpx:speed>1.237265</gpxtpx:speed>
</gpxtpx:TrackPointExtension>
</extensions>
</trkpt>
<trkpt lat="46.383989" lon="12.504917">
<ele>1235.688599</ele>
<time>2022-08-16T14:55:47.321Z</time>
<extensions>
<gpxtpx:TrackPointExtension>
<gpxtpx:speed>1.188545</gpxtpx:speed>
</gpxtpx:TrackPointExtension>
</extensions>
</trkpt>
<trkpt lat="46.383931" lon="12.504640">
<ele>1233.034790</ele>
<time>2022-08-16T14:56:02.294Z</time>
<extensions>
<gpxtpx:TrackPointExtension>
<gpxtpx:speed>1.265200</gpxtpx:speed>
</gpxtpx:TrackPointExtension>
</extensions>
</trkpt>
<trkpt lat="46.383919" lon="12.504430">
<ele>1233.276855</ele>
<time>2022-08-16T14:56:12.301Z</time>
<extensions>
<gpxtpx:TrackPointExtension>
<gpxtpx:speed>1.344970</gpxtpx:speed>
</gpxtpx:TrackPointExtension>
</extensions>
</trkpt>
<trkpt lat="46.383932" lon="12.504233">
<ele>1233.854980</ele>
<time>2022-08-16T14:56:22.308Z</time>
<extensions>
<gpxtpx:TrackPointExtension>
<gpxtpx:speed>1.324952</gpxtpx:speed>
</gpxtpx:TrackPointExtension>
</extensions>
</trkpt>
<trkpt lat="46.383959" lon="12.504019">
<ele>1231.204712</ele>
<time>2022-08-16T14:56:33.306Z</time>
<extensions>
<gpxtpx:TrackPointExtension>
<gpxtpx:speed>1.344419</gpxtpx:speed>
</gpxtpx:TrackPointExtension>
</extensions>
</trkpt>
<trkpt lat="46.384059" lon="12.503783">
<ele>1231.293945</ele>
<time>2022-08-16T14:56:47.306Z</time>
<extensions>
<gpxtpx:TrackPointExtension>
<gpxtpx:speed>1.340421</gpxtpx:speed>
</gpxtpx:TrackPointExtension>
</extensions>
</trkpt>
<trkpt lat="46.384137" lon="12.503612">
<ele>1229.475342</ele>
<time>2022-08-16T14:56:57.319Z</time>
<extensions>
<gpxtpx:TrackPointExtension>
<gpxtpx:speed>1.364617</gpxtpx:speed>
</gpxtpx:TrackPointExtension>
</extensions>
</trkpt>
<trkpt lat="46.384161" lon="12.503395">
<ele>1229.481934</ele>
<time>2022-08-16T14:57:07.371Z</time>
<extensions>
<gpxtpx:TrackPointExtension>
<gpxtpx:speed>1.285366</gpxtpx:speed>
</gpxtpx:TrackPointExtension>
</extensions>
</trkpt>
<trkpt lat="46.384177" lon="12.503146">
<ele>1231.210693</ele>
<time>2022-08-16T14:57:19.333Z</time>
<extensions>
<gpxtpx:TrackPointExtension>
<gpxtpx:speed>1.297818</gpxtpx:speed>
</gpxtpx:TrackPointExtension>
</extensions>
</trkpt>
<trkpt lat="46.384226" lon="12.502932">
<ele>1228.916504</ele>
<time>2022-08-16T14:57:32.389Z</time>
<extensions>
<gpxtpx:TrackPointExtension>
<gpxtpx:speed>1.136794</gpxtpx:speed>
</gpxtpx:TrackPointExtension>
</extensions>
</trkpt>
<trkpt lat="46.384203" lon="12.502732">
<ele>1228.370972</ele>
<time>2022-08-16T14:57:42.408Z</time>
<extensions>
<gpxtpx:TrackPointExtension>
<gpxtpx:speed>1.153370</gpxtpx:speed>
</gpxtpx:TrackPointExtension>
</extensions>
</trkpt>
<trkpt lat="46.384215" lon="12.502555">
<ele>1229.857666</ele>
<time>2022-08-16T14:57:52.450Z</time>
<extensions>
<gpxtpx:TrackPointExtension>
<gpxtpx:speed>1.156339</gpxtpx:speed>
</gpxtpx:TrackPointExtension>
</extensions>
</trkpt>
<trkpt lat="46.384219" lon="12.502359">
<ele>1231.437012</ele>
<time>2022-08-16T14:58:03.330Z</time>
<extensions>
<gpxtpx:TrackPointExtension>
<gpxtpx:speed>1.123438</gpxtpx:speed>
</gpxtpx:TrackPointExtension>
</extensions>
</trkpt>
<trkpt lat="46.384366" lon="12.502188">
<ele>1229.254761</ele>
<time>2022-08-16T14:58:16.322Z</time>
<extensions>
<gpxtpx:TrackPointExtension>
<gpxtpx:speed>1.167247</gpxtpx:speed>
</gpxtpx:TrackPointExtension>
</extensions>
</trkpt>
<trkpt lat="46.384497" lon="12.502052">
<ele>1228.893555</ele>
<time>2022-08-16T14:58:28.320Z</time>
<extensions>
<gpxtpx:TrackPointExtension>
<gpxtpx:speed>1.184220</gpxtpx:speed>
</gpxtpx:TrackPointExtension>
</extensions>
</trkpt>
<trkpt lat="46.384485" lon="12.501933">
<ele>1229.540649</ele>
<time>2022-08-16T14:58:43.327Z</time>
<extensions>
<gpxtpx:TrackPointExtension>
<gpxtpx:speed>0.661743</gpxtpx:speed>
</gpxtpx:TrackPointExtension>
</extensions>
</trkpt>
<trkpt lat="46.384470" lon="12.501873">
<ele>1231.173950</ele>
<time>2022-08-16T14:58:54.318Z</time>
<extensions>
<gpxtpx:TrackPointExtension>
<gpxtpx:speed>0.644362</gpxtpx:speed>
</gpxtpx:TrackPointExtension>
</extensions>
</trkpt>
<trkpt lat="46.384506" lon="12.501656">
<ele>1230.936279</ele>
<time>2022-08-16T14:59:08.323Z</time>
<extensions>
<gpxtpx:TrackPointExtension>
<gpxtpx:speed>1.118770</gpxtpx:speed>
</gpxtpx:TrackPointExtension>
</extensions>
</trkpt>
<trkpt lat="46.384511" lon="12.501395">
<ele>1235.300049</ele>
<time>2022-08-16T14:59:22.337Z</time>
<extensions>
<gpxtpx:TrackPointExtension>
<gpxtpx:speed>1.193792</gpxtpx:speed>
</gpxtpx:TrackPointExtension>
</extensions>
</trkpt>
<trkpt lat="46.384495" lon="12.501195">
<ele>1236.386230</ele>
<time>2022-08-16T14:59:33.316Z</time>
<extensions>
<gpxtpx:TrackPointExtension>
<gpxtpx:speed>1.243449</gpxtpx:speed>
</gpxtpx:TrackPointExtension>
</extensions>
</trkpt>
<trkpt lat="46.384497" lon="12.501000">
<ele>1233.933105</ele>
<time>2022-08-16T14:59:43.339Z</time>
<extensions>
<gpxtpx:TrackPointExtension>
<gpxtpx:speed>1.276399</gpxtpx:speed>
</gpxtpx:TrackPointExtension>
</extensions>
</trkpt>
<trkpt lat="46.384486" lon="12.500713">
<ele>1235.315063</ele>
<time>2022-08-16T14:59:58.323Z</time>
<extensions>
<gpxtpx:TrackPointExtension>
<gpxtpx:speed>1.218417</gpxtpx:speed>
</gpxtpx:TrackPointExtension>
</extensions>
</trkpt>
<trkpt lat="46.384495" lon="12.500514">
<ele>1233.706909</ele>
<time>2022-08-16T15:00:09.318Z</time>
<extensions>
<gpxtpx:TrackPointExtension>
<gpxtpx:speed>1.188013</gpxtpx:speed>
</gpxtpx:TrackPointExtension>
</extensions>
</trkpt>
<trkpt lat="46.384598" lon="12.500365">
<ele>1231.958130</ele>
<time>2022-08-16T15:00:19.330Z</time>
<extensions>
<gpxtpx:TrackPointExtension>
<gpxtpx:speed>1.262103</gpxtpx:speed>
</gpxtpx:TrackPointExtension>
</extensions>
</trkpt>
<trkpt lat="46.384703" lon="12.500125">
<ele>1232.359253</ele>
<time>2022-08-16T15:00:33.317Z</time>
<extensions>
<gpxtpx:TrackPointExtension>
<gpxtpx:speed>1.226867</gpxtpx:speed>
</gpxtpx:TrackPointExtension>
</extensions>
</trkpt>
<trkpt lat="46.384767" lon="12.499843">
<ele>1232.210938</ele>
<time>2022-08-16T15:00:47.325Z</time>
<extensions>
<gpxtpx:TrackPointExtension>
<gpxtpx:speed>1.220721</gpxtpx:speed>
</gpxtpx:TrackPointExtension>
</extensions>
</trkpt>
<trkpt lat="46.384688" lon="12.499628">
<ele>1230.222046</ele>
<time>2022-08-16T15:00:58.379Z</time>
<extensions>
<gpxtpx:TrackPointExtension>
<gpxtpx:speed>1.171436</gpxtpx:speed>
</gpxtpx:TrackPointExtension>
</extensions>
</trkpt>
<trkpt lat="46.384552" lon="12.499399">
<ele>1225.734619</ele>
<time>2022-08-16T15:01:13.358Z</time>
<extensions>
<gpxtpx:TrackPointExtension>
<gpxtpx:speed>1.226723</gpxtpx:speed>
</gpxtpx:TrackPointExtension>
</extensions>
</trkpt>
<trkpt lat="46.384515" lon="12.499215">
<ele>1222.154419</ele>
<time>2022-08-16T15:01:24.308Z</time>
<extensions>
<gpxtpx:TrackPointExtension>
<gpxtpx:speed>1.082837</gpxtpx:speed>
</gpxtpx:TrackPointExtension>
</extensions>
</trkpt>
<trkpt lat="46.384412" lon="12.499004">
<ele>1221.973022</ele>
<time>2022-08-16T15:01:36.327Z</time>
<extensions>
<gpxtpx:TrackPointExtension>
<gpxtpx:speed>1.221621</gpxtpx:speed>
</gpxtpx:TrackPointExtension>
</extensions>
</trkpt>
<trkpt lat="46.384311" lon="12.498733">
<ele>1221.569092</ele>
<time>2022-08-16T15:01:51.318Z</time>
<extensions>
<gpxtpx:TrackPointExtension>
<gpxtpx:speed>1.317119</gpxtpx:speed>
</gpxtpx:TrackPointExtension>
</extensions>
</trkpt>
<trkpt lat="46.384254" lon="12.498557">
<ele>1220.327759</ele>
<time>2022-08-16T15:02:01.320Z</time>
<extensions>
<gpxtpx:TrackPointExtension>
<gpxtpx:speed>1.344932</gpxtpx:speed>
</gpxtpx:TrackPointExtension>
</extensions>
</trkpt>
<trkpt lat="46.384260" lon="12.498372">
<ele>1223.785034</ele>
<time>2022-08-16T15:02:11.424Z</time>
<extensions>
<gpxtpx:TrackPointExtension>
<gpxtpx:speed>1.296746</gpxtpx:speed>
</gpxtpx:TrackPointExtension>
</extensions>
</trkpt>
<trkpt lat="46.384272" lon="12.498114">
<ele>1227.924072</ele>
<time>2022-08-16T15:02:26.449Z</time>
<extensions>
<gpxtpx:TrackPointExtension>
<gpxtpx:speed>1.228028</gpxtpx:speed>
</gpxtpx:TrackPointExtension>
</extensions>
</trkpt>
<trkpt lat="46.384174" lon="12.497891">
<ele>1230.081543</ele>
<time>2022-08-16T15:02:37.316Z</time>
<extensions>
<gpxtpx:TrackPointExtension>
<gpxtpx:speed>1.245649</gpxtpx:speed>
</gpxtpx:TrackPointExtension>
</extensions>
</trkpt>
<trkpt lat="46.384107" lon="12.497708">
<ele>1227.638062</ele>
<time>2022-08-16T15:02:47.327Z</time>
<extensions>
<gpxtpx:TrackPointExtension>
<gpxtpx:speed>1.274071</gpxtpx:speed>
</gpxtpx:TrackPointExtension>
</extensions>
</trkpt>
<trkpt lat="46.384062" lon="12.497493">
<ele>1224.323853</ele>
<time>2022-08-16T15:02:59.329Z</time>
<extensions>
<gpxtpx:TrackPointExtension>
<gpxtpx:speed>1.288519</gpxtpx:speed>
</gpxtpx:TrackPointExtension>
</extensions>
</trkpt>
<trkpt lat="46.383967" lon="12.497275">
<ele>1217.835571</ele>
<time>2022-08-16T15:03:12.313Z</time>
<extensions>
<gpxtpx:TrackPointExtension>
<gpxtpx:speed>1.320030</gpxtpx:speed>
</gpxtpx:TrackPointExtension>
</extensions>
</trkpt>
<trkpt lat="46.383837" lon="12.497013">
<ele>1219.279541</ele>
<time>2022-08-16T15:03:27.291Z</time>
<extensions>
<gpxtpx:TrackPointExtension>
<gpxtpx:speed>1.365134</gpxtpx:speed>
</gpxtpx:TrackPointExtension>
</extensions>
</trkpt>
<trkpt lat="46.383753" lon="12.496848">
<ele>1221.177612</ele>
<time>2022-08-16T15:03:37.339Z</time>
<extensions>
<gpxtpx:TrackPointExtension>
<gpxtpx:speed>1.341032</gpxtpx:speed>
</gpxtpx:TrackPointExtension>
</extensions>
</trkpt>
<trkpt lat="46.383667" lon="12.496663">
<ele>1221.895996</ele>
<time>2022-08-16T15:03:48.316Z</time>
<extensions>
<gpxtpx:TrackPointExtension>
<gpxtpx:speed>1.362402</gpxtpx:speed>
</gpxtpx:TrackPointExtension>
</extensions>
</trkpt>
<trkpt lat="46.383556" lon="12.496432">
<ele>1217.063843</ele>
<time>2022-08-16T15:04:02.288Z</time>
<extensions>
<gpxtpx:TrackPointExtension>
<gpxtpx:speed>1.405647</gpxtpx:speed>
</gpxtpx:TrackPointExtension>
</extensions>
</trkpt>
<trkpt lat="46.383471" lon="12.496261">
<ele>1217.815674</ele>
<time>2022-08-16T15:04:12.329Z</time>
<extensions>
<gpxtpx:TrackPointExtension>
<gpxtpx:speed>1.438568</gpxtpx:speed>
</gpxtpx:TrackPointExtension>
</extensions>
</trkpt>
<trkpt lat="46.383368" lon="12.496063">
<ele>1217.619751</ele>
<time>2022-08-16T15:04:25.319Z</time>
<extensions>
<gpxtpx:TrackPointExtension>
<gpxtpx:speed>1.375820</gpxtpx:speed>
</gpxtpx:TrackPointExtension>
</extensions>
</trkpt>
<trkpt lat="46.383322" lon="12.495885">
<ele>1220.123657</ele>
<time>2022-08-16T15:04:37.328Z</time>
<extensions>
<gpxtpx:TrackPointExtension>
<gpxtpx:speed>1.225291</gpxtpx:speed>
</gpxtpx:TrackPointExtension>
</extensions>
</trkpt>
<trkpt lat="46.383345" lon="12.495714">
<ele>1217.916504</ele>
<time>2022-08-16T15:04:52.333Z</time>
<extensions>
<gpxtpx:TrackPointExtension>
<gpxtpx:speed>1.213216</gpxtpx:speed>
</gpxtpx:TrackPointExtension>
</extensions>
</trkpt>
<trkpt lat="46.383364" lon="12.495565">
<ele>1220.579346</ele>
<time>2022-08-16T15:05:03.336Z</time>
<extensions>
<gpxtpx:TrackPointExtension>
<gpxtpx:speed>1.072426</gpxtpx:speed>
</gpxtpx:TrackPointExtension>
</extensions>
</trkpt>
<trkpt lat="46.383373" lon="12.495312">
<ele>1218.815308</ele>
<time>2022-08-16T15:05:17.333Z</time>
<extensions>
<gpxtpx:TrackPointExtension>
<gpxtpx:speed>1.318672</gpxtpx:speed>
</gpxtpx:TrackPointExtension>
</extensions>
</trkpt>
<trkpt lat="46.383336" lon="12.495116">
<ele>1217.105347</ele>
<time>2022-08-16T15:05:27.347Z</time>
<extensions>
<gpxtpx:TrackPointExtension>
<gpxtpx:speed>1.378224</gpxtpx:speed>
</gpxtpx:TrackPointExtension>
</extensions>
</trkpt>
<trkpt lat="46.383201" lon="12.494917">
<ele>1217.104614</ele>
<time>2022-08-16T15:05:42.287Z</time>
<extensions>
<gpxtpx:TrackPointExtension>
<gpxtpx:speed>1.317810</gpxtpx:speed>
</gpxtpx:TrackPointExtension>
</extensions>
</trkpt>
<trkpt lat="46.383104" lon="12.494796">
<ele>1213.581421</ele>
<time>2022-08-16T15:05:52.296Z</time>
<extensions>
<gpxtpx:TrackPointExtension>
<gpxtpx:speed>1.391132</gpxtpx:speed>
</gpxtpx:TrackPointExtension>
</extensions>
</trkpt>
<trkpt lat="46.383010" lon="12.494676">
<ele>1216.627686</ele>
<time>2022-08-16T15:06:02.319Z</time>
<extensions>
<gpxtpx:TrackPointExtension>
<gpxtpx:speed>1.344760</gpxtpx:speed>
</gpxtpx:TrackPointExtension>
</extensions>
</trkpt>
<trkpt lat="46.382904" lon="12.494553">
<ele>1218.520874</ele>
<time>2022-08-16T15:06:12.336Z</time>
<extensions>
<gpxtpx:TrackPointExtension>
<gpxtpx:speed>1.397453</gpxtpx:speed>
</gpxtpx:TrackPointExtension>
</extensions>
</trkpt>
<trkpt lat="46.382753" lon="12.494344">
<ele>1217.819702</ele>
<time>2022-08-16T15:06:27.328Z</time>
<extensions>
<gpxtpx:TrackPointExtension>
<gpxtpx:speed>1.459092</gpxtpx:speed>
</gpxtpx:TrackPointExtension>
</extensions>
</trkpt>
<trkpt lat="46.382677" lon="12.494164">
<ele>1218.597168</ele>
<time>2022-08-16T15:06:37.338Z</time>
<extensions>
<gpxtpx:TrackPointExtension>
<gpxtpx:speed>1.495836</gpxtpx:speed>
</gpxtpx:TrackPointExtension>
</extensions>
</trkpt>
<trkpt lat="46.382640" lon="12.493935">
<ele>1219.025635</ele>
<time>2022-08-16T15:06:48.328Z</time>
<extensions>
<gpxtpx:TrackPointExtension>
<gpxtpx:speed>1.496498</gpxtpx:speed>
</gpxtpx:TrackPointExtension>
</extensions>
</trkpt>
<trkpt lat="46.382685" lon="12.493615">
<ele>1213.801270</ele>
<time>2022-08-16T15:07:02.393Z</time>
<extensions>
<gpxtpx:TrackPointExtension>
<gpxtpx:speed>1.510251</gpxtpx:speed>
</gpxtpx:TrackPointExtension>
</extensions>
</trkpt>
<trkpt lat="46.382687" lon="12.493398">
<ele>1215.384399</ele>
<time>2022-08-16T15:07:12.419Z</time>
<extensions>
<gpxtpx:TrackPointExtension>
<gpxtpx:speed>1.549105</gpxtpx:speed>
</gpxtpx:TrackPointExtension>
</extensions>
</trkpt>
<trkpt lat="46.382644" lon="12.493202">
<ele>1214.545166</ele>
<time>2022-08-16T15:07:22.465Z</time>
<extensions>
<gpxtpx:TrackPointExtension>
<gpxtpx:speed>1.503802</gpxtpx:speed>
</gpxtpx:TrackPointExtension>
</extensions>
</trkpt>
<trkpt lat="46.382542" lon="12.493050">
<ele>1212.781494</ele>
<time>2022-08-16T15:07:32.496Z</time>
<extensions>
<gpxtpx:TrackPointExtension>
<gpxtpx:speed>1.483525</gpxtpx:speed>
</gpxtpx:TrackPointExtension>
</extensions>
</trkpt>
<trkpt lat="46.382391" lon="12.492972">
<ele>1216.302979</ele>
<time>2022-08-16T15:07:43.313Z</time>
<extensions>
<gpxtpx:TrackPointExtension>
<gpxtpx:speed>1.460258</gpxtpx:speed>
</gpxtpx:TrackPointExtension>
</extensions>
</trkpt>
<trkpt lat="46.382269" lon="12.492898">
<ele>1217.283813</ele>
<time>2022-08-16T15:07:53.331Z</time>
<extensions>
<gpxtpx:TrackPointExtension>
<gpxtpx:speed>1.448010</gpxtpx:speed>
</gpxtpx:TrackPointExtension>
</extensions>
</trkpt>
<trkpt lat="46.382172" lon="12.492634">
<ele>1215.137817</ele>
<time>2022-08-16T15:08:08.318Z</time>
<extensions>
<gpxtpx:TrackPointExtension>
<gpxtpx:speed>1.419426</gpxtpx:speed>
</gpxtpx:TrackPointExtension>
</extensions>
</trkpt>
<trkpt lat="46.382072" lon="12.492487">
<ele>1217.532715</ele>
<time>2022-08-16T15:08:18.322Z</time>
<extensions>
<gpxtpx:TrackPointExtension>
<gpxtpx:speed>1.406234</gpxtpx:speed>
</gpxtpx:TrackPointExtension>
</extensions>
</trkpt>
<trkpt lat="46.381937" lon="12.492419">
<ele>1216.644043</ele>
<time>2022-08-16T15:08:28.326Z</time>
<extensions>
<gpxtpx:TrackPointExtension>
<gpxtpx:speed>1.496060</gpxtpx:speed>
</gpxtpx:TrackPointExtension>
</extensions>
</trkpt>
<trkpt lat="46.381786" lon="12.492344">
<ele>1217.637329</ele>
<time>2022-08-16T15:08:39.328Z</time>
<extensions>
<gpxtpx:TrackPointExtension>
<gpxtpx:speed>1.539175</gpxtpx:speed>
</gpxtpx:TrackPointExtension>
</extensions>
</trkpt>
<trkpt lat="46.381623" lon="12.492211">
<ele>1215.270874</ele>
<time>2022-08-16T15:08:53.339Z</time>
<extensions>
<gpxtpx:TrackPointExtension>
<gpxtpx:speed>1.481417</gpxtpx:speed>
</gpxtpx:TrackPointExtension>
</extensions>
</trkpt>
<trkpt lat="46.381439" lon="12.492113">
<ele>1215.919678</ele>
<time>2022-08-16T15:09:08.293Z</time>
<extensions>
<gpxtpx:TrackPointExtension>
<gpxtpx:speed>1.281206</gpxtpx:speed>
</gpxtpx:TrackPointExtension>
</extensions>
</trkpt>
<trkpt lat="46.381421" lon="12.492077">
<ele>1218.858276</ele>
<time>2022-08-16T15:09:18.318Z</time>
<extensions>
<gpxtpx:TrackPointExtension>
<gpxtpx:speed>0.967964</gpxtpx:speed>
</gpxtpx:TrackPointExtension>
</extensions>
</trkpt>
<trkpt lat="46.381438" lon="12.492057">
<ele>1218.035400</ele>
<time>2022-08-16T15:10:08.304Z</time>
<extensions>
<gpxtpx:TrackPointExtension>
<gpxtpx:speed>0.311480</gpxtpx:speed>
</gpxtpx:TrackPointExtension>
</extensions>
</trkpt>
<trkpt lat="46.381421" lon="12.492090">
<ele>1220.597290</ele>
<time>2022-08-16T15:10:23.313Z</time>
<extensions>
<gpxtpx:TrackPointExtension>
<gpxtpx:speed>0.234526</gpxtpx:speed>
</gpxtpx:TrackPointExtension>
</extensions>
</trkpt>
<trkpt lat="46.381410" lon="12.492099">
<ele>1220.678467</ele>
<time>2022-08-16T15:10:33.315Z</time>
<extensions>
<gpxtpx:TrackPointExtension>
<gpxtpx:speed>0.219381</gpxtpx:speed>
</gpxtpx:TrackPointExtension>
</extensions>
</trkpt>
<trkpt lat="46.381384" lon="12.492032">
<ele>1219.791382</ele>
<time>2022-08-16T15:10:43.358Z</time>
<extensions>
<gpxtpx:TrackPointExtension>
<gpxtpx:speed>0.952091</gpxtpx:speed>
</gpxtpx:TrackPointExtension>
</extensions>
</trkpt>
<trkpt lat="46.381325" lon="12.492020">
<ele>1217.914551</ele>
<time>2022-08-16T15:10:56.307Z</time>
<extensions>
<gpxtpx:TrackPointExtension>
<gpxtpx:speed>0.511412</gpxtpx:speed>
</gpxtpx:TrackPointExtension>
</extensions>
</trkpt>
<trkpt lat="46.381315" lon="12.491932">
<ele>1222.816528</ele>
<time>2022-08-16T15:11:08.377Z</time>
<extensions>
<gpxtpx:TrackPointExtension>
<gpxtpx:speed>0.591593</gpxtpx:speed>
</gpxtpx:TrackPointExtension>
</extensions>
</trkpt>
<trkpt lat="46.381267" lon="12.491952">
<ele>1226.215088</ele>
<time>2022-08-16T15:11:18.386Z</time>
<extensions>
<gpxtpx:TrackPointExtension>
<gpxtpx:speed>0.596984</gpxtpx:speed>
</gpxtpx:TrackPointExtension>
</extensions>
</trkpt>
<trkpt lat="46.381274" lon="12.491849">
<ele>1230.227051</ele>
<time>2022-08-16T15:11:28.435Z</time>
<extensions>
<gpxtpx:TrackPointExtension>
<gpxtpx:speed>0.457103</gpxtpx:speed>
</gpxtpx:TrackPointExtension>
</extensions>
</trkpt>
<trkpt lat="46.381312" lon="12.491758">
<ele>1233.239136</ele>
<time>2022-08-16T15:11:38.439Z</time>
<extensions>
<gpxtpx:TrackPointExtension>
<gpxtpx:speed>0.417540</gpxtpx:speed>
</gpxtpx:TrackPointExtension>
</extensions>
</trkpt>
<trkpt lat="46.381305" lon="12.491718">
<ele>1226.869873</ele>
<time>2022-08-16T15:11:48.466Z</time>
<extensions>
<gpxtpx:TrackPointExtension>
<gpxtpx:speed>0.871855</gpxtpx:speed>
</gpxtpx:TrackPointExtension>
</extensions>
</trkpt>
<trkpt lat="46.381221" lon="12.491764">
<ele>1227.348145</ele>
<time>2022-08-16T15:11:59.295Z</time>
<extensions>
<gpxtpx:TrackPointExtension>
<gpxtpx:speed>1.000794</gpxtpx:speed>
</gpxtpx:TrackPointExtension>
</extensions>
</trkpt>
<trkpt lat="46.381250" lon="12.491673">
<ele>1226.562256</ele>
<time>2022-08-16T15:12:09.311Z</time>
<extensions>
<gpxtpx:TrackPointExtension>
<gpxtpx:speed>0.622713</gpxtpx:speed>
</gpxtpx:TrackPointExtension>
</extensions>
</trkpt>
<trkpt lat="46.381334" lon="12.491507">
<ele>1227.632813</ele>
<time>2022-08-16T15:12:22.310Z</time>
<extensions>
<gpxtpx:TrackPointExtension>
<gpxtpx:speed>1.077829</gpxtpx:speed>
</gpxtpx:TrackPointExtension>
</extensions>
</trkpt>
<trkpt lat="46.381269" lon="12.491509">
<ele>1230.362061</ele>
<time>2022-08-16T15:12:34.319Z</time>
<extensions>
<gpxtpx:TrackPointExtension>
<gpxtpx:speed>0.321936</gpxtpx:speed>
</gpxtpx:TrackPointExtension>
</extensions>
</trkpt>
<trkpt lat="46.381177" lon="12.491548">
<ele>1237.928711</ele>
<time>2022-08-16T15:12:49.296Z</time>
<extensions>
<gpxtpx:TrackPointExtension>
<gpxtpx:speed>0.477305</gpxtpx:speed>
</gpxtpx:TrackPointExtension>
</extensions>
</trkpt>
<trkpt lat="46.381118" lon="12.491514">
<ele>1240.246582</ele>
<time>2022-08-16T15:12:59.311Z</time>
<extensions>
<gpxtpx:TrackPointExtension>
<gpxtpx:speed>0.515371</gpxtpx:speed>
</gpxtpx:TrackPointExtension>
</extensions>
</trkpt>
<trkpt lat="46.381075" lon="12.491481">
<ele>1239.791992</ele>
<time>2022-08-16T15:13:09.323Z</time>
<extensions>
<gpxtpx:TrackPointExtension>
<gpxtpx:speed>0.557526</gpxtpx:speed>
</gpxtpx:TrackPointExtension>
</extensions>
</trkpt>
<trkpt lat="46.381028" lon="12.491433">
<ele>1243.659546</ele>
<time>2022-08-16T15:13:24.290Z</time>
<extensions>
<gpxtpx:TrackPointExtension>
<gpxtpx:speed>0.524358</gpxtpx:speed>
</gpxtpx:TrackPointExtension>
</extensions>
</trkpt>
<trkpt lat="46.381003" lon="12.491386">
<ele>1247.566772</ele>
<time>2022-08-16T15:13:34.342Z</time>
<extensions>
<gpxtpx:TrackPointExtension>
<gpxtpx:speed>0.490687</gpxtpx:speed>
</gpxtpx:TrackPointExtension>
</extensions>
</trkpt>
<trkpt lat="46.380966" lon="12.491275">
<ele>1250.931030</ele>
<time>2022-08-16T15:13:54.311Z</time>
<extensions>
<gpxtpx:TrackPointExtension>
<gpxtpx:speed>0.441571</gpxtpx:speed>
</gpxtpx:TrackPointExtension>
</extensions>
</trkpt>
<trkpt lat="46.380920" lon="12.491229">
<ele>1252.815186</ele>
<time>2022-08-16T15:14:04.320Z</time>
<extensions>
<gpxtpx:TrackPointExtension>
<gpxtpx:speed>0.672812</gpxtpx:speed>
</gpxtpx:TrackPointExtension>
</extensions>
</trkpt>
<trkpt lat="46.380904" lon="12.491192">
<ele>1256.164673</ele>
<time>2022-08-16T15:14:15.327Z</time>
<extensions>
<gpxtpx:TrackPointExtension>
<gpxtpx:speed>0.443359</gpxtpx:speed>
</gpxtpx:TrackPointExtension>
</extensions>
</trkpt>
<trkpt lat="46.380903" lon="12.491103">
<ele>1257.452759</ele>
<time>2022-08-16T15:14:29.322Z</time>
<extensions>
<gpxtpx:TrackPointExtension>
<gpxtpx:speed>0.483931</gpxtpx:speed>
</gpxtpx:TrackPointExtension>
</extensions>
</trkpt>
<trkpt lat="46.380923" lon="12.491034">
<ele>1263.501709</ele>
<time>2022-08-16T15:14:44.307Z</time>
<extensions>
<gpxtpx:TrackPointExtension>
<gpxtpx:speed>0.445529</gpxtpx:speed>
</gpxtpx:TrackPointExtension>
</extensions>
</trkpt>
<trkpt lat="46.380905" lon="12.490979">
<ele>1263.441406</ele>
<time>2022-08-16T15:14:54.307Z</time>
<extensions>
<gpxtpx:TrackPointExtension>
<gpxtpx:speed>0.752747</gpxtpx:speed>
</gpxtpx:TrackPointExtension>
</extensions>
</trkpt>
<trkpt lat="46.380924" lon="12.490880">
<ele>1259.554199</ele>
<time>2022-08-16T15:15:04.327Z</time>
<extensions>
<gpxtpx:TrackPointExtension>
<gpxtpx:speed>0.697566</gpxtpx:speed>
</gpxtpx:TrackPointExtension>
</extensions>
</trkpt>
<trkpt lat="46.380989" lon="12.490887">
<ele>1264.282959</ele>
<time>2022-08-16T15:15:19.307Z</time>
<extensions>
<gpxtpx:TrackPointExtension>
<gpxtpx:speed>0.499414</gpxtpx:speed>
</gpxtpx:TrackPointExtension>
</extensions>
</trkpt>
<trkpt lat="46.380993" lon="12.490812">
<ele>1259.597900</ele>
<time>2022-08-16T15:15:29.368Z</time>
<extensions>
<gpxtpx:TrackPointExtension>
<gpxtpx:speed>0.415105</gpxtpx:speed>
</gpxtpx:TrackPointExtension>
</extensions>
</trkpt>
<trkpt lat="46.380991" lon="12.490734">
<ele>1260.166504</ele>
<time>2022-08-16T15:15:39.369Z</time>
<extensions>
<gpxtpx:TrackPointExtension>
<gpxtpx:speed>0.549119</gpxtpx:speed>
</gpxtpx:TrackPointExtension>
</extensions>
</trkpt>
<trkpt lat="46.381032" lon="12.490688">
<ele>1258.734863</ele>
<time>2022-08-16T15:15:49.409Z</time>
<extensions>
<gpxtpx:TrackPointExtension>
<gpxtpx:speed>0.674312</gpxtpx:speed>
</gpxtpx:TrackPointExtension>
</extensions>
</trkpt>
<trkpt lat="46.381084" lon="12.490727">
<ele>1261.256470</ele>
<time>2022-08-16T15:15:59.471Z</time>
<extensions>
<gpxtpx:TrackPointExtension>
<gpxtpx:speed>0.542008</gpxtpx:speed>
</gpxtpx:TrackPointExtension>
</extensions>
</trkpt>
<trkpt lat="46.381139" lon="12.490723">
<ele>1264.247925</ele>
<time>2022-08-16T15:16:09.523Z</time>
<extensions>
<gpxtpx:TrackPointExtension>
<gpxtpx:speed>0.566889</gpxtpx:speed>
</gpxtpx:TrackPointExtension>
</extensions>
</trkpt>
<trkpt lat="46.381194" lon="12.490684">
<ele>1266.558960</ele>
<time>2022-08-16T15:16:20.337Z</time>
<extensions>
<gpxtpx:TrackPointExtension>
<gpxtpx:speed>0.745458</gpxtpx:speed>
</gpxtpx:TrackPointExtension>
</extensions>
</trkpt>
<trkpt lat="46.381242" lon="12.490642">
<ele>1268.566162</ele>
<time>2022-08-16T15:16:35.317Z</time>
<extensions>
<gpxtpx:TrackPointExtension>
<gpxtpx:speed>0.521641</gpxtpx:speed>
</gpxtpx:TrackPointExtension>
</extensions>
</trkpt>
<trkpt lat="46.381295" lon="12.490603">
<ele>1269.812378</ele>
<time>2022-08-16T15:16:45.321Z</time>
<extensions>
<gpxtpx:TrackPointExtension>
<gpxtpx:speed>0.723947</gpxtpx:speed>
</gpxtpx:TrackPointExtension>
</extensions>
</trkpt>
<trkpt lat="46.381356" lon="12.490557">
<ele>1270.320801</ele>
<time>2022-08-16T15:16:55.326Z</time>
<extensions>
<gpxtpx:TrackPointExtension>
<gpxtpx:speed>0.690308</gpxtpx:speed>
</gpxtpx:TrackPointExtension>
</extensions>
</trkpt>
<trkpt lat="46.381345" lon="12.490480">
<ele>1268.692993</ele>
<time>2022-08-16T15:17:05.332Z</time>
<extensions>
<gpxtpx:TrackPointExtension>
<gpxtpx:speed>0.709408</gpxtpx:speed>
</gpxtpx:TrackPointExtension>
</extensions>
</trkpt>
<trkpt lat="46.381341" lon="12.490424">
<ele>1267.970703</ele>
<time>2022-08-16T15:17:15.333Z</time>
<extensions>
<gpxtpx:TrackPointExtension>
<gpxtpx:speed>0.702549</gpxtpx:speed>
</gpxtpx:TrackPointExtension>
</extensions>
</trkpt>
<trkpt lat="46.381403" lon="12.490238">
<ele>1282.002563</ele>
<time>2022-08-16T15:17:30.303Z</time>
<extensions>
<gpxtpx:TrackPointExtension>
<gpxtpx:speed>1.265319</gpxtpx:speed>
</gpxtpx:TrackPointExtension>
</extensions>
</trkpt>
<trkpt lat="46.381462" lon="12.490186">
<ele>1285.409302</ele>
<time>2022-08-16T15:17:40.308Z</time>
<extensions>
<gpxtpx:TrackPointExtension>
<gpxtpx:speed>0.883118</gpxtpx:speed>
</gpxtpx:TrackPointExtension>
</extensions>
</trkpt>
<trkpt lat="46.381463" lon="12.490130">
<ele>1274.809448</ele>
<time>2022-08-16T15:17:50.315Z</time>
<extensions>
<gpxtpx:TrackPointExtension>
<gpxtpx:speed>0.728988</gpxtpx:speed>
</gpxtpx:TrackPointExtension>
</extensions>
</trkpt>
<trkpt lat="46.381357" lon="12.490198">
<ele>1278.402466</ele>
<time>2022-08-16T15:18:03.369Z</time>
<extensions>
<gpxtpx:TrackPointExtension>
<gpxtpx:speed>0.655221</gpxtpx:speed>
</gpxtpx:TrackPointExtension>
</extensions>
</trkpt>
<trkpt lat="46.381286" lon="12.490253">
<ele>1280.543335</ele>
<time>2022-08-16T15:18:15.329Z</time>
<extensions>
<gpxtpx:TrackPointExtension>
<gpxtpx:speed>0.652588</gpxtpx:speed>
</gpxtpx:TrackPointExtension>
</extensions>
</trkpt>
<trkpt lat="46.381292" lon="12.490178">
<ele>1277.166992</ele>
<time>2022-08-16T15:18:30.333Z</time>
<extensions>
<gpxtpx:TrackPointExtension>
<gpxtpx:speed>0.614390</gpxtpx:speed>
</gpxtpx:TrackPointExtension>
</extensions>
</trkpt>
<trkpt lat="46.381302" lon="12.490108">
<ele>1279.536255</ele>
<time>2022-08-16T15:18:40.359Z</time>
<extensions>
<gpxtpx:TrackPointExtension>
<gpxtpx:speed>0.495318</gpxtpx:speed>
</gpxtpx:TrackPointExtension>
</extensions>
</trkpt>
<trkpt lat="46.381332" lon="12.490040">
<ele>1280.747559</ele>
<time>2022-08-16T15:18:51.293Z</time>
<extensions>
<gpxtpx:TrackPointExtension>
<gpxtpx:speed>0.426031</gpxtpx:speed>
</gpxtpx:TrackPointExtension>
</extensions>
</trkpt>
<trkpt lat="46.381386" lon="12.489970">
<ele>1284.084839</ele>
<time>2022-08-16T15:19:05.390Z</time>
<extensions>
<gpxtpx:TrackPointExtension>
<gpxtpx:speed>0.596144</gpxtpx:speed>
</gpxtpx:TrackPointExtension>
</extensions>
</trkpt>
<trkpt lat="46.381395" lon="12.490034">
<ele>1289.653076</ele>
<time>2022-08-16T15:19:15.442Z</time>
<extensions>
<gpxtpx:TrackPointExtension>
<gpxtpx:speed>0.451841</gpxtpx:speed>
</gpxtpx:TrackPointExtension>
</extensions>
</trkpt>
<trkpt lat="46.381405" lon="12.490050">
<ele>1289.408081</ele>
<time>2022-08-16T15:19:25.481Z</time>
<extensions>
<gpxtpx:TrackPointExtension>
<gpxtpx:speed>0.427051</gpxtpx:speed>
</gpxtpx:TrackPointExtension>
</extensions>
</trkpt>
<trkpt lat="46.381400" lon="12.490037">
<ele>1289.629761</ele>
<time>2022-08-16T15:19:46.387Z</time>
<extensions>
<gpxtpx:TrackPointExtension>
<gpxtpx:speed>0.016194</gpxtpx:speed>
</gpxtpx:TrackPointExtension>
</extensions>
</trkpt>
</trkseg>
<trkseg>
<trkpt lat="46.380362" lon="12.489064">
<ele>1267.969360</ele>
<time>2022-08-16T16:03:56.772Z</time>
<extensions>
<gpxtpx:TrackPointExtension>
<gpxtpx:speed>0.768871</gpxtpx:speed>
</gpxtpx:TrackPointExtension>
</extensions>
</trkpt>
<trkpt lat="46.380333" lon="12.489060">
<ele>1265.518555</ele>
<time>2022-08-16T16:04:07.169Z</time>
<extensions>
<gpxtpx:TrackPointExtension>
<gpxtpx:speed>0.493338</gpxtpx:speed>
</gpxtpx:TrackPointExtension>
</extensions>
</trkpt>
<trkpt lat="46.380243" lon="12.488960">
<ele>1264.220093</ele>
<time>2022-08-16T16:04:22.317Z</time>
<extensions>
<gpxtpx:TrackPointExtension>
<gpxtpx:speed>0.773438</gpxtpx:speed>
</gpxtpx:TrackPointExtension>
</extensions>
</trkpt>
<trkpt lat="46.380186" lon="12.488946">
<ele>1261.773071</ele>
<time>2022-08-16T16:04:32.330Z</time>
<extensions>
<gpxtpx:TrackPointExtension>
<gpxtpx:speed>0.754355</gpxtpx:speed>
</gpxtpx:TrackPointExtension>
</extensions>
</trkpt>
<trkpt lat="46.380113" lon="12.488924">
<ele>1260.600342</ele>
<time>2022-08-16T16:04:42.786Z</time>
<extensions>
<gpxtpx:TrackPointExtension>
<gpxtpx:speed>0.875223</gpxtpx:speed>
</gpxtpx:TrackPointExtension>
</extensions>
</trkpt>
<trkpt lat="46.380023" lon="12.488913">
<ele>1259.071289</ele>
<time>2022-08-16T16:04:57.327Z</time>
<extensions>
<gpxtpx:TrackPointExtension>
<gpxtpx:speed>0.660637</gpxtpx:speed>
</gpxtpx:TrackPointExtension>
</extensions>
</trkpt>
<trkpt lat="46.379945" lon="12.488887">
<ele>1258.734497</ele>
<time>2022-08-16T16:05:07.333Z</time>
<extensions>
<gpxtpx:TrackPointExtension>
<gpxtpx:speed>0.911886</gpxtpx:speed>
</gpxtpx:TrackPointExtension>
</extensions>
</trkpt>
<trkpt lat="46.379891" lon="12.488960">
<ele>1256.510254</ele>
<time>2022-08-16T16:05:17.379Z</time>
<extensions>
<gpxtpx:TrackPointExtension>
<gpxtpx:speed>0.973950</gpxtpx:speed>
</gpxtpx:TrackPointExtension>
</extensions>
</trkpt>
<trkpt lat="46.379837" lon="12.488918">
<ele>1254.872803</ele>
<time>2022-08-16T16:05:27.407Z</time>
<extensions>
<gpxtpx:TrackPointExtension>
<gpxtpx:speed>0.968358</gpxtpx:speed>
</gpxtpx:TrackPointExtension>
</extensions>
</trkpt>
<trkpt lat="46.379770" lon="12.488774">
<ele>1254.604858</ele>
<time>2022-08-16T16:05:37.461Z</time>
<extensions>
<gpxtpx:TrackPointExtension>
<gpxtpx:speed>1.065875</gpxtpx:speed>
</gpxtpx:TrackPointExtension>
</extensions>
</trkpt>
<trkpt lat="46.379714" lon="12.488669">
<ele>1253.713623</ele>
<time>2022-08-16T16:05:48.134Z</time>
<extensions>
<gpxtpx:TrackPointExtension>
<gpxtpx:speed>0.977647</gpxtpx:speed>
</gpxtpx:TrackPointExtension>
</extensions>
</trkpt>
<trkpt lat="46.379614" lon="12.488687">
<ele>1252.071411</ele>
<time>2022-08-16T16:05:58.344Z</time>
<extensions>
<gpxtpx:TrackPointExtension>
<gpxtpx:speed>1.040655</gpxtpx:speed>
</gpxtpx:TrackPointExtension>
</extensions>
</trkpt>
<trkpt lat="46.379605" lon="12.488870">
<ele>1250.582153</ele>
<time>2022-08-16T16:06:09.343Z</time>
<extensions>
<gpxtpx:TrackPointExtension>
<gpxtpx:speed>1.090557</gpxtpx:speed>
</gpxtpx:TrackPointExtension>
</extensions>
</trkpt>
<trkpt lat="46.379681" lon="12.489061">
<ele>1245.940918</ele>
<time>2022-08-16T16:06:24.371Z</time>
<extensions>
<gpxtpx:TrackPointExtension>
<gpxtpx:speed>1.068405</gpxtpx:speed>
</gpxtpx:TrackPointExtension>
</extensions>
</trkpt>
<trkpt lat="46.379716" lon="12.489226">
<ele>1242.334473</ele>
<time>2022-08-16T16:06:36.303Z</time>
<extensions>
<gpxtpx:TrackPointExtension>
<gpxtpx:speed>1.076611</gpxtpx:speed>
</gpxtpx:TrackPointExtension>
</extensions>
</trkpt>
<trkpt lat="46.379748" lon="12.489402">
<ele>1238.948730</ele>
<time>2022-08-16T16:06:48.964Z</time>
<extensions>
<gpxtpx:TrackPointExtension>
<gpxtpx:speed>1.205029</gpxtpx:speed>
</gpxtpx:TrackPointExtension>
</extensions>
</trkpt>
<trkpt lat="46.379654" lon="12.489448">
<ele>1239.911621</ele>
<time>2022-08-16T16:06:59.170Z</time>
<extensions>
<gpxtpx:TrackPointExtension>
<gpxtpx:speed>1.036204</gpxtpx:speed>
</gpxtpx:TrackPointExtension>
</extensions>
</trkpt>
<trkpt lat="46.379572" lon="12.489366">
<ele>1239.340820</ele>
<time>2022-08-16T16:07:09.334Z</time>
<extensions>
<gpxtpx:TrackPointExtension>
<gpxtpx:speed>1.006355</gpxtpx:speed>
</gpxtpx:TrackPointExtension>
</extensions>
</trkpt>
<trkpt lat="46.379467" lon="12.489250">
<ele>1236.750732</ele>
<time>2022-08-16T16:07:23.831Z</time>
<extensions>
<gpxtpx:TrackPointExtension>
<gpxtpx:speed>1.004477</gpxtpx:speed>
</gpxtpx:TrackPointExtension>
</extensions>
</trkpt>
<trkpt lat="46.379362" lon="12.489199">
<ele>1237.073486</ele>
<time>2022-08-16T16:07:34.062Z</time>
<extensions>
<gpxtpx:TrackPointExtension>
<gpxtpx:speed>1.082958</gpxtpx:speed>
</gpxtpx:TrackPointExtension>
</extensions>
</trkpt>
<trkpt lat="46.379277" lon="12.489117">
<ele>1237.072510</ele>
<time>2022-08-16T16:07:44.337Z</time>
<extensions>
<gpxtpx:TrackPointExtension>
<gpxtpx:speed>1.103845</gpxtpx:speed>
</gpxtpx:TrackPointExtension>
</extensions>
</trkpt>
<trkpt lat="46.379214" lon="12.488994">
<ele>1237.215088</ele>
<time>2022-08-16T16:07:54.338Z</time>
<extensions>
<gpxtpx:TrackPointExtension>
<gpxtpx:speed>1.082211</gpxtpx:speed>
</gpxtpx:TrackPointExtension>
</extensions>
</trkpt>
<trkpt lat="46.379157" lon="12.488851">
<ele>1233.740967</ele>
<time>2022-08-16T16:08:04.364Z</time>
<extensions>
<gpxtpx:TrackPointExtension>
<gpxtpx:speed>1.007068</gpxtpx:speed>
</gpxtpx:TrackPointExtension>
</extensions>
</trkpt>
<trkpt lat="46.379101" lon="12.488653">
<ele>1235.134155</ele>
<time>2022-08-16T16:08:19.357Z</time>
<extensions>
<gpxtpx:TrackPointExtension>
<gpxtpx:speed>1.062020</gpxtpx:speed>
</gpxtpx:TrackPointExtension>
</extensions>
</trkpt>
<trkpt lat="46.379075" lon="12.488498">
<ele>1232.624390</ele>
<time>2022-08-16T16:08:29.396Z</time>
<extensions>
<gpxtpx:TrackPointExtension>
<gpxtpx:speed>1.102570</gpxtpx:speed>
</gpxtpx:TrackPointExtension>
</extensions>
</trkpt>
<trkpt lat="46.378999" lon="12.488385">
<ele>1232.114502</ele>
<time>2022-08-16T16:08:39.446Z</time>
<extensions>
<gpxtpx:TrackPointExtension>
<gpxtpx:speed>1.088966</gpxtpx:speed>
</gpxtpx:TrackPointExtension>
</extensions>
</trkpt>
<trkpt lat="46.378915" lon="12.488283">
<ele>1232.716797</ele>
<time>2022-08-16T16:08:49.473Z</time>
<extensions>
<gpxtpx:TrackPointExtension>
<gpxtpx:speed>1.082330</gpxtpx:speed>
</gpxtpx:TrackPointExtension>
</extensions>
</trkpt>
<trkpt lat="46.378807" lon="12.488174">
<ele>1232.239868</ele>
<time>2022-08-16T16:08:59.558Z</time>
<extensions>
<gpxtpx:TrackPointExtension>
<gpxtpx:speed>1.114634</gpxtpx:speed>
</gpxtpx:TrackPointExtension>
</extensions>
</trkpt>
<trkpt lat="46.378702" lon="12.488104">
<ele>1228.824585</ele>
<time>2022-08-16T16:09:10.149Z</time>
<extensions>
<gpxtpx:TrackPointExtension>
<gpxtpx:speed>1.122052</gpxtpx:speed>
</gpxtpx:TrackPointExtension>
</extensions>
</trkpt>
<trkpt lat="46.378551" lon="12.487988">
<ele>1228.976440</ele>
<time>2022-08-16T16:09:24.711Z</time>
<extensions>
<gpxtpx:TrackPointExtension>
<gpxtpx:speed>1.177089</gpxtpx:speed>
</gpxtpx:TrackPointExtension>
</extensions>
</trkpt>
<trkpt lat="46.378454" lon="12.487900">
<ele>1227.358032</ele>
<time>2022-08-16T16:09:35.338Z</time>
<extensions>
<gpxtpx:TrackPointExtension>
<gpxtpx:speed>1.163500</gpxtpx:speed>
</gpxtpx:TrackPointExtension>
</extensions>
</trkpt>
<trkpt lat="46.378378" lon="12.487683">
<ele>1221.294922</ele>
<time>2022-08-16T16:09:50.278Z</time>
<extensions>
<gpxtpx:TrackPointExtension>
<gpxtpx:speed>1.157112</gpxtpx:speed>
</gpxtpx:TrackPointExtension>
</extensions>
</trkpt>
<trkpt lat="46.378295" lon="12.487520">
<ele>1217.965820</ele>
<time>2022-08-16T16:10:03.345Z</time>
<extensions>
<gpxtpx:TrackPointExtension>
<gpxtpx:speed>1.156849</gpxtpx:speed>
</gpxtpx:TrackPointExtension>
</extensions>
</trkpt>
<trkpt lat="46.378225" lon="12.487359">
<ele>1215.789551</ele>
<time>2022-08-16T16:10:15.316Z</time>
<extensions>
<gpxtpx:TrackPointExtension>
<gpxtpx:speed>1.168635</gpxtpx:speed>
</gpxtpx:TrackPointExtension>
</extensions>
</trkpt>
<trkpt lat="46.378191" lon="12.487214">
<ele>1218.507324</ele>
<time>2022-08-16T16:10:25.426Z</time>
<extensions>
<gpxtpx:TrackPointExtension>
<gpxtpx:speed>1.060471</gpxtpx:speed>
</gpxtpx:TrackPointExtension>
</extensions>
</trkpt>
<trkpt lat="46.378178" lon="12.487017">
<ele>1218.585571</ele>
<time>2022-08-16T16:10:40.330Z</time>
<extensions>
<gpxtpx:TrackPointExtension>
<gpxtpx:speed>0.878029</gpxtpx:speed>
</gpxtpx:TrackPointExtension>
</extensions>
</trkpt>
<trkpt lat="46.378171" lon="12.486869">
<ele>1217.754517</ele>
<time>2022-08-16T16:10:51.333Z</time>
<extensions>
<gpxtpx:TrackPointExtension>
<gpxtpx:speed>0.957746</gpxtpx:speed>
</gpxtpx:TrackPointExtension>
</extensions>
</trkpt>
<trkpt lat="46.378164" lon="12.486642">
<ele>1212.848999</ele>
<time>2022-08-16T16:11:05.344Z</time>
<extensions>
<gpxtpx:TrackPointExtension>
<gpxtpx:speed>1.129851</gpxtpx:speed>
</gpxtpx:TrackPointExtension>
</extensions>
</trkpt>
<trkpt lat="46.378105" lon="12.486398">
<ele>1213.471924</ele>
<time>2022-08-16T16:11:20.228Z</time>
<extensions>
<gpxtpx:TrackPointExtension>
<gpxtpx:speed>1.180797</gpxtpx:speed>
</gpxtpx:TrackPointExtension>
</extensions>
</trkpt>
<trkpt lat="46.378050" lon="12.486272">
<ele>1210.799561</ele>
<time>2022-08-16T16:11:30.318Z</time>
<extensions>
<gpxtpx:TrackPointExtension>
<gpxtpx:speed>1.184379</gpxtpx:speed>
</gpxtpx:TrackPointExtension>
</extensions>
</trkpt>
<trkpt lat="46.378032" lon="12.486124">
<ele>1208.913696</ele>
<time>2022-08-16T16:11:40.649Z</time>
<extensions>
<gpxtpx:TrackPointExtension>
<gpxtpx:speed>1.188392</gpxtpx:speed>
</gpxtpx:TrackPointExtension>
</extensions>
</trkpt>
<trkpt lat="46.378015" lon="12.485891">
<ele>1207.498657</ele>
<time>2022-08-16T16:11:55.359Z</time>
<extensions>
<gpxtpx:TrackPointExtension>
<gpxtpx:speed>1.235906</gpxtpx:speed>
</gpxtpx:TrackPointExtension>
</extensions>
</trkpt>
<trkpt lat="46.377965" lon="12.485772">
<ele>1202.868530</ele>
<time>2022-08-16T16:12:05.411Z</time>
<extensions>
<gpxtpx:TrackPointExtension>
<gpxtpx:speed>1.211796</gpxtpx:speed>
</gpxtpx:TrackPointExtension>
</extensions>
</trkpt>
<trkpt lat="46.377890" lon="12.485668">
<ele>1201.977295</ele>
<time>2022-08-16T16:12:15.474Z</time>
<extensions>
<gpxtpx:TrackPointExtension>
<gpxtpx:speed>1.124581</gpxtpx:speed>
</gpxtpx:TrackPointExtension>
</extensions>
</trkpt>
<trkpt lat="46.377827" lon="12.485761">
<ele>1204.659302</ele>
<time>2022-08-16T16:12:26.330Z</time>
<extensions>
<gpxtpx:TrackPointExtension>
<gpxtpx:speed>0.446865</gpxtpx:speed>
</gpxtpx:TrackPointExtension>
</extensions>
</trkpt>
<trkpt lat="46.377867" lon="12.485892">
<ele>1210.206299</ele>
<time>2022-08-16T16:12:36.334Z</time>
<extensions>
<gpxtpx:TrackPointExtension>
<gpxtpx:speed>0.625556</gpxtpx:speed>
</gpxtpx:TrackPointExtension>
</extensions>
</trkpt>
<trkpt lat="46.377875" lon="12.485950">
<ele>1205.539795</ele>
<time>2022-08-16T16:12:51.325Z</time>
<extensions>
<gpxtpx:TrackPointExtension>
<gpxtpx:speed>0.342768</gpxtpx:speed>
</gpxtpx:TrackPointExtension>
</extensions>
</trkpt>
<trkpt lat="46.377866" lon="12.485940">
<ele>1205.760254</ele>
<time>2022-08-16T16:13:01.342Z</time>
<extensions>
<gpxtpx:TrackPointExtension>
<gpxtpx:speed>0.227316</gpxtpx:speed>
</gpxtpx:TrackPointExtension>
</extensions>
</trkpt>
<trkpt lat="46.377876" lon="12.485924">
<ele>1205.572998</ele>
<time>2022-08-16T16:13:31.213Z</time>
<extensions>
<gpxtpx:TrackPointExtension>
<gpxtpx:speed>0.304825</gpxtpx:speed>
</gpxtpx:TrackPointExtension>
</extensions>
</trkpt>
<trkpt lat="46.377958" lon="12.485842">
<ele>1202.985596</ele>
<time>2022-08-16T16:14:18.599Z</time>
<extensions>
<gpxtpx:TrackPointExtension>
<gpxtpx:speed>0.580319</gpxtpx:speed>
</gpxtpx:TrackPointExtension>
</extensions>
</trkpt>
<trkpt lat="46.377951" lon="12.485878">
<ele>1204.589966</ele>
<time>2022-08-16T16:15:11.395Z</time>
<extensions>
<gpxtpx:TrackPointExtension>
<gpxtpx:speed>0.421139</gpxtpx:speed>
</gpxtpx:TrackPointExtension>
</extensions>
</trkpt>
<trkpt lat="46.377914" lon="12.485859">
<ele>1203.546875</ele>
<time>2022-08-16T16:15:21.459Z</time>
<extensions>
<gpxtpx:TrackPointExtension>
<gpxtpx:speed>0.891968</gpxtpx:speed>
</gpxtpx:TrackPointExtension>
</extensions>
</trkpt>
<trkpt lat="46.377888" lon="12.485774">
<ele>1204.144897</ele>
<time>2022-08-16T16:15:32.344Z</time>
<extensions>
<gpxtpx:TrackPointExtension>
<gpxtpx:speed>2.826638</gpxtpx:speed>
</gpxtpx:TrackPointExtension>
</extensions>
</trkpt>
<trkpt lat="46.377760" lon="12.485411">
<ele>1205.671265</ele>
<time>2022-08-16T16:15:43.342Z</time>
<extensions>
<gpxtpx:TrackPointExtension>
<gpxtpx:speed>4.355670</gpxtpx:speed>
</gpxtpx:TrackPointExtension>
</extensions>
</trkpt>
<trkpt lat="46.377216" lon="12.484471">
<ele>1202.792236</ele>
<time>2022-08-16T16:15:57.315Z</time>
<extensions>
<gpxtpx:TrackPointExtension>
<gpxtpx:speed>6.148689</gpxtpx:speed>
</gpxtpx:TrackPointExtension>
</extensions>
</trkpt>
<trkpt lat="46.376796" lon="12.483953">
<ele>1195.289429</ele>
<time>2022-08-16T16:16:07.334Z</time>
<extensions>
<gpxtpx:TrackPointExtension>
<gpxtpx:speed>6.047773</gpxtpx:speed>
</gpxtpx:TrackPointExtension>
</extensions>
</trkpt>
<trkpt lat="46.376291" lon="12.483646">
<ele>1191.629517</ele>
<time>2022-08-16T16:16:21.304Z</time>
<extensions>
<gpxtpx:TrackPointExtension>
<gpxtpx:speed>2.272489</gpxtpx:speed>
</gpxtpx:TrackPointExtension>
</extensions>
</trkpt>
<trkpt lat="46.376241" lon="12.483596">
<ele>1191.957397</ele>
<time>2022-08-16T16:16:31.319Z</time>
<extensions>
<gpxtpx:TrackPointExtension>
<gpxtpx:speed>0.204814</gpxtpx:speed>
</gpxtpx:TrackPointExtension>
</extensions>
</trkpt>
<trkpt lat="46.376230" lon="12.483585">
<ele>1192.667480</ele>
<time>2022-08-16T16:16:50.325Z</time>
<extensions>
<gpxtpx:TrackPointExtension>
<gpxtpx:speed>0.725698</gpxtpx:speed>
</gpxtpx:TrackPointExtension>
</extensions>
</trkpt>
<trkpt lat="46.376018" lon="12.482846">
<ele>1185.669189</ele>
<time>2022-08-16T16:17:02.401Z</time>
<extensions>
<gpxtpx:TrackPointExtension>
<gpxtpx:speed>5.379440</gpxtpx:speed>
</gpxtpx:TrackPointExtension>
</extensions>
</trkpt>
<trkpt lat="46.375869" lon="12.482227">
<ele>1180.726318</ele>
<time>2022-08-16T16:17:12.417Z</time>
<extensions>
<gpxtpx:TrackPointExtension>
<gpxtpx:speed>5.639308</gpxtpx:speed>
</gpxtpx:TrackPointExtension>
</extensions>
</trkpt>
<trkpt lat="46.375662" lon="12.481448">
<ele>1175.991943</ele>
<time>2022-08-16T16:17:23.341Z</time>
<extensions>
<gpxtpx:TrackPointExtension>
<gpxtpx:speed>6.229977</gpxtpx:speed>
</gpxtpx:TrackPointExtension>
</extensions>
</trkpt>
<trkpt lat="46.375256" lon="12.480532">
<ele>1171.108643</ele>
<time>2022-08-16T16:17:38.298Z</time>
<extensions>
<gpxtpx:TrackPointExtension>
<gpxtpx:speed>6.106873</gpxtpx:speed>
</gpxtpx:TrackPointExtension>
</extensions>
</trkpt>
<trkpt lat="46.374927" lon="12.479977">
<ele>1169.568237</ele>
<time>2022-08-16T16:17:48.301Z</time>
<extensions>
<gpxtpx:TrackPointExtension>
<gpxtpx:speed>5.811531</gpxtpx:speed>
</gpxtpx:TrackPointExtension>
</extensions>
</trkpt>
<trkpt lat="46.374457" lon="12.479557">
<ele>1167.334839</ele>
<time>2022-08-16T16:17:58.318Z</time>
<extensions>
<gpxtpx:TrackPointExtension>
<gpxtpx:speed>6.300025</gpxtpx:speed>
</gpxtpx:TrackPointExtension>
</extensions>
</trkpt>
<trkpt lat="46.374014" lon="12.479237">
<ele>1163.209717</ele>
<time>2022-08-16T16:18:08.323Z</time>
<extensions>
<gpxtpx:TrackPointExtension>
<gpxtpx:speed>4.770386</gpxtpx:speed>
</gpxtpx:TrackPointExtension>
</extensions>
</trkpt>
<trkpt lat="46.373661" lon="12.478999">
<ele>1160.984131</ele>
<time>2022-08-16T16:18:18.328Z</time>
<extensions>
<gpxtpx:TrackPointExtension>
<gpxtpx:speed>3.240408</gpxtpx:speed>
</gpxtpx:TrackPointExtension>
</extensions>
</trkpt>
<trkpt lat="46.373202" lon="12.478749">
<ele>1152.990967</ele>
<time>2022-08-16T16:18:33.349Z</time>
<extensions>
<gpxtpx:TrackPointExtension>
<gpxtpx:speed>3.061419</gpxtpx:speed>
</gpxtpx:TrackPointExtension>
</extensions>
</trkpt>
<trkpt lat="46.372747" lon="12.478612">
<ele>1147.671021</ele>
<time>2022-08-16T16:18:46.336Z</time>
<extensions>
<gpxtpx:TrackPointExtension>
<gpxtpx:speed>4.989709</gpxtpx:speed>
</gpxtpx:TrackPointExtension>
</extensions>
</trkpt>
<trkpt lat="46.372431" lon="12.478253">
<ele>1145.121094</ele>
<time>2022-08-16T16:18:58.330Z</time>
<extensions>
<gpxtpx:TrackPointExtension>
<gpxtpx:speed>2.769935</gpxtpx:speed>
</gpxtpx:TrackPointExtension>
</extensions>
</trkpt>
<trkpt lat="46.371973" lon="12.477696">
<ele>1143.520508</ele>
<time>2022-08-16T16:19:13.331Z</time>
<extensions>
<gpxtpx:TrackPointExtension>
<gpxtpx:speed>8.179449</gpxtpx:speed>
</gpxtpx:TrackPointExtension>
</extensions>
</trkpt>
<trkpt lat="46.371709" lon="12.477336">
<ele>1138.582397</ele>
<time>2022-08-16T16:19:24.275Z</time>
<extensions>
<gpxtpx:TrackPointExtension>
<gpxtpx:speed>0.392598</gpxtpx:speed>
</gpxtpx:TrackPointExtension>
</extensions>
</trkpt>
</trkseg>
</trk>
</gpx>