<?xml version="1.0" encoding="UTF-8"?>
<gpx creator="StravaGPX" version="1.1" xmlns="http://www.topografix.com/GPX/1/1" xmlns:xsi="http://www.w3.org/2001/XMLSchema-instance" xsi:schemaLocation="http://www.topografix.com/GPX/1/1 http://www.topografix.com/GPX/1/1/gpx.xsd http://www.garmin.com/xmlschemas/GpxExtensions/v3 http://www.garmin.com/xmlschemas/GpxExtensionsv3.xsd http://www.garmin.com/xmlschemas/TrackPointExtension/v1 http://www.garmin.com/xmlschemas/TrackPointExtensionv1.xsd" xmlns:gpxtpx="http://www.garmin.com/xmlschemas/TrackPointExtension/v1" xmlns:gpxx="http://www.garmin.com/xmlschemas/GpxExtensions/v3">
 <metadata>
  <time>2024-06-02T09:13:33Z</time>
 </metadata>
 <trk>
  <name>Hike up to Col di Roan</name>
  <type>hiking</type>
  <trkseg>
   <trkpt lat="46.4281400" lon="12.1132270">
    <ele>1667.6</ele>
    <time>2024-06-02T09:13:33Z</time>
    <extensions>
     <gpxtpx:TrackPointExtension>
      <gpxtpx:atemp>28</gpxtpx:atemp>
      <gpxtpx:hr>64</gpxtpx:hr>
      <gpxtpx:cad>0</gpxtpx:cad>
     </gpxtpx:TrackPointExtension>
    </extensions>
   </trkpt>
   <trkpt lat="46.4281750" lon="12.1132060">
    <ele>1667.6</ele>
    <time>2024-06-02T09:13:34Z</time>
    <extensions>
     <gpxtpx:TrackPointExtension>
      <gpxtpx:atemp>28</gpxtpx:atemp>
      <gpxtpx:hr>64</gpxtpx:hr>
      <gpxtpx:cad>0</gpxtpx:cad>
     </gpxtpx:TrackPointExtension>
    </extensions>
   </trkpt>
   <trkpt lat="46.4282100" lon="12.1131850">
    <ele>1667.6</ele>
    <time>2024-06-02T09:13:38Z</time>
    <extensions>
     <gpxtpx:TrackPointExtension>
      <gpxtpx:atemp>28</gpxtpx:atemp>
      <gpxtpx:hr>64</gpxtpx:hr>
      <gpxtpx:cad>47</gpxtpx:cad>
     </gpxtpx:TrackPointExtension>
    </extensions>
   </trkpt>
   <trkpt lat="46.4282450" lon="12.1131640">
    <ele>1668.4</ele>
    <time>2024-06-02T09:13:40Z</time>
    <extensions>
     <gpxtpx:TrackPointExtension>
      <gpxtpx:atemp>28</gpxtpx:atemp>
      <gpxtpx:hr>65</gpxtpx:hr>
      <gpxtpx:cad>0</gpxtpx:cad>
     </gpxtpx:TrackPointExtension>
    </extensions>
   </trkpt>
   <trkpt lat="46.4282880" lon="12.1132700">
    <ele>1668.4</ele>
    <time>2024-06-02T09:13:42Z</time>
    <extensions>
     <gpxtpx:TrackPointExtension>
      <gpxtpx:atemp>28</gpxtpx:atemp>
      <gpxtpx:hr>68</gpxtpx:hr>
      <gpxtpx:cad>0</gpxtpx:cad>
     </gpxtpx:TrackPointExtension>
    </extensions>
   </trkpt>
   <trkpt lat="46.4282870" lon="12.1133220">
    <ele>1668.4</ele>
    <time>2024-06-02T09:13:44Z</time>
    <extensions>
     <gpxtpx:TrackPointExtension>
      <gpxtpx:atemp>28</gpxtpx:atemp>
      <gpxtpx:hr>67</gpxtpx:hr>
      <gpxtpx:cad>0</gpxtpx:cad>
     </gpxtpx:TrackPointExtension>
    </extensions>
   </trkpt>
   <trkpt lat="46.4282730" lon="12.1134120">
    <ele>1668.6</ele>
    <time>2024-06-02T09:13:48Z</time>
    <extensions>
     <gpxtpx:TrackPointExtension>
      <gpxtpx:atemp>28</gpxtpx:atemp>
      <gpxtpx:hr>68</gpxtpx:hr>
      <gpxtpx:cad>42</gpxtpx:cad>
     </gpxtpx:TrackPointExtension>
    </extensions>
   </trkpt>
   <trkpt lat="46.4282500" lon="12.1134380">
    <ele>1668.8</ele>
    <time>2024-06-02T09:13:51Z</time>
    <extensions>
     <gpxtpx:TrackPointExtension>
      <gpxtpx:atemp>28</gpxtpx:atemp>
      <gpxtpx:hr>72</gpxtpx:hr>
      <gpxtpx:cad>0</gpxtpx:cad>
     </gpxtpx:TrackPointExtension>
    </extensions>
   </trkpt>
   <trkpt lat="46.4282420" lon="12.1134440">
    <ele>1668.8</ele>
    <time>2024-06-02T09:13:52Z</time>
    <extensions>
     <gpxtpx:TrackPointExtension>
      <gpxtpx:atemp>28</gpxtpx:atemp>
      <gpxtpx:hr>67</gpxtpx:hr>
      <gpxtpx:cad>43</gpxtpx:cad>
     </gpxtpx:TrackPointExtension>
    </extensions>
   </trkpt>
   <trkpt lat="46.4282280" lon="12.1134620">
    <ele>1668.8</ele>
    <time>2024-06-02T09:13:55Z</time>
    <extensions>
     <gpxtpx:TrackPointExtension>
      <gpxtpx:atemp>28</gpxtpx:atemp>
      <gpxtpx:hr>70</gpxtpx:hr>
      <gpxtpx:cad>0</gpxtpx:cad>
     </gpxtpx:TrackPointExtension>
    </extensions>
   </trkpt>
   <trkpt lat="46.4282330" lon="12.1134780">
    <ele>1668.6</ele>
    <time>2024-06-02T09:13:57Z</time>
    <extensions>
     <gpxtpx:TrackPointExtension>
      <gpxtpx:atemp>28</gpxtpx:atemp>
      <gpxtpx:hr>70</gpxtpx:hr>
      <gpxtpx:cad>0</gpxtpx:cad>
     </gpxtpx:TrackPointExtension>
    </extensions>
   </trkpt>
   <trkpt lat="46.4283010" lon="12.1135300">
    <ele>1668.6</ele>
    <time>2024-06-02T09:14:01Z</time>
    <extensions>
     <gpxtpx:TrackPointExtension>
      <gpxtpx:atemp>28</gpxtpx:atemp>
      <gpxtpx:hr>68</gpxtpx:hr>
      <gpxtpx:cad>0</gpxtpx:cad>
     </gpxtpx:TrackPointExtension>
    </extensions>
   </trkpt>
   <trkpt lat="46.4285040" lon="12.1136840">
    <ele>1668.4</ele>
    <time>2024-06-02T09:14:04Z</time>
    <extensions>
     <gpxtpx:TrackPointExtension>
      <gpxtpx:atemp>28</gpxtpx:atemp>
      <gpxtpx:hr>68</gpxtpx:hr>
      <gpxtpx:cad>0</gpxtpx:cad>
     </gpxtpx:TrackPointExtension>
    </extensions>
   </trkpt>
   <trkpt lat="46.4285550" lon="12.1137090">
    <ele>1668.4</ele>
    <time>2024-06-02T09:14:05Z</time>
    <extensions>
     <gpxtpx:TrackPointExtension>
      <gpxtpx:atemp>28</gpxtpx:atemp>
      <gpxtpx:hr>67</gpxtpx:hr>
      <gpxtpx:cad>0</gpxtpx:cad>
     </gpxtpx:TrackPointExtension>
    </extensions>
   </trkpt>
   <trkpt lat="46.4285560" lon="12.1136740">
    <ele>1668.4</ele>
    <time>2024-06-02T09:14:08Z</time>
    <extensions>
     <gpxtpx:TrackPointExtension>
      <gpxtpx:atemp>28</gpxtpx:atemp>
      <gpxtpx:hr>66</gpxtpx:hr>
      <gpxtpx:cad>0</gpxtpx:cad>
     </gpxtpx:TrackPointExtension>
    </extensions>
   </trkpt>
   <trkpt lat="46.4285650" lon="12.1136740">
    <ele>1668.4</ele>
    <time>2024-06-02T09:14:09Z</time>
    <extensions>
     <gpxtpx:TrackPointExtension>
      <gpxtpx:atemp>28</gpxtpx:atemp>
      <gpxtpx:hr>70</gpxtpx:hr>
      <gpxtpx:cad>0</gpxtpx:cad>
     </gpxtpx:TrackPointExtension>
    </extensions>
   </trkpt>
   <trkpt lat="46.4285640" lon="12.1136780">
    <ele>1668.4</ele>
    <time>2024-06-02T09:14:11Z</time>
    <extensions>
     <gpxtpx:TrackPointExtension>
      <gpxtpx:atemp>27</gpxtpx:atemp>
      <gpxtpx:hr>74</gpxtpx:hr>
      <gpxtpx:cad>0</gpxtpx:cad>
     </gpxtpx:TrackPointExtension>
    </extensions>
   </trkpt>
   <trkpt lat="46.4285720" lon="12.1136870">
    <ele>1668.4</ele>
    <time>2024-06-02T09:14:14Z</time>
    <extensions>
     <gpxtpx:TrackPointExtension>
      <gpxtpx:atemp>28</gpxtpx:atemp>
      <gpxtpx:hr>76</gpxtpx:hr>
      <gpxtpx:cad>0</gpxtpx:cad>
     </gpxtpx:TrackPointExtension>
    </extensions>
   </trkpt>
   <trkpt lat="46.4285540" lon="12.1136720">
    <ele>1668.4</ele>
    <time>2024-06-02T09:14:17Z</time>
    <extensions>
     <gpxtpx:TrackPointExtension>
      <gpxtpx:atemp>27</gpxtpx:atemp>
      <gpxtpx:hr>79</gpxtpx:hr>
      <gpxtpx:cad>0</gpxtpx:cad>
     </gpxtpx:TrackPointExtension>
    </extensions>
   </trkpt>
   <trkpt lat="46.4285450" lon="12.1136640">
    <ele>1668.4</ele>
    <time>2024-06-02T09:14:21Z</time>
    <extensions>
     <gpxtpx:TrackPointExtension>
      <gpxtpx:atemp>27</gpxtpx:atemp>
      <gpxtpx:hr>74</gpxtpx:hr>
      <gpxtpx:cad>0</gpxtpx:cad>
     </gpxtpx:TrackPointExtension>
    </extensions>
   </trkpt>
   <trkpt lat="46.4285450" lon="12.1136640">
    <ele>1668.4</ele>
    <time>2024-06-02T09:14:22Z</time>
    <extensions>
     <gpxtpx:TrackPointExtension>
      <gpxtpx:atemp>27</gpxtpx:atemp>
      <gpxtpx:hr>77</gpxtpx:hr>
      <gpxtpx:cad>0</gpxtpx:cad>
     </gpxtpx:TrackPointExtension>
    </extensions>
   </trkpt>
   <trkpt lat="46.4285450" lon="12.1136640">
    <ele>1668.2</ele>
    <time>2024-06-02T09:14:29Z</time>
    <extensions>
     <gpxtpx:TrackPointExtension>
      <gpxtpx:atemp>27</gpxtpx:atemp>
      <gpxtpx:hr>76</gpxtpx:hr>
      <gpxtpx:cad>0</gpxtpx:cad>
     </gpxtpx:TrackPointExtension>
    </extensions>
   </trkpt>
   <trkpt lat="46.4285450" lon="12.1136640">
    <ele>1668.2</ele>
    <time>2024-06-02T09:14:33Z</time>
    <extensions>
     <gpxtpx:TrackPointExtension>
      <gpxtpx:atemp>27</gpxtpx:atemp>
      <gpxtpx:hr>73</gpxtpx:hr>
      <gpxtpx:cad>0</gpxtpx:cad>
     </gpxtpx:TrackPointExtension>
    </extensions>
   </trkpt>
   <trkpt lat="46.4285190" lon="12.1136660">
    <ele>1668.2</ele>
    <time>2024-06-02T09:14:38Z</time>
    <extensions>
     <gpxtpx:TrackPointExtension>
      <gpxtpx:atemp>27</gpxtpx:atemp>
      <gpxtpx:hr>70</gpxtpx:hr>
      <gpxtpx:cad>0</gpxtpx:cad>
     </gpxtpx:TrackPointExtension>
    </extensions>
   </trkpt>
   <trkpt lat="46.4284950" lon="12.1137100">
    <ele>1668.6</ele>
    <time>2024-06-02T09:14:41Z</time>
    <extensions>
     <gpxtpx:TrackPointExtension>
      <gpxtpx:atemp>27</gpxtpx:atemp>
      <gpxtpx:hr>68</gpxtpx:hr>
      <gpxtpx:cad>44</gpxtpx:cad>
     </gpxtpx:TrackPointExtension>
    </extensions>
   </trkpt>
   <trkpt lat="46.4284240" lon="12.1137970">
    <ele>1669.2</ele>
    <time>2024-06-02T09:14:47Z</time>
    <extensions>
     <gpxtpx:TrackPointExtension>
      <gpxtpx:atemp>27</gpxtpx:atemp>
      <gpxtpx:hr>69</gpxtpx:hr>
      <gpxtpx:cad>48</gpxtpx:cad>
     </gpxtpx:TrackPointExtension>
    </extensions>
   </trkpt>
   <trkpt lat="46.4284260" lon="12.1138620">
    <ele>1669.6</ele>
    <time>2024-06-02T09:14:51Z</time>
    <extensions>
     <gpxtpx:TrackPointExtension>
      <gpxtpx:atemp>27</gpxtpx:atemp>
      <gpxtpx:hr>69</gpxtpx:hr>
      <gpxtpx:cad>49</gpxtpx:cad>
     </gpxtpx:TrackPointExtension>
    </extensions>
   </trkpt>
   <trkpt lat="46.4284230" lon="12.1139010">
    <ele>1669.8</ele>
    <time>2024-06-02T09:14:53Z</time>
    <extensions>
     <gpxtpx:TrackPointExtension>
      <gpxtpx:atemp>27</gpxtpx:atemp>
      <gpxtpx:hr>69</gpxtpx:hr>
      <gpxtpx:cad>48</gpxtpx:cad>
     </gpxtpx:TrackPointExtension>
    </extensions>
   </trkpt>
   <trkpt lat="46.4284180" lon="12.1139250">
    <ele>1670.0</ele>
    <time>2024-06-02T09:14:55Z</time>
    <extensions>
     <gpxtpx:TrackPointExtension>
      <gpxtpx:atemp>27</gpxtpx:atemp>
      <gpxtpx:hr>69</gpxtpx:hr>
      <gpxtpx:cad>47</gpxtpx:cad>
     </gpxtpx:TrackPointExtension>
    </extensions>
   </trkpt>
   <trkpt lat="46.4284470" lon="12.1140120">
    <ele>1670.6</ele>
    <time>2024-06-02T09:15:02Z</time>
    <extensions>
     <gpxtpx:TrackPointExtension>
      <gpxtpx:atemp>27</gpxtpx:atemp>
      <gpxtpx:hr>70</gpxtpx:hr>
      <gpxtpx:cad>45</gpxtpx:cad>
     </gpxtpx:TrackPointExtension>
    </extensions>
   </trkpt>
   <trkpt lat="46.4284610" lon="12.1140230">
    <ele>1670.8</ele>
    <time>2024-06-02T09:15:03Z</time>
    <extensions>
     <gpxtpx:TrackPointExtension>
      <gpxtpx:atemp>27</gpxtpx:atemp>
      <gpxtpx:hr>74</gpxtpx:hr>
      <gpxtpx:cad>46</gpxtpx:cad>
     </gpxtpx:TrackPointExtension>
    </extensions>
   </trkpt>
   <trkpt lat="46.4284690" lon="12.1140300">
    <ele>1670.8</ele>
    <time>2024-06-02T09:15:04Z</time>
    <extensions>
     <gpxtpx:TrackPointExtension>
      <gpxtpx:atemp>27</gpxtpx:atemp>
      <gpxtpx:hr>71</gpxtpx:hr>
      <gpxtpx:cad>46</gpxtpx:cad>
     </gpxtpx:TrackPointExtension>
    </extensions>
   </trkpt>
   <trkpt lat="46.4284910" lon="12.1140270">
    <ele>1671.0</ele>
    <time>2024-06-02T09:15:07Z</time>
    <extensions>
     <gpxtpx:TrackPointExtension>
      <gpxtpx:atemp>27</gpxtpx:atemp>
      <gpxtpx:hr>73</gpxtpx:hr>
      <gpxtpx:cad>46</gpxtpx:cad>
     </gpxtpx:TrackPointExtension>
    </extensions>
   </trkpt>
   <trkpt lat="46.4284860" lon="12.1139860">
    <ele>1671.2</ele>
    <time>2024-06-02T09:15:09Z</time>
    <extensions>
     <gpxtpx:TrackPointExtension>
      <gpxtpx:atemp>27</gpxtpx:atemp>
      <gpxtpx:hr>77</gpxtpx:hr>
      <gpxtpx:cad>46</gpxtpx:cad>
     </gpxtpx:TrackPointExtension>
    </extensions>
   </trkpt>
   <trkpt lat="46.4285040" lon="12.1140000">
    <ele>1671.4</ele>
    <time>2024-06-02T09:15:11Z</time>
    <extensions>
     <gpxtpx:TrackPointExtension>
      <gpxtpx:atemp>27</gpxtpx:atemp>
      <gpxtpx:hr>80</gpxtpx:hr>
      <gpxtpx:cad>46</gpxtpx:cad>
     </gpxtpx:TrackPointExtension>
    </extensions>
   </trkpt>
   <trkpt lat="46.4285190" lon="12.1140180">
    <ele>1671.4</ele>
    <time>2024-06-02T09:15:12Z</time>
    <extensions>
     <gpxtpx:TrackPointExtension>
      <gpxtpx:atemp>27</gpxtpx:atemp>
      <gpxtpx:hr>82</gpxtpx:hr>
      <gpxtpx:cad>45</gpxtpx:cad>
     </gpxtpx:TrackPointExtension>
    </extensions>
   </trkpt>
   <trkpt lat="46.4285490" lon="12.1140800">
    <ele>1671.6</ele>
    <time>2024-06-02T09:15:15Z</time>
    <extensions>
     <gpxtpx:TrackPointExtension>
      <gpxtpx:atemp>27</gpxtpx:atemp>
      <gpxtpx:hr>86</gpxtpx:hr>
      <gpxtpx:cad>47</gpxtpx:cad>
     </gpxtpx:TrackPointExtension>
    </extensions>
   </trkpt>
   <trkpt lat="46.4285650" lon="12.1141030">
    <ele>1671.8</ele>
    <time>2024-06-02T09:15:17Z</time>
    <extensions>
     <gpxtpx:TrackPointExtension>
      <gpxtpx:atemp>27</gpxtpx:atemp>
      <gpxtpx:hr>88</gpxtpx:hr>
      <gpxtpx:cad>47</gpxtpx:cad>
     </gpxtpx:TrackPointExtension>
    </extensions>
   </trkpt>
   <trkpt lat="46.4285800" lon="12.1141280">
    <ele>1672.0</ele>
    <time>2024-06-02T09:15:19Z</time>
    <extensions>
     <gpxtpx:TrackPointExtension>
      <gpxtpx:atemp>27</gpxtpx:atemp>
      <gpxtpx:hr>90</gpxtpx:hr>
      <gpxtpx:cad>47</gpxtpx:cad>
     </gpxtpx:TrackPointExtension>
    </extensions>
   </trkpt>
   <trkpt lat="46.4285980" lon="12.1141430">
    <ele>1672.0</ele>
    <time>2024-06-02T09:15:21Z</time>
    <extensions>
     <gpxtpx:TrackPointExtension>
      <gpxtpx:atemp>27</gpxtpx:atemp>
      <gpxtpx:hr>91</gpxtpx:hr>
      <gpxtpx:cad>47</gpxtpx:cad>
     </gpxtpx:TrackPointExtension>
    </extensions>
   </trkpt>
   <trkpt lat="46.4286220" lon="12.1141430">
    <ele>1672.2</ele>
    <time>2024-06-02T09:15:24Z</time>
    <extensions>
     <gpxtpx:TrackPointExtension>
      <gpxtpx:atemp>27</gpxtpx:atemp>
      <gpxtpx:hr>93</gpxtpx:hr>
      <gpxtpx:cad>46</gpxtpx:cad>
     </gpxtpx:TrackPointExtension>
    </extensions>
   </trkpt>
   <trkpt lat="46.4286360" lon="12.1141540">
    <ele>1672.2</ele>
    <time>2024-06-02T09:15:25Z</time>
    <extensions>
     <gpxtpx:TrackPointExtension>
      <gpxtpx:atemp>27</gpxtpx:atemp>
      <gpxtpx:hr>93</gpxtpx:hr>
      <gpxtpx:cad>45</gpxtpx:cad>
     </gpxtpx:TrackPointExtension>
    </extensions>
   </trkpt>
   <trkpt lat="46.4286920" lon="12.1142140">
    <ele>1672.8</ele>
    <time>2024-06-02T09:15:29Z</time>
    <extensions>
     <gpxtpx:TrackPointExtension>
      <gpxtpx:atemp>27</gpxtpx:atemp>
      <gpxtpx:hr>95</gpxtpx:hr>
      <gpxtpx:cad>44</gpxtpx:cad>
     </gpxtpx:TrackPointExtension>
    </extensions>
   </trkpt>
   <trkpt lat="46.4287280" lon="12.1142920">
    <ele>1673.6</ele>
    <time>2024-06-02T09:15:35Z</time>
    <extensions>
     <gpxtpx:TrackPointExtension>
      <gpxtpx:atemp>27</gpxtpx:atemp>
      <gpxtpx:hr>98</gpxtpx:hr>
      <gpxtpx:cad>44</gpxtpx:cad>
     </gpxtpx:TrackPointExtension>
    </extensions>
   </trkpt>
   <trkpt lat="46.4287490" lon="12.1143220">
    <ele>1674.0</ele>
    <time>2024-06-02T09:15:38Z</time>
    <extensions>
     <gpxtpx:TrackPointExtension>
      <gpxtpx:atemp>27</gpxtpx:atemp>
      <gpxtpx:hr>98</gpxtpx:hr>
      <gpxtpx:cad>42</gpxtpx:cad>
     </gpxtpx:TrackPointExtension>
    </extensions>
   </trkpt>
   <trkpt lat="46.4287690" lon="12.1143610">
    <ele>1674.4</ele>
    <time>2024-06-02T09:15:42Z</time>
    <extensions>
     <gpxtpx:TrackPointExtension>
      <gpxtpx:atemp>27</gpxtpx:atemp>
      <gpxtpx:hr>99</gpxtpx:hr>
      <gpxtpx:cad>45</gpxtpx:cad>
     </gpxtpx:TrackPointExtension>
    </extensions>
   </trkpt>
   <trkpt lat="46.4287860" lon="12.1144070">
    <ele>1674.6</ele>
    <time>2024-06-02T09:15:48Z</time>
    <extensions>
     <gpxtpx:TrackPointExtension>
      <gpxtpx:atemp>27</gpxtpx:atemp>
      <gpxtpx:hr>101</gpxtpx:hr>
      <gpxtpx:cad>43</gpxtpx:cad>
     </gpxtpx:TrackPointExtension>
    </extensions>
   </trkpt>
   <trkpt lat="46.4287930" lon="12.1144150">
    <ele>1674.6</ele>
    <time>2024-06-02T09:15:49Z</time>
    <extensions>
     <gpxtpx:TrackPointExtension>
      <gpxtpx:atemp>27</gpxtpx:atemp>
      <gpxtpx:hr>101</gpxtpx:hr>
      <gpxtpx:cad>43</gpxtpx:cad>
     </gpxtpx:TrackPointExtension>
    </extensions>
   </trkpt>
   <trkpt lat="46.4288190" lon="12.1144950">
    <ele>1675.0</ele>
    <time>2024-06-02T09:15:55Z</time>
    <extensions>
     <gpxtpx:TrackPointExtension>
      <gpxtpx:atemp>27</gpxtpx:atemp>
      <gpxtpx:hr>102</gpxtpx:hr>
      <gpxtpx:cad>44</gpxtpx:cad>
     </gpxtpx:TrackPointExtension>
    </extensions>
   </trkpt>
   <trkpt lat="46.4288280" lon="12.1145120">
    <ele>1675.0</ele>
    <time>2024-06-02T09:15:56Z</time>
    <extensions>
     <gpxtpx:TrackPointExtension>
      <gpxtpx:atemp>27</gpxtpx:atemp>
      <gpxtpx:hr>102</gpxtpx:hr>
      <gpxtpx:cad>44</gpxtpx:cad>
     </gpxtpx:TrackPointExtension>
    </extensions>
   </trkpt>
   <trkpt lat="46.4288950" lon="12.1146410">
    <ele>1675.4</ele>
    <time>2024-06-02T09:16:05Z</time>
    <extensions>
     <gpxtpx:TrackPointExtension>
      <gpxtpx:atemp>27</gpxtpx:atemp>
      <gpxtpx:hr>101</gpxtpx:hr>
      <gpxtpx:cad>47</gpxtpx:cad>
     </gpxtpx:TrackPointExtension>
    </extensions>
   </trkpt>
   <trkpt lat="46.4289020" lon="12.1146550">
    <ele>1675.6</ele>
    <time>2024-06-02T09:16:06Z</time>
    <extensions>
     <gpxtpx:TrackPointExtension>
      <gpxtpx:atemp>27</gpxtpx:atemp>
      <gpxtpx:hr>102</gpxtpx:hr>
      <gpxtpx:cad>47</gpxtpx:cad>
     </gpxtpx:TrackPointExtension>
    </extensions>
   </trkpt>
   <trkpt lat="46.4289410" lon="12.1147110">
    <ele>1675.8</ele>
    <time>2024-06-02T09:16:12Z</time>
    <extensions>
     <gpxtpx:TrackPointExtension>
      <gpxtpx:atemp>27</gpxtpx:atemp>
      <gpxtpx:hr>101</gpxtpx:hr>
      <gpxtpx:cad>48</gpxtpx:cad>
     </gpxtpx:TrackPointExtension>
    </extensions>
   </trkpt>
   <trkpt lat="46.4289860" lon="12.1147480">
    <ele>1675.8</ele>
    <time>2024-06-02T09:16:19Z</time>
    <extensions>
     <gpxtpx:TrackPointExtension>
      <gpxtpx:atemp>27</gpxtpx:atemp>
      <gpxtpx:hr>102</gpxtpx:hr>
      <gpxtpx:cad>49</gpxtpx:cad>
     </gpxtpx:TrackPointExtension>
    </extensions>
   </trkpt>
   <trkpt lat="46.4290410" lon="12.1147920">
    <ele>1676.0</ele>
    <time>2024-06-02T09:16:25Z</time>
    <extensions>
     <gpxtpx:TrackPointExtension>
      <gpxtpx:atemp>27</gpxtpx:atemp>
      <gpxtpx:hr>102</gpxtpx:hr>
      <gpxtpx:cad>49</gpxtpx:cad>
     </gpxtpx:TrackPointExtension>
    </extensions>
   </trkpt>
   <trkpt lat="46.4291250" lon="12.1148320">
    <ele>1676.4</ele>
    <time>2024-06-02T09:16:33Z</time>
    <extensions>
     <gpxtpx:TrackPointExtension>
      <gpxtpx:atemp>27</gpxtpx:atemp>
      <gpxtpx:hr>99</gpxtpx:hr>
      <gpxtpx:cad>48</gpxtpx:cad>
     </gpxtpx:TrackPointExtension>
    </extensions>
   </trkpt>
   <trkpt lat="46.4291410" lon="12.1148360">
    <ele>1676.4</ele>
    <time>2024-06-02T09:16:35Z</time>
    <extensions>
     <gpxtpx:TrackPointExtension>
      <gpxtpx:atemp>27</gpxtpx:atemp>
      <gpxtpx:hr>96</gpxtpx:hr>
      <gpxtpx:cad>46</gpxtpx:cad>
     </gpxtpx:TrackPointExtension>
    </extensions>
   </trkpt>
   <trkpt lat="46.4291590" lon="12.1148370">
    <ele>1676.6</ele>
    <time>2024-06-02T09:16:37Z</time>
    <extensions>
     <gpxtpx:TrackPointExtension>
      <gpxtpx:atemp>26</gpxtpx:atemp>
      <gpxtpx:hr>95</gpxtpx:hr>
      <gpxtpx:cad>47</gpxtpx:cad>
     </gpxtpx:TrackPointExtension>
    </extensions>
   </trkpt>
   <trkpt lat="46.4291700" lon="12.1148380">
    <ele>1676.8</ele>
    <time>2024-06-02T09:16:38Z</time>
    <extensions>
     <gpxtpx:TrackPointExtension>
      <gpxtpx:atemp>26</gpxtpx:atemp>
      <gpxtpx:hr>94</gpxtpx:hr>
      <gpxtpx:cad>47</gpxtpx:cad>
     </gpxtpx:TrackPointExtension>
    </extensions>
   </trkpt>
   <trkpt lat="46.4291990" lon="12.1148560">
    <ele>1677.0</ele>
    <time>2024-06-02T09:16:40Z</time>
    <extensions>
     <gpxtpx:TrackPointExtension>
      <gpxtpx:atemp>27</gpxtpx:atemp>
      <gpxtpx:hr>94</gpxtpx:hr>
      <gpxtpx:cad>47</gpxtpx:cad>
     </gpxtpx:TrackPointExtension>
    </extensions>
   </trkpt>
   <trkpt lat="46.4292390" lon="12.1148700">
    <ele>1677.4</ele>
    <time>2024-06-02T09:16:44Z</time>
    <extensions>
     <gpxtpx:TrackPointExtension>
      <gpxtpx:atemp>26</gpxtpx:atemp>
      <gpxtpx:hr>91</gpxtpx:hr>
      <gpxtpx:cad>46</gpxtpx:cad>
     </gpxtpx:TrackPointExtension>
    </extensions>
   </trkpt>
   <trkpt lat="46.4292770" lon="12.1148850">
    <ele>1677.6</ele>
    <time>2024-06-02T09:16:47Z</time>
    <extensions>
     <gpxtpx:TrackPointExtension>
      <gpxtpx:atemp>27</gpxtpx:atemp>
      <gpxtpx:hr>91</gpxtpx:hr>
      <gpxtpx:cad>45</gpxtpx:cad>
     </gpxtpx:TrackPointExtension>
    </extensions>
   </trkpt>
   <trkpt lat="46.4293200" lon="12.1148900">
    <ele>1678.2</ele>
    <time>2024-06-02T09:16:52Z</time>
    <extensions>
     <gpxtpx:TrackPointExtension>
      <gpxtpx:atemp>26</gpxtpx:atemp>
      <gpxtpx:hr>91</gpxtpx:hr>
      <gpxtpx:cad>46</gpxtpx:cad>
     </gpxtpx:TrackPointExtension>
    </extensions>
   </trkpt>
   <trkpt lat="46.4293350" lon="12.1149020">
    <ele>1678.4</ele>
    <time>2024-06-02T09:16:54Z</time>
    <extensions>
     <gpxtpx:TrackPointExtension>
      <gpxtpx:atemp>26</gpxtpx:atemp>
      <gpxtpx:hr>92</gpxtpx:hr>
      <gpxtpx:cad>46</gpxtpx:cad>
     </gpxtpx:TrackPointExtension>
    </extensions>
   </trkpt>
   <trkpt lat="46.4293550" lon="12.1149320">
    <ele>1678.6</ele>
    <time>2024-06-02T09:16:57Z</time>
    <extensions>
     <gpxtpx:TrackPointExtension>
      <gpxtpx:atemp>26</gpxtpx:atemp>
      <gpxtpx:hr>93</gpxtpx:hr>
      <gpxtpx:cad>46</gpxtpx:cad>
     </gpxtpx:TrackPointExtension>
    </extensions>
   </trkpt>
   <trkpt lat="46.4294010" lon="12.1149810">
    <ele>1679.2</ele>
    <time>2024-06-02T09:17:02Z</time>
    <extensions>
     <gpxtpx:TrackPointExtension>
      <gpxtpx:atemp>26</gpxtpx:atemp>
      <gpxtpx:hr>93</gpxtpx:hr>
      <gpxtpx:cad>45</gpxtpx:cad>
     </gpxtpx:TrackPointExtension>
    </extensions>
   </trkpt>
   <trkpt lat="46.4294090" lon="12.1150040">
    <ele>1679.2</ele>
    <time>2024-06-02T09:17:03Z</time>
    <extensions>
     <gpxtpx:TrackPointExtension>
      <gpxtpx:atemp>26</gpxtpx:atemp>
      <gpxtpx:hr>94</gpxtpx:hr>
      <gpxtpx:cad>45</gpxtpx:cad>
     </gpxtpx:TrackPointExtension>
    </extensions>
   </trkpt>
   <trkpt lat="46.4294290" lon="12.1150640">
    <ele>1679.4</ele>
    <time>2024-06-02T09:17:06Z</time>
    <extensions>
     <gpxtpx:TrackPointExtension>
      <gpxtpx:atemp>26</gpxtpx:atemp>
      <gpxtpx:hr>96</gpxtpx:hr>
      <gpxtpx:cad>45</gpxtpx:cad>
     </gpxtpx:TrackPointExtension>
    </extensions>
   </trkpt>
   <trkpt lat="46.4294480" lon="12.1151420">
    <ele>1679.8</ele>
    <time>2024-06-02T09:17:10Z</time>
    <extensions>
     <gpxtpx:TrackPointExtension>
      <gpxtpx:atemp>26</gpxtpx:atemp>
      <gpxtpx:hr>97</gpxtpx:hr>
      <gpxtpx:cad>48</gpxtpx:cad>
     </gpxtpx:TrackPointExtension>
    </extensions>
   </trkpt>
   <trkpt lat="46.4294900" lon="12.1152530">
    <ele>1680.2</ele>
    <time>2024-06-02T09:17:17Z</time>
    <extensions>
     <gpxtpx:TrackPointExtension>
      <gpxtpx:atemp>26</gpxtpx:atemp>
      <gpxtpx:hr>98</gpxtpx:hr>
      <gpxtpx:cad>47</gpxtpx:cad>
     </gpxtpx:TrackPointExtension>
    </extensions>
   </trkpt>
   <trkpt lat="46.4294930" lon="12.1152680">
    <ele>1680.4</ele>
    <time>2024-06-02T09:17:18Z</time>
    <extensions>
     <gpxtpx:TrackPointExtension>
      <gpxtpx:atemp>26</gpxtpx:atemp>
      <gpxtpx:hr>98</gpxtpx:hr>
      <gpxtpx:cad>47</gpxtpx:cad>
     </gpxtpx:TrackPointExtension>
    </extensions>
   </trkpt>
   <trkpt lat="46.4295190" lon="12.1153940">
    <ele>1680.8</ele>
    <time>2024-06-02T09:17:27Z</time>
    <extensions>
     <gpxtpx:TrackPointExtension>
      <gpxtpx:atemp>26</gpxtpx:atemp>
      <gpxtpx:hr>99</gpxtpx:hr>
      <gpxtpx:cad>45</gpxtpx:cad>
     </gpxtpx:TrackPointExtension>
    </extensions>
   </trkpt>
   <trkpt lat="46.4295460" lon="12.1154590">
    <ele>1681.2</ele>
    <time>2024-06-02T09:17:31Z</time>
    <extensions>
     <gpxtpx:TrackPointExtension>
      <gpxtpx:atemp>26</gpxtpx:atemp>
      <gpxtpx:hr>100</gpxtpx:hr>
      <gpxtpx:cad>46</gpxtpx:cad>
     </gpxtpx:TrackPointExtension>
    </extensions>
   </trkpt>
   <trkpt lat="46.4295590" lon="12.1154950">
    <ele>1681.2</ele>
    <time>2024-06-02T09:17:33Z</time>
    <extensions>
     <gpxtpx:TrackPointExtension>
      <gpxtpx:atemp>26</gpxtpx:atemp>
      <gpxtpx:hr>100</gpxtpx:hr>
      <gpxtpx:cad>46</gpxtpx:cad>
     </gpxtpx:TrackPointExtension>
    </extensions>
   </trkpt>
   <trkpt lat="46.4295770" lon="12.1155360">
    <ele>1681.6</ele>
    <time>2024-06-02T09:17:36Z</time>
    <extensions>
     <gpxtpx:TrackPointExtension>
      <gpxtpx:atemp>26</gpxtpx:atemp>
      <gpxtpx:hr>100</gpxtpx:hr>
      <gpxtpx:cad>46</gpxtpx:cad>
     </gpxtpx:TrackPointExtension>
    </extensions>
   </trkpt>
   <trkpt lat="46.4296030" lon="12.1156200">
    <ele>1682.2</ele>
    <time>2024-06-02T09:17:42Z</time>
    <extensions>
     <gpxtpx:TrackPointExtension>
      <gpxtpx:atemp>26</gpxtpx:atemp>
      <gpxtpx:hr>99</gpxtpx:hr>
      <gpxtpx:cad>44</gpxtpx:cad>
     </gpxtpx:TrackPointExtension>
    </extensions>
   </trkpt>
   <trkpt lat="46.4296020" lon="12.1156420">
    <ele>1682.4</ele>
    <time>2024-06-02T09:17:44Z</time>
    <extensions>
     <gpxtpx:TrackPointExtension>
      <gpxtpx:atemp>26</gpxtpx:atemp>
      <gpxtpx:hr>99</gpxtpx:hr>
      <gpxtpx:cad>44</gpxtpx:cad>
     </gpxtpx:TrackPointExtension>
    </extensions>
   </trkpt>
   <trkpt lat="46.4296170" lon="12.1157430">
    <ele>1682.8</ele>
    <time>2024-06-02T09:17:52Z</time>
    <extensions>
     <gpxtpx:TrackPointExtension>
      <gpxtpx:atemp>26</gpxtpx:atemp>
      <gpxtpx:hr>98</gpxtpx:hr>
      <gpxtpx:cad>43</gpxtpx:cad>
     </gpxtpx:TrackPointExtension>
    </extensions>
   </trkpt>
   <trkpt lat="46.4296080" lon="12.1157780">
    <ele>1683.2</ele>
    <time>2024-06-02T09:17:59Z</time>
    <extensions>
     <gpxtpx:TrackPointExtension>
      <gpxtpx:atemp>26</gpxtpx:atemp>
      <gpxtpx:hr>98</gpxtpx:hr>
      <gpxtpx:cad>0</gpxtpx:cad>
     </gpxtpx:TrackPointExtension>
    </extensions>
   </trkpt>
   <trkpt lat="46.4295760" lon="12.1157810">
    <ele>1683.2</ele>
    <time>2024-06-02T09:18:09Z</time>
    <extensions>
     <gpxtpx:TrackPointExtension>
      <gpxtpx:atemp>26</gpxtpx:atemp>
      <gpxtpx:hr>96</gpxtpx:hr>
      <gpxtpx:cad>0</gpxtpx:cad>
     </gpxtpx:TrackPointExtension>
    </extensions>
   </trkpt>
   <trkpt lat="46.4295520" lon="12.1157730">
    <ele>1683.4</ele>
    <time>2024-06-02T09:18:12Z</time>
    <extensions>
     <gpxtpx:TrackPointExtension>
      <gpxtpx:atemp>26</gpxtpx:atemp>
      <gpxtpx:hr>96</gpxtpx:hr>
      <gpxtpx:cad>0</gpxtpx:cad>
     </gpxtpx:TrackPointExtension>
    </extensions>
   </trkpt>
   <trkpt lat="46.4295300" lon="12.1157900">
    <ele>1684.8</ele>
    <time>2024-06-02T09:18:16Z</time>
    <extensions>
     <gpxtpx:TrackPointExtension>
      <gpxtpx:atemp>26</gpxtpx:atemp>
      <gpxtpx:hr>95</gpxtpx:hr>
      <gpxtpx:cad>0</gpxtpx:cad>
     </gpxtpx:TrackPointExtension>
    </extensions>
   </trkpt>
   <trkpt lat="46.4295190" lon="12.1157920">
    <ele>1685.2</ele>
    <time>2024-06-02T09:18:17Z</time>
    <extensions>
     <gpxtpx:TrackPointExtension>
      <gpxtpx:atemp>26</gpxtpx:atemp>
      <gpxtpx:hr>94</gpxtpx:hr>
      <gpxtpx:cad>0</gpxtpx:cad>
     </gpxtpx:TrackPointExtension>
    </extensions>
   </trkpt>
   <trkpt lat="46.4294980" lon="12.1158040">
    <ele>1685.8</ele>
    <time>2024-06-02T09:18:20Z</time>
    <extensions>
     <gpxtpx:TrackPointExtension>
      <gpxtpx:atemp>26</gpxtpx:atemp>
      <gpxtpx:hr>95</gpxtpx:hr>
      <gpxtpx:cad>0</gpxtpx:cad>
     </gpxtpx:TrackPointExtension>
    </extensions>
   </trkpt>
   <trkpt lat="46.4294700" lon="12.1158180">
    <ele>1686.8</ele>
    <time>2024-06-02T09:18:27Z</time>
    <extensions>
     <gpxtpx:TrackPointExtension>
      <gpxtpx:atemp>26</gpxtpx:atemp>
      <gpxtpx:hr>95</gpxtpx:hr>
      <gpxtpx:cad>0</gpxtpx:cad>
     </gpxtpx:TrackPointExtension>
    </extensions>
   </trkpt>
   <trkpt lat="46.4294600" lon="12.1158100">
    <ele>1686.8</ele>
    <time>2024-06-02T09:18:30Z</time>
    <extensions>
     <gpxtpx:TrackPointExtension>
      <gpxtpx:atemp>26</gpxtpx:atemp>
      <gpxtpx:hr>95</gpxtpx:hr>
      <gpxtpx:cad>0</gpxtpx:cad>
     </gpxtpx:TrackPointExtension>
    </extensions>
   </trkpt>
   <trkpt lat="46.4294690" lon="12.1158010">
    <ele>1687.0</ele>
    <time>2024-06-02T09:18:33Z</time>
    <extensions>
     <gpxtpx:TrackPointExtension>
      <gpxtpx:atemp>26</gpxtpx:atemp>
      <gpxtpx:hr>95</gpxtpx:hr>
      <gpxtpx:cad>0</gpxtpx:cad>
     </gpxtpx:TrackPointExtension>
    </extensions>
   </trkpt>
   <trkpt lat="46.4294390" lon="12.1158180">
    <ele>1686.8</ele>
    <time>2024-06-02T09:18:40Z</time>
    <extensions>
     <gpxtpx:TrackPointExtension>
      <gpxtpx:atemp>26</gpxtpx:atemp>
      <gpxtpx:hr>94</gpxtpx:hr>
      <gpxtpx:cad>0</gpxtpx:cad>
     </gpxtpx:TrackPointExtension>
    </extensions>
   </trkpt>
   <trkpt lat="46.4294340" lon="12.1158170">
    <ele>1686.6</ele>
    <time>2024-06-02T09:18:49Z</time>
    <extensions>
     <gpxtpx:TrackPointExtension>
      <gpxtpx:atemp>25</gpxtpx:atemp>
      <gpxtpx:hr>95</gpxtpx:hr>
      <gpxtpx:cad>0</gpxtpx:cad>
     </gpxtpx:TrackPointExtension>
    </extensions>
   </trkpt>
   <trkpt lat="46.4294340" lon="12.1158170">
    <ele>1686.6</ele>
    <time>2024-06-02T09:18:52Z</time>
    <extensions>
     <gpxtpx:TrackPointExtension>
      <gpxtpx:atemp>25</gpxtpx:atemp>
      <gpxtpx:hr>97</gpxtpx:hr>
      <gpxtpx:cad>0</gpxtpx:cad>
     </gpxtpx:TrackPointExtension>
    </extensions>
   </trkpt>
   <trkpt lat="46.4294340" lon="12.1158170">
    <ele>1686.8</ele>
    <time>2024-06-02T09:18:59Z</time>
    <extensions>
     <gpxtpx:TrackPointExtension>
      <gpxtpx:atemp>25</gpxtpx:atemp>
      <gpxtpx:hr>94</gpxtpx:hr>
      <gpxtpx:cad>0</gpxtpx:cad>
     </gpxtpx:TrackPointExtension>
    </extensions>
   </trkpt>
   <trkpt lat="46.4294340" lon="12.1158200">
    <ele>1686.6</ele>
    <time>2024-06-02T09:19:14Z</time>
    <extensions>
     <gpxtpx:TrackPointExtension>
      <gpxtpx:atemp>25</gpxtpx:atemp>
      <gpxtpx:hr>91</gpxtpx:hr>
      <gpxtpx:cad>0</gpxtpx:cad>
     </gpxtpx:TrackPointExtension>
    </extensions>
   </trkpt>
   <trkpt lat="46.4294340" lon="12.1158210">
    <ele>1686.6</ele>
    <time>2024-06-02T09:19:15Z</time>
    <extensions>
     <gpxtpx:TrackPointExtension>
      <gpxtpx:atemp>25</gpxtpx:atemp>
      <gpxtpx:hr>88</gpxtpx:hr>
      <gpxtpx:cad>0</gpxtpx:cad>
     </gpxtpx:TrackPointExtension>
    </extensions>
   </trkpt>
   <trkpt lat="46.4294330" lon="12.1158230">
    <ele>1686.6</ele>
    <time>2024-06-02T09:19:24Z</time>
    <extensions>
     <gpxtpx:TrackPointExtension>
      <gpxtpx:atemp>25</gpxtpx:atemp>
      <gpxtpx:hr>84</gpxtpx:hr>
      <gpxtpx:cad>54</gpxtpx:cad>
     </gpxtpx:TrackPointExtension>
    </extensions>
   </trkpt>
   <trkpt lat="46.4294330" lon="12.1158230">
    <ele>1686.4</ele>
    <time>2024-06-02T09:19:28Z</time>
    <extensions>
     <gpxtpx:TrackPointExtension>
      <gpxtpx:atemp>25</gpxtpx:atemp>
      <gpxtpx:hr>81</gpxtpx:hr>
      <gpxtpx:cad>0</gpxtpx:cad>
     </gpxtpx:TrackPointExtension>
    </extensions>
   </trkpt>
   <trkpt lat="46.4294280" lon="12.1157960">
    <ele>1686.0</ele>
    <time>2024-06-02T09:19:41Z</time>
    <extensions>
     <gpxtpx:TrackPointExtension>
      <gpxtpx:atemp>25</gpxtpx:atemp>
      <gpxtpx:hr>81</gpxtpx:hr>
      <gpxtpx:cad>0</gpxtpx:cad>
     </gpxtpx:TrackPointExtension>
    </extensions>
   </trkpt>
   <trkpt lat="46.4294240" lon="12.1157960">
    <ele>1685.8</ele>
    <time>2024-06-02T09:19:46Z</time>
    <extensions>
     <gpxtpx:TrackPointExtension>
      <gpxtpx:atemp>25</gpxtpx:atemp>
      <gpxtpx:hr>81</gpxtpx:hr>
      <gpxtpx:cad>0</gpxtpx:cad>
     </gpxtpx:TrackPointExtension>
    </extensions>
   </trkpt>
   <trkpt lat="46.4294180" lon="12.1158040">
    <ele>1686.6</ele>
    <time>2024-06-02T09:20:02Z</time>
    <extensions>
     <gpxtpx:TrackPointExtension>
      <gpxtpx:atemp>25</gpxtpx:atemp>
      <gpxtpx:hr>78</gpxtpx:hr>
      <gpxtpx:cad>0</gpxtpx:cad>
     </gpxtpx:TrackPointExtension>
    </extensions>
   </trkpt>
   <trkpt lat="46.4294090" lon="12.1158130">
    <ele>1686.4</ele>
    <time>2024-06-02T09:20:07Z</time>
    <extensions>
     <gpxtpx:TrackPointExtension>
      <gpxtpx:atemp>25</gpxtpx:atemp>
      <gpxtpx:hr>75</gpxtpx:hr>
      <gpxtpx:cad>0</gpxtpx:cad>
     </gpxtpx:TrackPointExtension>
    </extensions>
   </trkpt>
   <trkpt lat="46.4294030" lon="12.1158140">
    <ele>1686.4</ele>
    <time>2024-06-02T09:20:11Z</time>
    <extensions>
     <gpxtpx:TrackPointExtension>
      <gpxtpx:atemp>25</gpxtpx:atemp>
      <gpxtpx:hr>71</gpxtpx:hr>
      <gpxtpx:cad>0</gpxtpx:cad>
     </gpxtpx:TrackPointExtension>
    </extensions>
   </trkpt>
   <trkpt lat="46.4294010" lon="12.1158140">
    <ele>1686.4</ele>
    <time>2024-06-02T09:20:14Z</time>
    <extensions>
     <gpxtpx:TrackPointExtension>
      <gpxtpx:atemp>25</gpxtpx:atemp>
      <gpxtpx:hr>68</gpxtpx:hr>
      <gpxtpx:cad>42</gpxtpx:cad>
     </gpxtpx:TrackPointExtension>
    </extensions>
   </trkpt>
   <trkpt lat="46.4294000" lon="12.1158150">
    <ele>1686.2</ele>
    <time>2024-06-02T09:20:19Z</time>
    <extensions>
     <gpxtpx:TrackPointExtension>
      <gpxtpx:atemp>25</gpxtpx:atemp>
      <gpxtpx:hr>65</gpxtpx:hr>
      <gpxtpx:cad>0</gpxtpx:cad>
     </gpxtpx:TrackPointExtension>
    </extensions>
   </trkpt>
   <trkpt lat="46.4293960" lon="12.1158160">
    <ele>1686.2</ele>
    <time>2024-06-02T09:20:27Z</time>
    <extensions>
     <gpxtpx:TrackPointExtension>
      <gpxtpx:atemp>25</gpxtpx:atemp>
      <gpxtpx:hr>62</gpxtpx:hr>
      <gpxtpx:cad>0</gpxtpx:cad>
     </gpxtpx:TrackPointExtension>
    </extensions>
   </trkpt>
   <trkpt lat="46.4293960" lon="12.1158170">
    <ele>1686.2</ele>
    <time>2024-06-02T09:20:28Z</time>
    <extensions>
     <gpxtpx:TrackPointExtension>
      <gpxtpx:atemp>25</gpxtpx:atemp>
      <gpxtpx:hr>65</gpxtpx:hr>
      <gpxtpx:cad>0</gpxtpx:cad>
     </gpxtpx:TrackPointExtension>
    </extensions>
   </trkpt>
   <trkpt lat="46.4293950" lon="12.1158190">
    <ele>1686.2</ele>
    <time>2024-06-02T09:20:30Z</time>
    <extensions>
     <gpxtpx:TrackPointExtension>
      <gpxtpx:atemp>25</gpxtpx:atemp>
      <gpxtpx:hr>62</gpxtpx:hr>
      <gpxtpx:cad>0</gpxtpx:cad>
     </gpxtpx:TrackPointExtension>
    </extensions>
   </trkpt>
   <trkpt lat="46.4293900" lon="12.1158190">
    <ele>1685.8</ele>
    <time>2024-06-02T09:20:52Z</time>
    <extensions>
     <gpxtpx:TrackPointExtension>
      <gpxtpx:atemp>25</gpxtpx:atemp>
      <gpxtpx:hr>65</gpxtpx:hr>
      <gpxtpx:cad>0</gpxtpx:cad>
     </gpxtpx:TrackPointExtension>
    </extensions>
   </trkpt>
   <trkpt lat="46.4293890" lon="12.1158170">
    <ele>1685.8</ele>
    <time>2024-06-02T09:20:59Z</time>
    <extensions>
     <gpxtpx:TrackPointExtension>
      <gpxtpx:atemp>25</gpxtpx:atemp>
      <gpxtpx:hr>68</gpxtpx:hr>
      <gpxtpx:cad>0</gpxtpx:cad>
     </gpxtpx:TrackPointExtension>
    </extensions>
   </trkpt>
   <trkpt lat="46.4294360" lon="12.1157960">
    <ele>1685.0</ele>
    <time>2024-06-02T09:21:17Z</time>
    <extensions>
     <gpxtpx:TrackPointExtension>
      <gpxtpx:atemp>25</gpxtpx:atemp>
      <gpxtpx:hr>69</gpxtpx:hr>
      <gpxtpx:cad>43</gpxtpx:cad>
     </gpxtpx:TrackPointExtension>
    </extensions>
   </trkpt>
   <trkpt lat="46.4294630" lon="12.1157930">
    <ele>1685.0</ele>
    <time>2024-06-02T09:21:22Z</time>
    <extensions>
     <gpxtpx:TrackPointExtension>
      <gpxtpx:atemp>25</gpxtpx:atemp>
      <gpxtpx:hr>67</gpxtpx:hr>
      <gpxtpx:cad>0</gpxtpx:cad>
     </gpxtpx:TrackPointExtension>
    </extensions>
   </trkpt>
   <trkpt lat="46.4294690" lon="12.1157950">
    <ele>1684.8</ele>
    <time>2024-06-02T09:21:24Z</time>
    <extensions>
     <gpxtpx:TrackPointExtension>
      <gpxtpx:atemp>25</gpxtpx:atemp>
      <gpxtpx:hr>66</gpxtpx:hr>
      <gpxtpx:cad>0</gpxtpx:cad>
     </gpxtpx:TrackPointExtension>
    </extensions>
   </trkpt>
   <trkpt lat="46.4294750" lon="12.1158020">
    <ele>1684.4</ele>
    <time>2024-06-02T09:21:30Z</time>
    <extensions>
     <gpxtpx:TrackPointExtension>
      <gpxtpx:atemp>25</gpxtpx:atemp>
      <gpxtpx:hr>62</gpxtpx:hr>
      <gpxtpx:cad>0</gpxtpx:cad>
     </gpxtpx:TrackPointExtension>
    </extensions>
   </trkpt>
   <trkpt lat="46.4294740" lon="12.1158040">
    <ele>1684.2</ele>
    <time>2024-06-02T09:21:31Z</time>
    <extensions>
     <gpxtpx:TrackPointExtension>
      <gpxtpx:atemp>25</gpxtpx:atemp>
      <gpxtpx:hr>65</gpxtpx:hr>
      <gpxtpx:cad>0</gpxtpx:cad>
     </gpxtpx:TrackPointExtension>
    </extensions>
   </trkpt>
   <trkpt lat="46.4294730" lon="12.1158040">
    <ele>1684.2</ele>
    <time>2024-06-02T09:21:32Z</time>
    <extensions>
     <gpxtpx:TrackPointExtension>
      <gpxtpx:atemp>25</gpxtpx:atemp>
      <gpxtpx:hr>65</gpxtpx:hr>
      <gpxtpx:cad>0</gpxtpx:cad>
     </gpxtpx:TrackPointExtension>
    </extensions>
   </trkpt>
   <trkpt lat="46.4294740" lon="12.1158040">
    <ele>1683.6</ele>
    <time>2024-06-02T09:21:43Z</time>
    <extensions>
     <gpxtpx:TrackPointExtension>
      <gpxtpx:atemp>25</gpxtpx:atemp>
      <gpxtpx:hr>67</gpxtpx:hr>
      <gpxtpx:cad>0</gpxtpx:cad>
     </gpxtpx:TrackPointExtension>
    </extensions>
   </trkpt>
   <trkpt lat="46.4294850" lon="12.1158020">
    <ele>1682.4</ele>
    <time>2024-06-02T09:21:54Z</time>
    <extensions>
     <gpxtpx:TrackPointExtension>
      <gpxtpx:atemp>25</gpxtpx:atemp>
      <gpxtpx:hr>69</gpxtpx:hr>
      <gpxtpx:cad>0</gpxtpx:cad>
     </gpxtpx:TrackPointExtension>
    </extensions>
   </trkpt>
   <trkpt lat="46.4295040" lon="12.1158010">
    <ele>1681.4</ele>
    <time>2024-06-02T09:22:01Z</time>
    <extensions>
     <gpxtpx:TrackPointExtension>
      <gpxtpx:atemp>25</gpxtpx:atemp>
      <gpxtpx:hr>68</gpxtpx:hr>
      <gpxtpx:cad>0</gpxtpx:cad>
     </gpxtpx:TrackPointExtension>
    </extensions>
   </trkpt>
   <trkpt lat="46.4295430" lon="12.1157800">
    <ele>1681.2</ele>
    <time>2024-06-02T09:22:14Z</time>
    <extensions>
     <gpxtpx:TrackPointExtension>
      <gpxtpx:atemp>25</gpxtpx:atemp>
      <gpxtpx:hr>71</gpxtpx:hr>
      <gpxtpx:cad>0</gpxtpx:cad>
     </gpxtpx:TrackPointExtension>
    </extensions>
   </trkpt>
   <trkpt lat="46.4295490" lon="12.1157740">
    <ele>1681.6</ele>
    <time>2024-06-02T09:22:26Z</time>
    <extensions>
     <gpxtpx:TrackPointExtension>
      <gpxtpx:atemp>25</gpxtpx:atemp>
      <gpxtpx:hr>68</gpxtpx:hr>
      <gpxtpx:cad>0</gpxtpx:cad>
     </gpxtpx:TrackPointExtension>
    </extensions>
   </trkpt>
   <trkpt lat="46.4295490" lon="12.1157720">
    <ele>1681.6</ele>
    <time>2024-06-02T09:22:31Z</time>
    <extensions>
     <gpxtpx:TrackPointExtension>
      <gpxtpx:atemp>25</gpxtpx:atemp>
      <gpxtpx:hr>67</gpxtpx:hr>
      <gpxtpx:cad>0</gpxtpx:cad>
     </gpxtpx:TrackPointExtension>
    </extensions>
   </trkpt>
   <trkpt lat="46.4295490" lon="12.1157710">
    <ele>1681.8</ele>
    <time>2024-06-02T09:22:35Z</time>
    <extensions>
     <gpxtpx:TrackPointExtension>
      <gpxtpx:atemp>25</gpxtpx:atemp>
      <gpxtpx:hr>64</gpxtpx:hr>
      <gpxtpx:cad>0</gpxtpx:cad>
     </gpxtpx:TrackPointExtension>
    </extensions>
   </trkpt>
   <trkpt lat="46.4295520" lon="12.1157640">
    <ele>1682.4</ele>
    <time>2024-06-02T09:23:00Z</time>
    <extensions>
     <gpxtpx:TrackPointExtension>
      <gpxtpx:atemp>25</gpxtpx:atemp>
      <gpxtpx:hr>61</gpxtpx:hr>
      <gpxtpx:cad>0</gpxtpx:cad>
     </gpxtpx:TrackPointExtension>
    </extensions>
   </trkpt>
   <trkpt lat="46.4295530" lon="12.1157640">
    <ele>1682.4</ele>
    <time>2024-06-02T09:23:01Z</time>
    <extensions>
     <gpxtpx:TrackPointExtension>
      <gpxtpx:atemp>25</gpxtpx:atemp>
      <gpxtpx:hr>64</gpxtpx:hr>
      <gpxtpx:cad>0</gpxtpx:cad>
     </gpxtpx:TrackPointExtension>
    </extensions>
   </trkpt>
   <trkpt lat="46.4295530" lon="12.1157630">
    <ele>1682.6</ele>
    <time>2024-06-02T09:23:06Z</time>
    <extensions>
     <gpxtpx:TrackPointExtension>
      <gpxtpx:atemp>25</gpxtpx:atemp>
      <gpxtpx:hr>66</gpxtpx:hr>
      <gpxtpx:cad>0</gpxtpx:cad>
     </gpxtpx:TrackPointExtension>
    </extensions>
   </trkpt>
   <trkpt lat="46.4295510" lon="12.1157600">
    <ele>1682.8</ele>
    <time>2024-06-02T09:23:15Z</time>
    <extensions>
     <gpxtpx:TrackPointExtension>
      <gpxtpx:atemp>25</gpxtpx:atemp>
      <gpxtpx:hr>69</gpxtpx:hr>
      <gpxtpx:cad>0</gpxtpx:cad>
     </gpxtpx:TrackPointExtension>
    </extensions>
   </trkpt>
   <trkpt lat="46.4295450" lon="12.1157570">
    <ele>1683.2</ele>
    <time>2024-06-02T09:23:31Z</time>
    <extensions>
     <gpxtpx:TrackPointExtension>
      <gpxtpx:atemp>25</gpxtpx:atemp>
      <gpxtpx:hr>66</gpxtpx:hr>
      <gpxtpx:cad>0</gpxtpx:cad>
     </gpxtpx:TrackPointExtension>
    </extensions>
   </trkpt>
   <trkpt lat="46.4295450" lon="12.1157570">
    <ele>1683.2</ele>
    <time>2024-06-02T09:23:33Z</time>
    <extensions>
     <gpxtpx:TrackPointExtension>
      <gpxtpx:atemp>25</gpxtpx:atemp>
      <gpxtpx:hr>70</gpxtpx:hr>
      <gpxtpx:cad>0</gpxtpx:cad>
     </gpxtpx:TrackPointExtension>
    </extensions>
   </trkpt>
   <trkpt lat="46.4295450" lon="12.1157560">
    <ele>1683.4</ele>
    <time>2024-06-02T09:23:36Z</time>
    <extensions>
     <gpxtpx:TrackPointExtension>
      <gpxtpx:atemp>25</gpxtpx:atemp>
      <gpxtpx:hr>67</gpxtpx:hr>
      <gpxtpx:cad>0</gpxtpx:cad>
     </gpxtpx:TrackPointExtension>
    </extensions>
   </trkpt>
   <trkpt lat="46.4295510" lon="12.1157860">
    <ele>1683.4</ele>
    <time>2024-06-02T09:23:39Z</time>
    <extensions>
     <gpxtpx:TrackPointExtension>
      <gpxtpx:atemp>25</gpxtpx:atemp>
      <gpxtpx:hr>64</gpxtpx:hr>
      <gpxtpx:cad>0</gpxtpx:cad>
     </gpxtpx:TrackPointExtension>
    </extensions>
   </trkpt>
   <trkpt lat="46.4295590" lon="12.1158330">
    <ele>1683.6</ele>
    <time>2024-06-02T09:23:41Z</time>
    <extensions>
     <gpxtpx:TrackPointExtension>
      <gpxtpx:atemp>25</gpxtpx:atemp>
      <gpxtpx:hr>62</gpxtpx:hr>
      <gpxtpx:cad>46</gpxtpx:cad>
     </gpxtpx:TrackPointExtension>
    </extensions>
   </trkpt>
   <trkpt lat="46.4295660" lon="12.1158600">
    <ele>1683.8</ele>
    <time>2024-06-02T09:23:42Z</time>
    <extensions>
     <gpxtpx:TrackPointExtension>
      <gpxtpx:atemp>25</gpxtpx:atemp>
      <gpxtpx:hr>61</gpxtpx:hr>
      <gpxtpx:cad>46</gpxtpx:cad>
     </gpxtpx:TrackPointExtension>
    </extensions>
   </trkpt>
   <trkpt lat="46.4296050" lon="12.1160140">
    <ele>1684.8</ele>
    <time>2024-06-02T09:23:50Z</time>
    <extensions>
     <gpxtpx:TrackPointExtension>
      <gpxtpx:atemp>25</gpxtpx:atemp>
      <gpxtpx:hr>60</gpxtpx:hr>
      <gpxtpx:cad>48</gpxtpx:cad>
     </gpxtpx:TrackPointExtension>
    </extensions>
   </trkpt>
   <trkpt lat="46.4296100" lon="12.1160450">
    <ele>1684.8</ele>
    <time>2024-06-02T09:23:52Z</time>
    <extensions>
     <gpxtpx:TrackPointExtension>
      <gpxtpx:atemp>25</gpxtpx:atemp>
      <gpxtpx:hr>60</gpxtpx:hr>
      <gpxtpx:cad>49</gpxtpx:cad>
     </gpxtpx:TrackPointExtension>
    </extensions>
   </trkpt>
   <trkpt lat="46.4296280" lon="12.1161230">
    <ele>1685.0</ele>
    <time>2024-06-02T09:23:57Z</time>
    <extensions>
     <gpxtpx:TrackPointExtension>
      <gpxtpx:atemp>25</gpxtpx:atemp>
      <gpxtpx:hr>62</gpxtpx:hr>
      <gpxtpx:cad>49</gpxtpx:cad>
     </gpxtpx:TrackPointExtension>
    </extensions>
   </trkpt>
   <trkpt lat="46.4296540" lon="12.1161900">
    <ele>1685.0</ele>
    <time>2024-06-02T09:24:01Z</time>
    <extensions>
     <gpxtpx:TrackPointExtension>
      <gpxtpx:atemp>25</gpxtpx:atemp>
      <gpxtpx:hr>65</gpxtpx:hr>
      <gpxtpx:cad>47</gpxtpx:cad>
     </gpxtpx:TrackPointExtension>
    </extensions>
   </trkpt>
   <trkpt lat="46.4296720" lon="12.1162680">
    <ele>1685.6</ele>
    <time>2024-06-02T09:24:05Z</time>
    <extensions>
     <gpxtpx:TrackPointExtension>
      <gpxtpx:atemp>25</gpxtpx:atemp>
      <gpxtpx:hr>68</gpxtpx:hr>
      <gpxtpx:cad>48</gpxtpx:cad>
     </gpxtpx:TrackPointExtension>
    </extensions>
   </trkpt>
   <trkpt lat="46.4297050" lon="12.1163340">
    <ele>1685.8</ele>
    <time>2024-06-02T09:24:09Z</time>
    <extensions>
     <gpxtpx:TrackPointExtension>
      <gpxtpx:atemp>25</gpxtpx:atemp>
      <gpxtpx:hr>70</gpxtpx:hr>
      <gpxtpx:cad>49</gpxtpx:cad>
     </gpxtpx:TrackPointExtension>
    </extensions>
   </trkpt>
   <trkpt lat="46.4297430" lon="12.1164010">
    <ele>1686.0</ele>
    <time>2024-06-02T09:24:15Z</time>
    <extensions>
     <gpxtpx:TrackPointExtension>
      <gpxtpx:atemp>25</gpxtpx:atemp>
      <gpxtpx:hr>72</gpxtpx:hr>
      <gpxtpx:cad>50</gpxtpx:cad>
     </gpxtpx:TrackPointExtension>
    </extensions>
   </trkpt>
   <trkpt lat="46.4298170" lon="12.1164730">
    <ele>1686.8</ele>
    <time>2024-06-02T09:24:23Z</time>
    <extensions>
     <gpxtpx:TrackPointExtension>
      <gpxtpx:atemp>25</gpxtpx:atemp>
      <gpxtpx:hr>73</gpxtpx:hr>
      <gpxtpx:cad>48</gpxtpx:cad>
     </gpxtpx:TrackPointExtension>
    </extensions>
   </trkpt>
   <trkpt lat="46.4298260" lon="12.1164740">
    <ele>1687.0</ele>
    <time>2024-06-02T09:24:24Z</time>
    <extensions>
     <gpxtpx:TrackPointExtension>
      <gpxtpx:atemp>25</gpxtpx:atemp>
      <gpxtpx:hr>73</gpxtpx:hr>
      <gpxtpx:cad>48</gpxtpx:cad>
     </gpxtpx:TrackPointExtension>
    </extensions>
   </trkpt>
   <trkpt lat="46.4298650" lon="12.1164690">
    <ele>1687.4</ele>
    <time>2024-06-02T09:24:28Z</time>
    <extensions>
     <gpxtpx:TrackPointExtension>
      <gpxtpx:atemp>25</gpxtpx:atemp>
      <gpxtpx:hr>76</gpxtpx:hr>
      <gpxtpx:cad>48</gpxtpx:cad>
     </gpxtpx:TrackPointExtension>
    </extensions>
   </trkpt>
   <trkpt lat="46.4299050" lon="12.1164690">
    <ele>1688.0</ele>
    <time>2024-06-02T09:24:33Z</time>
    <extensions>
     <gpxtpx:TrackPointExtension>
      <gpxtpx:atemp>25</gpxtpx:atemp>
      <gpxtpx:hr>77</gpxtpx:hr>
      <gpxtpx:cad>47</gpxtpx:cad>
     </gpxtpx:TrackPointExtension>
    </extensions>
   </trkpt>
   <trkpt lat="46.4299150" lon="12.1164650">
    <ele>1688.0</ele>
    <time>2024-06-02T09:24:34Z</time>
    <extensions>
     <gpxtpx:TrackPointExtension>
      <gpxtpx:atemp>25</gpxtpx:atemp>
      <gpxtpx:hr>78</gpxtpx:hr>
      <gpxtpx:cad>47</gpxtpx:cad>
     </gpxtpx:TrackPointExtension>
    </extensions>
   </trkpt>
   <trkpt lat="46.4299650" lon="12.1164840">
    <ele>1688.6</ele>
    <time>2024-06-02T09:24:38Z</time>
    <extensions>
     <gpxtpx:TrackPointExtension>
      <gpxtpx:atemp>25</gpxtpx:atemp>
      <gpxtpx:hr>82</gpxtpx:hr>
      <gpxtpx:cad>49</gpxtpx:cad>
     </gpxtpx:TrackPointExtension>
    </extensions>
   </trkpt>
   <trkpt lat="46.4300010" lon="12.1164940">
    <ele>1689.0</ele>
    <time>2024-06-02T09:24:42Z</time>
    <extensions>
     <gpxtpx:TrackPointExtension>
      <gpxtpx:atemp>25</gpxtpx:atemp>
      <gpxtpx:hr>85</gpxtpx:hr>
      <gpxtpx:cad>47</gpxtpx:cad>
     </gpxtpx:TrackPointExtension>
    </extensions>
   </trkpt>
   <trkpt lat="46.4300520" lon="12.1165050">
    <ele>1689.6</ele>
    <time>2024-06-02T09:24:47Z</time>
    <extensions>
     <gpxtpx:TrackPointExtension>
      <gpxtpx:atemp>25</gpxtpx:atemp>
      <gpxtpx:hr>87</gpxtpx:hr>
      <gpxtpx:cad>47</gpxtpx:cad>
     </gpxtpx:TrackPointExtension>
    </extensions>
   </trkpt>
   <trkpt lat="46.4300920" lon="12.1165370">
    <ele>1690.0</ele>
    <time>2024-06-02T09:24:50Z</time>
    <extensions>
     <gpxtpx:TrackPointExtension>
      <gpxtpx:atemp>25</gpxtpx:atemp>
      <gpxtpx:hr>88</gpxtpx:hr>
      <gpxtpx:cad>46</gpxtpx:cad>
     </gpxtpx:TrackPointExtension>
    </extensions>
   </trkpt>
   <trkpt lat="46.4301810" lon="12.1166160">
    <ele>1691.0</ele>
    <time>2024-06-02T09:24:57Z</time>
    <extensions>
     <gpxtpx:TrackPointExtension>
      <gpxtpx:atemp>25</gpxtpx:atemp>
      <gpxtpx:hr>90</gpxtpx:hr>
      <gpxtpx:cad>47</gpxtpx:cad>
     </gpxtpx:TrackPointExtension>
    </extensions>
   </trkpt>
   <trkpt lat="46.4302270" lon="12.1167200">
    <ele>1692.2</ele>
    <time>2024-06-02T09:25:05Z</time>
    <extensions>
     <gpxtpx:TrackPointExtension>
      <gpxtpx:atemp>24</gpxtpx:atemp>
      <gpxtpx:hr>91</gpxtpx:hr>
      <gpxtpx:cad>48</gpxtpx:cad>
     </gpxtpx:TrackPointExtension>
    </extensions>
   </trkpt>
   <trkpt lat="46.4302410" lon="12.1167350">
    <ele>1692.4</ele>
    <time>2024-06-02T09:25:06Z</time>
    <extensions>
     <gpxtpx:TrackPointExtension>
      <gpxtpx:atemp>25</gpxtpx:atemp>
      <gpxtpx:hr>91</gpxtpx:hr>
      <gpxtpx:cad>48</gpxtpx:cad>
     </gpxtpx:TrackPointExtension>
    </extensions>
   </trkpt>
   <trkpt lat="46.4302570" lon="12.1168200">
    <ele>1692.8</ele>
    <time>2024-06-02T09:25:11Z</time>
    <extensions>
     <gpxtpx:TrackPointExtension>
      <gpxtpx:atemp>24</gpxtpx:atemp>
      <gpxtpx:hr>92</gpxtpx:hr>
      <gpxtpx:cad>47</gpxtpx:cad>
     </gpxtpx:TrackPointExtension>
    </extensions>
   </trkpt>
   <trkpt lat="46.4302590" lon="12.1168530">
    <ele>1693.2</ele>
    <time>2024-06-02T09:25:13Z</time>
    <extensions>
     <gpxtpx:TrackPointExtension>
      <gpxtpx:atemp>24</gpxtpx:atemp>
      <gpxtpx:hr>91</gpxtpx:hr>
      <gpxtpx:cad>45</gpxtpx:cad>
     </gpxtpx:TrackPointExtension>
    </extensions>
   </trkpt>
   <trkpt lat="46.4302610" lon="12.1168950">
    <ele>1693.8</ele>
    <time>2024-06-02T09:25:16Z</time>
    <extensions>
     <gpxtpx:TrackPointExtension>
      <gpxtpx:atemp>24</gpxtpx:atemp>
      <gpxtpx:hr>92</gpxtpx:hr>
      <gpxtpx:cad>48</gpxtpx:cad>
     </gpxtpx:TrackPointExtension>
    </extensions>
   </trkpt>
   <trkpt lat="46.4302600" lon="12.1169210">
    <ele>1694.2</ele>
    <time>2024-06-02T09:25:18Z</time>
    <extensions>
     <gpxtpx:TrackPointExtension>
      <gpxtpx:atemp>24</gpxtpx:atemp>
      <gpxtpx:hr>95</gpxtpx:hr>
      <gpxtpx:cad>48</gpxtpx:cad>
     </gpxtpx:TrackPointExtension>
    </extensions>
   </trkpt>
   <trkpt lat="46.4302590" lon="12.1169500">
    <ele>1694.4</ele>
    <time>2024-06-02T09:25:20Z</time>
    <extensions>
     <gpxtpx:TrackPointExtension>
      <gpxtpx:atemp>25</gpxtpx:atemp>
      <gpxtpx:hr>93</gpxtpx:hr>
      <gpxtpx:cad>48</gpxtpx:cad>
     </gpxtpx:TrackPointExtension>
    </extensions>
   </trkpt>
   <trkpt lat="46.4302660" lon="12.1170100">
    <ele>1695.2</ele>
    <time>2024-06-02T09:25:24Z</time>
    <extensions>
     <gpxtpx:TrackPointExtension>
      <gpxtpx:atemp>24</gpxtpx:atemp>
      <gpxtpx:hr>93</gpxtpx:hr>
      <gpxtpx:cad>46</gpxtpx:cad>
     </gpxtpx:TrackPointExtension>
    </extensions>
   </trkpt>
   <trkpt lat="46.4302790" lon="12.1170440">
    <ele>1695.6</ele>
    <time>2024-06-02T09:25:26Z</time>
    <extensions>
     <gpxtpx:TrackPointExtension>
      <gpxtpx:atemp>24</gpxtpx:atemp>
      <gpxtpx:hr>96</gpxtpx:hr>
      <gpxtpx:cad>48</gpxtpx:cad>
     </gpxtpx:TrackPointExtension>
    </extensions>
   </trkpt>
   <trkpt lat="46.4302910" lon="12.1170850">
    <ele>1696.0</ele>
    <time>2024-06-02T09:25:29Z</time>
    <extensions>
     <gpxtpx:TrackPointExtension>
      <gpxtpx:atemp>24</gpxtpx:atemp>
      <gpxtpx:hr>99</gpxtpx:hr>
      <gpxtpx:cad>48</gpxtpx:cad>
     </gpxtpx:TrackPointExtension>
    </extensions>
   </trkpt>
   <trkpt lat="46.4303100" lon="12.1171390">
    <ele>1696.6</ele>
    <time>2024-06-02T09:25:33Z</time>
    <extensions>
     <gpxtpx:TrackPointExtension>
      <gpxtpx:atemp>24</gpxtpx:atemp>
      <gpxtpx:hr>101</gpxtpx:hr>
      <gpxtpx:cad>48</gpxtpx:cad>
     </gpxtpx:TrackPointExtension>
    </extensions>
   </trkpt>
   <trkpt lat="46.4303280" lon="12.1171540">
    <ele>1697.0</ele>
    <time>2024-06-02T09:25:35Z</time>
    <extensions>
     <gpxtpx:TrackPointExtension>
      <gpxtpx:atemp>24</gpxtpx:atemp>
      <gpxtpx:hr>102</gpxtpx:hr>
      <gpxtpx:cad>47</gpxtpx:cad>
     </gpxtpx:TrackPointExtension>
    </extensions>
   </trkpt>
   <trkpt lat="46.4303720" lon="12.1171730">
    <ele>1697.8</ele>
    <time>2024-06-02T09:25:40Z</time>
    <extensions>
     <gpxtpx:TrackPointExtension>
      <gpxtpx:atemp>24</gpxtpx:atemp>
      <gpxtpx:hr>102</gpxtpx:hr>
      <gpxtpx:cad>48</gpxtpx:cad>
     </gpxtpx:TrackPointExtension>
    </extensions>
   </trkpt>
   <trkpt lat="46.4304060" lon="12.1171660">
    <ele>1698.4</ele>
    <time>2024-06-02T09:25:45Z</time>
    <extensions>
     <gpxtpx:TrackPointExtension>
      <gpxtpx:atemp>24</gpxtpx:atemp>
      <gpxtpx:hr>103</gpxtpx:hr>
      <gpxtpx:cad>48</gpxtpx:cad>
     </gpxtpx:TrackPointExtension>
    </extensions>
   </trkpt>
   <trkpt lat="46.4304300" lon="12.1171570">
    <ele>1698.6</ele>
    <time>2024-06-02T09:25:48Z</time>
    <extensions>
     <gpxtpx:TrackPointExtension>
      <gpxtpx:atemp>24</gpxtpx:atemp>
      <gpxtpx:hr>103</gpxtpx:hr>
      <gpxtpx:cad>49</gpxtpx:cad>
     </gpxtpx:TrackPointExtension>
    </extensions>
   </trkpt>
   <trkpt lat="46.4304450" lon="12.1171530">
    <ele>1699.0</ele>
    <time>2024-06-02T09:25:50Z</time>
    <extensions>
     <gpxtpx:TrackPointExtension>
      <gpxtpx:atemp>24</gpxtpx:atemp>
      <gpxtpx:hr>104</gpxtpx:hr>
      <gpxtpx:cad>49</gpxtpx:cad>
     </gpxtpx:TrackPointExtension>
    </extensions>
   </trkpt>
   <trkpt lat="46.4304660" lon="12.1171520">
    <ele>1699.4</ele>
    <time>2024-06-02T09:25:52Z</time>
    <extensions>
     <gpxtpx:TrackPointExtension>
      <gpxtpx:atemp>24</gpxtpx:atemp>
      <gpxtpx:hr>103</gpxtpx:hr>
      <gpxtpx:cad>49</gpxtpx:cad>
     </gpxtpx:TrackPointExtension>
    </extensions>
   </trkpt>
   <trkpt lat="46.4304740" lon="12.1171480">
    <ele>1699.4</ele>
    <time>2024-06-02T09:25:53Z</time>
    <extensions>
     <gpxtpx:TrackPointExtension>
      <gpxtpx:atemp>24</gpxtpx:atemp>
      <gpxtpx:hr>106</gpxtpx:hr>
      <gpxtpx:cad>48</gpxtpx:cad>
     </gpxtpx:TrackPointExtension>
    </extensions>
   </trkpt>
   <trkpt lat="46.4304830" lon="12.1171470">
    <ele>1699.6</ele>
    <time>2024-06-02T09:25:54Z</time>
    <extensions>
     <gpxtpx:TrackPointExtension>
      <gpxtpx:atemp>24</gpxtpx:atemp>
      <gpxtpx:hr>103</gpxtpx:hr>
      <gpxtpx:cad>48</gpxtpx:cad>
     </gpxtpx:TrackPointExtension>
    </extensions>
   </trkpt>
   <trkpt lat="46.4304950" lon="12.1171460">
    <ele>1700.0</ele>
    <time>2024-06-02T09:25:56Z</time>
    <extensions>
     <gpxtpx:TrackPointExtension>
      <gpxtpx:atemp>24</gpxtpx:atemp>
      <gpxtpx:hr>103</gpxtpx:hr>
      <gpxtpx:cad>48</gpxtpx:cad>
     </gpxtpx:TrackPointExtension>
    </extensions>
   </trkpt>
   <trkpt lat="46.4304960" lon="12.1171480">
    <ele>1700.2</ele>
    <time>2024-06-02T09:25:57Z</time>
    <extensions>
     <gpxtpx:TrackPointExtension>
      <gpxtpx:atemp>24</gpxtpx:atemp>
      <gpxtpx:hr>103</gpxtpx:hr>
      <gpxtpx:cad>48</gpxtpx:cad>
     </gpxtpx:TrackPointExtension>
    </extensions>
   </trkpt>
   <trkpt lat="46.4304890" lon="12.1171560">
    <ele>1700.4</ele>
    <time>2024-06-02T09:25:58Z</time>
    <extensions>
     <gpxtpx:TrackPointExtension>
      <gpxtpx:atemp>24</gpxtpx:atemp>
      <gpxtpx:hr>100</gpxtpx:hr>
      <gpxtpx:cad>48</gpxtpx:cad>
     </gpxtpx:TrackPointExtension>
    </extensions>
   </trkpt>
   <trkpt lat="46.4304780" lon="12.1171590">
    <ele>1700.6</ele>
    <time>2024-06-02T09:26:00Z</time>
    <extensions>
     <gpxtpx:TrackPointExtension>
      <gpxtpx:atemp>24</gpxtpx:atemp>
      <gpxtpx:hr>103</gpxtpx:hr>
      <gpxtpx:cad>0</gpxtpx:cad>
     </gpxtpx:TrackPointExtension>
    </extensions>
   </trkpt>
   <trkpt lat="46.4304810" lon="12.1171610">
    <ele>1700.6</ele>
    <time>2024-06-02T09:26:03Z</time>
    <extensions>
     <gpxtpx:TrackPointExtension>
      <gpxtpx:atemp>24</gpxtpx:atemp>
      <gpxtpx:hr>102</gpxtpx:hr>
      <gpxtpx:cad>0</gpxtpx:cad>
     </gpxtpx:TrackPointExtension>
    </extensions>
   </trkpt>
   <trkpt lat="46.4304800" lon="12.1171640">
    <ele>1700.6</ele>
    <time>2024-06-02T09:26:10Z</time>
    <extensions>
     <gpxtpx:TrackPointExtension>
      <gpxtpx:atemp>24</gpxtpx:atemp>
      <gpxtpx:hr>102</gpxtpx:hr>
      <gpxtpx:cad>45</gpxtpx:cad>
     </gpxtpx:TrackPointExtension>
    </extensions>
   </trkpt>
   <trkpt lat="46.4305020" lon="12.1171540">
    <ele>1701.0</ele>
    <time>2024-06-02T09:26:15Z</time>
    <extensions>
     <gpxtpx:TrackPointExtension>
      <gpxtpx:atemp>24</gpxtpx:atemp>
      <gpxtpx:hr>102</gpxtpx:hr>
      <gpxtpx:cad>45</gpxtpx:cad>
     </gpxtpx:TrackPointExtension>
    </extensions>
   </trkpt>
   <trkpt lat="46.4305090" lon="12.1171520">
    <ele>1701.2</ele>
    <time>2024-06-02T09:26:16Z</time>
    <extensions>
     <gpxtpx:TrackPointExtension>
      <gpxtpx:atemp>24</gpxtpx:atemp>
      <gpxtpx:hr>101</gpxtpx:hr>
      <gpxtpx:cad>45</gpxtpx:cad>
     </gpxtpx:TrackPointExtension>
    </extensions>
   </trkpt>
   <trkpt lat="46.4305470" lon="12.1171080">
    <ele>1701.8</ele>
    <time>2024-06-02T09:26:21Z</time>
    <extensions>
     <gpxtpx:TrackPointExtension>
      <gpxtpx:atemp>24</gpxtpx:atemp>
      <gpxtpx:hr>101</gpxtpx:hr>
      <gpxtpx:cad>46</gpxtpx:cad>
     </gpxtpx:TrackPointExtension>
    </extensions>
   </trkpt>
   <trkpt lat="46.4305730" lon="12.1170770">
    <ele>1702.0</ele>
    <time>2024-06-02T09:26:24Z</time>
    <extensions>
     <gpxtpx:TrackPointExtension>
      <gpxtpx:atemp>24</gpxtpx:atemp>
      <gpxtpx:hr>98</gpxtpx:hr>
      <gpxtpx:cad>47</gpxtpx:cad>
     </gpxtpx:TrackPointExtension>
    </extensions>
   </trkpt>
   <trkpt lat="46.4305890" lon="12.1170450">
    <ele>1702.4</ele>
    <time>2024-06-02T09:26:27Z</time>
    <extensions>
     <gpxtpx:TrackPointExtension>
      <gpxtpx:atemp>24</gpxtpx:atemp>
      <gpxtpx:hr>97</gpxtpx:hr>
      <gpxtpx:cad>45</gpxtpx:cad>
     </gpxtpx:TrackPointExtension>
    </extensions>
   </trkpt>
   <trkpt lat="46.4305970" lon="12.1170300">
    <ele>1702.6</ele>
    <time>2024-06-02T09:26:28Z</time>
    <extensions>
     <gpxtpx:TrackPointExtension>
      <gpxtpx:atemp>24</gpxtpx:atemp>
      <gpxtpx:hr>96</gpxtpx:hr>
      <gpxtpx:cad>44</gpxtpx:cad>
     </gpxtpx:TrackPointExtension>
    </extensions>
   </trkpt>
   <trkpt lat="46.4306270" lon="12.1169910">
    <ele>1703.0</ele>
    <time>2024-06-02T09:26:32Z</time>
    <extensions>
     <gpxtpx:TrackPointExtension>
      <gpxtpx:atemp>24</gpxtpx:atemp>
      <gpxtpx:hr>94</gpxtpx:hr>
      <gpxtpx:cad>44</gpxtpx:cad>
     </gpxtpx:TrackPointExtension>
    </extensions>
   </trkpt>
   <trkpt lat="46.4306350" lon="12.1169440">
    <ele>1703.8</ele>
    <time>2024-06-02T09:26:35Z</time>
    <extensions>
     <gpxtpx:TrackPointExtension>
      <gpxtpx:atemp>24</gpxtpx:atemp>
      <gpxtpx:hr>98</gpxtpx:hr>
      <gpxtpx:cad>45</gpxtpx:cad>
     </gpxtpx:TrackPointExtension>
    </extensions>
   </trkpt>
   <trkpt lat="46.4306670" lon="12.1169100">
    <ele>1704.0</ele>
    <time>2024-06-02T09:26:38Z</time>
    <extensions>
     <gpxtpx:TrackPointExtension>
      <gpxtpx:atemp>24</gpxtpx:atemp>
      <gpxtpx:hr>101</gpxtpx:hr>
      <gpxtpx:cad>46</gpxtpx:cad>
     </gpxtpx:TrackPointExtension>
    </extensions>
   </trkpt>
   <trkpt lat="46.4306760" lon="12.1168880">
    <ele>1704.6</ele>
    <time>2024-06-02T09:26:41Z</time>
    <extensions>
     <gpxtpx:TrackPointExtension>
      <gpxtpx:atemp>24</gpxtpx:atemp>
      <gpxtpx:hr>104</gpxtpx:hr>
      <gpxtpx:cad>47</gpxtpx:cad>
     </gpxtpx:TrackPointExtension>
    </extensions>
   </trkpt>
   <trkpt lat="46.4306880" lon="12.1168650">
    <ele>1704.8</ele>
    <time>2024-06-02T09:26:43Z</time>
    <extensions>
     <gpxtpx:TrackPointExtension>
      <gpxtpx:atemp>24</gpxtpx:atemp>
      <gpxtpx:hr>102</gpxtpx:hr>
      <gpxtpx:cad>45</gpxtpx:cad>
     </gpxtpx:TrackPointExtension>
    </extensions>
   </trkpt>
   <trkpt lat="46.4306990" lon="12.1168420">
    <ele>1705.0</ele>
    <time>2024-06-02T09:26:45Z</time>
    <extensions>
     <gpxtpx:TrackPointExtension>
      <gpxtpx:atemp>24</gpxtpx:atemp>
      <gpxtpx:hr>103</gpxtpx:hr>
      <gpxtpx:cad>44</gpxtpx:cad>
     </gpxtpx:TrackPointExtension>
    </extensions>
   </trkpt>
   <trkpt lat="46.4307040" lon="12.1168300">
    <ele>1705.2</ele>
    <time>2024-06-02T09:26:46Z</time>
    <extensions>
     <gpxtpx:TrackPointExtension>
      <gpxtpx:atemp>24</gpxtpx:atemp>
      <gpxtpx:hr>102</gpxtpx:hr>
      <gpxtpx:cad>44</gpxtpx:cad>
     </gpxtpx:TrackPointExtension>
    </extensions>
   </trkpt>
   <trkpt lat="46.4307200" lon="12.1168170">
    <ele>1705.6</ele>
    <time>2024-06-02T09:26:48Z</time>
    <extensions>
     <gpxtpx:TrackPointExtension>
      <gpxtpx:atemp>24</gpxtpx:atemp>
      <gpxtpx:hr>104</gpxtpx:hr>
      <gpxtpx:cad>44</gpxtpx:cad>
     </gpxtpx:TrackPointExtension>
    </extensions>
   </trkpt>
   <trkpt lat="46.4307340" lon="12.1168100">
    <ele>1705.8</ele>
    <time>2024-06-02T09:26:49Z</time>
    <extensions>
     <gpxtpx:TrackPointExtension>
      <gpxtpx:atemp>24</gpxtpx:atemp>
      <gpxtpx:hr>103</gpxtpx:hr>
      <gpxtpx:cad>43</gpxtpx:cad>
     </gpxtpx:TrackPointExtension>
    </extensions>
   </trkpt>
   <trkpt lat="46.4307490" lon="12.1167870">
    <ele>1706.2</ele>
    <time>2024-06-02T09:26:51Z</time>
    <extensions>
     <gpxtpx:TrackPointExtension>
      <gpxtpx:atemp>24</gpxtpx:atemp>
      <gpxtpx:hr>108</gpxtpx:hr>
      <gpxtpx:cad>42</gpxtpx:cad>
     </gpxtpx:TrackPointExtension>
    </extensions>
   </trkpt>
   <trkpt lat="46.4307520" lon="12.1167730">
    <ele>1706.2</ele>
    <time>2024-06-02T09:26:52Z</time>
    <extensions>
     <gpxtpx:TrackPointExtension>
      <gpxtpx:atemp>24</gpxtpx:atemp>
      <gpxtpx:hr>108</gpxtpx:hr>
      <gpxtpx:cad>43</gpxtpx:cad>
     </gpxtpx:TrackPointExtension>
    </extensions>
   </trkpt>
   <trkpt lat="46.4307580" lon="12.1167540">
    <ele>1706.6</ele>
    <time>2024-06-02T09:26:54Z</time>
    <extensions>
     <gpxtpx:TrackPointExtension>
      <gpxtpx:atemp>24</gpxtpx:atemp>
      <gpxtpx:hr>109</gpxtpx:hr>
      <gpxtpx:cad>45</gpxtpx:cad>
     </gpxtpx:TrackPointExtension>
    </extensions>
   </trkpt>
   <trkpt lat="46.4307650" lon="12.1167070">
    <ele>1707.0</ele>
    <time>2024-06-02T09:26:57Z</time>
    <extensions>
     <gpxtpx:TrackPointExtension>
      <gpxtpx:atemp>24</gpxtpx:atemp>
      <gpxtpx:hr>109</gpxtpx:hr>
      <gpxtpx:cad>46</gpxtpx:cad>
     </gpxtpx:TrackPointExtension>
    </extensions>
   </trkpt>
   <trkpt lat="46.4307840" lon="12.1166910">
    <ele>1707.4</ele>
    <time>2024-06-02T09:26:59Z</time>
    <extensions>
     <gpxtpx:TrackPointExtension>
      <gpxtpx:atemp>24</gpxtpx:atemp>
      <gpxtpx:hr>109</gpxtpx:hr>
      <gpxtpx:cad>46</gpxtpx:cad>
     </gpxtpx:TrackPointExtension>
    </extensions>
   </trkpt>
   <trkpt lat="46.4308750" lon="12.1166590">
    <ele>1708.0</ele>
    <time>2024-06-02T09:27:06Z</time>
    <extensions>
     <gpxtpx:TrackPointExtension>
      <gpxtpx:atemp>24</gpxtpx:atemp>
      <gpxtpx:hr>109</gpxtpx:hr>
      <gpxtpx:cad>47</gpxtpx:cad>
     </gpxtpx:TrackPointExtension>
    </extensions>
   </trkpt>
   <trkpt lat="46.4308910" lon="12.1166450">
    <ele>1708.4</ele>
    <time>2024-06-02T09:27:08Z</time>
    <extensions>
     <gpxtpx:TrackPointExtension>
      <gpxtpx:atemp>24</gpxtpx:atemp>
      <gpxtpx:hr>112</gpxtpx:hr>
      <gpxtpx:cad>46</gpxtpx:cad>
     </gpxtpx:TrackPointExtension>
    </extensions>
   </trkpt>
   <trkpt lat="46.4309300" lon="12.1166270">
    <ele>1708.8</ele>
    <time>2024-06-02T09:27:12Z</time>
    <extensions>
     <gpxtpx:TrackPointExtension>
      <gpxtpx:atemp>24</gpxtpx:atemp>
      <gpxtpx:hr>113</gpxtpx:hr>
      <gpxtpx:cad>46</gpxtpx:cad>
     </gpxtpx:TrackPointExtension>
    </extensions>
   </trkpt>
   <trkpt lat="46.4309570" lon="12.1166200">
    <ele>1709.2</ele>
    <time>2024-06-02T09:27:14Z</time>
    <extensions>
     <gpxtpx:TrackPointExtension>
      <gpxtpx:atemp>24</gpxtpx:atemp>
      <gpxtpx:hr>114</gpxtpx:hr>
      <gpxtpx:cad>46</gpxtpx:cad>
     </gpxtpx:TrackPointExtension>
    </extensions>
   </trkpt>
   <trkpt lat="46.4309640" lon="12.1166130">
    <ele>1709.2</ele>
    <time>2024-06-02T09:27:16Z</time>
    <extensions>
     <gpxtpx:TrackPointExtension>
      <gpxtpx:atemp>24</gpxtpx:atemp>
      <gpxtpx:hr>109</gpxtpx:hr>
      <gpxtpx:cad>0</gpxtpx:cad>
     </gpxtpx:TrackPointExtension>
    </extensions>
   </trkpt>
   <trkpt lat="46.4309820" lon="12.1166150">
    <ele>1709.6</ele>
    <time>2024-06-02T09:27:18Z</time>
    <extensions>
     <gpxtpx:TrackPointExtension>
      <gpxtpx:atemp>24</gpxtpx:atemp>
      <gpxtpx:hr>108</gpxtpx:hr>
      <gpxtpx:cad>0</gpxtpx:cad>
     </gpxtpx:TrackPointExtension>
    </extensions>
   </trkpt>
   <trkpt lat="46.4309860" lon="12.1166160">
    <ele>1709.6</ele>
    <time>2024-06-02T09:27:20Z</time>
    <extensions>
     <gpxtpx:TrackPointExtension>
      <gpxtpx:atemp>24</gpxtpx:atemp>
      <gpxtpx:hr>108</gpxtpx:hr>
      <gpxtpx:cad>0</gpxtpx:cad>
     </gpxtpx:TrackPointExtension>
    </extensions>
   </trkpt>
   <trkpt lat="46.4310310" lon="12.1165520">
    <ele>1710.2</ele>
    <time>2024-06-02T09:27:26Z</time>
    <extensions>
     <gpxtpx:TrackPointExtension>
      <gpxtpx:atemp>24</gpxtpx:atemp>
      <gpxtpx:hr>106</gpxtpx:hr>
      <gpxtpx:cad>44</gpxtpx:cad>
     </gpxtpx:TrackPointExtension>
    </extensions>
   </trkpt>
   <trkpt lat="46.4310530" lon="12.1165300">
    <ele>1710.4</ele>
    <time>2024-06-02T09:27:29Z</time>
    <extensions>
     <gpxtpx:TrackPointExtension>
      <gpxtpx:atemp>24</gpxtpx:atemp>
      <gpxtpx:hr>107</gpxtpx:hr>
      <gpxtpx:cad>44</gpxtpx:cad>
     </gpxtpx:TrackPointExtension>
    </extensions>
   </trkpt>
   <trkpt lat="46.4310650" lon="12.1165280">
    <ele>1710.6</ele>
    <time>2024-06-02T09:27:31Z</time>
    <extensions>
     <gpxtpx:TrackPointExtension>
      <gpxtpx:atemp>24</gpxtpx:atemp>
      <gpxtpx:hr>106</gpxtpx:hr>
      <gpxtpx:cad>43</gpxtpx:cad>
     </gpxtpx:TrackPointExtension>
    </extensions>
   </trkpt>
   <trkpt lat="46.4310940" lon="12.1165240">
    <ele>1710.8</ele>
    <time>2024-06-02T09:27:33Z</time>
    <extensions>
     <gpxtpx:TrackPointExtension>
      <gpxtpx:atemp>24</gpxtpx:atemp>
      <gpxtpx:hr>106</gpxtpx:hr>
      <gpxtpx:cad>43</gpxtpx:cad>
     </gpxtpx:TrackPointExtension>
    </extensions>
   </trkpt>
   <trkpt lat="46.4311210" lon="12.1165100">
    <ele>1711.6</ele>
    <time>2024-06-02T09:27:38Z</time>
    <extensions>
     <gpxtpx:TrackPointExtension>
      <gpxtpx:atemp>24</gpxtpx:atemp>
      <gpxtpx:hr>104</gpxtpx:hr>
      <gpxtpx:cad>47</gpxtpx:cad>
     </gpxtpx:TrackPointExtension>
    </extensions>
   </trkpt>
   <trkpt lat="46.4311340" lon="12.1164990">
    <ele>1711.8</ele>
    <time>2024-06-02T09:27:39Z</time>
    <extensions>
     <gpxtpx:TrackPointExtension>
      <gpxtpx:atemp>24</gpxtpx:atemp>
      <gpxtpx:hr>104</gpxtpx:hr>
      <gpxtpx:cad>47</gpxtpx:cad>
     </gpxtpx:TrackPointExtension>
    </extensions>
   </trkpt>
   <trkpt lat="46.4311880" lon="12.1164860">
    <ele>1712.4</ele>
    <time>2024-06-02T09:27:46Z</time>
    <extensions>
     <gpxtpx:TrackPointExtension>
      <gpxtpx:atemp>24</gpxtpx:atemp>
      <gpxtpx:hr>108</gpxtpx:hr>
      <gpxtpx:cad>47</gpxtpx:cad>
     </gpxtpx:TrackPointExtension>
    </extensions>
   </trkpt>
   <trkpt lat="46.4312280" lon="12.1165020">
    <ele>1712.8</ele>
    <time>2024-06-02T09:27:50Z</time>
    <extensions>
     <gpxtpx:TrackPointExtension>
      <gpxtpx:atemp>24</gpxtpx:atemp>
      <gpxtpx:hr>107</gpxtpx:hr>
      <gpxtpx:cad>46</gpxtpx:cad>
     </gpxtpx:TrackPointExtension>
    </extensions>
   </trkpt>
   <trkpt lat="46.4312670" lon="12.1164870">
    <ele>1713.0</ele>
    <time>2024-06-02T09:27:53Z</time>
    <extensions>
     <gpxtpx:TrackPointExtension>
      <gpxtpx:atemp>23</gpxtpx:atemp>
      <gpxtpx:hr>102</gpxtpx:hr>
      <gpxtpx:cad>46</gpxtpx:cad>
     </gpxtpx:TrackPointExtension>
    </extensions>
   </trkpt>
   <trkpt lat="46.4312860" lon="12.1164900">
    <ele>1713.2</ele>
    <time>2024-06-02T09:27:55Z</time>
    <extensions>
     <gpxtpx:TrackPointExtension>
      <gpxtpx:atemp>24</gpxtpx:atemp>
      <gpxtpx:hr>101</gpxtpx:hr>
      <gpxtpx:cad>49</gpxtpx:cad>
     </gpxtpx:TrackPointExtension>
    </extensions>
   </trkpt>
   <trkpt lat="46.4313460" lon="12.1165380">
    <ele>1713.4</ele>
    <time>2024-06-02T09:27:59Z</time>
    <extensions>
     <gpxtpx:TrackPointExtension>
      <gpxtpx:atemp>24</gpxtpx:atemp>
      <gpxtpx:hr>98</gpxtpx:hr>
      <gpxtpx:cad>46</gpxtpx:cad>
     </gpxtpx:TrackPointExtension>
    </extensions>
   </trkpt>
   <trkpt lat="46.4313850" lon="12.1165730">
    <ele>1713.6</ele>
    <time>2024-06-02T09:28:03Z</time>
    <extensions>
     <gpxtpx:TrackPointExtension>
      <gpxtpx:atemp>23</gpxtpx:atemp>
      <gpxtpx:hr>97</gpxtpx:hr>
      <gpxtpx:cad>46</gpxtpx:cad>
     </gpxtpx:TrackPointExtension>
    </extensions>
   </trkpt>
   <trkpt lat="46.4314070" lon="12.1165950">
    <ele>1713.8</ele>
    <time>2024-06-02T09:28:05Z</time>
    <extensions>
     <gpxtpx:TrackPointExtension>
      <gpxtpx:atemp>24</gpxtpx:atemp>
      <gpxtpx:hr>96</gpxtpx:hr>
      <gpxtpx:cad>46</gpxtpx:cad>
     </gpxtpx:TrackPointExtension>
    </extensions>
   </trkpt>
   <trkpt lat="46.4314940" lon="12.1166800">
    <ele>1714.8</ele>
    <time>2024-06-02T09:28:14Z</time>
    <extensions>
     <gpxtpx:TrackPointExtension>
      <gpxtpx:atemp>23</gpxtpx:atemp>
      <gpxtpx:hr>94</gpxtpx:hr>
      <gpxtpx:cad>45</gpxtpx:cad>
     </gpxtpx:TrackPointExtension>
    </extensions>
   </trkpt>
   <trkpt lat="46.4315060" lon="12.1166870">
    <ele>1714.8</ele>
    <time>2024-06-02T09:28:15Z</time>
    <extensions>
     <gpxtpx:TrackPointExtension>
      <gpxtpx:atemp>24</gpxtpx:atemp>
      <gpxtpx:hr>94</gpxtpx:hr>
      <gpxtpx:cad>44</gpxtpx:cad>
     </gpxtpx:TrackPointExtension>
    </extensions>
   </trkpt>
   <trkpt lat="46.4315610" lon="12.1167430">
    <ele>1715.6</ele>
    <time>2024-06-02T09:28:21Z</time>
    <extensions>
     <gpxtpx:TrackPointExtension>
      <gpxtpx:atemp>23</gpxtpx:atemp>
      <gpxtpx:hr>94</gpxtpx:hr>
      <gpxtpx:cad>45</gpxtpx:cad>
     </gpxtpx:TrackPointExtension>
    </extensions>
   </trkpt>
   <trkpt lat="46.4315800" lon="12.1167830">
    <ele>1715.8</ele>
    <time>2024-06-02T09:28:24Z</time>
    <extensions>
     <gpxtpx:TrackPointExtension>
      <gpxtpx:atemp>24</gpxtpx:atemp>
      <gpxtpx:hr>95</gpxtpx:hr>
      <gpxtpx:cad>46</gpxtpx:cad>
     </gpxtpx:TrackPointExtension>
    </extensions>
   </trkpt>
   <trkpt lat="46.4316060" lon="12.1168300">
    <ele>1716.4</ele>
    <time>2024-06-02T09:28:28Z</time>
    <extensions>
     <gpxtpx:TrackPointExtension>
      <gpxtpx:atemp>23</gpxtpx:atemp>
      <gpxtpx:hr>94</gpxtpx:hr>
      <gpxtpx:cad>46</gpxtpx:cad>
     </gpxtpx:TrackPointExtension>
    </extensions>
   </trkpt>
   <trkpt lat="46.4316270" lon="12.1168410">
    <ele>1716.6</ele>
    <time>2024-06-02T09:28:30Z</time>
    <extensions>
     <gpxtpx:TrackPointExtension>
      <gpxtpx:atemp>23</gpxtpx:atemp>
      <gpxtpx:hr>94</gpxtpx:hr>
      <gpxtpx:cad>47</gpxtpx:cad>
     </gpxtpx:TrackPointExtension>
    </extensions>
   </trkpt>
   <trkpt lat="46.4316440" lon="12.1168610">
    <ele>1716.8</ele>
    <time>2024-06-02T09:28:32Z</time>
    <extensions>
     <gpxtpx:TrackPointExtension>
      <gpxtpx:atemp>23</gpxtpx:atemp>
      <gpxtpx:hr>97</gpxtpx:hr>
      <gpxtpx:cad>47</gpxtpx:cad>
     </gpxtpx:TrackPointExtension>
    </extensions>
   </trkpt>
   <trkpt lat="46.4316500" lon="12.1168760">
    <ele>1717.0</ele>
    <time>2024-06-02T09:28:33Z</time>
    <extensions>
     <gpxtpx:TrackPointExtension>
      <gpxtpx:atemp>23</gpxtpx:atemp>
      <gpxtpx:hr>95</gpxtpx:hr>
      <gpxtpx:cad>46</gpxtpx:cad>
     </gpxtpx:TrackPointExtension>
    </extensions>
   </trkpt>
   <trkpt lat="46.4316630" lon="12.1168980">
    <ele>1717.0</ele>
    <time>2024-06-02T09:28:35Z</time>
    <extensions>
     <gpxtpx:TrackPointExtension>
      <gpxtpx:atemp>23</gpxtpx:atemp>
      <gpxtpx:hr>92</gpxtpx:hr>
      <gpxtpx:cad>46</gpxtpx:cad>
     </gpxtpx:TrackPointExtension>
    </extensions>
   </trkpt>
   <trkpt lat="46.4317040" lon="12.1169460">
    <ele>1717.8</ele>
    <time>2024-06-02T09:28:40Z</time>
    <extensions>
     <gpxtpx:TrackPointExtension>
      <gpxtpx:atemp>23</gpxtpx:atemp>
      <gpxtpx:hr>94</gpxtpx:hr>
      <gpxtpx:cad>47</gpxtpx:cad>
     </gpxtpx:TrackPointExtension>
    </extensions>
   </trkpt>
   <trkpt lat="46.4317270" lon="12.1169610">
    <ele>1718.0</ele>
    <time>2024-06-02T09:28:42Z</time>
    <extensions>
     <gpxtpx:TrackPointExtension>
      <gpxtpx:atemp>23</gpxtpx:atemp>
      <gpxtpx:hr>95</gpxtpx:hr>
      <gpxtpx:cad>46</gpxtpx:cad>
     </gpxtpx:TrackPointExtension>
    </extensions>
   </trkpt>
   <trkpt lat="46.4317390" lon="12.1169710">
    <ele>1718.0</ele>
    <time>2024-06-02T09:28:43Z</time>
    <extensions>
     <gpxtpx:TrackPointExtension>
      <gpxtpx:atemp>23</gpxtpx:atemp>
      <gpxtpx:hr>95</gpxtpx:hr>
      <gpxtpx:cad>46</gpxtpx:cad>
     </gpxtpx:TrackPointExtension>
    </extensions>
   </trkpt>
   <trkpt lat="46.4317530" lon="12.1170120">
    <ele>1718.6</ele>
    <time>2024-06-02T09:28:47Z</time>
    <extensions>
     <gpxtpx:TrackPointExtension>
      <gpxtpx:atemp>23</gpxtpx:atemp>
      <gpxtpx:hr>95</gpxtpx:hr>
      <gpxtpx:cad>45</gpxtpx:cad>
     </gpxtpx:TrackPointExtension>
    </extensions>
   </trkpt>
   <trkpt lat="46.4317640" lon="12.1170180">
    <ele>1719.0</ele>
    <time>2024-06-02T09:28:50Z</time>
    <extensions>
     <gpxtpx:TrackPointExtension>
      <gpxtpx:atemp>23</gpxtpx:atemp>
      <gpxtpx:hr>97</gpxtpx:hr>
      <gpxtpx:cad>43</gpxtpx:cad>
     </gpxtpx:TrackPointExtension>
    </extensions>
   </trkpt>
   <trkpt lat="46.4317840" lon="12.1170280">
    <ele>1719.6</ele>
    <time>2024-06-02T09:28:54Z</time>
    <extensions>
     <gpxtpx:TrackPointExtension>
      <gpxtpx:atemp>23</gpxtpx:atemp>
      <gpxtpx:hr>100</gpxtpx:hr>
      <gpxtpx:cad>43</gpxtpx:cad>
     </gpxtpx:TrackPointExtension>
    </extensions>
   </trkpt>
   <trkpt lat="46.4318140" lon="12.1170250">
    <ele>1720.0</ele>
    <time>2024-06-02T09:28:57Z</time>
    <extensions>
     <gpxtpx:TrackPointExtension>
      <gpxtpx:atemp>23</gpxtpx:atemp>
      <gpxtpx:hr>102</gpxtpx:hr>
      <gpxtpx:cad>42</gpxtpx:cad>
     </gpxtpx:TrackPointExtension>
    </extensions>
   </trkpt>
   <trkpt lat="46.4318260" lon="12.1169930">
    <ele>1720.6</ele>
    <time>2024-06-02T09:29:00Z</time>
    <extensions>
     <gpxtpx:TrackPointExtension>
      <gpxtpx:atemp>23</gpxtpx:atemp>
      <gpxtpx:hr>104</gpxtpx:hr>
      <gpxtpx:cad>42</gpxtpx:cad>
     </gpxtpx:TrackPointExtension>
    </extensions>
   </trkpt>
   <trkpt lat="46.4318250" lon="12.1169650">
    <ele>1721.0</ele>
    <time>2024-06-02T09:29:02Z</time>
    <extensions>
     <gpxtpx:TrackPointExtension>
      <gpxtpx:atemp>23</gpxtpx:atemp>
      <gpxtpx:hr>105</gpxtpx:hr>
      <gpxtpx:cad>42</gpxtpx:cad>
     </gpxtpx:TrackPointExtension>
    </extensions>
   </trkpt>
   <trkpt lat="46.4318430" lon="12.1169560">
    <ele>1721.2</ele>
    <time>2024-06-02T09:29:04Z</time>
    <extensions>
     <gpxtpx:TrackPointExtension>
      <gpxtpx:atemp>23</gpxtpx:atemp>
      <gpxtpx:hr>105</gpxtpx:hr>
      <gpxtpx:cad>42</gpxtpx:cad>
     </gpxtpx:TrackPointExtension>
    </extensions>
   </trkpt>
   <trkpt lat="46.4318560" lon="12.1169410">
    <ele>1721.6</ele>
    <time>2024-06-02T09:29:06Z</time>
    <extensions>
     <gpxtpx:TrackPointExtension>
      <gpxtpx:atemp>23</gpxtpx:atemp>
      <gpxtpx:hr>105</gpxtpx:hr>
      <gpxtpx:cad>43</gpxtpx:cad>
     </gpxtpx:TrackPointExtension>
    </extensions>
   </trkpt>
   <trkpt lat="46.4318630" lon="12.1169100">
    <ele>1722.0</ele>
    <time>2024-06-02T09:29:09Z</time>
    <extensions>
     <gpxtpx:TrackPointExtension>
      <gpxtpx:atemp>23</gpxtpx:atemp>
      <gpxtpx:hr>105</gpxtpx:hr>
      <gpxtpx:cad>43</gpxtpx:cad>
     </gpxtpx:TrackPointExtension>
    </extensions>
   </trkpt>
   <trkpt lat="46.4318660" lon="12.1168850">
    <ele>1722.2</ele>
    <time>2024-06-02T09:29:11Z</time>
    <extensions>
     <gpxtpx:TrackPointExtension>
      <gpxtpx:atemp>23</gpxtpx:atemp>
      <gpxtpx:hr>105</gpxtpx:hr>
      <gpxtpx:cad>42</gpxtpx:cad>
     </gpxtpx:TrackPointExtension>
    </extensions>
   </trkpt>
   <trkpt lat="46.4318760" lon="12.1168190">
    <ele>1723.4</ele>
    <time>2024-06-02T09:29:17Z</time>
    <extensions>
     <gpxtpx:TrackPointExtension>
      <gpxtpx:atemp>23</gpxtpx:atemp>
      <gpxtpx:hr>104</gpxtpx:hr>
      <gpxtpx:cad>42</gpxtpx:cad>
     </gpxtpx:TrackPointExtension>
    </extensions>
   </trkpt>
   <trkpt lat="46.4318770" lon="12.1167290">
    <ele>1724.2</ele>
    <time>2024-06-02T09:29:24Z</time>
    <extensions>
     <gpxtpx:TrackPointExtension>
      <gpxtpx:atemp>23</gpxtpx:atemp>
      <gpxtpx:hr>102</gpxtpx:hr>
      <gpxtpx:cad>78</gpxtpx:cad>
     </gpxtpx:TrackPointExtension>
    </extensions>
   </trkpt>
   <trkpt lat="46.4318780" lon="12.1167150">
    <ele>1724.4</ele>
    <time>2024-06-02T09:29:25Z</time>
    <extensions>
     <gpxtpx:TrackPointExtension>
      <gpxtpx:atemp>23</gpxtpx:atemp>
      <gpxtpx:hr>104</gpxtpx:hr>
      <gpxtpx:cad>78</gpxtpx:cad>
     </gpxtpx:TrackPointExtension>
    </extensions>
   </trkpt>
   <trkpt lat="46.4318880" lon="12.1166190">
    <ele>1725.4</ele>
    <time>2024-06-02T09:29:32Z</time>
    <extensions>
     <gpxtpx:TrackPointExtension>
      <gpxtpx:atemp>23</gpxtpx:atemp>
      <gpxtpx:hr>104</gpxtpx:hr>
      <gpxtpx:cad>42</gpxtpx:cad>
     </gpxtpx:TrackPointExtension>
    </extensions>
   </trkpt>
   <trkpt lat="46.4319050" lon="12.1165960">
    <ele>1725.6</ele>
    <time>2024-06-02T09:29:33Z</time>
    <extensions>
     <gpxtpx:TrackPointExtension>
      <gpxtpx:atemp>23</gpxtpx:atemp>
      <gpxtpx:hr>107</gpxtpx:hr>
      <gpxtpx:cad>45</gpxtpx:cad>
     </gpxtpx:TrackPointExtension>
    </extensions>
   </trkpt>
   <trkpt lat="46.4319290" lon="12.1165170">
    <ele>1726.2</ele>
    <time>2024-06-02T09:29:39Z</time>
    <extensions>
     <gpxtpx:TrackPointExtension>
      <gpxtpx:atemp>23</gpxtpx:atemp>
      <gpxtpx:hr>108</gpxtpx:hr>
      <gpxtpx:cad>45</gpxtpx:cad>
     </gpxtpx:TrackPointExtension>
    </extensions>
   </trkpt>
   <trkpt lat="46.4319510" lon="12.1165040">
    <ele>1726.4</ele>
    <time>2024-06-02T09:29:41Z</time>
    <extensions>
     <gpxtpx:TrackPointExtension>
      <gpxtpx:atemp>23</gpxtpx:atemp>
      <gpxtpx:hr>105</gpxtpx:hr>
      <gpxtpx:cad>46</gpxtpx:cad>
     </gpxtpx:TrackPointExtension>
    </extensions>
   </trkpt>
   <trkpt lat="46.4319620" lon="12.1165020">
    <ele>1726.4</ele>
    <time>2024-06-02T09:29:42Z</time>
    <extensions>
     <gpxtpx:TrackPointExtension>
      <gpxtpx:atemp>23</gpxtpx:atemp>
      <gpxtpx:hr>105</gpxtpx:hr>
      <gpxtpx:cad>46</gpxtpx:cad>
     </gpxtpx:TrackPointExtension>
    </extensions>
   </trkpt>
   <trkpt lat="46.4319860" lon="12.1164890">
    <ele>1726.8</ele>
    <time>2024-06-02T09:29:44Z</time>
    <extensions>
     <gpxtpx:TrackPointExtension>
      <gpxtpx:atemp>23</gpxtpx:atemp>
      <gpxtpx:hr>105</gpxtpx:hr>
      <gpxtpx:cad>46</gpxtpx:cad>
     </gpxtpx:TrackPointExtension>
    </extensions>
   </trkpt>
   <trkpt lat="46.4320310" lon="12.1164320">
    <ele>1727.4</ele>
    <time>2024-06-02T09:29:50Z</time>
    <extensions>
     <gpxtpx:TrackPointExtension>
      <gpxtpx:atemp>23</gpxtpx:atemp>
      <gpxtpx:hr>107</gpxtpx:hr>
      <gpxtpx:cad>46</gpxtpx:cad>
     </gpxtpx:TrackPointExtension>
    </extensions>
   </trkpt>
   <trkpt lat="46.4320480" lon="12.1164150">
    <ele>1727.6</ele>
    <time>2024-06-02T09:29:52Z</time>
    <extensions>
     <gpxtpx:TrackPointExtension>
      <gpxtpx:atemp>23</gpxtpx:atemp>
      <gpxtpx:hr>110</gpxtpx:hr>
      <gpxtpx:cad>47</gpxtpx:cad>
     </gpxtpx:TrackPointExtension>
    </extensions>
   </trkpt>
   <trkpt lat="46.4320570" lon="12.1164100">
    <ele>1727.8</ele>
    <time>2024-06-02T09:29:53Z</time>
    <extensions>
     <gpxtpx:TrackPointExtension>
      <gpxtpx:atemp>23</gpxtpx:atemp>
      <gpxtpx:hr>110</gpxtpx:hr>
      <gpxtpx:cad>47</gpxtpx:cad>
     </gpxtpx:TrackPointExtension>
    </extensions>
   </trkpt>
   <trkpt lat="46.4320910" lon="12.1163810">
    <ele>1728.2</ele>
    <time>2024-06-02T09:29:57Z</time>
    <extensions>
     <gpxtpx:TrackPointExtension>
      <gpxtpx:atemp>23</gpxtpx:atemp>
      <gpxtpx:hr>112</gpxtpx:hr>
      <gpxtpx:cad>45</gpxtpx:cad>
     </gpxtpx:TrackPointExtension>
    </extensions>
   </trkpt>
   <trkpt lat="46.4321150" lon="12.1163510">
    <ele>1728.4</ele>
    <time>2024-06-02T09:30:00Z</time>
    <extensions>
     <gpxtpx:TrackPointExtension>
      <gpxtpx:atemp>23</gpxtpx:atemp>
      <gpxtpx:hr>112</gpxtpx:hr>
      <gpxtpx:cad>45</gpxtpx:cad>
     </gpxtpx:TrackPointExtension>
    </extensions>
   </trkpt>
   <trkpt lat="46.4321250" lon="12.1163410">
    <ele>1728.6</ele>
    <time>2024-06-02T09:30:01Z</time>
    <extensions>
     <gpxtpx:TrackPointExtension>
      <gpxtpx:atemp>23</gpxtpx:atemp>
      <gpxtpx:hr>112</gpxtpx:hr>
      <gpxtpx:cad>45</gpxtpx:cad>
     </gpxtpx:TrackPointExtension>
    </extensions>
   </trkpt>
   <trkpt lat="46.4321560" lon="12.1163000">
    <ele>1729.0</ele>
    <time>2024-06-02T09:30:06Z</time>
    <extensions>
     <gpxtpx:TrackPointExtension>
      <gpxtpx:atemp>23</gpxtpx:atemp>
      <gpxtpx:hr>111</gpxtpx:hr>
      <gpxtpx:cad>47</gpxtpx:cad>
     </gpxtpx:TrackPointExtension>
    </extensions>
   </trkpt>
   <trkpt lat="46.4321780" lon="12.1162490">
    <ele>1729.6</ele>
    <time>2024-06-02T09:30:11Z</time>
    <extensions>
     <gpxtpx:TrackPointExtension>
      <gpxtpx:atemp>23</gpxtpx:atemp>
      <gpxtpx:hr>109</gpxtpx:hr>
      <gpxtpx:cad>44</gpxtpx:cad>
     </gpxtpx:TrackPointExtension>
    </extensions>
   </trkpt>
   <trkpt lat="46.4321830" lon="12.1162390">
    <ele>1729.8</ele>
    <time>2024-06-02T09:30:12Z</time>
    <extensions>
     <gpxtpx:TrackPointExtension>
      <gpxtpx:atemp>23</gpxtpx:atemp>
      <gpxtpx:hr>109</gpxtpx:hr>
      <gpxtpx:cad>44</gpxtpx:cad>
     </gpxtpx:TrackPointExtension>
    </extensions>
   </trkpt>
   <trkpt lat="46.4321970" lon="12.1161840">
    <ele>1730.6</ele>
    <time>2024-06-02T09:30:16Z</time>
    <extensions>
     <gpxtpx:TrackPointExtension>
      <gpxtpx:atemp>23</gpxtpx:atemp>
      <gpxtpx:hr>107</gpxtpx:hr>
      <gpxtpx:cad>42</gpxtpx:cad>
     </gpxtpx:TrackPointExtension>
    </extensions>
   </trkpt>
   <trkpt lat="46.4322150" lon="12.1161240">
    <ele>1731.2</ele>
    <time>2024-06-02T09:30:20Z</time>
    <extensions>
     <gpxtpx:TrackPointExtension>
      <gpxtpx:atemp>23</gpxtpx:atemp>
      <gpxtpx:hr>104</gpxtpx:hr>
      <gpxtpx:cad>45</gpxtpx:cad>
     </gpxtpx:TrackPointExtension>
    </extensions>
   </trkpt>
   <trkpt lat="46.4322210" lon="12.1161070">
    <ele>1731.4</ele>
    <time>2024-06-02T09:30:21Z</time>
    <extensions>
     <gpxtpx:TrackPointExtension>
      <gpxtpx:atemp>23</gpxtpx:atemp>
      <gpxtpx:hr>106</gpxtpx:hr>
      <gpxtpx:cad>45</gpxtpx:cad>
     </gpxtpx:TrackPointExtension>
    </extensions>
   </trkpt>
   <trkpt lat="46.4322350" lon="12.1160860">
    <ele>1731.6</ele>
    <time>2024-06-02T09:30:23Z</time>
    <extensions>
     <gpxtpx:TrackPointExtension>
      <gpxtpx:atemp>23</gpxtpx:atemp>
      <gpxtpx:hr>106</gpxtpx:hr>
      <gpxtpx:cad>47</gpxtpx:cad>
     </gpxtpx:TrackPointExtension>
    </extensions>
   </trkpt>
   <trkpt lat="46.4322390" lon="12.1160770">
    <ele>1731.8</ele>
    <time>2024-06-02T09:30:24Z</time>
    <extensions>
     <gpxtpx:TrackPointExtension>
      <gpxtpx:atemp>23</gpxtpx:atemp>
      <gpxtpx:hr>106</gpxtpx:hr>
      <gpxtpx:cad>47</gpxtpx:cad>
     </gpxtpx:TrackPointExtension>
    </extensions>
   </trkpt>
   <trkpt lat="46.4322400" lon="12.1160600">
    <ele>1731.8</ele>
    <time>2024-06-02T09:30:25Z</time>
    <extensions>
     <gpxtpx:TrackPointExtension>
      <gpxtpx:atemp>23</gpxtpx:atemp>
      <gpxtpx:hr>109</gpxtpx:hr>
      <gpxtpx:cad>47</gpxtpx:cad>
     </gpxtpx:TrackPointExtension>
    </extensions>
   </trkpt>
   <trkpt lat="46.4322440" lon="12.1160460">
    <ele>1732.0</ele>
    <time>2024-06-02T09:30:26Z</time>
    <extensions>
     <gpxtpx:TrackPointExtension>
      <gpxtpx:atemp>23</gpxtpx:atemp>
      <gpxtpx:hr>109</gpxtpx:hr>
      <gpxtpx:cad>47</gpxtpx:cad>
     </gpxtpx:TrackPointExtension>
    </extensions>
   </trkpt>
   <trkpt lat="46.4322530" lon="12.1160420">
    <ele>1732.0</ele>
    <time>2024-06-02T09:30:27Z</time>
    <extensions>
     <gpxtpx:TrackPointExtension>
      <gpxtpx:atemp>23</gpxtpx:atemp>
      <gpxtpx:hr>109</gpxtpx:hr>
      <gpxtpx:cad>47</gpxtpx:cad>
     </gpxtpx:TrackPointExtension>
    </extensions>
   </trkpt>
   <trkpt lat="46.4322630" lon="12.1159980">
    <ele>1732.4</ele>
    <time>2024-06-02T09:30:30Z</time>
    <extensions>
     <gpxtpx:TrackPointExtension>
      <gpxtpx:atemp>23</gpxtpx:atemp>
      <gpxtpx:hr>106</gpxtpx:hr>
      <gpxtpx:cad>46</gpxtpx:cad>
     </gpxtpx:TrackPointExtension>
    </extensions>
   </trkpt>
   <trkpt lat="46.4322620" lon="12.1159810">
    <ele>1732.6</ele>
    <time>2024-06-02T09:30:31Z</time>
    <extensions>
     <gpxtpx:TrackPointExtension>
      <gpxtpx:atemp>23</gpxtpx:atemp>
      <gpxtpx:hr>106</gpxtpx:hr>
      <gpxtpx:cad>47</gpxtpx:cad>
     </gpxtpx:TrackPointExtension>
    </extensions>
   </trkpt>
   <trkpt lat="46.4322630" lon="12.1159480">
    <ele>1732.8</ele>
    <time>2024-06-02T09:30:33Z</time>
    <extensions>
     <gpxtpx:TrackPointExtension>
      <gpxtpx:atemp>23</gpxtpx:atemp>
      <gpxtpx:hr>108</gpxtpx:hr>
      <gpxtpx:cad>47</gpxtpx:cad>
     </gpxtpx:TrackPointExtension>
    </extensions>
   </trkpt>
   <trkpt lat="46.4322840" lon="12.1159040">
    <ele>1733.6</ele>
    <time>2024-06-02T09:30:37Z</time>
    <extensions>
     <gpxtpx:TrackPointExtension>
      <gpxtpx:atemp>23</gpxtpx:atemp>
      <gpxtpx:hr>106</gpxtpx:hr>
      <gpxtpx:cad>45</gpxtpx:cad>
     </gpxtpx:TrackPointExtension>
    </extensions>
   </trkpt>
   <trkpt lat="46.4322860" lon="12.1158720">
    <ele>1733.8</ele>
    <time>2024-06-02T09:30:39Z</time>
    <extensions>
     <gpxtpx:TrackPointExtension>
      <gpxtpx:atemp>23</gpxtpx:atemp>
      <gpxtpx:hr>106</gpxtpx:hr>
      <gpxtpx:cad>45</gpxtpx:cad>
     </gpxtpx:TrackPointExtension>
    </extensions>
   </trkpt>
   <trkpt lat="46.4322950" lon="12.1158480">
    <ele>1734.2</ele>
    <time>2024-06-02T09:30:41Z</time>
    <extensions>
     <gpxtpx:TrackPointExtension>
      <gpxtpx:atemp>23</gpxtpx:atemp>
      <gpxtpx:hr>109</gpxtpx:hr>
      <gpxtpx:cad>45</gpxtpx:cad>
     </gpxtpx:TrackPointExtension>
    </extensions>
   </trkpt>
   <trkpt lat="46.4323050" lon="12.1157890">
    <ele>1735.0</ele>
    <time>2024-06-02T09:30:45Z</time>
    <extensions>
     <gpxtpx:TrackPointExtension>
      <gpxtpx:atemp>23</gpxtpx:atemp>
      <gpxtpx:hr>107</gpxtpx:hr>
      <gpxtpx:cad>47</gpxtpx:cad>
     </gpxtpx:TrackPointExtension>
    </extensions>
   </trkpt>
   <trkpt lat="46.4323120" lon="12.1157800">
    <ele>1735.0</ele>
    <time>2024-06-02T09:30:46Z</time>
    <extensions>
     <gpxtpx:TrackPointExtension>
      <gpxtpx:atemp>22</gpxtpx:atemp>
      <gpxtpx:hr>106</gpxtpx:hr>
      <gpxtpx:cad>46</gpxtpx:cad>
     </gpxtpx:TrackPointExtension>
    </extensions>
   </trkpt>
   <trkpt lat="46.4323500" lon="12.1157400">
    <ele>1735.8</ele>
    <time>2024-06-02T09:30:51Z</time>
    <extensions>
     <gpxtpx:TrackPointExtension>
      <gpxtpx:atemp>23</gpxtpx:atemp>
      <gpxtpx:hr>104</gpxtpx:hr>
      <gpxtpx:cad>45</gpxtpx:cad>
     </gpxtpx:TrackPointExtension>
    </extensions>
   </trkpt>
   <trkpt lat="46.4323680" lon="12.1157260">
    <ele>1736.0</ele>
    <time>2024-06-02T09:30:53Z</time>
    <extensions>
     <gpxtpx:TrackPointExtension>
      <gpxtpx:atemp>22</gpxtpx:atemp>
      <gpxtpx:hr>103</gpxtpx:hr>
      <gpxtpx:cad>47</gpxtpx:cad>
     </gpxtpx:TrackPointExtension>
    </extensions>
   </trkpt>
   <trkpt lat="46.4323790" lon="12.1157200">
    <ele>1736.2</ele>
    <time>2024-06-02T09:30:54Z</time>
    <extensions>
     <gpxtpx:TrackPointExtension>
      <gpxtpx:atemp>23</gpxtpx:atemp>
      <gpxtpx:hr>103</gpxtpx:hr>
      <gpxtpx:cad>47</gpxtpx:cad>
     </gpxtpx:TrackPointExtension>
    </extensions>
   </trkpt>
   <trkpt lat="46.4323930" lon="12.1157000">
    <ele>1736.4</ele>
    <time>2024-06-02T09:30:56Z</time>
    <extensions>
     <gpxtpx:TrackPointExtension>
      <gpxtpx:atemp>22</gpxtpx:atemp>
      <gpxtpx:hr>103</gpxtpx:hr>
      <gpxtpx:cad>47</gpxtpx:cad>
     </gpxtpx:TrackPointExtension>
    </extensions>
   </trkpt>
   <trkpt lat="46.4323970" lon="12.1156790">
    <ele>1736.8</ele>
    <time>2024-06-02T09:30:58Z</time>
    <extensions>
     <gpxtpx:TrackPointExtension>
      <gpxtpx:atemp>23</gpxtpx:atemp>
      <gpxtpx:hr>103</gpxtpx:hr>
      <gpxtpx:cad>45</gpxtpx:cad>
     </gpxtpx:TrackPointExtension>
    </extensions>
   </trkpt>
   <trkpt lat="46.4324040" lon="12.1156720">
    <ele>1736.8</ele>
    <time>2024-06-02T09:30:59Z</time>
    <extensions>
     <gpxtpx:TrackPointExtension>
      <gpxtpx:atemp>23</gpxtpx:atemp>
      <gpxtpx:hr>104</gpxtpx:hr>
      <gpxtpx:cad>46</gpxtpx:cad>
     </gpxtpx:TrackPointExtension>
    </extensions>
   </trkpt>
   <trkpt lat="46.4324170" lon="12.1156530">
    <ele>1737.2</ele>
    <time>2024-06-02T09:31:02Z</time>
    <extensions>
     <gpxtpx:TrackPointExtension>
      <gpxtpx:atemp>23</gpxtpx:atemp>
      <gpxtpx:hr>103</gpxtpx:hr>
      <gpxtpx:cad>44</gpxtpx:cad>
     </gpxtpx:TrackPointExtension>
    </extensions>
   </trkpt>
   <trkpt lat="46.4324360" lon="12.1156340">
    <ele>1737.6</ele>
    <time>2024-06-02T09:31:05Z</time>
    <extensions>
     <gpxtpx:TrackPointExtension>
      <gpxtpx:atemp>23</gpxtpx:atemp>
      <gpxtpx:hr>101</gpxtpx:hr>
      <gpxtpx:cad>43</gpxtpx:cad>
     </gpxtpx:TrackPointExtension>
    </extensions>
   </trkpt>
   <trkpt lat="46.4324450" lon="12.1156160">
    <ele>1737.8</ele>
    <time>2024-06-02T09:31:07Z</time>
    <extensions>
     <gpxtpx:TrackPointExtension>
      <gpxtpx:atemp>22</gpxtpx:atemp>
      <gpxtpx:hr>104</gpxtpx:hr>
      <gpxtpx:cad>41</gpxtpx:cad>
     </gpxtpx:TrackPointExtension>
    </extensions>
   </trkpt>
   <trkpt lat="46.4324690" lon="12.1155840">
    <ele>1738.4</ele>
    <time>2024-06-02T09:31:11Z</time>
    <extensions>
     <gpxtpx:TrackPointExtension>
      <gpxtpx:atemp>22</gpxtpx:atemp>
      <gpxtpx:hr>106</gpxtpx:hr>
      <gpxtpx:cad>41</gpxtpx:cad>
     </gpxtpx:TrackPointExtension>
    </extensions>
   </trkpt>
   <trkpt lat="46.4324790" lon="12.1155720">
    <ele>1738.6</ele>
    <time>2024-06-02T09:31:13Z</time>
    <extensions>
     <gpxtpx:TrackPointExtension>
      <gpxtpx:atemp>22</gpxtpx:atemp>
      <gpxtpx:hr>105</gpxtpx:hr>
      <gpxtpx:cad>41</gpxtpx:cad>
     </gpxtpx:TrackPointExtension>
    </extensions>
   </trkpt>
   <trkpt lat="46.4324940" lon="12.1155470">
    <ele>1739.0</ele>
    <time>2024-06-02T09:31:16Z</time>
    <extensions>
     <gpxtpx:TrackPointExtension>
      <gpxtpx:atemp>22</gpxtpx:atemp>
      <gpxtpx:hr>108</gpxtpx:hr>
      <gpxtpx:cad>41</gpxtpx:cad>
     </gpxtpx:TrackPointExtension>
    </extensions>
   </trkpt>
   <trkpt lat="46.4325250" lon="12.1155190">
    <ele>1739.4</ele>
    <time>2024-06-02T09:31:20Z</time>
    <extensions>
     <gpxtpx:TrackPointExtension>
      <gpxtpx:atemp>22</gpxtpx:atemp>
      <gpxtpx:hr>110</gpxtpx:hr>
      <gpxtpx:cad>43</gpxtpx:cad>
     </gpxtpx:TrackPointExtension>
    </extensions>
   </trkpt>
   <trkpt lat="46.4325340" lon="12.1155150">
    <ele>1739.4</ele>
    <time>2024-06-02T09:31:21Z</time>
    <extensions>
     <gpxtpx:TrackPointExtension>
      <gpxtpx:atemp>22</gpxtpx:atemp>
      <gpxtpx:hr>111</gpxtpx:hr>
      <gpxtpx:cad>43</gpxtpx:cad>
     </gpxtpx:TrackPointExtension>
    </extensions>
   </trkpt>
   <trkpt lat="46.4325420" lon="12.1155090">
    <ele>1739.6</ele>
    <time>2024-06-02T09:31:22Z</time>
    <extensions>
     <gpxtpx:TrackPointExtension>
      <gpxtpx:atemp>22</gpxtpx:atemp>
      <gpxtpx:hr>112</gpxtpx:hr>
      <gpxtpx:cad>43</gpxtpx:cad>
     </gpxtpx:TrackPointExtension>
    </extensions>
   </trkpt>
   <trkpt lat="46.4325500" lon="12.1155060">
    <ele>1739.8</ele>
    <time>2024-06-02T09:31:23Z</time>
    <extensions>
     <gpxtpx:TrackPointExtension>
      <gpxtpx:atemp>22</gpxtpx:atemp>
      <gpxtpx:hr>112</gpxtpx:hr>
      <gpxtpx:cad>43</gpxtpx:cad>
     </gpxtpx:TrackPointExtension>
    </extensions>
   </trkpt>
   <trkpt lat="46.4325690" lon="12.1154980">
    <ele>1740.0</ele>
    <time>2024-06-02T09:31:25Z</time>
    <extensions>
     <gpxtpx:TrackPointExtension>
      <gpxtpx:atemp>22</gpxtpx:atemp>
      <gpxtpx:hr>113</gpxtpx:hr>
      <gpxtpx:cad>42</gpxtpx:cad>
     </gpxtpx:TrackPointExtension>
    </extensions>
   </trkpt>
   <trkpt lat="46.4326050" lon="12.1154960">
    <ele>1740.6</ele>
    <time>2024-06-02T09:31:28Z</time>
    <extensions>
     <gpxtpx:TrackPointExtension>
      <gpxtpx:atemp>22</gpxtpx:atemp>
      <gpxtpx:hr>113</gpxtpx:hr>
      <gpxtpx:cad>45</gpxtpx:cad>
     </gpxtpx:TrackPointExtension>
    </extensions>
   </trkpt>
   <trkpt lat="46.4326330" lon="12.1154950">
    <ele>1740.6</ele>
    <time>2024-06-02T09:31:30Z</time>
    <extensions>
     <gpxtpx:TrackPointExtension>
      <gpxtpx:atemp>22</gpxtpx:atemp>
      <gpxtpx:hr>113</gpxtpx:hr>
      <gpxtpx:cad>45</gpxtpx:cad>
     </gpxtpx:TrackPointExtension>
    </extensions>
   </trkpt>
   <trkpt lat="46.4326450" lon="12.1154770">
    <ele>1741.0</ele>
    <time>2024-06-02T09:31:32Z</time>
    <extensions>
     <gpxtpx:TrackPointExtension>
      <gpxtpx:atemp>22</gpxtpx:atemp>
      <gpxtpx:hr>113</gpxtpx:hr>
      <gpxtpx:cad>45</gpxtpx:cad>
     </gpxtpx:TrackPointExtension>
    </extensions>
   </trkpt>
   <trkpt lat="46.4326600" lon="12.1154590">
    <ele>1741.0</ele>
    <time>2024-06-02T09:31:34Z</time>
    <extensions>
     <gpxtpx:TrackPointExtension>
      <gpxtpx:atemp>22</gpxtpx:atemp>
      <gpxtpx:hr>113</gpxtpx:hr>
      <gpxtpx:cad>45</gpxtpx:cad>
     </gpxtpx:TrackPointExtension>
    </extensions>
   </trkpt>
   <trkpt lat="46.4326770" lon="12.1154450">
    <ele>1741.4</ele>
    <time>2024-06-02T09:31:36Z</time>
    <extensions>
     <gpxtpx:TrackPointExtension>
      <gpxtpx:atemp>22</gpxtpx:atemp>
      <gpxtpx:hr>114</gpxtpx:hr>
      <gpxtpx:cad>45</gpxtpx:cad>
     </gpxtpx:TrackPointExtension>
    </extensions>
   </trkpt>
   <trkpt lat="46.4326850" lon="12.1154380">
    <ele>1741.6</ele>
    <time>2024-06-02T09:31:37Z</time>
    <extensions>
     <gpxtpx:TrackPointExtension>
      <gpxtpx:atemp>22</gpxtpx:atemp>
      <gpxtpx:hr>113</gpxtpx:hr>
      <gpxtpx:cad>44</gpxtpx:cad>
     </gpxtpx:TrackPointExtension>
    </extensions>
   </trkpt>
   <trkpt lat="46.4327020" lon="12.1154240">
    <ele>1741.6</ele>
    <time>2024-06-02T09:31:39Z</time>
    <extensions>
     <gpxtpx:TrackPointExtension>
      <gpxtpx:atemp>22</gpxtpx:atemp>
      <gpxtpx:hr>115</gpxtpx:hr>
      <gpxtpx:cad>44</gpxtpx:cad>
     </gpxtpx:TrackPointExtension>
    </extensions>
   </trkpt>
   <trkpt lat="46.4327070" lon="12.1154140">
    <ele>1741.8</ele>
    <time>2024-06-02T09:31:40Z</time>
    <extensions>
     <gpxtpx:TrackPointExtension>
      <gpxtpx:atemp>22</gpxtpx:atemp>
      <gpxtpx:hr>114</gpxtpx:hr>
      <gpxtpx:cad>44</gpxtpx:cad>
     </gpxtpx:TrackPointExtension>
    </extensions>
   </trkpt>
   <trkpt lat="46.4327140" lon="12.1154040">
    <ele>1742.0</ele>
    <time>2024-06-02T09:31:41Z</time>
    <extensions>
     <gpxtpx:TrackPointExtension>
      <gpxtpx:atemp>22</gpxtpx:atemp>
      <gpxtpx:hr>115</gpxtpx:hr>
      <gpxtpx:cad>45</gpxtpx:cad>
     </gpxtpx:TrackPointExtension>
    </extensions>
   </trkpt>
   <trkpt lat="46.4327300" lon="12.1153880">
    <ele>1742.2</ele>
    <time>2024-06-02T09:31:43Z</time>
    <extensions>
     <gpxtpx:TrackPointExtension>
      <gpxtpx:atemp>22</gpxtpx:atemp>
      <gpxtpx:hr>113</gpxtpx:hr>
      <gpxtpx:cad>46</gpxtpx:cad>
     </gpxtpx:TrackPointExtension>
    </extensions>
   </trkpt>
   <trkpt lat="46.4327510" lon="12.1153700">
    <ele>1742.6</ele>
    <time>2024-06-02T09:31:45Z</time>
    <extensions>
     <gpxtpx:TrackPointExtension>
      <gpxtpx:atemp>22</gpxtpx:atemp>
      <gpxtpx:hr>112</gpxtpx:hr>
      <gpxtpx:cad>47</gpxtpx:cad>
     </gpxtpx:TrackPointExtension>
    </extensions>
   </trkpt>
   <trkpt lat="46.4328000" lon="12.1153390">
    <ele>1743.2</ele>
    <time>2024-06-02T09:31:50Z</time>
    <extensions>
     <gpxtpx:TrackPointExtension>
      <gpxtpx:atemp>22</gpxtpx:atemp>
      <gpxtpx:hr>112</gpxtpx:hr>
      <gpxtpx:cad>48</gpxtpx:cad>
     </gpxtpx:TrackPointExtension>
    </extensions>
   </trkpt>
   <trkpt lat="46.4328130" lon="12.1153160">
    <ele>1743.6</ele>
    <time>2024-06-02T09:31:52Z</time>
    <extensions>
     <gpxtpx:TrackPointExtension>
      <gpxtpx:atemp>22</gpxtpx:atemp>
      <gpxtpx:hr>113</gpxtpx:hr>
      <gpxtpx:cad>48</gpxtpx:cad>
     </gpxtpx:TrackPointExtension>
    </extensions>
   </trkpt>
   <trkpt lat="46.4328240" lon="12.1153130">
    <ele>1743.8</ele>
    <time>2024-06-02T09:31:53Z</time>
    <extensions>
     <gpxtpx:TrackPointExtension>
      <gpxtpx:atemp>22</gpxtpx:atemp>
      <gpxtpx:hr>113</gpxtpx:hr>
      <gpxtpx:cad>47</gpxtpx:cad>
     </gpxtpx:TrackPointExtension>
    </extensions>
   </trkpt>
   <trkpt lat="46.4328360" lon="12.1153090">
    <ele>1744.0</ele>
    <time>2024-06-02T09:31:54Z</time>
    <extensions>
     <gpxtpx:TrackPointExtension>
      <gpxtpx:atemp>22</gpxtpx:atemp>
      <gpxtpx:hr>110</gpxtpx:hr>
      <gpxtpx:cad>47</gpxtpx:cad>
     </gpxtpx:TrackPointExtension>
    </extensions>
   </trkpt>
   <trkpt lat="46.4328940" lon="12.1153030">
    <ele>1744.8</ele>
    <time>2024-06-02T09:31:59Z</time>
    <extensions>
     <gpxtpx:TrackPointExtension>
      <gpxtpx:atemp>22</gpxtpx:atemp>
      <gpxtpx:hr>110</gpxtpx:hr>
      <gpxtpx:cad>46</gpxtpx:cad>
     </gpxtpx:TrackPointExtension>
    </extensions>
   </trkpt>
   <trkpt lat="46.4329180" lon="12.1153200">
    <ele>1745.0</ele>
    <time>2024-06-02T09:32:00Z</time>
    <extensions>
     <gpxtpx:TrackPointExtension>
      <gpxtpx:atemp>22</gpxtpx:atemp>
      <gpxtpx:hr>110</gpxtpx:hr>
      <gpxtpx:cad>47</gpxtpx:cad>
     </gpxtpx:TrackPointExtension>
    </extensions>
   </trkpt>
   <trkpt lat="46.4329310" lon="12.1153240">
    <ele>1745.0</ele>
    <time>2024-06-02T09:32:01Z</time>
    <extensions>
     <gpxtpx:TrackPointExtension>
      <gpxtpx:atemp>22</gpxtpx:atemp>
      <gpxtpx:hr>110</gpxtpx:hr>
      <gpxtpx:cad>47</gpxtpx:cad>
     </gpxtpx:TrackPointExtension>
    </extensions>
   </trkpt>
   <trkpt lat="46.4329460" lon="12.1153120">
    <ele>1745.4</ele>
    <time>2024-06-02T09:32:03Z</time>
    <extensions>
     <gpxtpx:TrackPointExtension>
      <gpxtpx:atemp>22</gpxtpx:atemp>
      <gpxtpx:hr>110</gpxtpx:hr>
      <gpxtpx:cad>47</gpxtpx:cad>
     </gpxtpx:TrackPointExtension>
    </extensions>
   </trkpt>
   <trkpt lat="46.4329650" lon="12.1152940">
    <ele>1745.6</ele>
    <time>2024-06-02T09:32:05Z</time>
    <extensions>
     <gpxtpx:TrackPointExtension>
      <gpxtpx:atemp>22</gpxtpx:atemp>
      <gpxtpx:hr>109</gpxtpx:hr>
      <gpxtpx:cad>45</gpxtpx:cad>
     </gpxtpx:TrackPointExtension>
    </extensions>
   </trkpt>
   <trkpt lat="46.4329760" lon="12.1152800">
    <ele>1745.8</ele>
    <time>2024-06-02T09:32:07Z</time>
    <extensions>
     <gpxtpx:TrackPointExtension>
      <gpxtpx:atemp>22</gpxtpx:atemp>
      <gpxtpx:hr>109</gpxtpx:hr>
      <gpxtpx:cad>44</gpxtpx:cad>
     </gpxtpx:TrackPointExtension>
    </extensions>
   </trkpt>
   <trkpt lat="46.4329890" lon="12.1152700">
    <ele>1746.2</ele>
    <time>2024-06-02T09:32:09Z</time>
    <extensions>
     <gpxtpx:TrackPointExtension>
      <gpxtpx:atemp>22</gpxtpx:atemp>
      <gpxtpx:hr>109</gpxtpx:hr>
      <gpxtpx:cad>43</gpxtpx:cad>
     </gpxtpx:TrackPointExtension>
    </extensions>
   </trkpt>
   <trkpt lat="46.4330350" lon="12.1152670">
    <ele>1747.0</ele>
    <time>2024-06-02T09:32:13Z</time>
    <extensions>
     <gpxtpx:TrackPointExtension>
      <gpxtpx:atemp>22</gpxtpx:atemp>
      <gpxtpx:hr>110</gpxtpx:hr>
      <gpxtpx:cad>43</gpxtpx:cad>
     </gpxtpx:TrackPointExtension>
    </extensions>
   </trkpt>
   <trkpt lat="46.4330950" lon="12.1152430">
    <ele>1748.0</ele>
    <time>2024-06-02T09:32:19Z</time>
    <extensions>
     <gpxtpx:TrackPointExtension>
      <gpxtpx:atemp>22</gpxtpx:atemp>
      <gpxtpx:hr>109</gpxtpx:hr>
      <gpxtpx:cad>43</gpxtpx:cad>
     </gpxtpx:TrackPointExtension>
    </extensions>
   </trkpt>
   <trkpt lat="46.4331260" lon="12.1152290">
    <ele>1748.2</ele>
    <time>2024-06-02T09:32:22Z</time>
    <extensions>
     <gpxtpx:TrackPointExtension>
      <gpxtpx:atemp>22</gpxtpx:atemp>
      <gpxtpx:hr>107</gpxtpx:hr>
      <gpxtpx:cad>44</gpxtpx:cad>
     </gpxtpx:TrackPointExtension>
    </extensions>
   </trkpt>
   <trkpt lat="46.4331500" lon="12.1152270">
    <ele>1748.6</ele>
    <time>2024-06-02T09:32:24Z</time>
    <extensions>
     <gpxtpx:TrackPointExtension>
      <gpxtpx:atemp>22</gpxtpx:atemp>
      <gpxtpx:hr>110</gpxtpx:hr>
      <gpxtpx:cad>44</gpxtpx:cad>
     </gpxtpx:TrackPointExtension>
    </extensions>
   </trkpt>
   <trkpt lat="46.4331600" lon="12.1152250">
    <ele>1748.6</ele>
    <time>2024-06-02T09:32:25Z</time>
    <extensions>
     <gpxtpx:TrackPointExtension>
      <gpxtpx:atemp>22</gpxtpx:atemp>
      <gpxtpx:hr>106</gpxtpx:hr>
      <gpxtpx:cad>44</gpxtpx:cad>
     </gpxtpx:TrackPointExtension>
    </extensions>
   </trkpt>
   <trkpt lat="46.4331700" lon="12.1152230">
    <ele>1748.8</ele>
    <time>2024-06-02T09:32:26Z</time>
    <extensions>
     <gpxtpx:TrackPointExtension>
      <gpxtpx:atemp>22</gpxtpx:atemp>
      <gpxtpx:hr>110</gpxtpx:hr>
      <gpxtpx:cad>44</gpxtpx:cad>
     </gpxtpx:TrackPointExtension>
    </extensions>
   </trkpt>
   <trkpt lat="46.4331820" lon="12.1152240">
    <ele>1749.0</ele>
    <time>2024-06-02T09:32:27Z</time>
    <extensions>
     <gpxtpx:TrackPointExtension>
      <gpxtpx:atemp>22</gpxtpx:atemp>
      <gpxtpx:hr>106</gpxtpx:hr>
      <gpxtpx:cad>44</gpxtpx:cad>
     </gpxtpx:TrackPointExtension>
    </extensions>
   </trkpt>
   <trkpt lat="46.4331970" lon="12.1152280">
    <ele>1749.2</ele>
    <time>2024-06-02T09:32:28Z</time>
    <extensions>
     <gpxtpx:TrackPointExtension>
      <gpxtpx:atemp>22</gpxtpx:atemp>
      <gpxtpx:hr>106</gpxtpx:hr>
      <gpxtpx:cad>44</gpxtpx:cad>
     </gpxtpx:TrackPointExtension>
    </extensions>
   </trkpt>
   <trkpt lat="46.4332080" lon="12.1152310">
    <ele>1749.2</ele>
    <time>2024-06-02T09:32:29Z</time>
    <extensions>
     <gpxtpx:TrackPointExtension>
      <gpxtpx:atemp>22</gpxtpx:atemp>
      <gpxtpx:hr>106</gpxtpx:hr>
      <gpxtpx:cad>44</gpxtpx:cad>
     </gpxtpx:TrackPointExtension>
    </extensions>
   </trkpt>
   <trkpt lat="46.4332610" lon="12.1152270">
    <ele>1750.0</ele>
    <time>2024-06-02T09:32:36Z</time>
    <extensions>
     <gpxtpx:TrackPointExtension>
      <gpxtpx:atemp>22</gpxtpx:atemp>
      <gpxtpx:hr>107</gpxtpx:hr>
      <gpxtpx:cad>43</gpxtpx:cad>
     </gpxtpx:TrackPointExtension>
    </extensions>
   </trkpt>
   <trkpt lat="46.4332720" lon="12.1152250">
    <ele>1750.4</ele>
    <time>2024-06-02T09:32:37Z</time>
    <extensions>
     <gpxtpx:TrackPointExtension>
      <gpxtpx:atemp>22</gpxtpx:atemp>
      <gpxtpx:hr>106</gpxtpx:hr>
      <gpxtpx:cad>43</gpxtpx:cad>
     </gpxtpx:TrackPointExtension>
    </extensions>
   </trkpt>
   <trkpt lat="46.4333410" lon="12.1152170">
    <ele>1751.2</ele>
    <time>2024-06-02T09:32:43Z</time>
    <extensions>
     <gpxtpx:TrackPointExtension>
      <gpxtpx:atemp>22</gpxtpx:atemp>
      <gpxtpx:hr>106</gpxtpx:hr>
      <gpxtpx:cad>46</gpxtpx:cad>
     </gpxtpx:TrackPointExtension>
    </extensions>
   </trkpt>
   <trkpt lat="46.4333510" lon="12.1152160">
    <ele>1751.4</ele>
    <time>2024-06-02T09:32:44Z</time>
    <extensions>
     <gpxtpx:TrackPointExtension>
      <gpxtpx:atemp>22</gpxtpx:atemp>
      <gpxtpx:hr>106</gpxtpx:hr>
      <gpxtpx:cad>46</gpxtpx:cad>
     </gpxtpx:TrackPointExtension>
    </extensions>
   </trkpt>
   <trkpt lat="46.4333650" lon="12.1151890">
    <ele>1751.8</ele>
    <time>2024-06-02T09:32:47Z</time>
    <extensions>
     <gpxtpx:TrackPointExtension>
      <gpxtpx:atemp>22</gpxtpx:atemp>
      <gpxtpx:hr>106</gpxtpx:hr>
      <gpxtpx:cad>46</gpxtpx:cad>
     </gpxtpx:TrackPointExtension>
    </extensions>
   </trkpt>
   <trkpt lat="46.4333760" lon="12.1151750">
    <ele>1752.0</ele>
    <time>2024-06-02T09:32:48Z</time>
    <extensions>
     <gpxtpx:TrackPointExtension>
      <gpxtpx:atemp>22</gpxtpx:atemp>
      <gpxtpx:hr>106</gpxtpx:hr>
      <gpxtpx:cad>45</gpxtpx:cad>
     </gpxtpx:TrackPointExtension>
    </extensions>
   </trkpt>
   <trkpt lat="46.4334000" lon="12.1151880">
    <ele>1752.4</ele>
    <time>2024-06-02T09:32:51Z</time>
    <extensions>
     <gpxtpx:TrackPointExtension>
      <gpxtpx:atemp>22</gpxtpx:atemp>
      <gpxtpx:hr>107</gpxtpx:hr>
      <gpxtpx:cad>45</gpxtpx:cad>
     </gpxtpx:TrackPointExtension>
    </extensions>
   </trkpt>
   <trkpt lat="46.4334090" lon="12.1151940">
    <ele>1752.6</ele>
    <time>2024-06-02T09:32:52Z</time>
    <extensions>
     <gpxtpx:TrackPointExtension>
      <gpxtpx:atemp>22</gpxtpx:atemp>
      <gpxtpx:hr>107</gpxtpx:hr>
      <gpxtpx:cad>44</gpxtpx:cad>
     </gpxtpx:TrackPointExtension>
    </extensions>
   </trkpt>
   <trkpt lat="46.4334190" lon="12.1151910">
    <ele>1752.8</ele>
    <time>2024-06-02T09:32:53Z</time>
    <extensions>
     <gpxtpx:TrackPointExtension>
      <gpxtpx:atemp>22</gpxtpx:atemp>
      <gpxtpx:hr>107</gpxtpx:hr>
      <gpxtpx:cad>44</gpxtpx:cad>
     </gpxtpx:TrackPointExtension>
    </extensions>
   </trkpt>
   <trkpt lat="46.4334400" lon="12.1151940">
    <ele>1753.2</ele>
    <time>2024-06-02T09:32:55Z</time>
    <extensions>
     <gpxtpx:TrackPointExtension>
      <gpxtpx:atemp>22</gpxtpx:atemp>
      <gpxtpx:hr>109</gpxtpx:hr>
      <gpxtpx:cad>45</gpxtpx:cad>
     </gpxtpx:TrackPointExtension>
    </extensions>
   </trkpt>
   <trkpt lat="46.4334580" lon="12.1151820">
    <ele>1753.6</ele>
    <time>2024-06-02T09:32:58Z</time>
    <extensions>
     <gpxtpx:TrackPointExtension>
      <gpxtpx:atemp>22</gpxtpx:atemp>
      <gpxtpx:hr>110</gpxtpx:hr>
      <gpxtpx:cad>45</gpxtpx:cad>
     </gpxtpx:TrackPointExtension>
    </extensions>
   </trkpt>
   <trkpt lat="46.4334620" lon="12.1151690">
    <ele>1753.8</ele>
    <time>2024-06-02T09:32:59Z</time>
    <extensions>
     <gpxtpx:TrackPointExtension>
      <gpxtpx:atemp>22</gpxtpx:atemp>
      <gpxtpx:hr>110</gpxtpx:hr>
      <gpxtpx:cad>45</gpxtpx:cad>
     </gpxtpx:TrackPointExtension>
    </extensions>
   </trkpt>
   <trkpt lat="46.4335280" lon="12.1151500">
    <ele>1754.8</ele>
    <time>2024-06-02T09:33:05Z</time>
    <extensions>
     <gpxtpx:TrackPointExtension>
      <gpxtpx:atemp>22</gpxtpx:atemp>
      <gpxtpx:hr>114</gpxtpx:hr>
      <gpxtpx:cad>46</gpxtpx:cad>
     </gpxtpx:TrackPointExtension>
    </extensions>
   </trkpt>
   <trkpt lat="46.4335370" lon="12.1151620">
    <ele>1755.0</ele>
    <time>2024-06-02T09:33:06Z</time>
    <extensions>
     <gpxtpx:TrackPointExtension>
      <gpxtpx:atemp>22</gpxtpx:atemp>
      <gpxtpx:hr>111</gpxtpx:hr>
      <gpxtpx:cad>46</gpxtpx:cad>
     </gpxtpx:TrackPointExtension>
    </extensions>
   </trkpt>
   <trkpt lat="46.4335900" lon="12.1152120">
    <ele>1756.0</ele>
    <time>2024-06-02T09:33:12Z</time>
    <extensions>
     <gpxtpx:TrackPointExtension>
      <gpxtpx:atemp>22</gpxtpx:atemp>
      <gpxtpx:hr>112</gpxtpx:hr>
      <gpxtpx:cad>46</gpxtpx:cad>
     </gpxtpx:TrackPointExtension>
    </extensions>
   </trkpt>
   <trkpt lat="46.4336490" lon="12.1152880">
    <ele>1756.8</ele>
    <time>2024-06-02T09:33:18Z</time>
    <extensions>
     <gpxtpx:TrackPointExtension>
      <gpxtpx:atemp>22</gpxtpx:atemp>
      <gpxtpx:hr>113</gpxtpx:hr>
      <gpxtpx:cad>45</gpxtpx:cad>
     </gpxtpx:TrackPointExtension>
    </extensions>
   </trkpt>
   <trkpt lat="46.4336620" lon="12.1153010">
    <ele>1757.0</ele>
    <time>2024-06-02T09:33:19Z</time>
    <extensions>
     <gpxtpx:TrackPointExtension>
      <gpxtpx:atemp>22</gpxtpx:atemp>
      <gpxtpx:hr>112</gpxtpx:hr>
      <gpxtpx:cad>45</gpxtpx:cad>
     </gpxtpx:TrackPointExtension>
    </extensions>
   </trkpt>
   <trkpt lat="46.4337160" lon="12.1153680">
    <ele>1757.4</ele>
    <time>2024-06-02T09:33:23Z</time>
    <extensions>
     <gpxtpx:TrackPointExtension>
      <gpxtpx:atemp>22</gpxtpx:atemp>
      <gpxtpx:hr>116</gpxtpx:hr>
      <gpxtpx:cad>45</gpxtpx:cad>
     </gpxtpx:TrackPointExtension>
    </extensions>
   </trkpt>
   <trkpt lat="46.4337340" lon="12.1153870">
    <ele>1757.6</ele>
    <time>2024-06-02T09:33:25Z</time>
    <extensions>
     <gpxtpx:TrackPointExtension>
      <gpxtpx:atemp>22</gpxtpx:atemp>
      <gpxtpx:hr>113</gpxtpx:hr>
      <gpxtpx:cad>46</gpxtpx:cad>
     </gpxtpx:TrackPointExtension>
    </extensions>
   </trkpt>
   <trkpt lat="46.4337460" lon="12.1153970">
    <ele>1757.8</ele>
    <time>2024-06-02T09:33:26Z</time>
    <extensions>
     <gpxtpx:TrackPointExtension>
      <gpxtpx:atemp>22</gpxtpx:atemp>
      <gpxtpx:hr>114</gpxtpx:hr>
      <gpxtpx:cad>47</gpxtpx:cad>
     </gpxtpx:TrackPointExtension>
    </extensions>
   </trkpt>
   <trkpt lat="46.4337550" lon="12.1154040">
    <ele>1758.0</ele>
    <time>2024-06-02T09:33:27Z</time>
    <extensions>
     <gpxtpx:TrackPointExtension>
      <gpxtpx:atemp>22</gpxtpx:atemp>
      <gpxtpx:hr>112</gpxtpx:hr>
      <gpxtpx:cad>47</gpxtpx:cad>
     </gpxtpx:TrackPointExtension>
    </extensions>
   </trkpt>
   <trkpt lat="46.4337800" lon="12.1154280">
    <ele>1758.6</ele>
    <time>2024-06-02T09:33:30Z</time>
    <extensions>
     <gpxtpx:TrackPointExtension>
      <gpxtpx:atemp>22</gpxtpx:atemp>
      <gpxtpx:hr>109</gpxtpx:hr>
      <gpxtpx:cad>46</gpxtpx:cad>
     </gpxtpx:TrackPointExtension>
    </extensions>
   </trkpt>
   <trkpt lat="46.4338250" lon="12.1154910">
    <ele>1759.0</ele>
    <time>2024-06-02T09:33:35Z</time>
    <extensions>
     <gpxtpx:TrackPointExtension>
      <gpxtpx:atemp>22</gpxtpx:atemp>
      <gpxtpx:hr>108</gpxtpx:hr>
      <gpxtpx:cad>45</gpxtpx:cad>
     </gpxtpx:TrackPointExtension>
    </extensions>
   </trkpt>
   <trkpt lat="46.4338420" lon="12.1155050">
    <ele>1759.0</ele>
    <time>2024-06-02T09:33:36Z</time>
    <extensions>
     <gpxtpx:TrackPointExtension>
      <gpxtpx:atemp>22</gpxtpx:atemp>
      <gpxtpx:hr>107</gpxtpx:hr>
      <gpxtpx:cad>46</gpxtpx:cad>
     </gpxtpx:TrackPointExtension>
    </extensions>
   </trkpt>
   <trkpt lat="46.4339200" lon="12.1155670">
    <ele>1759.8</ele>
    <time>2024-06-02T09:33:42Z</time>
    <extensions>
     <gpxtpx:TrackPointExtension>
      <gpxtpx:atemp>22</gpxtpx:atemp>
      <gpxtpx:hr>105</gpxtpx:hr>
      <gpxtpx:cad>45</gpxtpx:cad>
     </gpxtpx:TrackPointExtension>
    </extensions>
   </trkpt>
   <trkpt lat="46.4339360" lon="12.1155930">
    <ele>1760.0</ele>
    <time>2024-06-02T09:33:44Z</time>
    <extensions>
     <gpxtpx:TrackPointExtension>
      <gpxtpx:atemp>22</gpxtpx:atemp>
      <gpxtpx:hr>106</gpxtpx:hr>
      <gpxtpx:cad>45</gpxtpx:cad>
     </gpxtpx:TrackPointExtension>
    </extensions>
   </trkpt>
   <trkpt lat="46.4339920" lon="12.1156870">
    <ele>1761.2</ele>
    <time>2024-06-02T09:33:51Z</time>
    <extensions>
     <gpxtpx:TrackPointExtension>
      <gpxtpx:atemp>22</gpxtpx:atemp>
      <gpxtpx:hr>106</gpxtpx:hr>
      <gpxtpx:cad>47</gpxtpx:cad>
     </gpxtpx:TrackPointExtension>
    </extensions>
   </trkpt>
   <trkpt lat="46.4339990" lon="12.1157010">
    <ele>1761.2</ele>
    <time>2024-06-02T09:33:52Z</time>
    <extensions>
     <gpxtpx:TrackPointExtension>
      <gpxtpx:atemp>22</gpxtpx:atemp>
      <gpxtpx:hr>107</gpxtpx:hr>
      <gpxtpx:cad>47</gpxtpx:cad>
     </gpxtpx:TrackPointExtension>
    </extensions>
   </trkpt>
   <trkpt lat="46.4340080" lon="12.1157190">
    <ele>1761.6</ele>
    <time>2024-06-02T09:33:54Z</time>
    <extensions>
     <gpxtpx:TrackPointExtension>
      <gpxtpx:atemp>22</gpxtpx:atemp>
      <gpxtpx:hr>110</gpxtpx:hr>
      <gpxtpx:cad>47</gpxtpx:cad>
     </gpxtpx:TrackPointExtension>
    </extensions>
   </trkpt>
   <trkpt lat="46.4340090" lon="12.1157260">
    <ele>1761.8</ele>
    <time>2024-06-02T09:33:55Z</time>
    <extensions>
     <gpxtpx:TrackPointExtension>
      <gpxtpx:atemp>22</gpxtpx:atemp>
      <gpxtpx:hr>107</gpxtpx:hr>
      <gpxtpx:cad>46</gpxtpx:cad>
     </gpxtpx:TrackPointExtension>
    </extensions>
   </trkpt>
   <trkpt lat="46.4340480" lon="12.1157410">
    <ele>1762.4</ele>
    <time>2024-06-02T09:33:59Z</time>
    <extensions>
     <gpxtpx:TrackPointExtension>
      <gpxtpx:atemp>22</gpxtpx:atemp>
      <gpxtpx:hr>105</gpxtpx:hr>
      <gpxtpx:cad>45</gpxtpx:cad>
     </gpxtpx:TrackPointExtension>
    </extensions>
   </trkpt>
   <trkpt lat="46.4340630" lon="12.1157580">
    <ele>1762.8</ele>
    <time>2024-06-02T09:34:02Z</time>
    <extensions>
     <gpxtpx:TrackPointExtension>
      <gpxtpx:atemp>22</gpxtpx:atemp>
      <gpxtpx:hr>107</gpxtpx:hr>
      <gpxtpx:cad>47</gpxtpx:cad>
     </gpxtpx:TrackPointExtension>
    </extensions>
   </trkpt>
   <trkpt lat="46.4341020" lon="12.1158140">
    <ele>1763.4</ele>
    <time>2024-06-02T09:34:07Z</time>
    <extensions>
     <gpxtpx:TrackPointExtension>
      <gpxtpx:atemp>22</gpxtpx:atemp>
      <gpxtpx:hr>108</gpxtpx:hr>
      <gpxtpx:cad>46</gpxtpx:cad>
     </gpxtpx:TrackPointExtension>
    </extensions>
   </trkpt>
   <trkpt lat="46.4341350" lon="12.1158160">
    <ele>1764.0</ele>
    <time>2024-06-02T09:34:10Z</time>
    <extensions>
     <gpxtpx:TrackPointExtension>
      <gpxtpx:atemp>21</gpxtpx:atemp>
      <gpxtpx:hr>106</gpxtpx:hr>
      <gpxtpx:cad>47</gpxtpx:cad>
     </gpxtpx:TrackPointExtension>
    </extensions>
   </trkpt>
   <trkpt lat="46.4341520" lon="12.1158480">
    <ele>1764.4</ele>
    <time>2024-06-02T09:34:14Z</time>
    <extensions>
     <gpxtpx:TrackPointExtension>
      <gpxtpx:atemp>21</gpxtpx:atemp>
      <gpxtpx:hr>107</gpxtpx:hr>
      <gpxtpx:cad>45</gpxtpx:cad>
     </gpxtpx:TrackPointExtension>
    </extensions>
   </trkpt>
   <trkpt lat="46.4342090" lon="12.1159270">
    <ele>1765.6</ele>
    <time>2024-06-02T09:34:21Z</time>
    <extensions>
     <gpxtpx:TrackPointExtension>
      <gpxtpx:atemp>22</gpxtpx:atemp>
      <gpxtpx:hr>107</gpxtpx:hr>
      <gpxtpx:cad>43</gpxtpx:cad>
     </gpxtpx:TrackPointExtension>
    </extensions>
   </trkpt>
   <trkpt lat="46.4342170" lon="12.1159390">
    <ele>1765.8</ele>
    <time>2024-06-02T09:34:22Z</time>
    <extensions>
     <gpxtpx:TrackPointExtension>
      <gpxtpx:atemp>22</gpxtpx:atemp>
      <gpxtpx:hr>107</gpxtpx:hr>
      <gpxtpx:cad>43</gpxtpx:cad>
     </gpxtpx:TrackPointExtension>
    </extensions>
   </trkpt>
   <trkpt lat="46.4342820" lon="12.1160360">
    <ele>1766.6</ele>
    <time>2024-06-02T09:34:29Z</time>
    <extensions>
     <gpxtpx:TrackPointExtension>
      <gpxtpx:atemp>22</gpxtpx:atemp>
      <gpxtpx:hr>107</gpxtpx:hr>
      <gpxtpx:cad>45</gpxtpx:cad>
     </gpxtpx:TrackPointExtension>
    </extensions>
   </trkpt>
   <trkpt lat="46.4342880" lon="12.1160530">
    <ele>1767.0</ele>
    <time>2024-06-02T09:34:31Z</time>
    <extensions>
     <gpxtpx:TrackPointExtension>
      <gpxtpx:atemp>21</gpxtpx:atemp>
      <gpxtpx:hr>106</gpxtpx:hr>
      <gpxtpx:cad>45</gpxtpx:cad>
     </gpxtpx:TrackPointExtension>
    </extensions>
   </trkpt>
   <trkpt lat="46.4343080" lon="12.1161120">
    <ele>1767.4</ele>
    <time>2024-06-02T09:34:35Z</time>
    <extensions>
     <gpxtpx:TrackPointExtension>
      <gpxtpx:atemp>21</gpxtpx:atemp>
      <gpxtpx:hr>107</gpxtpx:hr>
      <gpxtpx:cad>48</gpxtpx:cad>
     </gpxtpx:TrackPointExtension>
    </extensions>
   </trkpt>
   <trkpt lat="46.4343240" lon="12.1161540">
    <ele>1767.8</ele>
    <time>2024-06-02T09:34:38Z</time>
    <extensions>
     <gpxtpx:TrackPointExtension>
      <gpxtpx:atemp>21</gpxtpx:atemp>
      <gpxtpx:hr>107</gpxtpx:hr>
      <gpxtpx:cad>47</gpxtpx:cad>
     </gpxtpx:TrackPointExtension>
    </extensions>
   </trkpt>
   <trkpt lat="46.4343450" lon="12.1161950">
    <ele>1768.4</ele>
    <time>2024-06-02T09:34:41Z</time>
    <extensions>
     <gpxtpx:TrackPointExtension>
      <gpxtpx:atemp>21</gpxtpx:atemp>
      <gpxtpx:hr>105</gpxtpx:hr>
      <gpxtpx:cad>45</gpxtpx:cad>
     </gpxtpx:TrackPointExtension>
    </extensions>
   </trkpt>
   <trkpt lat="46.4343640" lon="12.1162530">
    <ele>1768.8</ele>
    <time>2024-06-02T09:34:45Z</time>
    <extensions>
     <gpxtpx:TrackPointExtension>
      <gpxtpx:atemp>21</gpxtpx:atemp>
      <gpxtpx:hr>106</gpxtpx:hr>
      <gpxtpx:cad>45</gpxtpx:cad>
     </gpxtpx:TrackPointExtension>
    </extensions>
   </trkpt>
   <trkpt lat="46.4344160" lon="12.1163180">
    <ele>1769.4</ele>
    <time>2024-06-02T09:34:50Z</time>
    <extensions>
     <gpxtpx:TrackPointExtension>
      <gpxtpx:atemp>21</gpxtpx:atemp>
      <gpxtpx:hr>105</gpxtpx:hr>
      <gpxtpx:cad>44</gpxtpx:cad>
     </gpxtpx:TrackPointExtension>
    </extensions>
   </trkpt>
   <trkpt lat="46.4344230" lon="12.1163340">
    <ele>1769.6</ele>
    <time>2024-06-02T09:34:51Z</time>
    <extensions>
     <gpxtpx:TrackPointExtension>
      <gpxtpx:atemp>21</gpxtpx:atemp>
      <gpxtpx:hr>105</gpxtpx:hr>
      <gpxtpx:cad>44</gpxtpx:cad>
     </gpxtpx:TrackPointExtension>
    </extensions>
   </trkpt>
   <trkpt lat="46.4344350" lon="12.1163520">
    <ele>1769.8</ele>
    <time>2024-06-02T09:34:52Z</time>
    <extensions>
     <gpxtpx:TrackPointExtension>
      <gpxtpx:atemp>21</gpxtpx:atemp>
      <gpxtpx:hr>105</gpxtpx:hr>
      <gpxtpx:cad>44</gpxtpx:cad>
     </gpxtpx:TrackPointExtension>
    </extensions>
   </trkpt>
   <trkpt lat="46.4344760" lon="12.1164200">
    <ele>1770.4</ele>
    <time>2024-06-02T09:34:56Z</time>
    <extensions>
     <gpxtpx:TrackPointExtension>
      <gpxtpx:atemp>21</gpxtpx:atemp>
      <gpxtpx:hr>105</gpxtpx:hr>
      <gpxtpx:cad>47</gpxtpx:cad>
     </gpxtpx:TrackPointExtension>
    </extensions>
   </trkpt>
   <trkpt lat="46.4344740" lon="12.1164540">
    <ele>1770.8</ele>
    <time>2024-06-02T09:34:59Z</time>
    <extensions>
     <gpxtpx:TrackPointExtension>
      <gpxtpx:atemp>21</gpxtpx:atemp>
      <gpxtpx:hr>107</gpxtpx:hr>
      <gpxtpx:cad>46</gpxtpx:cad>
     </gpxtpx:TrackPointExtension>
    </extensions>
   </trkpt>
   <trkpt lat="46.4344980" lon="12.1164690">
    <ele>1771.4</ele>
    <time>2024-06-02T09:35:03Z</time>
    <extensions>
     <gpxtpx:TrackPointExtension>
      <gpxtpx:atemp>22</gpxtpx:atemp>
      <gpxtpx:hr>109</gpxtpx:hr>
      <gpxtpx:cad>48</gpxtpx:cad>
     </gpxtpx:TrackPointExtension>
    </extensions>
   </trkpt>
   <trkpt lat="46.4345010" lon="12.1164180">
    <ele>1771.8</ele>
    <time>2024-06-02T09:35:11Z</time>
    <extensions>
     <gpxtpx:TrackPointExtension>
      <gpxtpx:atemp>21</gpxtpx:atemp>
      <gpxtpx:hr>111</gpxtpx:hr>
      <gpxtpx:cad>49</gpxtpx:cad>
     </gpxtpx:TrackPointExtension>
    </extensions>
   </trkpt>
   <trkpt lat="46.4344940" lon="12.1163990">
    <ele>1772.0</ele>
    <time>2024-06-02T09:35:12Z</time>
    <extensions>
     <gpxtpx:TrackPointExtension>
      <gpxtpx:atemp>21</gpxtpx:atemp>
      <gpxtpx:hr>111</gpxtpx:hr>
      <gpxtpx:cad>49</gpxtpx:cad>
     </gpxtpx:TrackPointExtension>
    </extensions>
   </trkpt>
   <trkpt lat="46.4345670" lon="12.1164280">
    <ele>1772.8</ele>
    <time>2024-06-02T09:35:18Z</time>
    <extensions>
     <gpxtpx:TrackPointExtension>
      <gpxtpx:atemp>21</gpxtpx:atemp>
      <gpxtpx:hr>111</gpxtpx:hr>
      <gpxtpx:cad>47</gpxtpx:cad>
     </gpxtpx:TrackPointExtension>
    </extensions>
   </trkpt>
   <trkpt lat="46.4345820" lon="12.1164320">
    <ele>1773.2</ele>
    <time>2024-06-02T09:35:20Z</time>
    <extensions>
     <gpxtpx:TrackPointExtension>
      <gpxtpx:atemp>21</gpxtpx:atemp>
      <gpxtpx:hr>111</gpxtpx:hr>
      <gpxtpx:cad>46</gpxtpx:cad>
     </gpxtpx:TrackPointExtension>
    </extensions>
   </trkpt>
   <trkpt lat="46.4345900" lon="12.1164370">
    <ele>1773.2</ele>
    <time>2024-06-02T09:35:21Z</time>
    <extensions>
     <gpxtpx:TrackPointExtension>
      <gpxtpx:atemp>21</gpxtpx:atemp>
      <gpxtpx:hr>114</gpxtpx:hr>
      <gpxtpx:cad>46</gpxtpx:cad>
     </gpxtpx:TrackPointExtension>
    </extensions>
   </trkpt>
   <trkpt lat="46.4346000" lon="12.1164480">
    <ele>1773.4</ele>
    <time>2024-06-02T09:35:22Z</time>
    <extensions>
     <gpxtpx:TrackPointExtension>
      <gpxtpx:atemp>21</gpxtpx:atemp>
      <gpxtpx:hr>111</gpxtpx:hr>
      <gpxtpx:cad>45</gpxtpx:cad>
     </gpxtpx:TrackPointExtension>
    </extensions>
   </trkpt>
   <trkpt lat="46.4346280" lon="12.1164610">
    <ele>1773.6</ele>
    <time>2024-06-02T09:35:24Z</time>
    <extensions>
     <gpxtpx:TrackPointExtension>
      <gpxtpx:atemp>21</gpxtpx:atemp>
      <gpxtpx:hr>111</gpxtpx:hr>
      <gpxtpx:cad>46</gpxtpx:cad>
     </gpxtpx:TrackPointExtension>
    </extensions>
   </trkpt>
   <trkpt lat="46.4346480" lon="12.1164830">
    <ele>1774.0</ele>
    <time>2024-06-02T09:35:26Z</time>
    <extensions>
     <gpxtpx:TrackPointExtension>
      <gpxtpx:atemp>21</gpxtpx:atemp>
      <gpxtpx:hr>112</gpxtpx:hr>
      <gpxtpx:cad>46</gpxtpx:cad>
     </gpxtpx:TrackPointExtension>
    </extensions>
   </trkpt>
   <trkpt lat="46.4346670" lon="12.1164890">
    <ele>1774.2</ele>
    <time>2024-06-02T09:35:28Z</time>
    <extensions>
     <gpxtpx:TrackPointExtension>
      <gpxtpx:atemp>21</gpxtpx:atemp>
      <gpxtpx:hr>112</gpxtpx:hr>
      <gpxtpx:cad>47</gpxtpx:cad>
     </gpxtpx:TrackPointExtension>
    </extensions>
   </trkpt>
   <trkpt lat="46.4347360" lon="12.1165670">
    <ele>1775.2</ele>
    <time>2024-06-02T09:35:35Z</time>
    <extensions>
     <gpxtpx:TrackPointExtension>
      <gpxtpx:atemp>21</gpxtpx:atemp>
      <gpxtpx:hr>112</gpxtpx:hr>
      <gpxtpx:cad>45</gpxtpx:cad>
     </gpxtpx:TrackPointExtension>
    </extensions>
   </trkpt>
   <trkpt lat="46.4347450" lon="12.1165810">
    <ele>1775.2</ele>
    <time>2024-06-02T09:35:36Z</time>
    <extensions>
     <gpxtpx:TrackPointExtension>
      <gpxtpx:atemp>21</gpxtpx:atemp>
      <gpxtpx:hr>112</gpxtpx:hr>
      <gpxtpx:cad>44</gpxtpx:cad>
     </gpxtpx:TrackPointExtension>
    </extensions>
   </trkpt>
   <trkpt lat="46.4347820" lon="12.1166560">
    <ele>1775.8</ele>
    <time>2024-06-02T09:35:41Z</time>
    <extensions>
     <gpxtpx:TrackPointExtension>
      <gpxtpx:atemp>21</gpxtpx:atemp>
      <gpxtpx:hr>111</gpxtpx:hr>
      <gpxtpx:cad>45</gpxtpx:cad>
     </gpxtpx:TrackPointExtension>
    </extensions>
   </trkpt>
   <trkpt lat="46.4347840" lon="12.1167050">
    <ele>1776.2</ele>
    <time>2024-06-02T09:35:44Z</time>
    <extensions>
     <gpxtpx:TrackPointExtension>
      <gpxtpx:atemp>21</gpxtpx:atemp>
      <gpxtpx:hr>110</gpxtpx:hr>
      <gpxtpx:cad>45</gpxtpx:cad>
     </gpxtpx:TrackPointExtension>
    </extensions>
   </trkpt>
   <trkpt lat="46.4348520" lon="12.1167940">
    <ele>1777.2</ele>
    <time>2024-06-02T09:35:51Z</time>
    <extensions>
     <gpxtpx:TrackPointExtension>
      <gpxtpx:atemp>21</gpxtpx:atemp>
      <gpxtpx:hr>109</gpxtpx:hr>
      <gpxtpx:cad>43</gpxtpx:cad>
     </gpxtpx:TrackPointExtension>
    </extensions>
   </trkpt>
   <trkpt lat="46.4348470" lon="12.1167980">
    <ele>1777.4</ele>
    <time>2024-06-02T09:35:52Z</time>
    <extensions>
     <gpxtpx:TrackPointExtension>
      <gpxtpx:atemp>21</gpxtpx:atemp>
      <gpxtpx:hr>107</gpxtpx:hr>
      <gpxtpx:cad>43</gpxtpx:cad>
     </gpxtpx:TrackPointExtension>
    </extensions>
   </trkpt>
   <trkpt lat="46.4348630" lon="12.1168420">
    <ele>1777.6</ele>
    <time>2024-06-02T09:35:56Z</time>
    <extensions>
     <gpxtpx:TrackPointExtension>
      <gpxtpx:atemp>21</gpxtpx:atemp>
      <gpxtpx:hr>111</gpxtpx:hr>
      <gpxtpx:cad>45</gpxtpx:cad>
     </gpxtpx:TrackPointExtension>
    </extensions>
   </trkpt>
   <trkpt lat="46.4348780" lon="12.1168650">
    <ele>1778.2</ele>
    <time>2024-06-02T09:35:58Z</time>
    <extensions>
     <gpxtpx:TrackPointExtension>
      <gpxtpx:atemp>21</gpxtpx:atemp>
      <gpxtpx:hr>114</gpxtpx:hr>
      <gpxtpx:cad>45</gpxtpx:cad>
     </gpxtpx:TrackPointExtension>
    </extensions>
   </trkpt>
   <trkpt lat="46.4348870" lon="12.1168960">
    <ele>1778.4</ele>
    <time>2024-06-02T09:36:00Z</time>
    <extensions>
     <gpxtpx:TrackPointExtension>
      <gpxtpx:atemp>21</gpxtpx:atemp>
      <gpxtpx:hr>117</gpxtpx:hr>
      <gpxtpx:cad>46</gpxtpx:cad>
     </gpxtpx:TrackPointExtension>
    </extensions>
   </trkpt>
   <trkpt lat="46.4349170" lon="12.1170110">
    <ele>1779.4</ele>
    <time>2024-06-02T09:36:09Z</time>
    <extensions>
     <gpxtpx:TrackPointExtension>
      <gpxtpx:atemp>21</gpxtpx:atemp>
      <gpxtpx:hr>116</gpxtpx:hr>
      <gpxtpx:cad>49</gpxtpx:cad>
     </gpxtpx:TrackPointExtension>
    </extensions>
   </trkpt>
   <trkpt lat="46.4349400" lon="12.1171280">
    <ele>1780.4</ele>
    <time>2024-06-02T09:36:17Z</time>
    <extensions>
     <gpxtpx:TrackPointExtension>
      <gpxtpx:atemp>21</gpxtpx:atemp>
      <gpxtpx:hr>115</gpxtpx:hr>
      <gpxtpx:cad>46</gpxtpx:cad>
     </gpxtpx:TrackPointExtension>
    </extensions>
   </trkpt>
   <trkpt lat="46.4349390" lon="12.1171360">
    <ele>1780.6</ele>
    <time>2024-06-02T09:36:18Z</time>
    <extensions>
     <gpxtpx:TrackPointExtension>
      <gpxtpx:atemp>21</gpxtpx:atemp>
      <gpxtpx:hr>115</gpxtpx:hr>
      <gpxtpx:cad>46</gpxtpx:cad>
     </gpxtpx:TrackPointExtension>
    </extensions>
   </trkpt>
   <trkpt lat="46.4349950" lon="12.1172230">
    <ele>1781.2</ele>
    <time>2024-06-02T09:36:25Z</time>
    <extensions>
     <gpxtpx:TrackPointExtension>
      <gpxtpx:atemp>21</gpxtpx:atemp>
      <gpxtpx:hr>115</gpxtpx:hr>
      <gpxtpx:cad>46</gpxtpx:cad>
     </gpxtpx:TrackPointExtension>
    </extensions>
   </trkpt>
   <trkpt lat="46.4350170" lon="12.1172620">
    <ele>1781.8</ele>
    <time>2024-06-02T09:36:28Z</time>
    <extensions>
     <gpxtpx:TrackPointExtension>
      <gpxtpx:atemp>21</gpxtpx:atemp>
      <gpxtpx:hr>115</gpxtpx:hr>
      <gpxtpx:cad>44</gpxtpx:cad>
     </gpxtpx:TrackPointExtension>
    </extensions>
   </trkpt>
   <trkpt lat="46.4350560" lon="12.1173110">
    <ele>1782.4</ele>
    <time>2024-06-02T09:36:33Z</time>
    <extensions>
     <gpxtpx:TrackPointExtension>
      <gpxtpx:atemp>22</gpxtpx:atemp>
      <gpxtpx:hr>116</gpxtpx:hr>
      <gpxtpx:cad>46</gpxtpx:cad>
     </gpxtpx:TrackPointExtension>
    </extensions>
   </trkpt>
   <trkpt lat="46.4350780" lon="12.1173400">
    <ele>1782.6</ele>
    <time>2024-06-02T09:36:36Z</time>
    <extensions>
     <gpxtpx:TrackPointExtension>
      <gpxtpx:atemp>22</gpxtpx:atemp>
      <gpxtpx:hr>116</gpxtpx:hr>
      <gpxtpx:cad>46</gpxtpx:cad>
     </gpxtpx:TrackPointExtension>
    </extensions>
   </trkpt>
   <trkpt lat="46.4350860" lon="12.1173480">
    <ele>1782.8</ele>
    <time>2024-06-02T09:36:37Z</time>
    <extensions>
     <gpxtpx:TrackPointExtension>
      <gpxtpx:atemp>22</gpxtpx:atemp>
      <gpxtpx:hr>116</gpxtpx:hr>
      <gpxtpx:cad>45</gpxtpx:cad>
     </gpxtpx:TrackPointExtension>
    </extensions>
   </trkpt>
   <trkpt lat="46.4351450" lon="12.1174430">
    <ele>1783.8</ele>
    <time>2024-06-02T09:36:46Z</time>
    <extensions>
     <gpxtpx:TrackPointExtension>
      <gpxtpx:atemp>22</gpxtpx:atemp>
      <gpxtpx:hr>115</gpxtpx:hr>
      <gpxtpx:cad>45</gpxtpx:cad>
     </gpxtpx:TrackPointExtension>
    </extensions>
   </trkpt>
   <trkpt lat="46.4351530" lon="12.1174510">
    <ele>1784.0</ele>
    <time>2024-06-02T09:36:47Z</time>
    <extensions>
     <gpxtpx:TrackPointExtension>
      <gpxtpx:atemp>22</gpxtpx:atemp>
      <gpxtpx:hr>114</gpxtpx:hr>
      <gpxtpx:cad>45</gpxtpx:cad>
     </gpxtpx:TrackPointExtension>
    </extensions>
   </trkpt>
   <trkpt lat="46.4352090" lon="12.1174730">
    <ele>1785.0</ele>
    <time>2024-06-02T09:36:54Z</time>
    <extensions>
     <gpxtpx:TrackPointExtension>
      <gpxtpx:atemp>21</gpxtpx:atemp>
      <gpxtpx:hr>109</gpxtpx:hr>
      <gpxtpx:cad>45</gpxtpx:cad>
     </gpxtpx:TrackPointExtension>
    </extensions>
   </trkpt>
   <trkpt lat="46.4352180" lon="12.1174710">
    <ele>1785.0</ele>
    <time>2024-06-02T09:36:55Z</time>
    <extensions>
     <gpxtpx:TrackPointExtension>
      <gpxtpx:atemp>22</gpxtpx:atemp>
      <gpxtpx:hr>109</gpxtpx:hr>
      <gpxtpx:cad>45</gpxtpx:cad>
     </gpxtpx:TrackPointExtension>
    </extensions>
   </trkpt>
   <trkpt lat="46.4352250" lon="12.1174680">
    <ele>1785.2</ele>
    <time>2024-06-02T09:36:56Z</time>
    <extensions>
     <gpxtpx:TrackPointExtension>
      <gpxtpx:atemp>22</gpxtpx:atemp>
      <gpxtpx:hr>112</gpxtpx:hr>
      <gpxtpx:cad>44</gpxtpx:cad>
     </gpxtpx:TrackPointExtension>
    </extensions>
   </trkpt>
   <trkpt lat="46.4352520" lon="12.1174660">
    <ele>1785.6</ele>
    <time>2024-06-02T09:36:59Z</time>
    <extensions>
     <gpxtpx:TrackPointExtension>
      <gpxtpx:atemp>22</gpxtpx:atemp>
      <gpxtpx:hr>109</gpxtpx:hr>
      <gpxtpx:cad>44</gpxtpx:cad>
     </gpxtpx:TrackPointExtension>
    </extensions>
   </trkpt>
   <trkpt lat="46.4352600" lon="12.1174620">
    <ele>1785.8</ele>
    <time>2024-06-02T09:37:00Z</time>
    <extensions>
     <gpxtpx:TrackPointExtension>
      <gpxtpx:atemp>22</gpxtpx:atemp>
      <gpxtpx:hr>112</gpxtpx:hr>
      <gpxtpx:cad>45</gpxtpx:cad>
     </gpxtpx:TrackPointExtension>
    </extensions>
   </trkpt>
   <trkpt lat="46.4352780" lon="12.1174580">
    <ele>1786.0</ele>
    <time>2024-06-02T09:37:02Z</time>
    <extensions>
     <gpxtpx:TrackPointExtension>
      <gpxtpx:atemp>22</gpxtpx:atemp>
      <gpxtpx:hr>113</gpxtpx:hr>
      <gpxtpx:cad>45</gpxtpx:cad>
     </gpxtpx:TrackPointExtension>
    </extensions>
   </trkpt>
   <trkpt lat="46.4352900" lon="12.1174580">
    <ele>1786.2</ele>
    <time>2024-06-02T09:37:03Z</time>
    <extensions>
     <gpxtpx:TrackPointExtension>
      <gpxtpx:atemp>22</gpxtpx:atemp>
      <gpxtpx:hr>112</gpxtpx:hr>
      <gpxtpx:cad>45</gpxtpx:cad>
     </gpxtpx:TrackPointExtension>
    </extensions>
   </trkpt>
   <trkpt lat="46.4353430" lon="12.1174160">
    <ele>1787.0</ele>
    <time>2024-06-02T09:37:10Z</time>
    <extensions>
     <gpxtpx:TrackPointExtension>
      <gpxtpx:atemp>22</gpxtpx:atemp>
      <gpxtpx:hr>112</gpxtpx:hr>
      <gpxtpx:cad>46</gpxtpx:cad>
     </gpxtpx:TrackPointExtension>
    </extensions>
   </trkpt>
   <trkpt lat="46.4354090" lon="12.1173040">
    <ele>1788.0</ele>
    <time>2024-06-02T09:37:19Z</time>
    <extensions>
     <gpxtpx:TrackPointExtension>
      <gpxtpx:atemp>22</gpxtpx:atemp>
      <gpxtpx:hr>113</gpxtpx:hr>
      <gpxtpx:cad>45</gpxtpx:cad>
     </gpxtpx:TrackPointExtension>
    </extensions>
   </trkpt>
   <trkpt lat="46.4354170" lon="12.1172900">
    <ele>1788.2</ele>
    <time>2024-06-02T09:37:20Z</time>
    <extensions>
     <gpxtpx:TrackPointExtension>
      <gpxtpx:atemp>22</gpxtpx:atemp>
      <gpxtpx:hr>113</gpxtpx:hr>
      <gpxtpx:cad>45</gpxtpx:cad>
     </gpxtpx:TrackPointExtension>
    </extensions>
   </trkpt>
   <trkpt lat="46.4354540" lon="12.1171920">
    <ele>1789.0</ele>
    <time>2024-06-02T09:37:26Z</time>
    <extensions>
     <gpxtpx:TrackPointExtension>
      <gpxtpx:atemp>22</gpxtpx:atemp>
      <gpxtpx:hr>113</gpxtpx:hr>
      <gpxtpx:cad>47</gpxtpx:cad>
     </gpxtpx:TrackPointExtension>
    </extensions>
   </trkpt>
   <trkpt lat="46.4354620" lon="12.1171620">
    <ele>1789.2</ele>
    <time>2024-06-02T09:37:28Z</time>
    <extensions>
     <gpxtpx:TrackPointExtension>
      <gpxtpx:atemp>22</gpxtpx:atemp>
      <gpxtpx:hr>113</gpxtpx:hr>
      <gpxtpx:cad>46</gpxtpx:cad>
     </gpxtpx:TrackPointExtension>
    </extensions>
   </trkpt>
   <trkpt lat="46.4355090" lon="12.1170610">
    <ele>1790.2</ele>
    <time>2024-06-02T09:37:36Z</time>
    <extensions>
     <gpxtpx:TrackPointExtension>
      <gpxtpx:atemp>22</gpxtpx:atemp>
      <gpxtpx:hr>111</gpxtpx:hr>
      <gpxtpx:cad>43</gpxtpx:cad>
     </gpxtpx:TrackPointExtension>
    </extensions>
   </trkpt>
   <trkpt lat="46.4355180" lon="12.1170510">
    <ele>1790.2</ele>
    <time>2024-06-02T09:37:37Z</time>
    <extensions>
     <gpxtpx:TrackPointExtension>
      <gpxtpx:atemp>22</gpxtpx:atemp>
      <gpxtpx:hr>111</gpxtpx:hr>
      <gpxtpx:cad>42</gpxtpx:cad>
     </gpxtpx:TrackPointExtension>
    </extensions>
   </trkpt>
   <trkpt lat="46.4355240" lon="12.1170380">
    <ele>1790.4</ele>
    <time>2024-06-02T09:37:38Z</time>
    <extensions>
     <gpxtpx:TrackPointExtension>
      <gpxtpx:atemp>22</gpxtpx:atemp>
      <gpxtpx:hr>111</gpxtpx:hr>
      <gpxtpx:cad>42</gpxtpx:cad>
     </gpxtpx:TrackPointExtension>
    </extensions>
   </trkpt>
   <trkpt lat="46.4355350" lon="12.1169990">
    <ele>1790.8</ele>
    <time>2024-06-02T09:37:41Z</time>
    <extensions>
     <gpxtpx:TrackPointExtension>
      <gpxtpx:atemp>22</gpxtpx:atemp>
      <gpxtpx:hr>106</gpxtpx:hr>
      <gpxtpx:cad>43</gpxtpx:cad>
     </gpxtpx:TrackPointExtension>
    </extensions>
   </trkpt>
   <trkpt lat="46.4355430" lon="12.1169940">
    <ele>1791.0</ele>
    <time>2024-06-02T09:37:42Z</time>
    <extensions>
     <gpxtpx:TrackPointExtension>
      <gpxtpx:atemp>22</gpxtpx:atemp>
      <gpxtpx:hr>107</gpxtpx:hr>
      <gpxtpx:cad>44</gpxtpx:cad>
     </gpxtpx:TrackPointExtension>
    </extensions>
   </trkpt>
   <trkpt lat="46.4355490" lon="12.1169830">
    <ele>1791.0</ele>
    <time>2024-06-02T09:37:43Z</time>
    <extensions>
     <gpxtpx:TrackPointExtension>
      <gpxtpx:atemp>22</gpxtpx:atemp>
      <gpxtpx:hr>110</gpxtpx:hr>
      <gpxtpx:cad>44</gpxtpx:cad>
     </gpxtpx:TrackPointExtension>
    </extensions>
   </trkpt>
   <trkpt lat="46.4355560" lon="12.1169440">
    <ele>1791.4</ele>
    <time>2024-06-02T09:37:45Z</time>
    <extensions>
     <gpxtpx:TrackPointExtension>
      <gpxtpx:atemp>22</gpxtpx:atemp>
      <gpxtpx:hr>109</gpxtpx:hr>
      <gpxtpx:cad>45</gpxtpx:cad>
     </gpxtpx:TrackPointExtension>
    </extensions>
   </trkpt>
   <trkpt lat="46.4355680" lon="12.1168980">
    <ele>1791.8</ele>
    <time>2024-06-02T09:37:49Z</time>
    <extensions>
     <gpxtpx:TrackPointExtension>
      <gpxtpx:atemp>22</gpxtpx:atemp>
      <gpxtpx:hr>109</gpxtpx:hr>
      <gpxtpx:cad>45</gpxtpx:cad>
     </gpxtpx:TrackPointExtension>
    </extensions>
   </trkpt>
   <trkpt lat="46.4355810" lon="12.1168720">
    <ele>1792.2</ele>
    <time>2024-06-02T09:37:52Z</time>
    <extensions>
     <gpxtpx:TrackPointExtension>
      <gpxtpx:atemp>22</gpxtpx:atemp>
      <gpxtpx:hr>108</gpxtpx:hr>
      <gpxtpx:cad>45</gpxtpx:cad>
     </gpxtpx:TrackPointExtension>
    </extensions>
   </trkpt>
   <trkpt lat="46.4355910" lon="12.1168610">
    <ele>1792.4</ele>
    <time>2024-06-02T09:37:53Z</time>
    <extensions>
     <gpxtpx:TrackPointExtension>
      <gpxtpx:atemp>22</gpxtpx:atemp>
      <gpxtpx:hr>111</gpxtpx:hr>
      <gpxtpx:cad>45</gpxtpx:cad>
     </gpxtpx:TrackPointExtension>
    </extensions>
   </trkpt>
   <trkpt lat="46.4355980" lon="12.1168430">
    <ele>1792.6</ele>
    <time>2024-06-02T09:37:54Z</time>
    <extensions>
     <gpxtpx:TrackPointExtension>
      <gpxtpx:atemp>22</gpxtpx:atemp>
      <gpxtpx:hr>108</gpxtpx:hr>
      <gpxtpx:cad>46</gpxtpx:cad>
     </gpxtpx:TrackPointExtension>
    </extensions>
   </trkpt>
   <trkpt lat="46.4356090" lon="12.1168290">
    <ele>1792.8</ele>
    <time>2024-06-02T09:37:55Z</time>
    <extensions>
     <gpxtpx:TrackPointExtension>
      <gpxtpx:atemp>22</gpxtpx:atemp>
      <gpxtpx:hr>108</gpxtpx:hr>
      <gpxtpx:cad>46</gpxtpx:cad>
     </gpxtpx:TrackPointExtension>
    </extensions>
   </trkpt>
   <trkpt lat="46.4356760" lon="12.1167670">
    <ele>1793.4</ele>
    <time>2024-06-02T09:38:01Z</time>
    <extensions>
     <gpxtpx:TrackPointExtension>
      <gpxtpx:atemp>22</gpxtpx:atemp>
      <gpxtpx:hr>107</gpxtpx:hr>
      <gpxtpx:cad>48</gpxtpx:cad>
     </gpxtpx:TrackPointExtension>
    </extensions>
   </trkpt>
   <trkpt lat="46.4356910" lon="12.1167610">
    <ele>1793.4</ele>
    <time>2024-06-02T09:38:02Z</time>
    <extensions>
     <gpxtpx:TrackPointExtension>
      <gpxtpx:atemp>22</gpxtpx:atemp>
      <gpxtpx:hr>107</gpxtpx:hr>
      <gpxtpx:cad>47</gpxtpx:cad>
     </gpxtpx:TrackPointExtension>
    </extensions>
   </trkpt>
   <trkpt lat="46.4357010" lon="12.1167500">
    <ele>1793.4</ele>
    <time>2024-06-02T09:38:03Z</time>
    <extensions>
     <gpxtpx:TrackPointExtension>
      <gpxtpx:atemp>22</gpxtpx:atemp>
      <gpxtpx:hr>108</gpxtpx:hr>
      <gpxtpx:cad>46</gpxtpx:cad>
     </gpxtpx:TrackPointExtension>
    </extensions>
   </trkpt>
   <trkpt lat="46.4357280" lon="12.1167440">
    <ele>1793.6</ele>
    <time>2024-06-02T09:38:05Z</time>
    <extensions>
     <gpxtpx:TrackPointExtension>
      <gpxtpx:atemp>22</gpxtpx:atemp>
      <gpxtpx:hr>107</gpxtpx:hr>
      <gpxtpx:cad>46</gpxtpx:cad>
     </gpxtpx:TrackPointExtension>
    </extensions>
   </trkpt>
   <trkpt lat="46.4357710" lon="12.1167530">
    <ele>1793.8</ele>
    <time>2024-06-02T09:38:07Z</time>
    <extensions>
     <gpxtpx:TrackPointExtension>
      <gpxtpx:atemp>22</gpxtpx:atemp>
      <gpxtpx:hr>108</gpxtpx:hr>
      <gpxtpx:cad>46</gpxtpx:cad>
     </gpxtpx:TrackPointExtension>
    </extensions>
   </trkpt>
   <trkpt lat="46.4357840" lon="12.1167370">
    <ele>1794.0</ele>
    <time>2024-06-02T09:38:09Z</time>
    <extensions>
     <gpxtpx:TrackPointExtension>
      <gpxtpx:atemp>22</gpxtpx:atemp>
      <gpxtpx:hr>108</gpxtpx:hr>
      <gpxtpx:cad>46</gpxtpx:cad>
     </gpxtpx:TrackPointExtension>
    </extensions>
   </trkpt>
   <trkpt lat="46.4357940" lon="12.1167130">
    <ele>1794.2</ele>
    <time>2024-06-02T09:38:11Z</time>
    <extensions>
     <gpxtpx:TrackPointExtension>
      <gpxtpx:atemp>22</gpxtpx:atemp>
      <gpxtpx:hr>107</gpxtpx:hr>
      <gpxtpx:cad>46</gpxtpx:cad>
     </gpxtpx:TrackPointExtension>
    </extensions>
   </trkpt>
   <trkpt lat="46.4358090" lon="12.1166860">
    <ele>1794.4</ele>
    <time>2024-06-02T09:38:13Z</time>
    <extensions>
     <gpxtpx:TrackPointExtension>
      <gpxtpx:atemp>22</gpxtpx:atemp>
      <gpxtpx:hr>108</gpxtpx:hr>
      <gpxtpx:cad>47</gpxtpx:cad>
     </gpxtpx:TrackPointExtension>
    </extensions>
   </trkpt>
   <trkpt lat="46.4358150" lon="12.1166490">
    <ele>1794.6</ele>
    <time>2024-06-02T09:38:15Z</time>
    <extensions>
     <gpxtpx:TrackPointExtension>
      <gpxtpx:atemp>22</gpxtpx:atemp>
      <gpxtpx:hr>109</gpxtpx:hr>
      <gpxtpx:cad>46</gpxtpx:cad>
     </gpxtpx:TrackPointExtension>
    </extensions>
   </trkpt>
   <trkpt lat="46.4358300" lon="12.1166340">
    <ele>1794.8</ele>
    <time>2024-06-02T09:38:17Z</time>
    <extensions>
     <gpxtpx:TrackPointExtension>
      <gpxtpx:atemp>22</gpxtpx:atemp>
      <gpxtpx:hr>108</gpxtpx:hr>
      <gpxtpx:cad>46</gpxtpx:cad>
     </gpxtpx:TrackPointExtension>
    </extensions>
   </trkpt>
   <trkpt lat="46.4358420" lon="12.1166240">
    <ele>1794.8</ele>
    <time>2024-06-02T09:38:18Z</time>
    <extensions>
     <gpxtpx:TrackPointExtension>
      <gpxtpx:atemp>22</gpxtpx:atemp>
      <gpxtpx:hr>109</gpxtpx:hr>
      <gpxtpx:cad>47</gpxtpx:cad>
     </gpxtpx:TrackPointExtension>
    </extensions>
   </trkpt>
   <trkpt lat="46.4358740" lon="12.1165730">
    <ele>1795.2</ele>
    <time>2024-06-02T09:38:22Z</time>
    <extensions>
     <gpxtpx:TrackPointExtension>
      <gpxtpx:atemp>22</gpxtpx:atemp>
      <gpxtpx:hr>107</gpxtpx:hr>
      <gpxtpx:cad>46</gpxtpx:cad>
     </gpxtpx:TrackPointExtension>
    </extensions>
   </trkpt>
   <trkpt lat="46.4359190" lon="12.1165260">
    <ele>1795.8</ele>
    <time>2024-06-02T09:38:27Z</time>
    <extensions>
     <gpxtpx:TrackPointExtension>
      <gpxtpx:atemp>22</gpxtpx:atemp>
      <gpxtpx:hr>106</gpxtpx:hr>
      <gpxtpx:cad>47</gpxtpx:cad>
     </gpxtpx:TrackPointExtension>
    </extensions>
   </trkpt>
   <trkpt lat="46.4359500" lon="12.1164800">
    <ele>1796.2</ele>
    <time>2024-06-02T09:38:31Z</time>
    <extensions>
     <gpxtpx:TrackPointExtension>
      <gpxtpx:atemp>22</gpxtpx:atemp>
      <gpxtpx:hr>106</gpxtpx:hr>
      <gpxtpx:cad>46</gpxtpx:cad>
     </gpxtpx:TrackPointExtension>
    </extensions>
   </trkpt>
   <trkpt lat="46.4359960" lon="12.1164170">
    <ele>1796.8</ele>
    <time>2024-06-02T09:38:37Z</time>
    <extensions>
     <gpxtpx:TrackPointExtension>
      <gpxtpx:atemp>22</gpxtpx:atemp>
      <gpxtpx:hr>109</gpxtpx:hr>
      <gpxtpx:cad>46</gpxtpx:cad>
     </gpxtpx:TrackPointExtension>
    </extensions>
   </trkpt>
   <trkpt lat="46.4360100" lon="12.1164020">
    <ele>1797.2</ele>
    <time>2024-06-02T09:38:39Z</time>
    <extensions>
     <gpxtpx:TrackPointExtension>
      <gpxtpx:atemp>22</gpxtpx:atemp>
      <gpxtpx:hr>110</gpxtpx:hr>
      <gpxtpx:cad>46</gpxtpx:cad>
     </gpxtpx:TrackPointExtension>
    </extensions>
   </trkpt>
   <trkpt lat="46.4360450" lon="12.1163290">
    <ele>1798.0</ele>
    <time>2024-06-02T09:38:45Z</time>
    <extensions>
     <gpxtpx:TrackPointExtension>
      <gpxtpx:atemp>22</gpxtpx:atemp>
      <gpxtpx:hr>110</gpxtpx:hr>
      <gpxtpx:cad>46</gpxtpx:cad>
     </gpxtpx:TrackPointExtension>
    </extensions>
   </trkpt>
   <trkpt lat="46.4360700" lon="12.1162980">
    <ele>1798.2</ele>
    <time>2024-06-02T09:38:48Z</time>
    <extensions>
     <gpxtpx:TrackPointExtension>
      <gpxtpx:atemp>22</gpxtpx:atemp>
      <gpxtpx:hr>111</gpxtpx:hr>
      <gpxtpx:cad>44</gpxtpx:cad>
     </gpxtpx:TrackPointExtension>
    </extensions>
   </trkpt>
   <trkpt lat="46.4360970" lon="12.1162710">
    <ele>1798.8</ele>
    <time>2024-06-02T09:38:51Z</time>
    <extensions>
     <gpxtpx:TrackPointExtension>
      <gpxtpx:atemp>22</gpxtpx:atemp>
      <gpxtpx:hr>111</gpxtpx:hr>
      <gpxtpx:cad>44</gpxtpx:cad>
     </gpxtpx:TrackPointExtension>
    </extensions>
   </trkpt>
   <trkpt lat="46.4361140" lon="12.1162480">
    <ele>1799.0</ele>
    <time>2024-06-02T09:38:53Z</time>
    <extensions>
     <gpxtpx:TrackPointExtension>
      <gpxtpx:atemp>22</gpxtpx:atemp>
      <gpxtpx:hr>112</gpxtpx:hr>
      <gpxtpx:cad>44</gpxtpx:cad>
     </gpxtpx:TrackPointExtension>
    </extensions>
   </trkpt>
   <trkpt lat="46.4361310" lon="12.1162270">
    <ele>1799.2</ele>
    <time>2024-06-02T09:38:55Z</time>
    <extensions>
     <gpxtpx:TrackPointExtension>
      <gpxtpx:atemp>22</gpxtpx:atemp>
      <gpxtpx:hr>112</gpxtpx:hr>
      <gpxtpx:cad>45</gpxtpx:cad>
     </gpxtpx:TrackPointExtension>
    </extensions>
   </trkpt>
   <trkpt lat="46.4361540" lon="12.1162050">
    <ele>1799.6</ele>
    <time>2024-06-02T09:38:58Z</time>
    <extensions>
     <gpxtpx:TrackPointExtension>
      <gpxtpx:atemp>22</gpxtpx:atemp>
      <gpxtpx:hr>111</gpxtpx:hr>
      <gpxtpx:cad>45</gpxtpx:cad>
     </gpxtpx:TrackPointExtension>
    </extensions>
   </trkpt>
   <trkpt lat="46.4361740" lon="12.1161670">
    <ele>1799.8</ele>
    <time>2024-06-02T09:39:01Z</time>
    <extensions>
     <gpxtpx:TrackPointExtension>
      <gpxtpx:atemp>22</gpxtpx:atemp>
      <gpxtpx:hr>112</gpxtpx:hr>
      <gpxtpx:cad>45</gpxtpx:cad>
     </gpxtpx:TrackPointExtension>
    </extensions>
   </trkpt>
   <trkpt lat="46.4361760" lon="12.1161520">
    <ele>1800.0</ele>
    <time>2024-06-02T09:39:02Z</time>
    <extensions>
     <gpxtpx:TrackPointExtension>
      <gpxtpx:atemp>22</gpxtpx:atemp>
      <gpxtpx:hr>113</gpxtpx:hr>
      <gpxtpx:cad>45</gpxtpx:cad>
     </gpxtpx:TrackPointExtension>
    </extensions>
   </trkpt>
   <trkpt lat="46.4361840" lon="12.1161410">
    <ele>1800.2</ele>
    <time>2024-06-02T09:39:03Z</time>
    <extensions>
     <gpxtpx:TrackPointExtension>
      <gpxtpx:atemp>22</gpxtpx:atemp>
      <gpxtpx:hr>112</gpxtpx:hr>
      <gpxtpx:cad>45</gpxtpx:cad>
     </gpxtpx:TrackPointExtension>
    </extensions>
   </trkpt>
   <trkpt lat="46.4362030" lon="12.1160650">
    <ele>1800.6</ele>
    <time>2024-06-02T09:39:08Z</time>
    <extensions>
     <gpxtpx:TrackPointExtension>
      <gpxtpx:atemp>22</gpxtpx:atemp>
      <gpxtpx:hr>111</gpxtpx:hr>
      <gpxtpx:cad>45</gpxtpx:cad>
     </gpxtpx:TrackPointExtension>
    </extensions>
   </trkpt>
   <trkpt lat="46.4362100" lon="12.1160280">
    <ele>1801.0</ele>
    <time>2024-06-02T09:39:10Z</time>
    <extensions>
     <gpxtpx:TrackPointExtension>
      <gpxtpx:atemp>22</gpxtpx:atemp>
      <gpxtpx:hr>112</gpxtpx:hr>
      <gpxtpx:cad>45</gpxtpx:cad>
     </gpxtpx:TrackPointExtension>
    </extensions>
   </trkpt>
   <trkpt lat="46.4362160" lon="12.1160120">
    <ele>1801.0</ele>
    <time>2024-06-02T09:39:11Z</time>
    <extensions>
     <gpxtpx:TrackPointExtension>
      <gpxtpx:atemp>22</gpxtpx:atemp>
      <gpxtpx:hr>112</gpxtpx:hr>
      <gpxtpx:cad>45</gpxtpx:cad>
     </gpxtpx:TrackPointExtension>
    </extensions>
   </trkpt>
   <trkpt lat="46.4362430" lon="12.1159640">
    <ele>1801.8</ele>
    <time>2024-06-02T09:39:15Z</time>
    <extensions>
     <gpxtpx:TrackPointExtension>
      <gpxtpx:atemp>22</gpxtpx:atemp>
      <gpxtpx:hr>115</gpxtpx:hr>
      <gpxtpx:cad>49</gpxtpx:cad>
     </gpxtpx:TrackPointExtension>
    </extensions>
   </trkpt>
   <trkpt lat="46.4362810" lon="12.1159370">
    <ele>1802.2</ele>
    <time>2024-06-02T09:39:19Z</time>
    <extensions>
     <gpxtpx:TrackPointExtension>
      <gpxtpx:atemp>22</gpxtpx:atemp>
      <gpxtpx:hr>111</gpxtpx:hr>
      <gpxtpx:cad>48</gpxtpx:cad>
     </gpxtpx:TrackPointExtension>
    </extensions>
   </trkpt>
   <trkpt lat="46.4363330" lon="12.1158730">
    <ele>1802.6</ele>
    <time>2024-06-02T09:39:26Z</time>
    <extensions>
     <gpxtpx:TrackPointExtension>
      <gpxtpx:atemp>22</gpxtpx:atemp>
      <gpxtpx:hr>111</gpxtpx:hr>
      <gpxtpx:cad>48</gpxtpx:cad>
     </gpxtpx:TrackPointExtension>
    </extensions>
   </trkpt>
   <trkpt lat="46.4363430" lon="12.1157520">
    <ele>1803.2</ele>
    <time>2024-06-02T09:39:32Z</time>
    <extensions>
     <gpxtpx:TrackPointExtension>
      <gpxtpx:atemp>22</gpxtpx:atemp>
      <gpxtpx:hr>112</gpxtpx:hr>
      <gpxtpx:cad>48</gpxtpx:cad>
     </gpxtpx:TrackPointExtension>
    </extensions>
   </trkpt>
   <trkpt lat="46.4363410" lon="12.1157140">
    <ele>1803.4</ele>
    <time>2024-06-02T09:39:34Z</time>
    <extensions>
     <gpxtpx:TrackPointExtension>
      <gpxtpx:atemp>22</gpxtpx:atemp>
      <gpxtpx:hr>112</gpxtpx:hr>
      <gpxtpx:cad>49</gpxtpx:cad>
     </gpxtpx:TrackPointExtension>
    </extensions>
   </trkpt>
   <trkpt lat="46.4363420" lon="12.1156980">
    <ele>1803.6</ele>
    <time>2024-06-02T09:39:35Z</time>
    <extensions>
     <gpxtpx:TrackPointExtension>
      <gpxtpx:atemp>22</gpxtpx:atemp>
      <gpxtpx:hr>112</gpxtpx:hr>
      <gpxtpx:cad>48</gpxtpx:cad>
     </gpxtpx:TrackPointExtension>
    </extensions>
   </trkpt>
   <trkpt lat="46.4363730" lon="12.1156410">
    <ele>1804.0</ele>
    <time>2024-06-02T09:39:40Z</time>
    <extensions>
     <gpxtpx:TrackPointExtension>
      <gpxtpx:atemp>22</gpxtpx:atemp>
      <gpxtpx:hr>112</gpxtpx:hr>
      <gpxtpx:cad>47</gpxtpx:cad>
     </gpxtpx:TrackPointExtension>
    </extensions>
   </trkpt>
   <trkpt lat="46.4363870" lon="12.1156190">
    <ele>1804.2</ele>
    <time>2024-06-02T09:39:42Z</time>
    <extensions>
     <gpxtpx:TrackPointExtension>
      <gpxtpx:atemp>22</gpxtpx:atemp>
      <gpxtpx:hr>113</gpxtpx:hr>
      <gpxtpx:cad>46</gpxtpx:cad>
     </gpxtpx:TrackPointExtension>
    </extensions>
   </trkpt>
   <trkpt lat="46.4364040" lon="12.1155550">
    <ele>1804.8</ele>
    <time>2024-06-02T09:39:47Z</time>
    <extensions>
     <gpxtpx:TrackPointExtension>
      <gpxtpx:atemp>22</gpxtpx:atemp>
      <gpxtpx:hr>113</gpxtpx:hr>
      <gpxtpx:cad>45</gpxtpx:cad>
     </gpxtpx:TrackPointExtension>
    </extensions>
   </trkpt>
   <trkpt lat="46.4364190" lon="12.1155130">
    <ele>1805.2</ele>
    <time>2024-06-02T09:39:50Z</time>
    <extensions>
     <gpxtpx:TrackPointExtension>
      <gpxtpx:atemp>22</gpxtpx:atemp>
      <gpxtpx:hr>114</gpxtpx:hr>
      <gpxtpx:cad>47</gpxtpx:cad>
     </gpxtpx:TrackPointExtension>
    </extensions>
   </trkpt>
   <trkpt lat="46.4364630" lon="12.1153970">
    <ele>1806.0</ele>
    <time>2024-06-02T09:39:58Z</time>
    <extensions>
     <gpxtpx:TrackPointExtension>
      <gpxtpx:atemp>22</gpxtpx:atemp>
      <gpxtpx:hr>115</gpxtpx:hr>
      <gpxtpx:cad>46</gpxtpx:cad>
     </gpxtpx:TrackPointExtension>
    </extensions>
   </trkpt>
   <trkpt lat="46.4364780" lon="12.1153700">
    <ele>1806.2</ele>
    <time>2024-06-02T09:40:00Z</time>
    <extensions>
     <gpxtpx:TrackPointExtension>
      <gpxtpx:atemp>22</gpxtpx:atemp>
      <gpxtpx:hr>111</gpxtpx:hr>
      <gpxtpx:cad>46</gpxtpx:cad>
     </gpxtpx:TrackPointExtension>
    </extensions>
   </trkpt>
   <trkpt lat="46.4364840" lon="12.1153550">
    <ele>1806.4</ele>
    <time>2024-06-02T09:40:01Z</time>
    <extensions>
     <gpxtpx:TrackPointExtension>
      <gpxtpx:atemp>22</gpxtpx:atemp>
      <gpxtpx:hr>114</gpxtpx:hr>
      <gpxtpx:cad>47</gpxtpx:cad>
     </gpxtpx:TrackPointExtension>
    </extensions>
   </trkpt>
   <trkpt lat="46.4365210" lon="12.1152740">
    <ele>1807.0</ele>
    <time>2024-06-02T09:40:07Z</time>
    <extensions>
     <gpxtpx:TrackPointExtension>
      <gpxtpx:atemp>22</gpxtpx:atemp>
      <gpxtpx:hr>112</gpxtpx:hr>
      <gpxtpx:cad>46</gpxtpx:cad>
     </gpxtpx:TrackPointExtension>
    </extensions>
   </trkpt>
   <trkpt lat="46.4365270" lon="12.1152460">
    <ele>1807.4</ele>
    <time>2024-06-02T09:40:09Z</time>
    <extensions>
     <gpxtpx:TrackPointExtension>
      <gpxtpx:atemp>22</gpxtpx:atemp>
      <gpxtpx:hr>112</gpxtpx:hr>
      <gpxtpx:cad>47</gpxtpx:cad>
     </gpxtpx:TrackPointExtension>
    </extensions>
   </trkpt>
   <trkpt lat="46.4365410" lon="12.1152030">
    <ele>1807.6</ele>
    <time>2024-06-02T09:40:12Z</time>
    <extensions>
     <gpxtpx:TrackPointExtension>
      <gpxtpx:atemp>22</gpxtpx:atemp>
      <gpxtpx:hr>111</gpxtpx:hr>
      <gpxtpx:cad>46</gpxtpx:cad>
     </gpxtpx:TrackPointExtension>
    </extensions>
   </trkpt>
   <trkpt lat="46.4365430" lon="12.1151890">
    <ele>1807.8</ele>
    <time>2024-06-02T09:40:13Z</time>
    <extensions>
     <gpxtpx:TrackPointExtension>
      <gpxtpx:atemp>22</gpxtpx:atemp>
      <gpxtpx:hr>112</gpxtpx:hr>
      <gpxtpx:cad>46</gpxtpx:cad>
     </gpxtpx:TrackPointExtension>
    </extensions>
   </trkpt>
   <trkpt lat="46.4365560" lon="12.1150960">
    <ele>1808.4</ele>
    <time>2024-06-02T09:40:19Z</time>
    <extensions>
     <gpxtpx:TrackPointExtension>
      <gpxtpx:atemp>22</gpxtpx:atemp>
      <gpxtpx:hr>113</gpxtpx:hr>
      <gpxtpx:cad>46</gpxtpx:cad>
     </gpxtpx:TrackPointExtension>
    </extensions>
   </trkpt>
   <trkpt lat="46.4365590" lon="12.1150710">
    <ele>1808.8</ele>
    <time>2024-06-02T09:40:21Z</time>
    <extensions>
     <gpxtpx:TrackPointExtension>
      <gpxtpx:atemp>22</gpxtpx:atemp>
      <gpxtpx:hr>113</gpxtpx:hr>
      <gpxtpx:cad>47</gpxtpx:cad>
     </gpxtpx:TrackPointExtension>
    </extensions>
   </trkpt>
   <trkpt lat="46.4365590" lon="12.1150490">
    <ele>1809.0</ele>
    <time>2024-06-02T09:40:23Z</time>
    <extensions>
     <gpxtpx:TrackPointExtension>
      <gpxtpx:atemp>22</gpxtpx:atemp>
      <gpxtpx:hr>113</gpxtpx:hr>
      <gpxtpx:cad>47</gpxtpx:cad>
     </gpxtpx:TrackPointExtension>
    </extensions>
   </trkpt>
   <trkpt lat="46.4365590" lon="12.1149950">
    <ele>1809.6</ele>
    <time>2024-06-02T09:40:27Z</time>
    <extensions>
     <gpxtpx:TrackPointExtension>
      <gpxtpx:atemp>22</gpxtpx:atemp>
      <gpxtpx:hr>113</gpxtpx:hr>
      <gpxtpx:cad>45</gpxtpx:cad>
     </gpxtpx:TrackPointExtension>
    </extensions>
   </trkpt>
   <trkpt lat="46.4365230" lon="12.1148710">
    <ele>1810.6</ele>
    <time>2024-06-02T09:40:35Z</time>
    <extensions>
     <gpxtpx:TrackPointExtension>
      <gpxtpx:atemp>22</gpxtpx:atemp>
      <gpxtpx:hr>116</gpxtpx:hr>
      <gpxtpx:cad>46</gpxtpx:cad>
     </gpxtpx:TrackPointExtension>
    </extensions>
   </trkpt>
   <trkpt lat="46.4365190" lon="12.1148550">
    <ele>1810.8</ele>
    <time>2024-06-02T09:40:36Z</time>
    <extensions>
     <gpxtpx:TrackPointExtension>
      <gpxtpx:atemp>22</gpxtpx:atemp>
      <gpxtpx:hr>116</gpxtpx:hr>
      <gpxtpx:cad>46</gpxtpx:cad>
     </gpxtpx:TrackPointExtension>
    </extensions>
   </trkpt>
   <trkpt lat="46.4365150" lon="12.1148400">
    <ele>1810.8</ele>
    <time>2024-06-02T09:40:37Z</time>
    <extensions>
     <gpxtpx:TrackPointExtension>
      <gpxtpx:atemp>22</gpxtpx:atemp>
      <gpxtpx:hr>116</gpxtpx:hr>
      <gpxtpx:cad>46</gpxtpx:cad>
     </gpxtpx:TrackPointExtension>
    </extensions>
   </trkpt>
   <trkpt lat="46.4365170" lon="12.1148240">
    <ele>1811.0</ele>
    <time>2024-06-02T09:40:38Z</time>
    <extensions>
     <gpxtpx:TrackPointExtension>
      <gpxtpx:atemp>22</gpxtpx:atemp>
      <gpxtpx:hr>116</gpxtpx:hr>
      <gpxtpx:cad>46</gpxtpx:cad>
     </gpxtpx:TrackPointExtension>
    </extensions>
   </trkpt>
   <trkpt lat="46.4365340" lon="12.1147460">
    <ele>1811.4</ele>
    <time>2024-06-02T09:40:43Z</time>
    <extensions>
     <gpxtpx:TrackPointExtension>
      <gpxtpx:atemp>22</gpxtpx:atemp>
      <gpxtpx:hr>118</gpxtpx:hr>
      <gpxtpx:cad>45</gpxtpx:cad>
     </gpxtpx:TrackPointExtension>
    </extensions>
   </trkpt>
   <trkpt lat="46.4365350" lon="12.1147090">
    <ele>1811.8</ele>
    <time>2024-06-02T09:40:45Z</time>
    <extensions>
     <gpxtpx:TrackPointExtension>
      <gpxtpx:atemp>22</gpxtpx:atemp>
      <gpxtpx:hr>117</gpxtpx:hr>
      <gpxtpx:cad>45</gpxtpx:cad>
     </gpxtpx:TrackPointExtension>
    </extensions>
   </trkpt>
   <trkpt lat="46.4365420" lon="12.1145580">
    <ele>1812.6</ele>
    <time>2024-06-02T09:40:54Z</time>
    <extensions>
     <gpxtpx:TrackPointExtension>
      <gpxtpx:atemp>22</gpxtpx:atemp>
      <gpxtpx:hr>116</gpxtpx:hr>
      <gpxtpx:cad>47</gpxtpx:cad>
     </gpxtpx:TrackPointExtension>
    </extensions>
   </trkpt>
   <trkpt lat="46.4365380" lon="12.1145180">
    <ele>1812.8</ele>
    <time>2024-06-02T09:40:56Z</time>
    <extensions>
     <gpxtpx:TrackPointExtension>
      <gpxtpx:atemp>22</gpxtpx:atemp>
      <gpxtpx:hr>115</gpxtpx:hr>
      <gpxtpx:cad>46</gpxtpx:cad>
     </gpxtpx:TrackPointExtension>
    </extensions>
   </trkpt>
   <trkpt lat="46.4365430" lon="12.1143950">
    <ele>1813.4</ele>
    <time>2024-06-02T09:41:03Z</time>
    <extensions>
     <gpxtpx:TrackPointExtension>
      <gpxtpx:atemp>22</gpxtpx:atemp>
      <gpxtpx:hr>114</gpxtpx:hr>
      <gpxtpx:cad>49</gpxtpx:cad>
     </gpxtpx:TrackPointExtension>
    </extensions>
   </trkpt>
   <trkpt lat="46.4365460" lon="12.1143270">
    <ele>1814.0</ele>
    <time>2024-06-02T09:41:08Z</time>
    <extensions>
     <gpxtpx:TrackPointExtension>
      <gpxtpx:atemp>22</gpxtpx:atemp>
      <gpxtpx:hr>115</gpxtpx:hr>
      <gpxtpx:cad>47</gpxtpx:cad>
     </gpxtpx:TrackPointExtension>
    </extensions>
   </trkpt>
   <trkpt lat="46.4365460" lon="12.1143010">
    <ele>1814.0</ele>
    <time>2024-06-02T09:41:10Z</time>
    <extensions>
     <gpxtpx:TrackPointExtension>
      <gpxtpx:atemp>22</gpxtpx:atemp>
      <gpxtpx:hr>118</gpxtpx:hr>
      <gpxtpx:cad>48</gpxtpx:cad>
     </gpxtpx:TrackPointExtension>
    </extensions>
   </trkpt>
   <trkpt lat="46.4365480" lon="12.1142860">
    <ele>1814.0</ele>
    <time>2024-06-02T09:41:11Z</time>
    <extensions>
     <gpxtpx:TrackPointExtension>
      <gpxtpx:atemp>23</gpxtpx:atemp>
      <gpxtpx:hr>114</gpxtpx:hr>
      <gpxtpx:cad>48</gpxtpx:cad>
     </gpxtpx:TrackPointExtension>
    </extensions>
   </trkpt>
   <trkpt lat="46.4365510" lon="12.1142710">
    <ele>1814.0</ele>
    <time>2024-06-02T09:41:12Z</time>
    <extensions>
     <gpxtpx:TrackPointExtension>
      <gpxtpx:atemp>22</gpxtpx:atemp>
      <gpxtpx:hr>114</gpxtpx:hr>
      <gpxtpx:cad>47</gpxtpx:cad>
     </gpxtpx:TrackPointExtension>
    </extensions>
   </trkpt>
   <trkpt lat="46.4365490" lon="12.1141650">
    <ele>1814.6</ele>
    <time>2024-06-02T09:41:19Z</time>
    <extensions>
     <gpxtpx:TrackPointExtension>
      <gpxtpx:atemp>22</gpxtpx:atemp>
      <gpxtpx:hr>116</gpxtpx:hr>
      <gpxtpx:cad>45</gpxtpx:cad>
     </gpxtpx:TrackPointExtension>
    </extensions>
   </trkpt>
   <trkpt lat="46.4365490" lon="12.1141340">
    <ele>1814.8</ele>
    <time>2024-06-02T09:41:21Z</time>
    <extensions>
     <gpxtpx:TrackPointExtension>
      <gpxtpx:atemp>23</gpxtpx:atemp>
      <gpxtpx:hr>116</gpxtpx:hr>
      <gpxtpx:cad>46</gpxtpx:cad>
     </gpxtpx:TrackPointExtension>
    </extensions>
   </trkpt>
   <trkpt lat="46.4365550" lon="12.1141030">
    <ele>1815.0</ele>
    <time>2024-06-02T09:41:23Z</time>
    <extensions>
     <gpxtpx:TrackPointExtension>
      <gpxtpx:atemp>23</gpxtpx:atemp>
      <gpxtpx:hr>116</gpxtpx:hr>
      <gpxtpx:cad>47</gpxtpx:cad>
     </gpxtpx:TrackPointExtension>
    </extensions>
   </trkpt>
   <trkpt lat="46.4365600" lon="12.1140640">
    <ele>1815.2</ele>
    <time>2024-06-02T09:41:25Z</time>
    <extensions>
     <gpxtpx:TrackPointExtension>
      <gpxtpx:atemp>23</gpxtpx:atemp>
      <gpxtpx:hr>116</gpxtpx:hr>
      <gpxtpx:cad>47</gpxtpx:cad>
     </gpxtpx:TrackPointExtension>
    </extensions>
   </trkpt>
   <trkpt lat="46.4365700" lon="12.1140330">
    <ele>1815.4</ele>
    <time>2024-06-02T09:41:27Z</time>
    <extensions>
     <gpxtpx:TrackPointExtension>
      <gpxtpx:atemp>23</gpxtpx:atemp>
      <gpxtpx:hr>116</gpxtpx:hr>
      <gpxtpx:cad>46</gpxtpx:cad>
     </gpxtpx:TrackPointExtension>
    </extensions>
   </trkpt>
   <trkpt lat="46.4366430" lon="12.1139330">
    <ele>1816.0</ele>
    <time>2024-06-02T09:41:36Z</time>
    <extensions>
     <gpxtpx:TrackPointExtension>
      <gpxtpx:atemp>23</gpxtpx:atemp>
      <gpxtpx:hr>116</gpxtpx:hr>
      <gpxtpx:cad>45</gpxtpx:cad>
     </gpxtpx:TrackPointExtension>
    </extensions>
   </trkpt>
   <trkpt lat="46.4366480" lon="12.1139340">
    <ele>1816.2</ele>
    <time>2024-06-02T09:41:37Z</time>
    <extensions>
     <gpxtpx:TrackPointExtension>
      <gpxtpx:atemp>23</gpxtpx:atemp>
      <gpxtpx:hr>116</gpxtpx:hr>
      <gpxtpx:cad>45</gpxtpx:cad>
     </gpxtpx:TrackPointExtension>
    </extensions>
   </trkpt>
   <trkpt lat="46.4366700" lon="12.1139150">
    <ele>1816.6</ele>
    <time>2024-06-02T09:41:41Z</time>
    <extensions>
     <gpxtpx:TrackPointExtension>
      <gpxtpx:atemp>23</gpxtpx:atemp>
      <gpxtpx:hr>115</gpxtpx:hr>
      <gpxtpx:cad>45</gpxtpx:cad>
     </gpxtpx:TrackPointExtension>
    </extensions>
   </trkpt>
   <trkpt lat="46.4366990" lon="12.1139020">
    <ele>1816.8</ele>
    <time>2024-06-02T09:41:47Z</time>
    <extensions>
     <gpxtpx:TrackPointExtension>
      <gpxtpx:atemp>23</gpxtpx:atemp>
      <gpxtpx:hr>114</gpxtpx:hr>
      <gpxtpx:cad>0</gpxtpx:cad>
     </gpxtpx:TrackPointExtension>
    </extensions>
   </trkpt>
   <trkpt lat="46.4367030" lon="12.1138990">
    <ele>1816.6</ele>
    <time>2024-06-02T09:41:57Z</time>
    <extensions>
     <gpxtpx:TrackPointExtension>
      <gpxtpx:atemp>23</gpxtpx:atemp>
      <gpxtpx:hr>111</gpxtpx:hr>
      <gpxtpx:cad>0</gpxtpx:cad>
     </gpxtpx:TrackPointExtension>
    </extensions>
   </trkpt>
   <trkpt lat="46.4367030" lon="12.1139000">
    <ele>1816.8</ele>
    <time>2024-06-02T09:42:08Z</time>
    <extensions>
     <gpxtpx:TrackPointExtension>
      <gpxtpx:atemp>23</gpxtpx:atemp>
      <gpxtpx:hr>109</gpxtpx:hr>
      <gpxtpx:cad>0</gpxtpx:cad>
     </gpxtpx:TrackPointExtension>
    </extensions>
   </trkpt>
   <trkpt lat="46.4367080" lon="12.1139110">
    <ele>1816.6</ele>
    <time>2024-06-02T09:42:20Z</time>
    <extensions>
     <gpxtpx:TrackPointExtension>
      <gpxtpx:atemp>23</gpxtpx:atemp>
      <gpxtpx:hr>106</gpxtpx:hr>
      <gpxtpx:cad>0</gpxtpx:cad>
     </gpxtpx:TrackPointExtension>
    </extensions>
   </trkpt>
   <trkpt lat="46.4367090" lon="12.1139120">
    <ele>1816.4</ele>
    <time>2024-06-02T09:42:26Z</time>
    <extensions>
     <gpxtpx:TrackPointExtension>
      <gpxtpx:atemp>23</gpxtpx:atemp>
      <gpxtpx:hr>103</gpxtpx:hr>
      <gpxtpx:cad>0</gpxtpx:cad>
     </gpxtpx:TrackPointExtension>
    </extensions>
   </trkpt>
   <trkpt lat="46.4367100" lon="12.1139120">
    <ele>1816.4</ele>
    <time>2024-06-02T09:42:29Z</time>
    <extensions>
     <gpxtpx:TrackPointExtension>
      <gpxtpx:atemp>23</gpxtpx:atemp>
      <gpxtpx:hr>106</gpxtpx:hr>
      <gpxtpx:cad>0</gpxtpx:cad>
     </gpxtpx:TrackPointExtension>
    </extensions>
   </trkpt>
   <trkpt lat="46.4367130" lon="12.1139120">
    <ele>1816.0</ele>
    <time>2024-06-02T09:42:41Z</time>
    <extensions>
     <gpxtpx:TrackPointExtension>
      <gpxtpx:atemp>23</gpxtpx:atemp>
      <gpxtpx:hr>109</gpxtpx:hr>
      <gpxtpx:cad>0</gpxtpx:cad>
     </gpxtpx:TrackPointExtension>
    </extensions>
   </trkpt>
   <trkpt lat="46.4367090" lon="12.1139160">
    <ele>1816.0</ele>
    <time>2024-06-02T09:42:52Z</time>
    <extensions>
     <gpxtpx:TrackPointExtension>
      <gpxtpx:atemp>23</gpxtpx:atemp>
      <gpxtpx:hr>106</gpxtpx:hr>
      <gpxtpx:cad>0</gpxtpx:cad>
     </gpxtpx:TrackPointExtension>
    </extensions>
   </trkpt>
   <trkpt lat="46.4366650" lon="12.1139610">
    <ele>1815.4</ele>
    <time>2024-06-02T09:42:57Z</time>
    <extensions>
     <gpxtpx:TrackPointExtension>
      <gpxtpx:atemp>23</gpxtpx:atemp>
      <gpxtpx:hr>103</gpxtpx:hr>
      <gpxtpx:cad>52</gpxtpx:cad>
     </gpxtpx:TrackPointExtension>
    </extensions>
   </trkpt>
   <trkpt lat="46.4366510" lon="12.1139760">
    <ele>1815.4</ele>
    <time>2024-06-02T09:42:58Z</time>
    <extensions>
     <gpxtpx:TrackPointExtension>
      <gpxtpx:atemp>23</gpxtpx:atemp>
      <gpxtpx:hr>104</gpxtpx:hr>
      <gpxtpx:cad>52</gpxtpx:cad>
     </gpxtpx:TrackPointExtension>
    </extensions>
   </trkpt>
   <trkpt lat="46.4365830" lon="12.1140490">
    <ele>1815.0</ele>
    <time>2024-06-02T09:43:03Z</time>
    <extensions>
     <gpxtpx:TrackPointExtension>
      <gpxtpx:atemp>23</gpxtpx:atemp>
      <gpxtpx:hr>103</gpxtpx:hr>
      <gpxtpx:cad>53</gpxtpx:cad>
     </gpxtpx:TrackPointExtension>
    </extensions>
   </trkpt>
   <trkpt lat="46.4365360" lon="12.1140810">
    <ele>1814.8</ele>
    <time>2024-06-02T09:43:06Z</time>
    <extensions>
     <gpxtpx:TrackPointExtension>
      <gpxtpx:atemp>23</gpxtpx:atemp>
      <gpxtpx:hr>102</gpxtpx:hr>
      <gpxtpx:cad>54</gpxtpx:cad>
     </gpxtpx:TrackPointExtension>
    </extensions>
   </trkpt>
   <trkpt lat="46.4364720" lon="12.1140620">
    <ele>1816.0</ele>
    <time>2024-06-02T09:43:09Z</time>
    <extensions>
     <gpxtpx:TrackPointExtension>
      <gpxtpx:atemp>23</gpxtpx:atemp>
      <gpxtpx:hr>102</gpxtpx:hr>
      <gpxtpx:cad>0</gpxtpx:cad>
     </gpxtpx:TrackPointExtension>
    </extensions>
   </trkpt>
   <trkpt lat="46.4364520" lon="12.1140560">
    <ele>1817.0</ele>
    <time>2024-06-02T09:43:10Z</time>
    <extensions>
     <gpxtpx:TrackPointExtension>
      <gpxtpx:atemp>23</gpxtpx:atemp>
      <gpxtpx:hr>101</gpxtpx:hr>
      <gpxtpx:cad>0</gpxtpx:cad>
     </gpxtpx:TrackPointExtension>
    </extensions>
   </trkpt>
   <trkpt lat="46.4364340" lon="12.1140560">
    <ele>1817.6</ele>
    <time>2024-06-02T09:43:11Z</time>
    <extensions>
     <gpxtpx:TrackPointExtension>
      <gpxtpx:atemp>23</gpxtpx:atemp>
      <gpxtpx:hr>103</gpxtpx:hr>
      <gpxtpx:cad>0</gpxtpx:cad>
     </gpxtpx:TrackPointExtension>
    </extensions>
   </trkpt>
   <trkpt lat="46.4364160" lon="12.1140620">
    <ele>1818.4</ele>
    <time>2024-06-02T09:43:12Z</time>
    <extensions>
     <gpxtpx:TrackPointExtension>
      <gpxtpx:atemp>23</gpxtpx:atemp>
      <gpxtpx:hr>105</gpxtpx:hr>
      <gpxtpx:cad>0</gpxtpx:cad>
     </gpxtpx:TrackPointExtension>
    </extensions>
   </trkpt>
   <trkpt lat="46.4364000" lon="12.1140800">
    <ele>1818.6</ele>
    <time>2024-06-02T09:43:14Z</time>
    <extensions>
     <gpxtpx:TrackPointExtension>
      <gpxtpx:atemp>23</gpxtpx:atemp>
      <gpxtpx:hr>108</gpxtpx:hr>
      <gpxtpx:cad>0</gpxtpx:cad>
     </gpxtpx:TrackPointExtension>
    </extensions>
   </trkpt>
   <trkpt lat="46.4363950" lon="12.1140840">
    <ele>1818.6</ele>
    <time>2024-06-02T09:43:16Z</time>
    <extensions>
     <gpxtpx:TrackPointExtension>
      <gpxtpx:atemp>23</gpxtpx:atemp>
      <gpxtpx:hr>112</gpxtpx:hr>
      <gpxtpx:cad>0</gpxtpx:cad>
     </gpxtpx:TrackPointExtension>
    </extensions>
   </trkpt>
   <trkpt lat="46.4363950" lon="12.1140860">
    <ele>1818.6</ele>
    <time>2024-06-02T09:43:17Z</time>
    <extensions>
     <gpxtpx:TrackPointExtension>
      <gpxtpx:atemp>23</gpxtpx:atemp>
      <gpxtpx:hr>113</gpxtpx:hr>
      <gpxtpx:cad>0</gpxtpx:cad>
     </gpxtpx:TrackPointExtension>
    </extensions>
   </trkpt>
   <trkpt lat="46.4363940" lon="12.1140970">
    <ele>1818.4</ele>
    <time>2024-06-02T09:43:20Z</time>
    <extensions>
     <gpxtpx:TrackPointExtension>
      <gpxtpx:atemp>23</gpxtpx:atemp>
      <gpxtpx:hr>116</gpxtpx:hr>
      <gpxtpx:cad>0</gpxtpx:cad>
     </gpxtpx:TrackPointExtension>
    </extensions>
   </trkpt>
   <trkpt lat="46.4363980" lon="12.1140990">
    <ele>1818.4</ele>
    <time>2024-06-02T09:43:23Z</time>
    <extensions>
     <gpxtpx:TrackPointExtension>
      <gpxtpx:atemp>23</gpxtpx:atemp>
      <gpxtpx:hr>117</gpxtpx:hr>
      <gpxtpx:cad>0</gpxtpx:cad>
     </gpxtpx:TrackPointExtension>
    </extensions>
   </trkpt>
   <trkpt lat="46.4364040" lon="12.1141010">
    <ele>1818.2</ele>
    <time>2024-06-02T09:43:32Z</time>
    <extensions>
     <gpxtpx:TrackPointExtension>
      <gpxtpx:atemp>23</gpxtpx:atemp>
      <gpxtpx:hr>114</gpxtpx:hr>
      <gpxtpx:cad>0</gpxtpx:cad>
     </gpxtpx:TrackPointExtension>
    </extensions>
   </trkpt>
   <trkpt lat="46.4364040" lon="12.1141010">
    <ele>1818.2</ele>
    <time>2024-06-02T09:43:37Z</time>
    <extensions>
     <gpxtpx:TrackPointExtension>
      <gpxtpx:atemp>23</gpxtpx:atemp>
      <gpxtpx:hr>111</gpxtpx:hr>
      <gpxtpx:cad>0</gpxtpx:cad>
     </gpxtpx:TrackPointExtension>
    </extensions>
   </trkpt>
   <trkpt lat="46.4364040" lon="12.1141010">
    <ele>1818.2</ele>
    <time>2024-06-02T09:43:40Z</time>
    <extensions>
     <gpxtpx:TrackPointExtension>
      <gpxtpx:atemp>23</gpxtpx:atemp>
      <gpxtpx:hr>108</gpxtpx:hr>
      <gpxtpx:cad>0</gpxtpx:cad>
     </gpxtpx:TrackPointExtension>
    </extensions>
   </trkpt>
   <trkpt lat="46.4364040" lon="12.1141010">
    <ele>1818.0</ele>
    <time>2024-06-02T09:43:42Z</time>
    <extensions>
     <gpxtpx:TrackPointExtension>
      <gpxtpx:atemp>23</gpxtpx:atemp>
      <gpxtpx:hr>105</gpxtpx:hr>
      <gpxtpx:cad>0</gpxtpx:cad>
     </gpxtpx:TrackPointExtension>
    </extensions>
   </trkpt>
   <trkpt lat="46.4364040" lon="12.1141020">
    <ele>1818.0</ele>
    <time>2024-06-02T09:43:46Z</time>
    <extensions>
     <gpxtpx:TrackPointExtension>
      <gpxtpx:atemp>23</gpxtpx:atemp>
      <gpxtpx:hr>102</gpxtpx:hr>
      <gpxtpx:cad>0</gpxtpx:cad>
     </gpxtpx:TrackPointExtension>
    </extensions>
   </trkpt>
   <trkpt lat="46.4364180" lon="12.1141010">
    <ele>1817.6</ele>
    <time>2024-06-02T09:44:11Z</time>
    <extensions>
     <gpxtpx:TrackPointExtension>
      <gpxtpx:atemp>22</gpxtpx:atemp>
      <gpxtpx:hr>99</gpxtpx:hr>
      <gpxtpx:cad>0</gpxtpx:cad>
     </gpxtpx:TrackPointExtension>
    </extensions>
   </trkpt>
   <trkpt lat="46.4364210" lon="12.1141000">
    <ele>1817.2</ele>
    <time>2024-06-02T09:44:19Z</time>
    <extensions>
     <gpxtpx:TrackPointExtension>
      <gpxtpx:atemp>23</gpxtpx:atemp>
      <gpxtpx:hr>98</gpxtpx:hr>
      <gpxtpx:cad>0</gpxtpx:cad>
     </gpxtpx:TrackPointExtension>
    </extensions>
   </trkpt>
   <trkpt lat="46.4364500" lon="12.1140950">
    <ele>1816.4</ele>
    <time>2024-06-02T09:45:25Z</time>
    <extensions>
     <gpxtpx:TrackPointExtension>
      <gpxtpx:atemp>23</gpxtpx:atemp>
      <gpxtpx:hr>95</gpxtpx:hr>
      <gpxtpx:cad>0</gpxtpx:cad>
     </gpxtpx:TrackPointExtension>
    </extensions>
   </trkpt>
   <trkpt lat="46.4364500" lon="12.1140940">
    <ele>1816.2</ele>
    <time>2024-06-02T09:45:30Z</time>
    <extensions>
     <gpxtpx:TrackPointExtension>
      <gpxtpx:atemp>23</gpxtpx:atemp>
      <gpxtpx:hr>95</gpxtpx:hr>
      <gpxtpx:cad>0</gpxtpx:cad>
     </gpxtpx:TrackPointExtension>
    </extensions>
   </trkpt>
   <trkpt lat="46.4364490" lon="12.1140940">
    <ele>1816.2</ele>
    <time>2024-06-02T09:45:41Z</time>
    <extensions>
     <gpxtpx:TrackPointExtension>
      <gpxtpx:atemp>23</gpxtpx:atemp>
      <gpxtpx:hr>98</gpxtpx:hr>
      <gpxtpx:cad>0</gpxtpx:cad>
     </gpxtpx:TrackPointExtension>
    </extensions>
   </trkpt>
   <trkpt lat="46.4364490" lon="12.1140940">
    <ele>1816.2</ele>
    <time>2024-06-02T09:45:42Z</time>
    <extensions>
     <gpxtpx:TrackPointExtension>
      <gpxtpx:atemp>23</gpxtpx:atemp>
      <gpxtpx:hr>95</gpxtpx:hr>
      <gpxtpx:cad>0</gpxtpx:cad>
     </gpxtpx:TrackPointExtension>
    </extensions>
   </trkpt>
   <trkpt lat="46.4364490" lon="12.1140930">
    <ele>1816.2</ele>
    <time>2024-06-02T09:45:48Z</time>
    <extensions>
     <gpxtpx:TrackPointExtension>
      <gpxtpx:atemp>23</gpxtpx:atemp>
      <gpxtpx:hr>92</gpxtpx:hr>
      <gpxtpx:cad>0</gpxtpx:cad>
     </gpxtpx:TrackPointExtension>
    </extensions>
   </trkpt>
   <trkpt lat="46.4364490" lon="12.1140930">
    <ele>1816.2</ele>
    <time>2024-06-02T09:45:50Z</time>
    <extensions>
     <gpxtpx:TrackPointExtension>
      <gpxtpx:atemp>23</gpxtpx:atemp>
      <gpxtpx:hr>89</gpxtpx:hr>
      <gpxtpx:cad>0</gpxtpx:cad>
     </gpxtpx:TrackPointExtension>
    </extensions>
   </trkpt>
   <trkpt lat="46.4364510" lon="12.1140930">
    <ele>1816.2</ele>
    <time>2024-06-02T09:45:58Z</time>
    <extensions>
     <gpxtpx:TrackPointExtension>
      <gpxtpx:atemp>23</gpxtpx:atemp>
      <gpxtpx:hr>86</gpxtpx:hr>
      <gpxtpx:cad>0</gpxtpx:cad>
     </gpxtpx:TrackPointExtension>
    </extensions>
   </trkpt>
   <trkpt lat="46.4364440" lon="12.1140940">
    <ele>1816.0</ele>
    <time>2024-06-02T09:46:30Z</time>
    <extensions>
     <gpxtpx:TrackPointExtension>
      <gpxtpx:atemp>22</gpxtpx:atemp>
      <gpxtpx:hr>89</gpxtpx:hr>
      <gpxtpx:cad>0</gpxtpx:cad>
     </gpxtpx:TrackPointExtension>
    </extensions>
   </trkpt>
   <trkpt lat="46.4364430" lon="12.1140940">
    <ele>1815.8</ele>
    <time>2024-06-02T09:46:39Z</time>
    <extensions>
     <gpxtpx:TrackPointExtension>
      <gpxtpx:atemp>22</gpxtpx:atemp>
      <gpxtpx:hr>86</gpxtpx:hr>
      <gpxtpx:cad>0</gpxtpx:cad>
     </gpxtpx:TrackPointExtension>
    </extensions>
   </trkpt>
   <trkpt lat="46.4364430" lon="12.1140940">
    <ele>1815.8</ele>
    <time>2024-06-02T09:46:41Z</time>
    <extensions>
     <gpxtpx:TrackPointExtension>
      <gpxtpx:atemp>23</gpxtpx:atemp>
      <gpxtpx:hr>83</gpxtpx:hr>
      <gpxtpx:cad>0</gpxtpx:cad>
     </gpxtpx:TrackPointExtension>
    </extensions>
   </trkpt>
   <trkpt lat="46.4364430" lon="12.1140940">
    <ele>1815.8</ele>
    <time>2024-06-02T09:46:44Z</time>
    <extensions>
     <gpxtpx:TrackPointExtension>
      <gpxtpx:atemp>22</gpxtpx:atemp>
      <gpxtpx:hr>80</gpxtpx:hr>
      <gpxtpx:cad>0</gpxtpx:cad>
     </gpxtpx:TrackPointExtension>
    </extensions>
   </trkpt>
   <trkpt lat="46.4364420" lon="12.1140930">
    <ele>1815.2</ele>
    <time>2024-06-02T09:46:54Z</time>
    <extensions>
     <gpxtpx:TrackPointExtension>
      <gpxtpx:atemp>22</gpxtpx:atemp>
      <gpxtpx:hr>79</gpxtpx:hr>
      <gpxtpx:cad>0</gpxtpx:cad>
     </gpxtpx:TrackPointExtension>
    </extensions>
   </trkpt>
   <trkpt lat="46.4364420" lon="12.1140930">
    <ele>1815.0</ele>
    <time>2024-06-02T09:47:00Z</time>
    <extensions>
     <gpxtpx:TrackPointExtension>
      <gpxtpx:atemp>22</gpxtpx:atemp>
      <gpxtpx:hr>82</gpxtpx:hr>
      <gpxtpx:cad>0</gpxtpx:cad>
     </gpxtpx:TrackPointExtension>
    </extensions>
   </trkpt>
   <trkpt lat="46.4364410" lon="12.1140920">
    <ele>1814.8</ele>
    <time>2024-06-02T09:47:11Z</time>
    <extensions>
     <gpxtpx:TrackPointExtension>
      <gpxtpx:atemp>23</gpxtpx:atemp>
      <gpxtpx:hr>79</gpxtpx:hr>
      <gpxtpx:cad>0</gpxtpx:cad>
     </gpxtpx:TrackPointExtension>
    </extensions>
   </trkpt>
   <trkpt lat="46.4364410" lon="12.1140920">
    <ele>1814.8</ele>
    <time>2024-06-02T09:47:14Z</time>
    <extensions>
     <gpxtpx:TrackPointExtension>
      <gpxtpx:atemp>23</gpxtpx:atemp>
      <gpxtpx:hr>76</gpxtpx:hr>
      <gpxtpx:cad>0</gpxtpx:cad>
     </gpxtpx:TrackPointExtension>
    </extensions>
   </trkpt>
   <trkpt lat="46.4364400" lon="12.1140900">
    <ele>1815.4</ele>
    <time>2024-06-02T09:47:27Z</time>
    <extensions>
     <gpxtpx:TrackPointExtension>
      <gpxtpx:atemp>22</gpxtpx:atemp>
      <gpxtpx:hr>73</gpxtpx:hr>
      <gpxtpx:cad>0</gpxtpx:cad>
     </gpxtpx:TrackPointExtension>
    </extensions>
   </trkpt>
   <trkpt lat="46.4364400" lon="12.1140900">
    <ele>1815.6</ele>
    <time>2024-06-02T09:47:30Z</time>
    <extensions>
     <gpxtpx:TrackPointExtension>
      <gpxtpx:atemp>22</gpxtpx:atemp>
      <gpxtpx:hr>70</gpxtpx:hr>
      <gpxtpx:cad>0</gpxtpx:cad>
     </gpxtpx:TrackPointExtension>
    </extensions>
   </trkpt>
   <trkpt lat="46.4364410" lon="12.1140860">
    <ele>1814.6</ele>
    <time>2024-06-02T09:47:54Z</time>
    <extensions>
     <gpxtpx:TrackPointExtension>
      <gpxtpx:atemp>22</gpxtpx:atemp>
      <gpxtpx:hr>72</gpxtpx:hr>
      <gpxtpx:cad>41</gpxtpx:cad>
     </gpxtpx:TrackPointExtension>
    </extensions>
   </trkpt>
   <trkpt lat="46.4364420" lon="12.1140860">
    <ele>1814.0</ele>
    <time>2024-06-02T09:47:56Z</time>
    <extensions>
     <gpxtpx:TrackPointExtension>
      <gpxtpx:atemp>22</gpxtpx:atemp>
      <gpxtpx:hr>72</gpxtpx:hr>
      <gpxtpx:cad>41</gpxtpx:cad>
     </gpxtpx:TrackPointExtension>
    </extensions>
   </trkpt>
   <trkpt lat="46.4364420" lon="12.1140850">
    <ele>1813.4</ele>
    <time>2024-06-02T09:48:00Z</time>
    <extensions>
     <gpxtpx:TrackPointExtension>
      <gpxtpx:atemp>22</gpxtpx:atemp>
      <gpxtpx:hr>69</gpxtpx:hr>
      <gpxtpx:cad>52</gpxtpx:cad>
     </gpxtpx:TrackPointExtension>
    </extensions>
   </trkpt>
   <trkpt lat="46.4364430" lon="12.1140820">
    <ele>1813.0</ele>
    <time>2024-06-02T09:48:09Z</time>
    <extensions>
     <gpxtpx:TrackPointExtension>
      <gpxtpx:atemp>22</gpxtpx:atemp>
      <gpxtpx:hr>72</gpxtpx:hr>
      <gpxtpx:cad>0</gpxtpx:cad>
     </gpxtpx:TrackPointExtension>
    </extensions>
   </trkpt>
   <trkpt lat="46.4364710" lon="12.1140630">
    <ele>1812.4</ele>
    <time>2024-06-02T09:48:17Z</time>
    <extensions>
     <gpxtpx:TrackPointExtension>
      <gpxtpx:atemp>22</gpxtpx:atemp>
      <gpxtpx:hr>71</gpxtpx:hr>
      <gpxtpx:cad>0</gpxtpx:cad>
     </gpxtpx:TrackPointExtension>
    </extensions>
   </trkpt>
   <trkpt lat="46.4364910" lon="12.1140540">
    <ele>1812.0</ele>
    <time>2024-06-02T09:48:25Z</time>
    <extensions>
     <gpxtpx:TrackPointExtension>
      <gpxtpx:atemp>22</gpxtpx:atemp>
      <gpxtpx:hr>72</gpxtpx:hr>
      <gpxtpx:cad>0</gpxtpx:cad>
     </gpxtpx:TrackPointExtension>
    </extensions>
   </trkpt>
   <trkpt lat="46.4365110" lon="12.1140450">
    <ele>1810.8</ele>
    <time>2024-06-02T09:48:32Z</time>
    <extensions>
     <gpxtpx:TrackPointExtension>
      <gpxtpx:atemp>22</gpxtpx:atemp>
      <gpxtpx:hr>73</gpxtpx:hr>
      <gpxtpx:cad>0</gpxtpx:cad>
     </gpxtpx:TrackPointExtension>
    </extensions>
   </trkpt>
   <trkpt lat="46.4365390" lon="12.1140440">
    <ele>1810.6</ele>
    <time>2024-06-02T09:48:42Z</time>
    <extensions>
     <gpxtpx:TrackPointExtension>
      <gpxtpx:atemp>22</gpxtpx:atemp>
      <gpxtpx:hr>78</gpxtpx:hr>
      <gpxtpx:cad>0</gpxtpx:cad>
     </gpxtpx:TrackPointExtension>
    </extensions>
   </trkpt>
   <trkpt lat="46.4365470" lon="12.1140220">
    <ele>1810.6</ele>
    <time>2024-06-02T09:48:47Z</time>
    <extensions>
     <gpxtpx:TrackPointExtension>
      <gpxtpx:atemp>22</gpxtpx:atemp>
      <gpxtpx:hr>82</gpxtpx:hr>
      <gpxtpx:cad>0</gpxtpx:cad>
     </gpxtpx:TrackPointExtension>
    </extensions>
   </trkpt>
   <trkpt lat="46.4365490" lon="12.1140180">
    <ele>1810.8</ele>
    <time>2024-06-02T09:48:56Z</time>
    <extensions>
     <gpxtpx:TrackPointExtension>
      <gpxtpx:atemp>23</gpxtpx:atemp>
      <gpxtpx:hr>83</gpxtpx:hr>
      <gpxtpx:cad>0</gpxtpx:cad>
     </gpxtpx:TrackPointExtension>
    </extensions>
   </trkpt>
   <trkpt lat="46.4365630" lon="12.1140290">
    <ele>1810.6</ele>
    <time>2024-06-02T09:49:19Z</time>
    <extensions>
     <gpxtpx:TrackPointExtension>
      <gpxtpx:atemp>23</gpxtpx:atemp>
      <gpxtpx:hr>80</gpxtpx:hr>
      <gpxtpx:cad>0</gpxtpx:cad>
     </gpxtpx:TrackPointExtension>
    </extensions>
   </trkpt>
   <trkpt lat="46.4365630" lon="12.1140220">
    <ele>1810.4</ele>
    <time>2024-06-02T09:49:26Z</time>
    <extensions>
     <gpxtpx:TrackPointExtension>
      <gpxtpx:atemp>23</gpxtpx:atemp>
      <gpxtpx:hr>77</gpxtpx:hr>
      <gpxtpx:cad>0</gpxtpx:cad>
     </gpxtpx:TrackPointExtension>
    </extensions>
   </trkpt>
   <trkpt lat="46.4365610" lon="12.1140100">
    <ele>1810.4</ele>
    <time>2024-06-02T09:49:40Z</time>
    <extensions>
     <gpxtpx:TrackPointExtension>
      <gpxtpx:atemp>23</gpxtpx:atemp>
      <gpxtpx:hr>75</gpxtpx:hr>
      <gpxtpx:cad>0</gpxtpx:cad>
     </gpxtpx:TrackPointExtension>
    </extensions>
   </trkpt>
   <trkpt lat="46.4365570" lon="12.1140080">
    <ele>1810.8</ele>
    <time>2024-06-02T09:50:04Z</time>
    <extensions>
     <gpxtpx:TrackPointExtension>
      <gpxtpx:atemp>23</gpxtpx:atemp>
      <gpxtpx:hr>72</gpxtpx:hr>
      <gpxtpx:cad>0</gpxtpx:cad>
     </gpxtpx:TrackPointExtension>
    </extensions>
   </trkpt>
   <trkpt lat="46.4365580" lon="12.1140080">
    <ele>1811.2</ele>
    <time>2024-06-02T09:50:09Z</time>
    <extensions>
     <gpxtpx:TrackPointExtension>
      <gpxtpx:atemp>23</gpxtpx:atemp>
      <gpxtpx:hr>69</gpxtpx:hr>
      <gpxtpx:cad>0</gpxtpx:cad>
     </gpxtpx:TrackPointExtension>
    </extensions>
   </trkpt>
   <trkpt lat="46.4365720" lon="12.1140170">
    <ele>1811.4</ele>
    <time>2024-06-02T09:50:51Z</time>
    <extensions>
     <gpxtpx:TrackPointExtension>
      <gpxtpx:atemp>23</gpxtpx:atemp>
      <gpxtpx:hr>72</gpxtpx:hr>
      <gpxtpx:cad>0</gpxtpx:cad>
     </gpxtpx:TrackPointExtension>
    </extensions>
   </trkpt>
   <trkpt lat="46.4365730" lon="12.1140190">
    <ele>1811.4</ele>
    <time>2024-06-02T09:50:55Z</time>
    <extensions>
     <gpxtpx:TrackPointExtension>
      <gpxtpx:atemp>23</gpxtpx:atemp>
      <gpxtpx:hr>75</gpxtpx:hr>
      <gpxtpx:cad>0</gpxtpx:cad>
     </gpxtpx:TrackPointExtension>
    </extensions>
   </trkpt>
   <trkpt lat="46.4365740" lon="12.1140210">
    <ele>1811.6</ele>
    <time>2024-06-02T09:51:00Z</time>
    <extensions>
     <gpxtpx:TrackPointExtension>
      <gpxtpx:atemp>23</gpxtpx:atemp>
      <gpxtpx:hr>78</gpxtpx:hr>
      <gpxtpx:cad>0</gpxtpx:cad>
     </gpxtpx:TrackPointExtension>
    </extensions>
   </trkpt>
   <trkpt lat="46.4365750" lon="12.1140230">
    <ele>1811.8</ele>
    <time>2024-06-02T09:51:02Z</time>
    <extensions>
     <gpxtpx:TrackPointExtension>
      <gpxtpx:atemp>23</gpxtpx:atemp>
      <gpxtpx:hr>79</gpxtpx:hr>
      <gpxtpx:cad>0</gpxtpx:cad>
     </gpxtpx:TrackPointExtension>
    </extensions>
   </trkpt>
   <trkpt lat="46.4366510" lon="12.1139750">
    <ele>1812.8</ele>
    <time>2024-06-02T09:51:08Z</time>
    <extensions>
     <gpxtpx:TrackPointExtension>
      <gpxtpx:atemp>23</gpxtpx:atemp>
      <gpxtpx:hr>81</gpxtpx:hr>
      <gpxtpx:cad>43</gpxtpx:cad>
     </gpxtpx:TrackPointExtension>
    </extensions>
   </trkpt>
   <trkpt lat="46.4366640" lon="12.1139630">
    <ele>1813.0</ele>
    <time>2024-06-02T09:51:09Z</time>
    <extensions>
     <gpxtpx:TrackPointExtension>
      <gpxtpx:atemp>23</gpxtpx:atemp>
      <gpxtpx:hr>81</gpxtpx:hr>
      <gpxtpx:cad>43</gpxtpx:cad>
     </gpxtpx:TrackPointExtension>
    </extensions>
   </trkpt>
   <trkpt lat="46.4367090" lon="12.1139490">
    <ele>1813.4</ele>
    <time>2024-06-02T09:51:12Z</time>
    <extensions>
     <gpxtpx:TrackPointExtension>
      <gpxtpx:atemp>23</gpxtpx:atemp>
      <gpxtpx:hr>78</gpxtpx:hr>
      <gpxtpx:cad>43</gpxtpx:cad>
     </gpxtpx:TrackPointExtension>
    </extensions>
   </trkpt>
   <trkpt lat="46.4367590" lon="12.1139590">
    <ele>1814.0</ele>
    <time>2024-06-02T09:51:16Z</time>
    <extensions>
     <gpxtpx:TrackPointExtension>
      <gpxtpx:atemp>23</gpxtpx:atemp>
      <gpxtpx:hr>79</gpxtpx:hr>
      <gpxtpx:cad>44</gpxtpx:cad>
     </gpxtpx:TrackPointExtension>
    </extensions>
   </trkpt>
   <trkpt lat="46.4367670" lon="12.1139670">
    <ele>1814.0</ele>
    <time>2024-06-02T09:51:17Z</time>
    <extensions>
     <gpxtpx:TrackPointExtension>
      <gpxtpx:atemp>23</gpxtpx:atemp>
      <gpxtpx:hr>79</gpxtpx:hr>
      <gpxtpx:cad>44</gpxtpx:cad>
     </gpxtpx:TrackPointExtension>
    </extensions>
   </trkpt>
   <trkpt lat="46.4368310" lon="12.1140310">
    <ele>1815.0</ele>
    <time>2024-06-02T09:51:25Z</time>
    <extensions>
     <gpxtpx:TrackPointExtension>
      <gpxtpx:atemp>23</gpxtpx:atemp>
      <gpxtpx:hr>79</gpxtpx:hr>
      <gpxtpx:cad>44</gpxtpx:cad>
     </gpxtpx:TrackPointExtension>
    </extensions>
   </trkpt>
   <trkpt lat="46.4368720" lon="12.1141060">
    <ele>1816.0</ele>
    <time>2024-06-02T09:51:33Z</time>
    <extensions>
     <gpxtpx:TrackPointExtension>
      <gpxtpx:atemp>23</gpxtpx:atemp>
      <gpxtpx:hr>83</gpxtpx:hr>
      <gpxtpx:cad>77</gpxtpx:cad>
     </gpxtpx:TrackPointExtension>
    </extensions>
   </trkpt>
   <trkpt lat="46.4368780" lon="12.1141140">
    <ele>1816.2</ele>
    <time>2024-06-02T09:51:34Z</time>
    <extensions>
     <gpxtpx:TrackPointExtension>
      <gpxtpx:atemp>23</gpxtpx:atemp>
      <gpxtpx:hr>83</gpxtpx:hr>
      <gpxtpx:cad>77</gpxtpx:cad>
     </gpxtpx:TrackPointExtension>
    </extensions>
   </trkpt>
   <trkpt lat="46.4368840" lon="12.1141200">
    <ele>1816.4</ele>
    <time>2024-06-02T09:51:35Z</time>
    <extensions>
     <gpxtpx:TrackPointExtension>
      <gpxtpx:atemp>23</gpxtpx:atemp>
      <gpxtpx:hr>86</gpxtpx:hr>
      <gpxtpx:cad>78</gpxtpx:cad>
     </gpxtpx:TrackPointExtension>
    </extensions>
   </trkpt>
   <trkpt lat="46.4368970" lon="12.1141360">
    <ele>1816.6</ele>
    <time>2024-06-02T09:51:37Z</time>
    <extensions>
     <gpxtpx:TrackPointExtension>
      <gpxtpx:atemp>23</gpxtpx:atemp>
      <gpxtpx:hr>91</gpxtpx:hr>
      <gpxtpx:cad>41</gpxtpx:cad>
     </gpxtpx:TrackPointExtension>
    </extensions>
   </trkpt>
   <trkpt lat="46.4369040" lon="12.1141430">
    <ele>1816.8</ele>
    <time>2024-06-02T09:51:38Z</time>
    <extensions>
     <gpxtpx:TrackPointExtension>
      <gpxtpx:atemp>23</gpxtpx:atemp>
      <gpxtpx:hr>95</gpxtpx:hr>
      <gpxtpx:cad>41</gpxtpx:cad>
     </gpxtpx:TrackPointExtension>
    </extensions>
   </trkpt>
   <trkpt lat="46.4369130" lon="12.1141510">
    <ele>1817.0</ele>
    <time>2024-06-02T09:51:39Z</time>
    <extensions>
     <gpxtpx:TrackPointExtension>
      <gpxtpx:atemp>23</gpxtpx:atemp>
      <gpxtpx:hr>95</gpxtpx:hr>
      <gpxtpx:cad>41</gpxtpx:cad>
     </gpxtpx:TrackPointExtension>
    </extensions>
   </trkpt>
   <trkpt lat="46.4369310" lon="12.1141720">
    <ele>1817.2</ele>
    <time>2024-06-02T09:51:41Z</time>
    <extensions>
     <gpxtpx:TrackPointExtension>
      <gpxtpx:atemp>24</gpxtpx:atemp>
      <gpxtpx:hr>98</gpxtpx:hr>
      <gpxtpx:cad>41</gpxtpx:cad>
     </gpxtpx:TrackPointExtension>
    </extensions>
   </trkpt>
   <trkpt lat="46.4369360" lon="12.1141820">
    <ele>1817.4</ele>
    <time>2024-06-02T09:51:42Z</time>
    <extensions>
     <gpxtpx:TrackPointExtension>
      <gpxtpx:atemp>23</gpxtpx:atemp>
      <gpxtpx:hr>101</gpxtpx:hr>
      <gpxtpx:cad>42</gpxtpx:cad>
     </gpxtpx:TrackPointExtension>
    </extensions>
   </trkpt>
   <trkpt lat="46.4369480" lon="12.1142070">
    <ele>1817.6</ele>
    <time>2024-06-02T09:51:44Z</time>
    <extensions>
     <gpxtpx:TrackPointExtension>
      <gpxtpx:atemp>24</gpxtpx:atemp>
      <gpxtpx:hr>104</gpxtpx:hr>
      <gpxtpx:cad>43</gpxtpx:cad>
     </gpxtpx:TrackPointExtension>
    </extensions>
   </trkpt>
   <trkpt lat="46.4369710" lon="12.1142490">
    <ele>1818.4</ele>
    <time>2024-06-02T09:51:48Z</time>
    <extensions>
     <gpxtpx:TrackPointExtension>
      <gpxtpx:atemp>24</gpxtpx:atemp>
      <gpxtpx:hr>105</gpxtpx:hr>
      <gpxtpx:cad>79</gpxtpx:cad>
     </gpxtpx:TrackPointExtension>
    </extensions>
   </trkpt>
   <trkpt lat="46.4369990" lon="12.1142770">
    <ele>1819.2</ele>
    <time>2024-06-02T09:51:54Z</time>
    <extensions>
     <gpxtpx:TrackPointExtension>
      <gpxtpx:atemp>23</gpxtpx:atemp>
      <gpxtpx:hr>108</gpxtpx:hr>
      <gpxtpx:cad>77</gpxtpx:cad>
     </gpxtpx:TrackPointExtension>
    </extensions>
   </trkpt>
   <trkpt lat="46.4370030" lon="12.1142920">
    <ele>1819.4</ele>
    <time>2024-06-02T09:51:55Z</time>
    <extensions>
     <gpxtpx:TrackPointExtension>
      <gpxtpx:atemp>24</gpxtpx:atemp>
      <gpxtpx:hr>109</gpxtpx:hr>
      <gpxtpx:cad>40</gpxtpx:cad>
     </gpxtpx:TrackPointExtension>
    </extensions>
   </trkpt>
   <trkpt lat="46.4370010" lon="12.1143150">
    <ele>1819.6</ele>
    <time>2024-06-02T09:51:56Z</time>
    <extensions>
     <gpxtpx:TrackPointExtension>
      <gpxtpx:atemp>24</gpxtpx:atemp>
      <gpxtpx:hr>109</gpxtpx:hr>
      <gpxtpx:cad>40</gpxtpx:cad>
     </gpxtpx:TrackPointExtension>
    </extensions>
   </trkpt>
   <trkpt lat="46.4370160" lon="12.1143540">
    <ele>1820.0</ele>
    <time>2024-06-02T09:51:58Z</time>
    <extensions>
     <gpxtpx:TrackPointExtension>
      <gpxtpx:atemp>24</gpxtpx:atemp>
      <gpxtpx:hr>112</gpxtpx:hr>
      <gpxtpx:cad>42</gpxtpx:cad>
     </gpxtpx:TrackPointExtension>
    </extensions>
   </trkpt>
   <trkpt lat="46.4370370" lon="12.1143730">
    <ele>1820.4</ele>
    <time>2024-06-02T09:52:00Z</time>
    <extensions>
     <gpxtpx:TrackPointExtension>
      <gpxtpx:atemp>24</gpxtpx:atemp>
      <gpxtpx:hr>116</gpxtpx:hr>
      <gpxtpx:cad>42</gpxtpx:cad>
     </gpxtpx:TrackPointExtension>
    </extensions>
   </trkpt>
   <trkpt lat="46.4370460" lon="12.1143840">
    <ele>1820.6</ele>
    <time>2024-06-02T09:52:01Z</time>
    <extensions>
     <gpxtpx:TrackPointExtension>
      <gpxtpx:atemp>24</gpxtpx:atemp>
      <gpxtpx:hr>116</gpxtpx:hr>
      <gpxtpx:cad>41</gpxtpx:cad>
     </gpxtpx:TrackPointExtension>
    </extensions>
   </trkpt>
   <trkpt lat="46.4370590" lon="12.1144530">
    <ele>1821.2</ele>
    <time>2024-06-02T09:52:06Z</time>
    <extensions>
     <gpxtpx:TrackPointExtension>
      <gpxtpx:atemp>24</gpxtpx:atemp>
      <gpxtpx:hr>119</gpxtpx:hr>
      <gpxtpx:cad>41</gpxtpx:cad>
     </gpxtpx:TrackPointExtension>
    </extensions>
   </trkpt>
   <trkpt lat="46.4370580" lon="12.1144710">
    <ele>1821.6</ele>
    <time>2024-06-02T09:52:08Z</time>
    <extensions>
     <gpxtpx:TrackPointExtension>
      <gpxtpx:atemp>24</gpxtpx:atemp>
      <gpxtpx:hr>118</gpxtpx:hr>
      <gpxtpx:cad>42</gpxtpx:cad>
     </gpxtpx:TrackPointExtension>
    </extensions>
   </trkpt>
   <trkpt lat="46.4370580" lon="12.1144810">
    <ele>1821.6</ele>
    <time>2024-06-02T09:52:09Z</time>
    <extensions>
     <gpxtpx:TrackPointExtension>
      <gpxtpx:atemp>24</gpxtpx:atemp>
      <gpxtpx:hr>118</gpxtpx:hr>
      <gpxtpx:cad>42</gpxtpx:cad>
     </gpxtpx:TrackPointExtension>
    </extensions>
   </trkpt>
   <trkpt lat="46.4370680" lon="12.1145360">
    <ele>1822.4</ele>
    <time>2024-06-02T09:52:13Z</time>
    <extensions>
     <gpxtpx:TrackPointExtension>
      <gpxtpx:atemp>24</gpxtpx:atemp>
      <gpxtpx:hr>118</gpxtpx:hr>
      <gpxtpx:cad>41</gpxtpx:cad>
     </gpxtpx:TrackPointExtension>
    </extensions>
   </trkpt>
   <trkpt lat="46.4370760" lon="12.1145820">
    <ele>1822.6</ele>
    <time>2024-06-02T09:52:16Z</time>
    <extensions>
     <gpxtpx:TrackPointExtension>
      <gpxtpx:atemp>24</gpxtpx:atemp>
      <gpxtpx:hr>120</gpxtpx:hr>
      <gpxtpx:cad>41</gpxtpx:cad>
     </gpxtpx:TrackPointExtension>
    </extensions>
   </trkpt>
   <trkpt lat="46.4370760" lon="12.1146120">
    <ele>1823.0</ele>
    <time>2024-06-02T09:52:18Z</time>
    <extensions>
     <gpxtpx:TrackPointExtension>
      <gpxtpx:atemp>24</gpxtpx:atemp>
      <gpxtpx:hr>121</gpxtpx:hr>
      <gpxtpx:cad>41</gpxtpx:cad>
     </gpxtpx:TrackPointExtension>
    </extensions>
   </trkpt>
   <trkpt lat="46.4370800" lon="12.1146470">
    <ele>1823.2</ele>
    <time>2024-06-02T09:52:20Z</time>
    <extensions>
     <gpxtpx:TrackPointExtension>
      <gpxtpx:atemp>24</gpxtpx:atemp>
      <gpxtpx:hr>122</gpxtpx:hr>
      <gpxtpx:cad>41</gpxtpx:cad>
     </gpxtpx:TrackPointExtension>
    </extensions>
   </trkpt>
   <trkpt lat="46.4371000" lon="12.1146780">
    <ele>1823.6</ele>
    <time>2024-06-02T09:52:23Z</time>
    <extensions>
     <gpxtpx:TrackPointExtension>
      <gpxtpx:atemp>24</gpxtpx:atemp>
      <gpxtpx:hr>122</gpxtpx:hr>
      <gpxtpx:cad>43</gpxtpx:cad>
     </gpxtpx:TrackPointExtension>
    </extensions>
   </trkpt>
   <trkpt lat="46.4371030" lon="12.1146980">
    <ele>1823.8</ele>
    <time>2024-06-02T09:52:25Z</time>
    <extensions>
     <gpxtpx:TrackPointExtension>
      <gpxtpx:atemp>24</gpxtpx:atemp>
      <gpxtpx:hr>123</gpxtpx:hr>
      <gpxtpx:cad>44</gpxtpx:cad>
     </gpxtpx:TrackPointExtension>
    </extensions>
   </trkpt>
   <trkpt lat="46.4371240" lon="12.1147690">
    <ele>1824.6</ele>
    <time>2024-06-02T09:52:31Z</time>
    <extensions>
     <gpxtpx:TrackPointExtension>
      <gpxtpx:atemp>24</gpxtpx:atemp>
      <gpxtpx:hr>125</gpxtpx:hr>
      <gpxtpx:cad>44</gpxtpx:cad>
     </gpxtpx:TrackPointExtension>
    </extensions>
   </trkpt>
   <trkpt lat="46.4371410" lon="12.1147930">
    <ele>1824.8</ele>
    <time>2024-06-02T09:52:33Z</time>
    <extensions>
     <gpxtpx:TrackPointExtension>
      <gpxtpx:atemp>24</gpxtpx:atemp>
      <gpxtpx:hr>124</gpxtpx:hr>
      <gpxtpx:cad>44</gpxtpx:cad>
     </gpxtpx:TrackPointExtension>
    </extensions>
   </trkpt>
   <trkpt lat="46.4371920" lon="12.1148430">
    <ele>1825.4</ele>
    <time>2024-06-02T09:52:38Z</time>
    <extensions>
     <gpxtpx:TrackPointExtension>
      <gpxtpx:atemp>24</gpxtpx:atemp>
      <gpxtpx:hr>123</gpxtpx:hr>
      <gpxtpx:cad>45</gpxtpx:cad>
     </gpxtpx:TrackPointExtension>
    </extensions>
   </trkpt>
   <trkpt lat="46.4372070" lon="12.1148710">
    <ele>1826.0</ele>
    <time>2024-06-02T09:52:41Z</time>
    <extensions>
     <gpxtpx:TrackPointExtension>
      <gpxtpx:atemp>24</gpxtpx:atemp>
      <gpxtpx:hr>122</gpxtpx:hr>
      <gpxtpx:cad>45</gpxtpx:cad>
     </gpxtpx:TrackPointExtension>
    </extensions>
   </trkpt>
   <trkpt lat="46.4372320" lon="12.1149740">
    <ele>1827.2</ele>
    <time>2024-06-02T09:52:48Z</time>
    <extensions>
     <gpxtpx:TrackPointExtension>
      <gpxtpx:atemp>24</gpxtpx:atemp>
      <gpxtpx:hr>119</gpxtpx:hr>
      <gpxtpx:cad>43</gpxtpx:cad>
     </gpxtpx:TrackPointExtension>
    </extensions>
   </trkpt>
   <trkpt lat="46.4372360" lon="12.1149910">
    <ele>1827.4</ele>
    <time>2024-06-02T09:52:49Z</time>
    <extensions>
     <gpxtpx:TrackPointExtension>
      <gpxtpx:atemp>24</gpxtpx:atemp>
      <gpxtpx:hr>118</gpxtpx:hr>
      <gpxtpx:cad>45</gpxtpx:cad>
     </gpxtpx:TrackPointExtension>
    </extensions>
   </trkpt>
   <trkpt lat="46.4372430" lon="12.1150030">
    <ele>1827.4</ele>
    <time>2024-06-02T09:52:50Z</time>
    <extensions>
     <gpxtpx:TrackPointExtension>
      <gpxtpx:atemp>24</gpxtpx:atemp>
      <gpxtpx:hr>121</gpxtpx:hr>
      <gpxtpx:cad>45</gpxtpx:cad>
     </gpxtpx:TrackPointExtension>
    </extensions>
   </trkpt>
   <trkpt lat="46.4372730" lon="12.1150480">
    <ele>1828.0</ele>
    <time>2024-06-02T09:52:54Z</time>
    <extensions>
     <gpxtpx:TrackPointExtension>
      <gpxtpx:atemp>24</gpxtpx:atemp>
      <gpxtpx:hr>124</gpxtpx:hr>
      <gpxtpx:cad>45</gpxtpx:cad>
     </gpxtpx:TrackPointExtension>
    </extensions>
   </trkpt>
   <trkpt lat="46.4372930" lon="12.1150840">
    <ele>1828.4</ele>
    <time>2024-06-02T09:52:57Z</time>
    <extensions>
     <gpxtpx:TrackPointExtension>
      <gpxtpx:atemp>24</gpxtpx:atemp>
      <gpxtpx:hr>122</gpxtpx:hr>
      <gpxtpx:cad>43</gpxtpx:cad>
     </gpxtpx:TrackPointExtension>
    </extensions>
   </trkpt>
   <trkpt lat="46.4373380" lon="12.1151520">
    <ele>1829.6</ele>
    <time>2024-06-02T09:53:04Z</time>
    <extensions>
     <gpxtpx:TrackPointExtension>
      <gpxtpx:atemp>24</gpxtpx:atemp>
      <gpxtpx:hr>121</gpxtpx:hr>
      <gpxtpx:cad>45</gpxtpx:cad>
     </gpxtpx:TrackPointExtension>
    </extensions>
   </trkpt>
   <trkpt lat="46.4373730" lon="12.1151990">
    <ele>1830.6</ele>
    <time>2024-06-02T09:53:10Z</time>
    <extensions>
     <gpxtpx:TrackPointExtension>
      <gpxtpx:atemp>24</gpxtpx:atemp>
      <gpxtpx:hr>124</gpxtpx:hr>
      <gpxtpx:cad>45</gpxtpx:cad>
     </gpxtpx:TrackPointExtension>
    </extensions>
   </trkpt>
   <trkpt lat="46.4373810" lon="12.1151990">
    <ele>1830.8</ele>
    <time>2024-06-02T09:53:11Z</time>
    <extensions>
     <gpxtpx:TrackPointExtension>
      <gpxtpx:atemp>24</gpxtpx:atemp>
      <gpxtpx:hr>124</gpxtpx:hr>
      <gpxtpx:cad>44</gpxtpx:cad>
     </gpxtpx:TrackPointExtension>
    </extensions>
   </trkpt>
   <trkpt lat="46.4373900" lon="12.1151980">
    <ele>1831.2</ele>
    <time>2024-06-02T09:53:14Z</time>
    <extensions>
     <gpxtpx:TrackPointExtension>
      <gpxtpx:atemp>24</gpxtpx:atemp>
      <gpxtpx:hr>127</gpxtpx:hr>
      <gpxtpx:cad>44</gpxtpx:cad>
     </gpxtpx:TrackPointExtension>
    </extensions>
   </trkpt>
   <trkpt lat="46.4374110" lon="12.1152430">
    <ele>1831.8</ele>
    <time>2024-06-02T09:53:18Z</time>
    <extensions>
     <gpxtpx:TrackPointExtension>
      <gpxtpx:atemp>24</gpxtpx:atemp>
      <gpxtpx:hr>130</gpxtpx:hr>
      <gpxtpx:cad>44</gpxtpx:cad>
     </gpxtpx:TrackPointExtension>
    </extensions>
   </trkpt>
   <trkpt lat="46.4374460" lon="12.1152910">
    <ele>1832.2</ele>
    <time>2024-06-02T09:53:20Z</time>
    <extensions>
     <gpxtpx:TrackPointExtension>
      <gpxtpx:atemp>24</gpxtpx:atemp>
      <gpxtpx:hr>130</gpxtpx:hr>
      <gpxtpx:cad>45</gpxtpx:cad>
     </gpxtpx:TrackPointExtension>
    </extensions>
   </trkpt>
   <trkpt lat="46.4374560" lon="12.1153420">
    <ele>1832.8</ele>
    <time>2024-06-02T09:53:24Z</time>
    <extensions>
     <gpxtpx:TrackPointExtension>
      <gpxtpx:atemp>24</gpxtpx:atemp>
      <gpxtpx:hr>130</gpxtpx:hr>
      <gpxtpx:cad>45</gpxtpx:cad>
     </gpxtpx:TrackPointExtension>
    </extensions>
   </trkpt>
   <trkpt lat="46.4374580" lon="12.1153610">
    <ele>1833.0</ele>
    <time>2024-06-02T09:53:25Z</time>
    <extensions>
     <gpxtpx:TrackPointExtension>
      <gpxtpx:atemp>24</gpxtpx:atemp>
      <gpxtpx:hr>132</gpxtpx:hr>
      <gpxtpx:cad>46</gpxtpx:cad>
     </gpxtpx:TrackPointExtension>
    </extensions>
   </trkpt>
   <trkpt lat="46.4374400" lon="12.1154350">
    <ele>1833.8</ele>
    <time>2024-06-02T09:53:29Z</time>
    <extensions>
     <gpxtpx:TrackPointExtension>
      <gpxtpx:atemp>24</gpxtpx:atemp>
      <gpxtpx:hr>130</gpxtpx:hr>
      <gpxtpx:cad>48</gpxtpx:cad>
     </gpxtpx:TrackPointExtension>
    </extensions>
   </trkpt>
   <trkpt lat="46.4374330" lon="12.1154510">
    <ele>1834.0</ele>
    <time>2024-06-02T09:53:30Z</time>
    <extensions>
     <gpxtpx:TrackPointExtension>
      <gpxtpx:atemp>24</gpxtpx:atemp>
      <gpxtpx:hr>132</gpxtpx:hr>
      <gpxtpx:cad>47</gpxtpx:cad>
     </gpxtpx:TrackPointExtension>
    </extensions>
   </trkpt>
   <trkpt lat="46.4374070" lon="12.1154850">
    <ele>1834.4</ele>
    <time>2024-06-02T09:53:32Z</time>
    <extensions>
     <gpxtpx:TrackPointExtension>
      <gpxtpx:atemp>24</gpxtpx:atemp>
      <gpxtpx:hr>129</gpxtpx:hr>
      <gpxtpx:cad>47</gpxtpx:cad>
     </gpxtpx:TrackPointExtension>
    </extensions>
   </trkpt>
   <trkpt lat="46.4373620" lon="12.1155340">
    <ele>1835.0</ele>
    <time>2024-06-02T09:53:36Z</time>
    <extensions>
     <gpxtpx:TrackPointExtension>
      <gpxtpx:atemp>24</gpxtpx:atemp>
      <gpxtpx:hr>128</gpxtpx:hr>
      <gpxtpx:cad>47</gpxtpx:cad>
     </gpxtpx:TrackPointExtension>
    </extensions>
   </trkpt>
   <trkpt lat="46.4373350" lon="12.1155500">
    <ele>1835.4</ele>
    <time>2024-06-02T09:53:38Z</time>
    <extensions>
     <gpxtpx:TrackPointExtension>
      <gpxtpx:atemp>24</gpxtpx:atemp>
      <gpxtpx:hr>128</gpxtpx:hr>
      <gpxtpx:cad>48</gpxtpx:cad>
     </gpxtpx:TrackPointExtension>
    </extensions>
   </trkpt>
   <trkpt lat="46.4372920" lon="12.1155600">
    <ele>1835.8</ele>
    <time>2024-06-02T09:53:42Z</time>
    <extensions>
     <gpxtpx:TrackPointExtension>
      <gpxtpx:atemp>24</gpxtpx:atemp>
      <gpxtpx:hr>125</gpxtpx:hr>
      <gpxtpx:cad>44</gpxtpx:cad>
     </gpxtpx:TrackPointExtension>
    </extensions>
   </trkpt>
   <trkpt lat="46.4372650" lon="12.1155570">
    <ele>1836.2</ele>
    <time>2024-06-02T09:53:44Z</time>
    <extensions>
     <gpxtpx:TrackPointExtension>
      <gpxtpx:atemp>24</gpxtpx:atemp>
      <gpxtpx:hr>124</gpxtpx:hr>
      <gpxtpx:cad>43</gpxtpx:cad>
     </gpxtpx:TrackPointExtension>
    </extensions>
   </trkpt>
   <trkpt lat="46.4372430" lon="12.1155590">
    <ele>1836.4</ele>
    <time>2024-06-02T09:53:46Z</time>
    <extensions>
     <gpxtpx:TrackPointExtension>
      <gpxtpx:atemp>23</gpxtpx:atemp>
      <gpxtpx:hr>125</gpxtpx:hr>
      <gpxtpx:cad>47</gpxtpx:cad>
     </gpxtpx:TrackPointExtension>
    </extensions>
   </trkpt>
   <trkpt lat="46.4372220" lon="12.1155650">
    <ele>1836.8</ele>
    <time>2024-06-02T09:53:48Z</time>
    <extensions>
     <gpxtpx:TrackPointExtension>
      <gpxtpx:atemp>24</gpxtpx:atemp>
      <gpxtpx:hr>125</gpxtpx:hr>
      <gpxtpx:cad>46</gpxtpx:cad>
     </gpxtpx:TrackPointExtension>
    </extensions>
   </trkpt>
   <trkpt lat="46.4372080" lon="12.1155710">
    <ele>1837.0</ele>
    <time>2024-06-02T09:53:50Z</time>
    <extensions>
     <gpxtpx:TrackPointExtension>
      <gpxtpx:atemp>24</gpxtpx:atemp>
      <gpxtpx:hr>127</gpxtpx:hr>
      <gpxtpx:cad>43</gpxtpx:cad>
     </gpxtpx:TrackPointExtension>
    </extensions>
   </trkpt>
   <trkpt lat="46.4372020" lon="12.1155800">
    <ele>1837.2</ele>
    <time>2024-06-02T09:53:51Z</time>
    <extensions>
     <gpxtpx:TrackPointExtension>
      <gpxtpx:atemp>23</gpxtpx:atemp>
      <gpxtpx:hr>127</gpxtpx:hr>
      <gpxtpx:cad>42</gpxtpx:cad>
     </gpxtpx:TrackPointExtension>
    </extensions>
   </trkpt>
   <trkpt lat="46.4371970" lon="12.1155860">
    <ele>1837.2</ele>
    <time>2024-06-02T09:53:52Z</time>
    <extensions>
     <gpxtpx:TrackPointExtension>
      <gpxtpx:atemp>24</gpxtpx:atemp>
      <gpxtpx:hr>127</gpxtpx:hr>
      <gpxtpx:cad>42</gpxtpx:cad>
     </gpxtpx:TrackPointExtension>
    </extensions>
   </trkpt>
   <trkpt lat="46.4371820" lon="12.1156020">
    <ele>1837.6</ele>
    <time>2024-06-02T09:53:54Z</time>
    <extensions>
     <gpxtpx:TrackPointExtension>
      <gpxtpx:atemp>24</gpxtpx:atemp>
      <gpxtpx:hr>124</gpxtpx:hr>
      <gpxtpx:cad>42</gpxtpx:cad>
     </gpxtpx:TrackPointExtension>
    </extensions>
   </trkpt>
   <trkpt lat="46.4371450" lon="12.1156470">
    <ele>1838.4</ele>
    <time>2024-06-02T09:53:58Z</time>
    <extensions>
     <gpxtpx:TrackPointExtension>
      <gpxtpx:atemp>24</gpxtpx:atemp>
      <gpxtpx:hr>124</gpxtpx:hr>
      <gpxtpx:cad>43</gpxtpx:cad>
     </gpxtpx:TrackPointExtension>
    </extensions>
   </trkpt>
   <trkpt lat="46.4371290" lon="12.1156530">
    <ele>1838.6</ele>
    <time>2024-06-02T09:54:00Z</time>
    <extensions>
     <gpxtpx:TrackPointExtension>
      <gpxtpx:atemp>23</gpxtpx:atemp>
      <gpxtpx:hr>121</gpxtpx:hr>
      <gpxtpx:cad>43</gpxtpx:cad>
     </gpxtpx:TrackPointExtension>
    </extensions>
   </trkpt>
   <trkpt lat="46.4371040" lon="12.1156930">
    <ele>1839.4</ele>
    <time>2024-06-02T09:54:05Z</time>
    <extensions>
     <gpxtpx:TrackPointExtension>
      <gpxtpx:atemp>24</gpxtpx:atemp>
      <gpxtpx:hr>119</gpxtpx:hr>
      <gpxtpx:cad>43</gpxtpx:cad>
     </gpxtpx:TrackPointExtension>
    </extensions>
   </trkpt>
   <trkpt lat="46.4370990" lon="12.1157050">
    <ele>1839.8</ele>
    <time>2024-06-02T09:54:07Z</time>
    <extensions>
     <gpxtpx:TrackPointExtension>
      <gpxtpx:atemp>24</gpxtpx:atemp>
      <gpxtpx:hr>118</gpxtpx:hr>
      <gpxtpx:cad>43</gpxtpx:cad>
     </gpxtpx:TrackPointExtension>
    </extensions>
   </trkpt>
   <trkpt lat="46.4370820" lon="12.1157210">
    <ele>1840.4</ele>
    <time>2024-06-02T09:54:11Z</time>
    <extensions>
     <gpxtpx:TrackPointExtension>
      <gpxtpx:atemp>24</gpxtpx:atemp>
      <gpxtpx:hr>115</gpxtpx:hr>
      <gpxtpx:cad>40</gpxtpx:cad>
     </gpxtpx:TrackPointExtension>
    </extensions>
   </trkpt>
   <trkpt lat="46.4370750" lon="12.1157280">
    <ele>1840.6</ele>
    <time>2024-06-02T09:54:12Z</time>
    <extensions>
     <gpxtpx:TrackPointExtension>
      <gpxtpx:atemp>24</gpxtpx:atemp>
      <gpxtpx:hr>115</gpxtpx:hr>
      <gpxtpx:cad>40</gpxtpx:cad>
     </gpxtpx:TrackPointExtension>
    </extensions>
   </trkpt>
   <trkpt lat="46.4370620" lon="12.1157460">
    <ele>1840.8</ele>
    <time>2024-06-02T09:54:14Z</time>
    <extensions>
     <gpxtpx:TrackPointExtension>
      <gpxtpx:atemp>23</gpxtpx:atemp>
      <gpxtpx:hr>114</gpxtpx:hr>
      <gpxtpx:cad>76</gpxtpx:cad>
     </gpxtpx:TrackPointExtension>
    </extensions>
   </trkpt>
   <trkpt lat="46.4370330" lon="12.1158170">
    <ele>1841.6</ele>
    <time>2024-06-02T09:54:20Z</time>
    <extensions>
     <gpxtpx:TrackPointExtension>
      <gpxtpx:atemp>24</gpxtpx:atemp>
      <gpxtpx:hr>115</gpxtpx:hr>
      <gpxtpx:cad>40</gpxtpx:cad>
     </gpxtpx:TrackPointExtension>
    </extensions>
   </trkpt>
   <trkpt lat="46.4370240" lon="12.1158360">
    <ele>1842.0</ele>
    <time>2024-06-02T09:54:22Z</time>
    <extensions>
     <gpxtpx:TrackPointExtension>
      <gpxtpx:atemp>24</gpxtpx:atemp>
      <gpxtpx:hr>116</gpxtpx:hr>
      <gpxtpx:cad>41</gpxtpx:cad>
     </gpxtpx:TrackPointExtension>
    </extensions>
   </trkpt>
   <trkpt lat="46.4370130" lon="12.1158650">
    <ele>1842.6</ele>
    <time>2024-06-02T09:54:25Z</time>
    <extensions>
     <gpxtpx:TrackPointExtension>
      <gpxtpx:atemp>23</gpxtpx:atemp>
      <gpxtpx:hr>119</gpxtpx:hr>
      <gpxtpx:cad>78</gpxtpx:cad>
     </gpxtpx:TrackPointExtension>
    </extensions>
   </trkpt>
   <trkpt lat="46.4370130" lon="12.1158750">
    <ele>1842.6</ele>
    <time>2024-06-02T09:54:26Z</time>
    <extensions>
     <gpxtpx:TrackPointExtension>
      <gpxtpx:atemp>24</gpxtpx:atemp>
      <gpxtpx:hr>118</gpxtpx:hr>
      <gpxtpx:cad>78</gpxtpx:cad>
     </gpxtpx:TrackPointExtension>
    </extensions>
   </trkpt>
   <trkpt lat="46.4370080" lon="12.1159310">
    <ele>1843.4</ele>
    <time>2024-06-02T09:54:31Z</time>
    <extensions>
     <gpxtpx:TrackPointExtension>
      <gpxtpx:atemp>23</gpxtpx:atemp>
      <gpxtpx:hr>120</gpxtpx:hr>
      <gpxtpx:cad>41</gpxtpx:cad>
     </gpxtpx:TrackPointExtension>
    </extensions>
   </trkpt>
   <trkpt lat="46.4370040" lon="12.1159550">
    <ele>1843.8</ele>
    <time>2024-06-02T09:54:33Z</time>
    <extensions>
     <gpxtpx:TrackPointExtension>
      <gpxtpx:atemp>23</gpxtpx:atemp>
      <gpxtpx:hr>118</gpxtpx:hr>
      <gpxtpx:cad>79</gpxtpx:cad>
     </gpxtpx:TrackPointExtension>
    </extensions>
   </trkpt>
   <trkpt lat="46.4370000" lon="12.1160330">
    <ele>1844.4</ele>
    <time>2024-06-02T09:54:38Z</time>
    <extensions>
     <gpxtpx:TrackPointExtension>
      <gpxtpx:atemp>23</gpxtpx:atemp>
      <gpxtpx:hr>121</gpxtpx:hr>
      <gpxtpx:cad>41</gpxtpx:cad>
     </gpxtpx:TrackPointExtension>
    </extensions>
   </trkpt>
   <trkpt lat="46.4370010" lon="12.1160660">
    <ele>1844.8</ele>
    <time>2024-06-02T09:54:40Z</time>
    <extensions>
     <gpxtpx:TrackPointExtension>
      <gpxtpx:atemp>23</gpxtpx:atemp>
      <gpxtpx:hr>121</gpxtpx:hr>
      <gpxtpx:cad>42</gpxtpx:cad>
     </gpxtpx:TrackPointExtension>
    </extensions>
   </trkpt>
   <trkpt lat="46.4369900" lon="12.1160970">
    <ele>1845.6</ele>
    <time>2024-06-02T09:54:44Z</time>
    <extensions>
     <gpxtpx:TrackPointExtension>
      <gpxtpx:atemp>23</gpxtpx:atemp>
      <gpxtpx:hr>121</gpxtpx:hr>
      <gpxtpx:cad>41</gpxtpx:cad>
     </gpxtpx:TrackPointExtension>
    </extensions>
   </trkpt>
   <trkpt lat="46.4369800" lon="12.1161260">
    <ele>1845.8</ele>
    <time>2024-06-02T09:54:47Z</time>
    <extensions>
     <gpxtpx:TrackPointExtension>
      <gpxtpx:atemp>23</gpxtpx:atemp>
      <gpxtpx:hr>122</gpxtpx:hr>
      <gpxtpx:cad>74</gpxtpx:cad>
     </gpxtpx:TrackPointExtension>
    </extensions>
   </trkpt>
   <trkpt lat="46.4369700" lon="12.1161510">
    <ele>1846.2</ele>
    <time>2024-06-02T09:54:49Z</time>
    <extensions>
     <gpxtpx:TrackPointExtension>
      <gpxtpx:atemp>23</gpxtpx:atemp>
      <gpxtpx:hr>122</gpxtpx:hr>
      <gpxtpx:cad>78</gpxtpx:cad>
     </gpxtpx:TrackPointExtension>
    </extensions>
   </trkpt>
   <trkpt lat="46.4369700" lon="12.1161590">
    <ele>1846.2</ele>
    <time>2024-06-02T09:54:50Z</time>
    <extensions>
     <gpxtpx:TrackPointExtension>
      <gpxtpx:atemp>23</gpxtpx:atemp>
      <gpxtpx:hr>122</gpxtpx:hr>
      <gpxtpx:cad>79</gpxtpx:cad>
     </gpxtpx:TrackPointExtension>
    </extensions>
   </trkpt>
   <trkpt lat="46.4369780" lon="12.1162250">
    <ele>1847.0</ele>
    <time>2024-06-02T09:54:54Z</time>
    <extensions>
     <gpxtpx:TrackPointExtension>
      <gpxtpx:atemp>23</gpxtpx:atemp>
      <gpxtpx:hr>121</gpxtpx:hr>
      <gpxtpx:cad>79</gpxtpx:cad>
     </gpxtpx:TrackPointExtension>
    </extensions>
   </trkpt>
   <trkpt lat="46.4369820" lon="12.1162840">
    <ele>1847.6</ele>
    <time>2024-06-02T09:54:58Z</time>
    <extensions>
     <gpxtpx:TrackPointExtension>
      <gpxtpx:atemp>23</gpxtpx:atemp>
      <gpxtpx:hr>120</gpxtpx:hr>
      <gpxtpx:cad>44</gpxtpx:cad>
     </gpxtpx:TrackPointExtension>
    </extensions>
   </trkpt>
   <trkpt lat="46.4369780" lon="12.1163340">
    <ele>1848.0</ele>
    <time>2024-06-02T09:55:03Z</time>
    <extensions>
     <gpxtpx:TrackPointExtension>
      <gpxtpx:atemp>23</gpxtpx:atemp>
      <gpxtpx:hr>119</gpxtpx:hr>
      <gpxtpx:cad>44</gpxtpx:cad>
     </gpxtpx:TrackPointExtension>
    </extensions>
   </trkpt>
   <trkpt lat="46.4369750" lon="12.1163610">
    <ele>1848.0</ele>
    <time>2024-06-02T09:55:05Z</time>
    <extensions>
     <gpxtpx:TrackPointExtension>
      <gpxtpx:atemp>23</gpxtpx:atemp>
      <gpxtpx:hr>118</gpxtpx:hr>
      <gpxtpx:cad>45</gpxtpx:cad>
     </gpxtpx:TrackPointExtension>
    </extensions>
   </trkpt>
   <trkpt lat="46.4369720" lon="12.1163910">
    <ele>1848.4</ele>
    <time>2024-06-02T09:55:07Z</time>
    <extensions>
     <gpxtpx:TrackPointExtension>
      <gpxtpx:atemp>23</gpxtpx:atemp>
      <gpxtpx:hr>119</gpxtpx:hr>
      <gpxtpx:cad>44</gpxtpx:cad>
     </gpxtpx:TrackPointExtension>
    </extensions>
   </trkpt>
   <trkpt lat="46.4369720" lon="12.1164750">
    <ele>1849.0</ele>
    <time>2024-06-02T09:55:14Z</time>
    <extensions>
     <gpxtpx:TrackPointExtension>
      <gpxtpx:atemp>23</gpxtpx:atemp>
      <gpxtpx:hr>121</gpxtpx:hr>
      <gpxtpx:cad>41</gpxtpx:cad>
     </gpxtpx:TrackPointExtension>
    </extensions>
   </trkpt>
   <trkpt lat="46.4369750" lon="12.1164870">
    <ele>1849.0</ele>
    <time>2024-06-02T09:55:15Z</time>
    <extensions>
     <gpxtpx:TrackPointExtension>
      <gpxtpx:atemp>23</gpxtpx:atemp>
      <gpxtpx:hr>121</gpxtpx:hr>
      <gpxtpx:cad>41</gpxtpx:cad>
     </gpxtpx:TrackPointExtension>
    </extensions>
   </trkpt>
   <trkpt lat="46.4369750" lon="12.1165130">
    <ele>1849.4</ele>
    <time>2024-06-02T09:55:17Z</time>
    <extensions>
     <gpxtpx:TrackPointExtension>
      <gpxtpx:atemp>23</gpxtpx:atemp>
      <gpxtpx:hr>121</gpxtpx:hr>
      <gpxtpx:cad>42</gpxtpx:cad>
     </gpxtpx:TrackPointExtension>
    </extensions>
   </trkpt>
   <trkpt lat="46.4369660" lon="12.1166210">
    <ele>1850.0</ele>
    <time>2024-06-02T09:55:23Z</time>
    <extensions>
     <gpxtpx:TrackPointExtension>
      <gpxtpx:atemp>23</gpxtpx:atemp>
      <gpxtpx:hr>121</gpxtpx:hr>
      <gpxtpx:cad>41</gpxtpx:cad>
     </gpxtpx:TrackPointExtension>
    </extensions>
   </trkpt>
   <trkpt lat="46.4369390" lon="12.1167010">
    <ele>1851.0</ele>
    <time>2024-06-02T09:55:30Z</time>
    <extensions>
     <gpxtpx:TrackPointExtension>
      <gpxtpx:atemp>23</gpxtpx:atemp>
      <gpxtpx:hr>121</gpxtpx:hr>
      <gpxtpx:cad>43</gpxtpx:cad>
     </gpxtpx:TrackPointExtension>
    </extensions>
   </trkpt>
   <trkpt lat="46.4369310" lon="12.1167220">
    <ele>1851.2</ele>
    <time>2024-06-02T09:55:31Z</time>
    <extensions>
     <gpxtpx:TrackPointExtension>
      <gpxtpx:atemp>23</gpxtpx:atemp>
      <gpxtpx:hr>121</gpxtpx:hr>
      <gpxtpx:cad>42</gpxtpx:cad>
     </gpxtpx:TrackPointExtension>
    </extensions>
   </trkpt>
   <trkpt lat="46.4369190" lon="12.1168400">
    <ele>1852.2</ele>
    <time>2024-06-02T09:55:38Z</time>
    <extensions>
     <gpxtpx:TrackPointExtension>
      <gpxtpx:atemp>23</gpxtpx:atemp>
      <gpxtpx:hr>124</gpxtpx:hr>
      <gpxtpx:cad>42</gpxtpx:cad>
     </gpxtpx:TrackPointExtension>
    </extensions>
   </trkpt>
   <trkpt lat="46.4369170" lon="12.1168960">
    <ele>1852.8</ele>
    <time>2024-06-02T09:55:42Z</time>
    <extensions>
     <gpxtpx:TrackPointExtension>
      <gpxtpx:atemp>23</gpxtpx:atemp>
      <gpxtpx:hr>123</gpxtpx:hr>
      <gpxtpx:cad>43</gpxtpx:cad>
     </gpxtpx:TrackPointExtension>
    </extensions>
   </trkpt>
   <trkpt lat="46.4369250" lon="12.1169300">
    <ele>1853.4</ele>
    <time>2024-06-02T09:55:45Z</time>
    <extensions>
     <gpxtpx:TrackPointExtension>
      <gpxtpx:atemp>23</gpxtpx:atemp>
      <gpxtpx:hr>124</gpxtpx:hr>
      <gpxtpx:cad>45</gpxtpx:cad>
     </gpxtpx:TrackPointExtension>
    </extensions>
   </trkpt>
   <trkpt lat="46.4369200" lon="12.1169680">
    <ele>1853.8</ele>
    <time>2024-06-02T09:55:48Z</time>
    <extensions>
     <gpxtpx:TrackPointExtension>
      <gpxtpx:atemp>23</gpxtpx:atemp>
      <gpxtpx:hr>124</gpxtpx:hr>
      <gpxtpx:cad>44</gpxtpx:cad>
     </gpxtpx:TrackPointExtension>
    </extensions>
   </trkpt>
   <trkpt lat="46.4369150" lon="12.1170250">
    <ele>1854.4</ele>
    <time>2024-06-02T09:55:52Z</time>
    <extensions>
     <gpxtpx:TrackPointExtension>
      <gpxtpx:atemp>23</gpxtpx:atemp>
      <gpxtpx:hr>123</gpxtpx:hr>
      <gpxtpx:cad>43</gpxtpx:cad>
     </gpxtpx:TrackPointExtension>
    </extensions>
   </trkpt>
   <trkpt lat="46.4369160" lon="12.1170560">
    <ele>1854.8</ele>
    <time>2024-06-02T09:55:54Z</time>
    <extensions>
     <gpxtpx:TrackPointExtension>
      <gpxtpx:atemp>23</gpxtpx:atemp>
      <gpxtpx:hr>123</gpxtpx:hr>
      <gpxtpx:cad>43</gpxtpx:cad>
     </gpxtpx:TrackPointExtension>
    </extensions>
   </trkpt>
   <trkpt lat="46.4369100" lon="12.1171340">
    <ele>1855.6</ele>
    <time>2024-06-02T09:55:59Z</time>
    <extensions>
     <gpxtpx:TrackPointExtension>
      <gpxtpx:atemp>23</gpxtpx:atemp>
      <gpxtpx:hr>122</gpxtpx:hr>
      <gpxtpx:cad>44</gpxtpx:cad>
     </gpxtpx:TrackPointExtension>
    </extensions>
   </trkpt>
   <trkpt lat="46.4369050" lon="12.1172160">
    <ele>1856.4</ele>
    <time>2024-06-02T09:56:04Z</time>
    <extensions>
     <gpxtpx:TrackPointExtension>
      <gpxtpx:atemp>23</gpxtpx:atemp>
      <gpxtpx:hr>122</gpxtpx:hr>
      <gpxtpx:cad>44</gpxtpx:cad>
     </gpxtpx:TrackPointExtension>
    </extensions>
   </trkpt>
   <trkpt lat="46.4369050" lon="12.1172650">
    <ele>1856.6</ele>
    <time>2024-06-02T09:56:07Z</time>
    <extensions>
     <gpxtpx:TrackPointExtension>
      <gpxtpx:atemp>23</gpxtpx:atemp>
      <gpxtpx:hr>121</gpxtpx:hr>
      <gpxtpx:cad>44</gpxtpx:cad>
     </gpxtpx:TrackPointExtension>
    </extensions>
   </trkpt>
   <trkpt lat="46.4369110" lon="12.1172850">
    <ele>1857.0</ele>
    <time>2024-06-02T09:56:09Z</time>
    <extensions>
     <gpxtpx:TrackPointExtension>
      <gpxtpx:atemp>23</gpxtpx:atemp>
      <gpxtpx:hr>120</gpxtpx:hr>
      <gpxtpx:cad>44</gpxtpx:cad>
     </gpxtpx:TrackPointExtension>
    </extensions>
   </trkpt>
   <trkpt lat="46.4368960" lon="12.1173100">
    <ele>1857.4</ele>
    <time>2024-06-02T09:56:12Z</time>
    <extensions>
     <gpxtpx:TrackPointExtension>
      <gpxtpx:atemp>23</gpxtpx:atemp>
      <gpxtpx:hr>119</gpxtpx:hr>
      <gpxtpx:cad>44</gpxtpx:cad>
     </gpxtpx:TrackPointExtension>
    </extensions>
   </trkpt>
   <trkpt lat="46.4368910" lon="12.1173370">
    <ele>1857.8</ele>
    <time>2024-06-02T09:56:14Z</time>
    <extensions>
     <gpxtpx:TrackPointExtension>
      <gpxtpx:atemp>23</gpxtpx:atemp>
      <gpxtpx:hr>117</gpxtpx:hr>
      <gpxtpx:cad>44</gpxtpx:cad>
     </gpxtpx:TrackPointExtension>
    </extensions>
   </trkpt>
   <trkpt lat="46.4369030" lon="12.1174060">
    <ele>1858.8</ele>
    <time>2024-06-02T09:56:20Z</time>
    <extensions>
     <gpxtpx:TrackPointExtension>
      <gpxtpx:atemp>23</gpxtpx:atemp>
      <gpxtpx:hr>115</gpxtpx:hr>
      <gpxtpx:cad>44</gpxtpx:cad>
     </gpxtpx:TrackPointExtension>
    </extensions>
   </trkpt>
   <trkpt lat="46.4369060" lon="12.1174480">
    <ele>1859.2</ele>
    <time>2024-06-02T09:56:23Z</time>
    <extensions>
     <gpxtpx:TrackPointExtension>
      <gpxtpx:atemp>23</gpxtpx:atemp>
      <gpxtpx:hr>114</gpxtpx:hr>
      <gpxtpx:cad>46</gpxtpx:cad>
     </gpxtpx:TrackPointExtension>
    </extensions>
   </trkpt>
   <trkpt lat="46.4369070" lon="12.1174820">
    <ele>1859.8</ele>
    <time>2024-06-02T09:56:26Z</time>
    <extensions>
     <gpxtpx:TrackPointExtension>
      <gpxtpx:atemp>23</gpxtpx:atemp>
      <gpxtpx:hr>115</gpxtpx:hr>
      <gpxtpx:cad>46</gpxtpx:cad>
     </gpxtpx:TrackPointExtension>
    </extensions>
   </trkpt>
   <trkpt lat="46.4369020" lon="12.1175050">
    <ele>1860.2</ele>
    <time>2024-06-02T09:56:28Z</time>
    <extensions>
     <gpxtpx:TrackPointExtension>
      <gpxtpx:atemp>23</gpxtpx:atemp>
      <gpxtpx:hr>113</gpxtpx:hr>
      <gpxtpx:cad>45</gpxtpx:cad>
     </gpxtpx:TrackPointExtension>
    </extensions>
   </trkpt>
   <trkpt lat="46.4368930" lon="12.1175960">
    <ele>1861.0</ele>
    <time>2024-06-02T09:56:34Z</time>
    <extensions>
     <gpxtpx:TrackPointExtension>
      <gpxtpx:atemp>23</gpxtpx:atemp>
      <gpxtpx:hr>113</gpxtpx:hr>
      <gpxtpx:cad>42</gpxtpx:cad>
     </gpxtpx:TrackPointExtension>
    </extensions>
   </trkpt>
   <trkpt lat="46.4368990" lon="12.1176290">
    <ele>1861.4</ele>
    <time>2024-06-02T09:56:37Z</time>
    <extensions>
     <gpxtpx:TrackPointExtension>
      <gpxtpx:atemp>23</gpxtpx:atemp>
      <gpxtpx:hr>113</gpxtpx:hr>
      <gpxtpx:cad>43</gpxtpx:cad>
     </gpxtpx:TrackPointExtension>
    </extensions>
   </trkpt>
   <trkpt lat="46.4369000" lon="12.1176410">
    <ele>1861.6</ele>
    <time>2024-06-02T09:56:38Z</time>
    <extensions>
     <gpxtpx:TrackPointExtension>
      <gpxtpx:atemp>23</gpxtpx:atemp>
      <gpxtpx:hr>114</gpxtpx:hr>
      <gpxtpx:cad>44</gpxtpx:cad>
     </gpxtpx:TrackPointExtension>
    </extensions>
   </trkpt>
   <trkpt lat="46.4369070" lon="12.1176710">
    <ele>1862.0</ele>
    <time>2024-06-02T09:56:41Z</time>
    <extensions>
     <gpxtpx:TrackPointExtension>
      <gpxtpx:atemp>23</gpxtpx:atemp>
      <gpxtpx:hr>112</gpxtpx:hr>
      <gpxtpx:cad>44</gpxtpx:cad>
     </gpxtpx:TrackPointExtension>
    </extensions>
   </trkpt>
   <trkpt lat="46.4369130" lon="12.1176810">
    <ele>1862.2</ele>
    <time>2024-06-02T09:56:42Z</time>
    <extensions>
     <gpxtpx:TrackPointExtension>
      <gpxtpx:atemp>23</gpxtpx:atemp>
      <gpxtpx:hr>114</gpxtpx:hr>
      <gpxtpx:cad>44</gpxtpx:cad>
     </gpxtpx:TrackPointExtension>
    </extensions>
   </trkpt>
   <trkpt lat="46.4369280" lon="12.1177140">
    <ele>1862.4</ele>
    <time>2024-06-02T09:56:44Z</time>
    <extensions>
     <gpxtpx:TrackPointExtension>
      <gpxtpx:atemp>23</gpxtpx:atemp>
      <gpxtpx:hr>114</gpxtpx:hr>
      <gpxtpx:cad>43</gpxtpx:cad>
     </gpxtpx:TrackPointExtension>
    </extensions>
   </trkpt>
   <trkpt lat="46.4369550" lon="12.1177620">
    <ele>1863.0</ele>
    <time>2024-06-02T09:56:48Z</time>
    <extensions>
     <gpxtpx:TrackPointExtension>
      <gpxtpx:atemp>23</gpxtpx:atemp>
      <gpxtpx:hr>115</gpxtpx:hr>
      <gpxtpx:cad>43</gpxtpx:cad>
     </gpxtpx:TrackPointExtension>
    </extensions>
   </trkpt>
   <trkpt lat="46.4369560" lon="12.1177630">
    <ele>1863.4</ele>
    <time>2024-06-02T09:56:50Z</time>
    <extensions>
     <gpxtpx:TrackPointExtension>
      <gpxtpx:atemp>23</gpxtpx:atemp>
      <gpxtpx:hr>116</gpxtpx:hr>
      <gpxtpx:cad>43</gpxtpx:cad>
     </gpxtpx:TrackPointExtension>
    </extensions>
   </trkpt>
   <trkpt lat="46.4369670" lon="12.1177680">
    <ele>1863.4</ele>
    <time>2024-06-02T09:56:51Z</time>
    <extensions>
     <gpxtpx:TrackPointExtension>
      <gpxtpx:atemp>23</gpxtpx:atemp>
      <gpxtpx:hr>116</gpxtpx:hr>
      <gpxtpx:cad>44</gpxtpx:cad>
     </gpxtpx:TrackPointExtension>
    </extensions>
   </trkpt>
   <trkpt lat="46.4369830" lon="12.1177850">
    <ele>1863.8</ele>
    <time>2024-06-02T09:56:53Z</time>
    <extensions>
     <gpxtpx:TrackPointExtension>
      <gpxtpx:atemp>23</gpxtpx:atemp>
      <gpxtpx:hr>115</gpxtpx:hr>
      <gpxtpx:cad>45</gpxtpx:cad>
     </gpxtpx:TrackPointExtension>
    </extensions>
   </trkpt>
   <trkpt lat="46.4369990" lon="12.1178220">
    <ele>1864.2</ele>
    <time>2024-06-02T09:56:55Z</time>
    <extensions>
     <gpxtpx:TrackPointExtension>
      <gpxtpx:atemp>23</gpxtpx:atemp>
      <gpxtpx:hr>116</gpxtpx:hr>
      <gpxtpx:cad>45</gpxtpx:cad>
     </gpxtpx:TrackPointExtension>
    </extensions>
   </trkpt>
   <trkpt lat="46.4370010" lon="12.1178380">
    <ele>1864.2</ele>
    <time>2024-06-02T09:56:56Z</time>
    <extensions>
     <gpxtpx:TrackPointExtension>
      <gpxtpx:atemp>23</gpxtpx:atemp>
      <gpxtpx:hr>117</gpxtpx:hr>
      <gpxtpx:cad>46</gpxtpx:cad>
     </gpxtpx:TrackPointExtension>
    </extensions>
   </trkpt>
   <trkpt lat="46.4370140" lon="12.1178950">
    <ele>1865.0</ele>
    <time>2024-06-02T09:57:00Z</time>
    <extensions>
     <gpxtpx:TrackPointExtension>
      <gpxtpx:atemp>23</gpxtpx:atemp>
      <gpxtpx:hr>121</gpxtpx:hr>
      <gpxtpx:cad>46</gpxtpx:cad>
     </gpxtpx:TrackPointExtension>
    </extensions>
   </trkpt>
   <trkpt lat="46.4370190" lon="12.1179370">
    <ele>1865.2</ele>
    <time>2024-06-02T09:57:03Z</time>
    <extensions>
     <gpxtpx:TrackPointExtension>
      <gpxtpx:atemp>23</gpxtpx:atemp>
      <gpxtpx:hr>121</gpxtpx:hr>
      <gpxtpx:cad>47</gpxtpx:cad>
     </gpxtpx:TrackPointExtension>
    </extensions>
   </trkpt>
   <trkpt lat="46.4370180" lon="12.1179540">
    <ele>1865.4</ele>
    <time>2024-06-02T09:57:04Z</time>
    <extensions>
     <gpxtpx:TrackPointExtension>
      <gpxtpx:atemp>23</gpxtpx:atemp>
      <gpxtpx:hr>122</gpxtpx:hr>
      <gpxtpx:cad>47</gpxtpx:cad>
     </gpxtpx:TrackPointExtension>
    </extensions>
   </trkpt>
   <trkpt lat="46.4370160" lon="12.1179670">
    <ele>1865.6</ele>
    <time>2024-06-02T09:57:05Z</time>
    <extensions>
     <gpxtpx:TrackPointExtension>
      <gpxtpx:atemp>23</gpxtpx:atemp>
      <gpxtpx:hr>122</gpxtpx:hr>
      <gpxtpx:cad>47</gpxtpx:cad>
     </gpxtpx:TrackPointExtension>
    </extensions>
   </trkpt>
   <trkpt lat="46.4370110" lon="12.1180350">
    <ele>1866.4</ele>
    <time>2024-06-02T09:57:10Z</time>
    <extensions>
     <gpxtpx:TrackPointExtension>
      <gpxtpx:atemp>23</gpxtpx:atemp>
      <gpxtpx:hr>123</gpxtpx:hr>
      <gpxtpx:cad>46</gpxtpx:cad>
     </gpxtpx:TrackPointExtension>
    </extensions>
   </trkpt>
   <trkpt lat="46.4370150" lon="12.1180900">
    <ele>1866.6</ele>
    <time>2024-06-02T09:57:13Z</time>
    <extensions>
     <gpxtpx:TrackPointExtension>
      <gpxtpx:atemp>23</gpxtpx:atemp>
      <gpxtpx:hr>123</gpxtpx:hr>
      <gpxtpx:cad>45</gpxtpx:cad>
     </gpxtpx:TrackPointExtension>
    </extensions>
   </trkpt>
   <trkpt lat="46.4370070" lon="12.1181330">
    <ele>1867.0</ele>
    <time>2024-06-02T09:57:16Z</time>
    <extensions>
     <gpxtpx:TrackPointExtension>
      <gpxtpx:atemp>23</gpxtpx:atemp>
      <gpxtpx:hr>121</gpxtpx:hr>
      <gpxtpx:cad>45</gpxtpx:cad>
     </gpxtpx:TrackPointExtension>
    </extensions>
   </trkpt>
   <trkpt lat="46.4370020" lon="12.1181570">
    <ele>1867.6</ele>
    <time>2024-06-02T09:57:18Z</time>
    <extensions>
     <gpxtpx:TrackPointExtension>
      <gpxtpx:atemp>23</gpxtpx:atemp>
      <gpxtpx:hr>123</gpxtpx:hr>
      <gpxtpx:cad>44</gpxtpx:cad>
     </gpxtpx:TrackPointExtension>
    </extensions>
   </trkpt>
   <trkpt lat="46.4369990" lon="12.1181770">
    <ele>1867.6</ele>
    <time>2024-06-02T09:57:19Z</time>
    <extensions>
     <gpxtpx:TrackPointExtension>
      <gpxtpx:atemp>23</gpxtpx:atemp>
      <gpxtpx:hr>121</gpxtpx:hr>
      <gpxtpx:cad>44</gpxtpx:cad>
     </gpxtpx:TrackPointExtension>
    </extensions>
   </trkpt>
   <trkpt lat="46.4369970" lon="12.1181940">
    <ele>1867.8</ele>
    <time>2024-06-02T09:57:20Z</time>
    <extensions>
     <gpxtpx:TrackPointExtension>
      <gpxtpx:atemp>23</gpxtpx:atemp>
      <gpxtpx:hr>124</gpxtpx:hr>
      <gpxtpx:cad>44</gpxtpx:cad>
     </gpxtpx:TrackPointExtension>
    </extensions>
   </trkpt>
   <trkpt lat="46.4369920" lon="12.1182080">
    <ele>1867.8</ele>
    <time>2024-06-02T09:57:21Z</time>
    <extensions>
     <gpxtpx:TrackPointExtension>
      <gpxtpx:atemp>23</gpxtpx:atemp>
      <gpxtpx:hr>122</gpxtpx:hr>
      <gpxtpx:cad>44</gpxtpx:cad>
     </gpxtpx:TrackPointExtension>
    </extensions>
   </trkpt>
   <trkpt lat="46.4369870" lon="12.1182800">
    <ele>1868.6</ele>
    <time>2024-06-02T09:57:25Z</time>
    <extensions>
     <gpxtpx:TrackPointExtension>
      <gpxtpx:atemp>23</gpxtpx:atemp>
      <gpxtpx:hr>122</gpxtpx:hr>
      <gpxtpx:cad>45</gpxtpx:cad>
     </gpxtpx:TrackPointExtension>
    </extensions>
   </trkpt>
   <trkpt lat="46.4369840" lon="12.1182950">
    <ele>1868.8</ele>
    <time>2024-06-02T09:57:26Z</time>
    <extensions>
     <gpxtpx:TrackPointExtension>
      <gpxtpx:atemp>23</gpxtpx:atemp>
      <gpxtpx:hr>122</gpxtpx:hr>
      <gpxtpx:cad>45</gpxtpx:cad>
     </gpxtpx:TrackPointExtension>
    </extensions>
   </trkpt>
   <trkpt lat="46.4369830" lon="12.1183770">
    <ele>1869.6</ele>
    <time>2024-06-02T09:57:32Z</time>
    <extensions>
     <gpxtpx:TrackPointExtension>
      <gpxtpx:atemp>23</gpxtpx:atemp>
      <gpxtpx:hr>122</gpxtpx:hr>
      <gpxtpx:cad>41</gpxtpx:cad>
     </gpxtpx:TrackPointExtension>
    </extensions>
   </trkpt>
   <trkpt lat="46.4369820" lon="12.1183980">
    <ele>1870.0</ele>
    <time>2024-06-02T09:57:34Z</time>
    <extensions>
     <gpxtpx:TrackPointExtension>
      <gpxtpx:atemp>23</gpxtpx:atemp>
      <gpxtpx:hr>122</gpxtpx:hr>
      <gpxtpx:cad>41</gpxtpx:cad>
     </gpxtpx:TrackPointExtension>
    </extensions>
   </trkpt>
   <trkpt lat="46.4369770" lon="12.1184640">
    <ele>1870.8</ele>
    <time>2024-06-02T09:57:39Z</time>
    <extensions>
     <gpxtpx:TrackPointExtension>
      <gpxtpx:atemp>23</gpxtpx:atemp>
      <gpxtpx:hr>122</gpxtpx:hr>
      <gpxtpx:cad>45</gpxtpx:cad>
     </gpxtpx:TrackPointExtension>
    </extensions>
   </trkpt>
   <trkpt lat="46.4369730" lon="12.1185090">
    <ele>1871.2</ele>
    <time>2024-06-02T09:57:42Z</time>
    <extensions>
     <gpxtpx:TrackPointExtension>
      <gpxtpx:atemp>23</gpxtpx:atemp>
      <gpxtpx:hr>122</gpxtpx:hr>
      <gpxtpx:cad>43</gpxtpx:cad>
     </gpxtpx:TrackPointExtension>
    </extensions>
   </trkpt>
   <trkpt lat="46.4369700" lon="12.1185610">
    <ele>1871.6</ele>
    <time>2024-06-02T09:57:46Z</time>
    <extensions>
     <gpxtpx:TrackPointExtension>
      <gpxtpx:atemp>23</gpxtpx:atemp>
      <gpxtpx:hr>125</gpxtpx:hr>
      <gpxtpx:cad>43</gpxtpx:cad>
     </gpxtpx:TrackPointExtension>
    </extensions>
   </trkpt>
   <trkpt lat="46.4369690" lon="12.1185840">
    <ele>1872.0</ele>
    <time>2024-06-02T09:57:48Z</time>
    <extensions>
     <gpxtpx:TrackPointExtension>
      <gpxtpx:atemp>23</gpxtpx:atemp>
      <gpxtpx:hr>126</gpxtpx:hr>
      <gpxtpx:cad>43</gpxtpx:cad>
     </gpxtpx:TrackPointExtension>
    </extensions>
   </trkpt>
   <trkpt lat="46.4369800" lon="12.1186470">
    <ele>1872.4</ele>
    <time>2024-06-02T09:57:52Z</time>
    <extensions>
     <gpxtpx:TrackPointExtension>
      <gpxtpx:atemp>23</gpxtpx:atemp>
      <gpxtpx:hr>125</gpxtpx:hr>
      <gpxtpx:cad>43</gpxtpx:cad>
     </gpxtpx:TrackPointExtension>
    </extensions>
   </trkpt>
   <trkpt lat="46.4369850" lon="12.1187180">
    <ele>1873.0</ele>
    <time>2024-06-02T09:57:57Z</time>
    <extensions>
     <gpxtpx:TrackPointExtension>
      <gpxtpx:atemp>23</gpxtpx:atemp>
      <gpxtpx:hr>122</gpxtpx:hr>
      <gpxtpx:cad>45</gpxtpx:cad>
     </gpxtpx:TrackPointExtension>
    </extensions>
   </trkpt>
   <trkpt lat="46.4369940" lon="12.1187750">
    <ele>1873.6</ele>
    <time>2024-06-02T09:58:01Z</time>
    <extensions>
     <gpxtpx:TrackPointExtension>
      <gpxtpx:atemp>23</gpxtpx:atemp>
      <gpxtpx:hr>124</gpxtpx:hr>
      <gpxtpx:cad>45</gpxtpx:cad>
     </gpxtpx:TrackPointExtension>
    </extensions>
   </trkpt>
   <trkpt lat="46.4369960" lon="12.1188450">
    <ele>1874.0</ele>
    <time>2024-06-02T09:58:05Z</time>
    <extensions>
     <gpxtpx:TrackPointExtension>
      <gpxtpx:atemp>23</gpxtpx:atemp>
      <gpxtpx:hr>125</gpxtpx:hr>
      <gpxtpx:cad>45</gpxtpx:cad>
     </gpxtpx:TrackPointExtension>
    </extensions>
   </trkpt>
   <trkpt lat="46.4369640" lon="12.1189340">
    <ele>1874.2</ele>
    <time>2024-06-02T09:58:08Z</time>
    <extensions>
     <gpxtpx:TrackPointExtension>
      <gpxtpx:atemp>23</gpxtpx:atemp>
      <gpxtpx:hr>126</gpxtpx:hr>
      <gpxtpx:cad>45</gpxtpx:cad>
     </gpxtpx:TrackPointExtension>
    </extensions>
   </trkpt>
   <trkpt lat="46.4369830" lon="12.1190100">
    <ele>1875.0</ele>
    <time>2024-06-02T09:58:15Z</time>
    <extensions>
     <gpxtpx:TrackPointExtension>
      <gpxtpx:atemp>23</gpxtpx:atemp>
      <gpxtpx:hr>128</gpxtpx:hr>
      <gpxtpx:cad>48</gpxtpx:cad>
     </gpxtpx:TrackPointExtension>
    </extensions>
   </trkpt>
   <trkpt lat="46.4369820" lon="12.1190270">
    <ele>1875.2</ele>
    <time>2024-06-02T09:58:16Z</time>
    <extensions>
     <gpxtpx:TrackPointExtension>
      <gpxtpx:atemp>23</gpxtpx:atemp>
      <gpxtpx:hr>128</gpxtpx:hr>
      <gpxtpx:cad>48</gpxtpx:cad>
     </gpxtpx:TrackPointExtension>
    </extensions>
   </trkpt>
   <trkpt lat="46.4369730" lon="12.1191040">
    <ele>1875.6</ele>
    <time>2024-06-02T09:58:21Z</time>
    <extensions>
     <gpxtpx:TrackPointExtension>
      <gpxtpx:atemp>23</gpxtpx:atemp>
      <gpxtpx:hr>128</gpxtpx:hr>
      <gpxtpx:cad>49</gpxtpx:cad>
     </gpxtpx:TrackPointExtension>
    </extensions>
   </trkpt>
   <trkpt lat="46.4369740" lon="12.1191310">
    <ele>1876.0</ele>
    <time>2024-06-02T09:58:23Z</time>
    <extensions>
     <gpxtpx:TrackPointExtension>
      <gpxtpx:atemp>23</gpxtpx:atemp>
      <gpxtpx:hr>128</gpxtpx:hr>
      <gpxtpx:cad>48</gpxtpx:cad>
     </gpxtpx:TrackPointExtension>
    </extensions>
   </trkpt>
   <trkpt lat="46.4369780" lon="12.1191500">
    <ele>1876.2</ele>
    <time>2024-06-02T09:58:24Z</time>
    <extensions>
     <gpxtpx:TrackPointExtension>
      <gpxtpx:atemp>23</gpxtpx:atemp>
      <gpxtpx:hr>129</gpxtpx:hr>
      <gpxtpx:cad>48</gpxtpx:cad>
     </gpxtpx:TrackPointExtension>
    </extensions>
   </trkpt>
   <trkpt lat="46.4369590" lon="12.1192040">
    <ele>1876.6</ele>
    <time>2024-06-02T09:58:28Z</time>
    <extensions>
     <gpxtpx:TrackPointExtension>
      <gpxtpx:atemp>23</gpxtpx:atemp>
      <gpxtpx:hr>126</gpxtpx:hr>
      <gpxtpx:cad>47</gpxtpx:cad>
     </gpxtpx:TrackPointExtension>
    </extensions>
   </trkpt>
   <trkpt lat="46.4369610" lon="12.1192360">
    <ele>1876.8</ele>
    <time>2024-06-02T09:58:30Z</time>
    <extensions>
     <gpxtpx:TrackPointExtension>
      <gpxtpx:atemp>23</gpxtpx:atemp>
      <gpxtpx:hr>124</gpxtpx:hr>
      <gpxtpx:cad>47</gpxtpx:cad>
     </gpxtpx:TrackPointExtension>
    </extensions>
   </trkpt>
   <trkpt lat="46.4369630" lon="12.1192660">
    <ele>1877.2</ele>
    <time>2024-06-02T09:58:32Z</time>
    <extensions>
     <gpxtpx:TrackPointExtension>
      <gpxtpx:atemp>23</gpxtpx:atemp>
      <gpxtpx:hr>123</gpxtpx:hr>
      <gpxtpx:cad>48</gpxtpx:cad>
     </gpxtpx:TrackPointExtension>
    </extensions>
   </trkpt>
   <trkpt lat="46.4369730" lon="12.1193370">
    <ele>1878.4</ele>
    <time>2024-06-02T09:58:37Z</time>
    <extensions>
     <gpxtpx:TrackPointExtension>
      <gpxtpx:atemp>23</gpxtpx:atemp>
      <gpxtpx:hr>122</gpxtpx:hr>
      <gpxtpx:cad>48</gpxtpx:cad>
     </gpxtpx:TrackPointExtension>
    </extensions>
   </trkpt>
   <trkpt lat="46.4369780" lon="12.1193610">
    <ele>1878.6</ele>
    <time>2024-06-02T09:58:38Z</time>
    <extensions>
     <gpxtpx:TrackPointExtension>
      <gpxtpx:atemp>23</gpxtpx:atemp>
      <gpxtpx:hr>123</gpxtpx:hr>
      <gpxtpx:cad>48</gpxtpx:cad>
     </gpxtpx:TrackPointExtension>
    </extensions>
   </trkpt>
   <trkpt lat="46.4369880" lon="12.1194510">
    <ele>1879.4</ele>
    <time>2024-06-02T09:58:43Z</time>
    <extensions>
     <gpxtpx:TrackPointExtension>
      <gpxtpx:atemp>23</gpxtpx:atemp>
      <gpxtpx:hr>124</gpxtpx:hr>
      <gpxtpx:cad>46</gpxtpx:cad>
     </gpxtpx:TrackPointExtension>
    </extensions>
   </trkpt>
   <trkpt lat="46.4369890" lon="12.1194710">
    <ele>1879.4</ele>
    <time>2024-06-02T09:58:44Z</time>
    <extensions>
     <gpxtpx:TrackPointExtension>
      <gpxtpx:atemp>23</gpxtpx:atemp>
      <gpxtpx:hr>124</gpxtpx:hr>
      <gpxtpx:cad>46</gpxtpx:cad>
     </gpxtpx:TrackPointExtension>
    </extensions>
   </trkpt>
   <trkpt lat="46.4369800" lon="12.1195900">
    <ele>1880.6</ele>
    <time>2024-06-02T09:58:52Z</time>
    <extensions>
     <gpxtpx:TrackPointExtension>
      <gpxtpx:atemp>23</gpxtpx:atemp>
      <gpxtpx:hr>125</gpxtpx:hr>
      <gpxtpx:cad>47</gpxtpx:cad>
     </gpxtpx:TrackPointExtension>
    </extensions>
   </trkpt>
   <trkpt lat="46.4369670" lon="12.1196330">
    <ele>1881.0</ele>
    <time>2024-06-02T09:58:55Z</time>
    <extensions>
     <gpxtpx:TrackPointExtension>
      <gpxtpx:atemp>23</gpxtpx:atemp>
      <gpxtpx:hr>126</gpxtpx:hr>
      <gpxtpx:cad>47</gpxtpx:cad>
     </gpxtpx:TrackPointExtension>
    </extensions>
   </trkpt>
   <trkpt lat="46.4369640" lon="12.1196490">
    <ele>1881.2</ele>
    <time>2024-06-02T09:58:56Z</time>
    <extensions>
     <gpxtpx:TrackPointExtension>
      <gpxtpx:atemp>23</gpxtpx:atemp>
      <gpxtpx:hr>126</gpxtpx:hr>
      <gpxtpx:cad>47</gpxtpx:cad>
     </gpxtpx:TrackPointExtension>
    </extensions>
   </trkpt>
   <trkpt lat="46.4369530" lon="12.1196920">
    <ele>1881.6</ele>
    <time>2024-06-02T09:58:59Z</time>
    <extensions>
     <gpxtpx:TrackPointExtension>
      <gpxtpx:atemp>23</gpxtpx:atemp>
      <gpxtpx:hr>126</gpxtpx:hr>
      <gpxtpx:cad>45</gpxtpx:cad>
     </gpxtpx:TrackPointExtension>
    </extensions>
   </trkpt>
   <trkpt lat="46.4369330" lon="12.1197770">
    <ele>1882.6</ele>
    <time>2024-06-02T09:59:05Z</time>
    <extensions>
     <gpxtpx:TrackPointExtension>
      <gpxtpx:atemp>23</gpxtpx:atemp>
      <gpxtpx:hr>128</gpxtpx:hr>
      <gpxtpx:cad>44</gpxtpx:cad>
     </gpxtpx:TrackPointExtension>
    </extensions>
   </trkpt>
   <trkpt lat="46.4369200" lon="12.1198470">
    <ele>1883.4</ele>
    <time>2024-06-02T09:59:10Z</time>
    <extensions>
     <gpxtpx:TrackPointExtension>
      <gpxtpx:atemp>23</gpxtpx:atemp>
      <gpxtpx:hr>131</gpxtpx:hr>
      <gpxtpx:cad>45</gpxtpx:cad>
     </gpxtpx:TrackPointExtension>
    </extensions>
   </trkpt>
   <trkpt lat="46.4369180" lon="12.1198860">
    <ele>1883.8</ele>
    <time>2024-06-02T09:59:12Z</time>
    <extensions>
     <gpxtpx:TrackPointExtension>
      <gpxtpx:atemp>23</gpxtpx:atemp>
      <gpxtpx:hr>131</gpxtpx:hr>
      <gpxtpx:cad>45</gpxtpx:cad>
     </gpxtpx:TrackPointExtension>
    </extensions>
   </trkpt>
   <trkpt lat="46.4369150" lon="12.1199010">
    <ele>1883.8</ele>
    <time>2024-06-02T09:59:13Z</time>
    <extensions>
     <gpxtpx:TrackPointExtension>
      <gpxtpx:atemp>23</gpxtpx:atemp>
      <gpxtpx:hr>131</gpxtpx:hr>
      <gpxtpx:cad>45</gpxtpx:cad>
     </gpxtpx:TrackPointExtension>
    </extensions>
   </trkpt>
   <trkpt lat="46.4368890" lon="12.1200230">
    <ele>1885.0</ele>
    <time>2024-06-02T09:59:21Z</time>
    <extensions>
     <gpxtpx:TrackPointExtension>
      <gpxtpx:atemp>23</gpxtpx:atemp>
      <gpxtpx:hr>133</gpxtpx:hr>
      <gpxtpx:cad>48</gpxtpx:cad>
     </gpxtpx:TrackPointExtension>
    </extensions>
   </trkpt>
   <trkpt lat="46.4368910" lon="12.1200360">
    <ele>1885.2</ele>
    <time>2024-06-02T09:59:22Z</time>
    <extensions>
     <gpxtpx:TrackPointExtension>
      <gpxtpx:atemp>23</gpxtpx:atemp>
      <gpxtpx:hr>133</gpxtpx:hr>
      <gpxtpx:cad>48</gpxtpx:cad>
     </gpxtpx:TrackPointExtension>
    </extensions>
   </trkpt>
   <trkpt lat="46.4368890" lon="12.1200600">
    <ele>1885.4</ele>
    <time>2024-06-02T09:59:24Z</time>
    <extensions>
     <gpxtpx:TrackPointExtension>
      <gpxtpx:atemp>23</gpxtpx:atemp>
      <gpxtpx:hr>133</gpxtpx:hr>
      <gpxtpx:cad>47</gpxtpx:cad>
     </gpxtpx:TrackPointExtension>
    </extensions>
   </trkpt>
   <trkpt lat="46.4368800" lon="12.1201040">
    <ele>1886.0</ele>
    <time>2024-06-02T09:59:27Z</time>
    <extensions>
     <gpxtpx:TrackPointExtension>
      <gpxtpx:atemp>23</gpxtpx:atemp>
      <gpxtpx:hr>132</gpxtpx:hr>
      <gpxtpx:cad>45</gpxtpx:cad>
     </gpxtpx:TrackPointExtension>
    </extensions>
   </trkpt>
   <trkpt lat="46.4368710" lon="12.1201450">
    <ele>1886.4</ele>
    <time>2024-06-02T09:59:30Z</time>
    <extensions>
     <gpxtpx:TrackPointExtension>
      <gpxtpx:atemp>23</gpxtpx:atemp>
      <gpxtpx:hr>132</gpxtpx:hr>
      <gpxtpx:cad>47</gpxtpx:cad>
     </gpxtpx:TrackPointExtension>
    </extensions>
   </trkpt>
   <trkpt lat="46.4368630" lon="12.1202260">
    <ele>1887.2</ele>
    <time>2024-06-02T09:59:36Z</time>
    <extensions>
     <gpxtpx:TrackPointExtension>
      <gpxtpx:atemp>23</gpxtpx:atemp>
      <gpxtpx:hr>131</gpxtpx:hr>
      <gpxtpx:cad>46</gpxtpx:cad>
     </gpxtpx:TrackPointExtension>
    </extensions>
   </trkpt>
   <trkpt lat="46.4368580" lon="12.1202890">
    <ele>1887.8</ele>
    <time>2024-06-02T09:59:40Z</time>
    <extensions>
     <gpxtpx:TrackPointExtension>
      <gpxtpx:atemp>23</gpxtpx:atemp>
      <gpxtpx:hr>131</gpxtpx:hr>
      <gpxtpx:cad>47</gpxtpx:cad>
     </gpxtpx:TrackPointExtension>
    </extensions>
   </trkpt>
   <trkpt lat="46.4368560" lon="12.1203500">
    <ele>1888.2</ele>
    <time>2024-06-02T09:59:44Z</time>
    <extensions>
     <gpxtpx:TrackPointExtension>
      <gpxtpx:atemp>23</gpxtpx:atemp>
      <gpxtpx:hr>130</gpxtpx:hr>
      <gpxtpx:cad>47</gpxtpx:cad>
     </gpxtpx:TrackPointExtension>
    </extensions>
   </trkpt>
   <trkpt lat="46.4368500" lon="12.1204450">
    <ele>1889.0</ele>
    <time>2024-06-02T09:59:50Z</time>
    <extensions>
     <gpxtpx:TrackPointExtension>
      <gpxtpx:atemp>23</gpxtpx:atemp>
      <gpxtpx:hr>132</gpxtpx:hr>
      <gpxtpx:cad>45</gpxtpx:cad>
     </gpxtpx:TrackPointExtension>
    </extensions>
   </trkpt>
   <trkpt lat="46.4368490" lon="12.1204730">
    <ele>1889.2</ele>
    <time>2024-06-02T09:59:52Z</time>
    <extensions>
     <gpxtpx:TrackPointExtension>
      <gpxtpx:atemp>23</gpxtpx:atemp>
      <gpxtpx:hr>133</gpxtpx:hr>
      <gpxtpx:cad>46</gpxtpx:cad>
     </gpxtpx:TrackPointExtension>
    </extensions>
   </trkpt>
   <trkpt lat="46.4368500" lon="12.1204870">
    <ele>1889.4</ele>
    <time>2024-06-02T09:59:53Z</time>
    <extensions>
     <gpxtpx:TrackPointExtension>
      <gpxtpx:atemp>23</gpxtpx:atemp>
      <gpxtpx:hr>133</gpxtpx:hr>
      <gpxtpx:cad>46</gpxtpx:cad>
     </gpxtpx:TrackPointExtension>
    </extensions>
   </trkpt>
   <trkpt lat="46.4368450" lon="12.1205590">
    <ele>1889.8</ele>
    <time>2024-06-02T09:59:57Z</time>
    <extensions>
     <gpxtpx:TrackPointExtension>
      <gpxtpx:atemp>23</gpxtpx:atemp>
      <gpxtpx:hr>135</gpxtpx:hr>
      <gpxtpx:cad>47</gpxtpx:cad>
     </gpxtpx:TrackPointExtension>
    </extensions>
   </trkpt>
   <trkpt lat="46.4368400" lon="12.1205900">
    <ele>1890.0</ele>
    <time>2024-06-02T09:59:59Z</time>
    <extensions>
     <gpxtpx:TrackPointExtension>
      <gpxtpx:atemp>23</gpxtpx:atemp>
      <gpxtpx:hr>138</gpxtpx:hr>
      <gpxtpx:cad>48</gpxtpx:cad>
     </gpxtpx:TrackPointExtension>
    </extensions>
   </trkpt>
   <trkpt lat="46.4368320" lon="12.1206420">
    <ele>1890.4</ele>
    <time>2024-06-02T10:00:02Z</time>
    <extensions>
     <gpxtpx:TrackPointExtension>
      <gpxtpx:atemp>23</gpxtpx:atemp>
      <gpxtpx:hr>140</gpxtpx:hr>
      <gpxtpx:cad>48</gpxtpx:cad>
     </gpxtpx:TrackPointExtension>
    </extensions>
   </trkpt>
   <trkpt lat="46.4368140" lon="12.1207070">
    <ele>1891.0</ele>
    <time>2024-06-02T10:00:06Z</time>
    <extensions>
     <gpxtpx:TrackPointExtension>
      <gpxtpx:atemp>23</gpxtpx:atemp>
      <gpxtpx:hr>143</gpxtpx:hr>
      <gpxtpx:cad>46</gpxtpx:cad>
     </gpxtpx:TrackPointExtension>
    </extensions>
   </trkpt>
   <trkpt lat="46.4368120" lon="12.1207210">
    <ele>1891.2</ele>
    <time>2024-06-02T10:00:07Z</time>
    <extensions>
     <gpxtpx:TrackPointExtension>
      <gpxtpx:atemp>23</gpxtpx:atemp>
      <gpxtpx:hr>143</gpxtpx:hr>
      <gpxtpx:cad>46</gpxtpx:cad>
     </gpxtpx:TrackPointExtension>
    </extensions>
   </trkpt>
   <trkpt lat="46.4368080" lon="12.1207650">
    <ele>1891.6</ele>
    <time>2024-06-02T10:00:10Z</time>
    <extensions>
     <gpxtpx:TrackPointExtension>
      <gpxtpx:atemp>23</gpxtpx:atemp>
      <gpxtpx:hr>143</gpxtpx:hr>
      <gpxtpx:cad>47</gpxtpx:cad>
     </gpxtpx:TrackPointExtension>
    </extensions>
   </trkpt>
   <trkpt lat="46.4367930" lon="12.1208510">
    <ele>1892.2</ele>
    <time>2024-06-02T10:00:16Z</time>
    <extensions>
     <gpxtpx:TrackPointExtension>
      <gpxtpx:atemp>23</gpxtpx:atemp>
      <gpxtpx:hr>142</gpxtpx:hr>
      <gpxtpx:cad>48</gpxtpx:cad>
     </gpxtpx:TrackPointExtension>
    </extensions>
   </trkpt>
   <trkpt lat="46.4367910" lon="12.1208650">
    <ele>1892.4</ele>
    <time>2024-06-02T10:00:17Z</time>
    <extensions>
     <gpxtpx:TrackPointExtension>
      <gpxtpx:atemp>23</gpxtpx:atemp>
      <gpxtpx:hr>142</gpxtpx:hr>
      <gpxtpx:cad>48</gpxtpx:cad>
     </gpxtpx:TrackPointExtension>
    </extensions>
   </trkpt>
   <trkpt lat="46.4367920" lon="12.1208770">
    <ele>1892.6</ele>
    <time>2024-06-02T10:00:18Z</time>
    <extensions>
     <gpxtpx:TrackPointExtension>
      <gpxtpx:atemp>23</gpxtpx:atemp>
      <gpxtpx:hr>142</gpxtpx:hr>
      <gpxtpx:cad>48</gpxtpx:cad>
     </gpxtpx:TrackPointExtension>
    </extensions>
   </trkpt>
   <trkpt lat="46.4367660" lon="12.1209490">
    <ele>1893.4</ele>
    <time>2024-06-02T10:00:23Z</time>
    <extensions>
     <gpxtpx:TrackPointExtension>
      <gpxtpx:atemp>23</gpxtpx:atemp>
      <gpxtpx:hr>142</gpxtpx:hr>
      <gpxtpx:cad>46</gpxtpx:cad>
     </gpxtpx:TrackPointExtension>
    </extensions>
   </trkpt>
   <trkpt lat="46.4367570" lon="12.1209810">
    <ele>1893.6</ele>
    <time>2024-06-02T10:00:25Z</time>
    <extensions>
     <gpxtpx:TrackPointExtension>
      <gpxtpx:atemp>23</gpxtpx:atemp>
      <gpxtpx:hr>142</gpxtpx:hr>
      <gpxtpx:cad>48</gpxtpx:cad>
     </gpxtpx:TrackPointExtension>
    </extensions>
   </trkpt>
   <trkpt lat="46.4367230" lon="12.1210580">
    <ele>1894.4</ele>
    <time>2024-06-02T10:00:31Z</time>
    <extensions>
     <gpxtpx:TrackPointExtension>
      <gpxtpx:atemp>23</gpxtpx:atemp>
      <gpxtpx:hr>141</gpxtpx:hr>
      <gpxtpx:cad>46</gpxtpx:cad>
     </gpxtpx:TrackPointExtension>
    </extensions>
   </trkpt>
   <trkpt lat="46.4367110" lon="12.1210830">
    <ele>1894.8</ele>
    <time>2024-06-02T10:00:33Z</time>
    <extensions>
     <gpxtpx:TrackPointExtension>
      <gpxtpx:atemp>23</gpxtpx:atemp>
      <gpxtpx:hr>140</gpxtpx:hr>
      <gpxtpx:cad>47</gpxtpx:cad>
     </gpxtpx:TrackPointExtension>
    </extensions>
   </trkpt>
   <trkpt lat="46.4366940" lon="12.1211290">
    <ele>1895.2</ele>
    <time>2024-06-02T10:00:36Z</time>
    <extensions>
     <gpxtpx:TrackPointExtension>
      <gpxtpx:atemp>23</gpxtpx:atemp>
      <gpxtpx:hr>137</gpxtpx:hr>
      <gpxtpx:cad>47</gpxtpx:cad>
     </gpxtpx:TrackPointExtension>
    </extensions>
   </trkpt>
   <trkpt lat="46.4366760" lon="12.1211710">
    <ele>1895.4</ele>
    <time>2024-06-02T10:00:39Z</time>
    <extensions>
     <gpxtpx:TrackPointExtension>
      <gpxtpx:atemp>23</gpxtpx:atemp>
      <gpxtpx:hr>134</gpxtpx:hr>
      <gpxtpx:cad>48</gpxtpx:cad>
     </gpxtpx:TrackPointExtension>
    </extensions>
   </trkpt>
   <trkpt lat="46.4366680" lon="12.1211940">
    <ele>1895.8</ele>
    <time>2024-06-02T10:00:41Z</time>
    <extensions>
     <gpxtpx:TrackPointExtension>
      <gpxtpx:atemp>23</gpxtpx:atemp>
      <gpxtpx:hr>131</gpxtpx:hr>
      <gpxtpx:cad>48</gpxtpx:cad>
     </gpxtpx:TrackPointExtension>
    </extensions>
   </trkpt>
   <trkpt lat="46.4366520" lon="12.1212250">
    <ele>1896.0</ele>
    <time>2024-06-02T10:00:43Z</time>
    <extensions>
     <gpxtpx:TrackPointExtension>
      <gpxtpx:atemp>23</gpxtpx:atemp>
      <gpxtpx:hr>131</gpxtpx:hr>
      <gpxtpx:cad>47</gpxtpx:cad>
     </gpxtpx:TrackPointExtension>
    </extensions>
   </trkpt>
   <trkpt lat="46.4366470" lon="12.1212360">
    <ele>1896.0</ele>
    <time>2024-06-02T10:00:44Z</time>
    <extensions>
     <gpxtpx:TrackPointExtension>
      <gpxtpx:atemp>23</gpxtpx:atemp>
      <gpxtpx:hr>131</gpxtpx:hr>
      <gpxtpx:cad>47</gpxtpx:cad>
     </gpxtpx:TrackPointExtension>
    </extensions>
   </trkpt>
   <trkpt lat="46.4365840" lon="12.1213430">
    <ele>1897.0</ele>
    <time>2024-06-02T10:00:52Z</time>
    <extensions>
     <gpxtpx:TrackPointExtension>
      <gpxtpx:atemp>23</gpxtpx:atemp>
      <gpxtpx:hr>129</gpxtpx:hr>
      <gpxtpx:cad>46</gpxtpx:cad>
     </gpxtpx:TrackPointExtension>
    </extensions>
   </trkpt>
   <trkpt lat="46.4365440" lon="12.1213960">
    <ele>1897.6</ele>
    <time>2024-06-02T10:00:57Z</time>
    <extensions>
     <gpxtpx:TrackPointExtension>
      <gpxtpx:atemp>23</gpxtpx:atemp>
      <gpxtpx:hr>129</gpxtpx:hr>
      <gpxtpx:cad>48</gpxtpx:cad>
     </gpxtpx:TrackPointExtension>
    </extensions>
   </trkpt>
   <trkpt lat="46.4365360" lon="12.1214060">
    <ele>1897.8</ele>
    <time>2024-06-02T10:00:58Z</time>
    <extensions>
     <gpxtpx:TrackPointExtension>
      <gpxtpx:atemp>23</gpxtpx:atemp>
      <gpxtpx:hr>132</gpxtpx:hr>
      <gpxtpx:cad>48</gpxtpx:cad>
     </gpxtpx:TrackPointExtension>
    </extensions>
   </trkpt>
   <trkpt lat="46.4365290" lon="12.1214150">
    <ele>1897.8</ele>
    <time>2024-06-02T10:00:59Z</time>
    <extensions>
     <gpxtpx:TrackPointExtension>
      <gpxtpx:atemp>23</gpxtpx:atemp>
      <gpxtpx:hr>129</gpxtpx:hr>
      <gpxtpx:cad>48</gpxtpx:cad>
     </gpxtpx:TrackPointExtension>
    </extensions>
   </trkpt>
   <trkpt lat="46.4365130" lon="12.1214340">
    <ele>1898.2</ele>
    <time>2024-06-02T10:01:01Z</time>
    <extensions>
     <gpxtpx:TrackPointExtension>
      <gpxtpx:atemp>23</gpxtpx:atemp>
      <gpxtpx:hr>129</gpxtpx:hr>
      <gpxtpx:cad>48</gpxtpx:cad>
     </gpxtpx:TrackPointExtension>
    </extensions>
   </trkpt>
   <trkpt lat="46.4364570" lon="12.1215030">
    <ele>1899.0</ele>
    <time>2024-06-02T10:01:08Z</time>
    <extensions>
     <gpxtpx:TrackPointExtension>
      <gpxtpx:atemp>23</gpxtpx:atemp>
      <gpxtpx:hr>129</gpxtpx:hr>
      <gpxtpx:cad>45</gpxtpx:cad>
     </gpxtpx:TrackPointExtension>
    </extensions>
   </trkpt>
   <trkpt lat="46.4364430" lon="12.1215210">
    <ele>1899.2</ele>
    <time>2024-06-02T10:01:10Z</time>
    <extensions>
     <gpxtpx:TrackPointExtension>
      <gpxtpx:atemp>23</gpxtpx:atemp>
      <gpxtpx:hr>128</gpxtpx:hr>
      <gpxtpx:cad>45</gpxtpx:cad>
     </gpxtpx:TrackPointExtension>
    </extensions>
   </trkpt>
   <trkpt lat="46.4364050" lon="12.1215920">
    <ele>1900.4</ele>
    <time>2024-06-02T10:01:17Z</time>
    <extensions>
     <gpxtpx:TrackPointExtension>
      <gpxtpx:atemp>23</gpxtpx:atemp>
      <gpxtpx:hr>127</gpxtpx:hr>
      <gpxtpx:cad>47</gpxtpx:cad>
     </gpxtpx:TrackPointExtension>
    </extensions>
   </trkpt>
   <trkpt lat="46.4363950" lon="12.1216120">
    <ele>1900.6</ele>
    <time>2024-06-02T10:01:19Z</time>
    <extensions>
     <gpxtpx:TrackPointExtension>
      <gpxtpx:atemp>23</gpxtpx:atemp>
      <gpxtpx:hr>128</gpxtpx:hr>
      <gpxtpx:cad>47</gpxtpx:cad>
     </gpxtpx:TrackPointExtension>
    </extensions>
   </trkpt>
   <trkpt lat="46.4363860" lon="12.1216720">
    <ele>1901.4</ele>
    <time>2024-06-02T10:01:24Z</time>
    <extensions>
     <gpxtpx:TrackPointExtension>
      <gpxtpx:atemp>23</gpxtpx:atemp>
      <gpxtpx:hr>127</gpxtpx:hr>
      <gpxtpx:cad>45</gpxtpx:cad>
     </gpxtpx:TrackPointExtension>
    </extensions>
   </trkpt>
   <trkpt lat="46.4363760" lon="12.1217190">
    <ele>1902.0</ele>
    <time>2024-06-02T10:01:28Z</time>
    <extensions>
     <gpxtpx:TrackPointExtension>
      <gpxtpx:atemp>23</gpxtpx:atemp>
      <gpxtpx:hr>128</gpxtpx:hr>
      <gpxtpx:cad>45</gpxtpx:cad>
     </gpxtpx:TrackPointExtension>
    </extensions>
   </trkpt>
   <trkpt lat="46.4363670" lon="12.1217600">
    <ele>1902.6</ele>
    <time>2024-06-02T10:01:31Z</time>
    <extensions>
     <gpxtpx:TrackPointExtension>
      <gpxtpx:atemp>23</gpxtpx:atemp>
      <gpxtpx:hr>128</gpxtpx:hr>
      <gpxtpx:cad>43</gpxtpx:cad>
     </gpxtpx:TrackPointExtension>
    </extensions>
   </trkpt>
   <trkpt lat="46.4363560" lon="12.1218240">
    <ele>1903.0</ele>
    <time>2024-06-02T10:01:36Z</time>
    <extensions>
     <gpxtpx:TrackPointExtension>
      <gpxtpx:atemp>23</gpxtpx:atemp>
      <gpxtpx:hr>129</gpxtpx:hr>
      <gpxtpx:cad>45</gpxtpx:cad>
     </gpxtpx:TrackPointExtension>
    </extensions>
   </trkpt>
   <trkpt lat="46.4363490" lon="12.1218850">
    <ele>1903.8</ele>
    <time>2024-06-02T10:01:40Z</time>
    <extensions>
     <gpxtpx:TrackPointExtension>
      <gpxtpx:atemp>23</gpxtpx:atemp>
      <gpxtpx:hr>129</gpxtpx:hr>
      <gpxtpx:cad>45</gpxtpx:cad>
     </gpxtpx:TrackPointExtension>
    </extensions>
   </trkpt>
   <trkpt lat="46.4363390" lon="12.1219640">
    <ele>1904.6</ele>
    <time>2024-06-02T10:01:46Z</time>
    <extensions>
     <gpxtpx:TrackPointExtension>
      <gpxtpx:atemp>23</gpxtpx:atemp>
      <gpxtpx:hr>131</gpxtpx:hr>
      <gpxtpx:cad>46</gpxtpx:cad>
     </gpxtpx:TrackPointExtension>
    </extensions>
   </trkpt>
   <trkpt lat="46.4363340" lon="12.1220010">
    <ele>1904.8</ele>
    <time>2024-06-02T10:01:48Z</time>
    <extensions>
     <gpxtpx:TrackPointExtension>
      <gpxtpx:atemp>23</gpxtpx:atemp>
      <gpxtpx:hr>131</gpxtpx:hr>
      <gpxtpx:cad>45</gpxtpx:cad>
     </gpxtpx:TrackPointExtension>
    </extensions>
   </trkpt>
   <trkpt lat="46.4363040" lon="12.1221490">
    <ele>1905.4</ele>
    <time>2024-06-02T10:01:57Z</time>
    <extensions>
     <gpxtpx:TrackPointExtension>
      <gpxtpx:atemp>23</gpxtpx:atemp>
      <gpxtpx:hr>131</gpxtpx:hr>
      <gpxtpx:cad>48</gpxtpx:cad>
     </gpxtpx:TrackPointExtension>
    </extensions>
   </trkpt>
   <trkpt lat="46.4362900" lon="12.1222390">
    <ele>1905.8</ele>
    <time>2024-06-02T10:02:04Z</time>
    <extensions>
     <gpxtpx:TrackPointExtension>
      <gpxtpx:atemp>23</gpxtpx:atemp>
      <gpxtpx:hr>130</gpxtpx:hr>
      <gpxtpx:cad>46</gpxtpx:cad>
     </gpxtpx:TrackPointExtension>
    </extensions>
   </trkpt>
   <trkpt lat="46.4362840" lon="12.1222760">
    <ele>1906.0</ele>
    <time>2024-06-02T10:02:06Z</time>
    <extensions>
     <gpxtpx:TrackPointExtension>
      <gpxtpx:atemp>23</gpxtpx:atemp>
      <gpxtpx:hr>130</gpxtpx:hr>
      <gpxtpx:cad>47</gpxtpx:cad>
     </gpxtpx:TrackPointExtension>
    </extensions>
   </trkpt>
   <trkpt lat="46.4362740" lon="12.1223090">
    <ele>1906.2</ele>
    <time>2024-06-02T10:02:08Z</time>
    <extensions>
     <gpxtpx:TrackPointExtension>
      <gpxtpx:atemp>23</gpxtpx:atemp>
      <gpxtpx:hr>130</gpxtpx:hr>
      <gpxtpx:cad>47</gpxtpx:cad>
     </gpxtpx:TrackPointExtension>
    </extensions>
   </trkpt>
   <trkpt lat="46.4362660" lon="12.1224210">
    <ele>1906.8</ele>
    <time>2024-06-02T10:02:15Z</time>
    <extensions>
     <gpxtpx:TrackPointExtension>
      <gpxtpx:atemp>23</gpxtpx:atemp>
      <gpxtpx:hr>128</gpxtpx:hr>
      <gpxtpx:cad>50</gpxtpx:cad>
     </gpxtpx:TrackPointExtension>
    </extensions>
   </trkpt>
   <trkpt lat="46.4362600" lon="12.1224400">
    <ele>1907.0</ele>
    <time>2024-06-02T10:02:16Z</time>
    <extensions>
     <gpxtpx:TrackPointExtension>
      <gpxtpx:atemp>23</gpxtpx:atemp>
      <gpxtpx:hr>128</gpxtpx:hr>
      <gpxtpx:cad>49</gpxtpx:cad>
     </gpxtpx:TrackPointExtension>
    </extensions>
   </trkpt>
   <trkpt lat="46.4362580" lon="12.1224990">
    <ele>1907.4</ele>
    <time>2024-06-02T10:02:20Z</time>
    <extensions>
     <gpxtpx:TrackPointExtension>
      <gpxtpx:atemp>23</gpxtpx:atemp>
      <gpxtpx:hr>125</gpxtpx:hr>
      <gpxtpx:cad>48</gpxtpx:cad>
     </gpxtpx:TrackPointExtension>
    </extensions>
   </trkpt>
   <trkpt lat="46.4362550" lon="12.1225620">
    <ele>1908.0</ele>
    <time>2024-06-02T10:02:24Z</time>
    <extensions>
     <gpxtpx:TrackPointExtension>
      <gpxtpx:atemp>23</gpxtpx:atemp>
      <gpxtpx:hr>124</gpxtpx:hr>
      <gpxtpx:cad>47</gpxtpx:cad>
     </gpxtpx:TrackPointExtension>
    </extensions>
   </trkpt>
   <trkpt lat="46.4362880" lon="12.1226500">
    <ele>1909.0</ele>
    <time>2024-06-02T10:02:31Z</time>
    <extensions>
     <gpxtpx:TrackPointExtension>
      <gpxtpx:atemp>23</gpxtpx:atemp>
      <gpxtpx:hr>125</gpxtpx:hr>
      <gpxtpx:cad>47</gpxtpx:cad>
     </gpxtpx:TrackPointExtension>
    </extensions>
   </trkpt>
   <trkpt lat="46.4362910" lon="12.1226570">
    <ele>1909.0</ele>
    <time>2024-06-02T10:02:32Z</time>
    <extensions>
     <gpxtpx:TrackPointExtension>
      <gpxtpx:atemp>23</gpxtpx:atemp>
      <gpxtpx:hr>125</gpxtpx:hr>
      <gpxtpx:cad>47</gpxtpx:cad>
     </gpxtpx:TrackPointExtension>
    </extensions>
   </trkpt>
   <trkpt lat="46.4363060" lon="12.1226700">
    <ele>1909.4</ele>
    <time>2024-06-02T10:02:34Z</time>
    <extensions>
     <gpxtpx:TrackPointExtension>
      <gpxtpx:atemp>23</gpxtpx:atemp>
      <gpxtpx:hr>125</gpxtpx:hr>
      <gpxtpx:cad>46</gpxtpx:cad>
     </gpxtpx:TrackPointExtension>
    </extensions>
   </trkpt>
   <trkpt lat="46.4363370" lon="12.1227190">
    <ele>1909.8</ele>
    <time>2024-06-02T10:02:39Z</time>
    <extensions>
     <gpxtpx:TrackPointExtension>
      <gpxtpx:atemp>23</gpxtpx:atemp>
      <gpxtpx:hr>125</gpxtpx:hr>
      <gpxtpx:cad>49</gpxtpx:cad>
     </gpxtpx:TrackPointExtension>
    </extensions>
   </trkpt>
   <trkpt lat="46.4363750" lon="12.1227760">
    <ele>1910.0</ele>
    <time>2024-06-02T10:02:44Z</time>
    <extensions>
     <gpxtpx:TrackPointExtension>
      <gpxtpx:atemp>23</gpxtpx:atemp>
      <gpxtpx:hr>125</gpxtpx:hr>
      <gpxtpx:cad>46</gpxtpx:cad>
     </gpxtpx:TrackPointExtension>
    </extensions>
   </trkpt>
   <trkpt lat="46.4363940" lon="12.1228100">
    <ele>1910.2</ele>
    <time>2024-06-02T10:02:47Z</time>
    <extensions>
     <gpxtpx:TrackPointExtension>
      <gpxtpx:atemp>23</gpxtpx:atemp>
      <gpxtpx:hr>123</gpxtpx:hr>
      <gpxtpx:cad>49</gpxtpx:cad>
     </gpxtpx:TrackPointExtension>
    </extensions>
   </trkpt>
   <trkpt lat="46.4364190" lon="12.1228570">
    <ele>1910.6</ele>
    <time>2024-06-02T10:02:51Z</time>
    <extensions>
     <gpxtpx:TrackPointExtension>
      <gpxtpx:atemp>23</gpxtpx:atemp>
      <gpxtpx:hr>120</gpxtpx:hr>
      <gpxtpx:cad>48</gpxtpx:cad>
     </gpxtpx:TrackPointExtension>
    </extensions>
   </trkpt>
   <trkpt lat="46.4364330" lon="12.1229100">
    <ele>1911.0</ele>
    <time>2024-06-02T10:02:55Z</time>
    <extensions>
     <gpxtpx:TrackPointExtension>
      <gpxtpx:atemp>23</gpxtpx:atemp>
      <gpxtpx:hr>119</gpxtpx:hr>
      <gpxtpx:cad>48</gpxtpx:cad>
     </gpxtpx:TrackPointExtension>
    </extensions>
   </trkpt>
   <trkpt lat="46.4364350" lon="12.1229270">
    <ele>1911.2</ele>
    <time>2024-06-02T10:02:56Z</time>
    <extensions>
     <gpxtpx:TrackPointExtension>
      <gpxtpx:atemp>24</gpxtpx:atemp>
      <gpxtpx:hr>119</gpxtpx:hr>
      <gpxtpx:cad>47</gpxtpx:cad>
     </gpxtpx:TrackPointExtension>
    </extensions>
   </trkpt>
   <trkpt lat="46.4364420" lon="12.1230370">
    <ele>1912.0</ele>
    <time>2024-06-02T10:03:03Z</time>
    <extensions>
     <gpxtpx:TrackPointExtension>
      <gpxtpx:atemp>23</gpxtpx:atemp>
      <gpxtpx:hr>120</gpxtpx:hr>
      <gpxtpx:cad>47</gpxtpx:cad>
     </gpxtpx:TrackPointExtension>
    </extensions>
   </trkpt>
   <trkpt lat="46.4364410" lon="12.1230700">
    <ele>1912.4</ele>
    <time>2024-06-02T10:03:05Z</time>
    <extensions>
     <gpxtpx:TrackPointExtension>
      <gpxtpx:atemp>23</gpxtpx:atemp>
      <gpxtpx:hr>120</gpxtpx:hr>
      <gpxtpx:cad>48</gpxtpx:cad>
     </gpxtpx:TrackPointExtension>
    </extensions>
   </trkpt>
   <trkpt lat="46.4364400" lon="12.1231610">
    <ele>1913.2</ele>
    <time>2024-06-02T10:03:10Z</time>
    <extensions>
     <gpxtpx:TrackPointExtension>
      <gpxtpx:atemp>23</gpxtpx:atemp>
      <gpxtpx:hr>120</gpxtpx:hr>
      <gpxtpx:cad>49</gpxtpx:cad>
     </gpxtpx:TrackPointExtension>
    </extensions>
   </trkpt>
   <trkpt lat="46.4364420" lon="12.1232290">
    <ele>1913.6</ele>
    <time>2024-06-02T10:03:14Z</time>
    <extensions>
     <gpxtpx:TrackPointExtension>
      <gpxtpx:atemp>23</gpxtpx:atemp>
      <gpxtpx:hr>121</gpxtpx:hr>
      <gpxtpx:cad>48</gpxtpx:cad>
     </gpxtpx:TrackPointExtension>
    </extensions>
   </trkpt>
   <trkpt lat="46.4364370" lon="12.1233340">
    <ele>1914.4</ele>
    <time>2024-06-02T10:03:20Z</time>
    <extensions>
     <gpxtpx:TrackPointExtension>
      <gpxtpx:atemp>23</gpxtpx:atemp>
      <gpxtpx:hr>123</gpxtpx:hr>
      <gpxtpx:cad>48</gpxtpx:cad>
     </gpxtpx:TrackPointExtension>
    </extensions>
   </trkpt>
   <trkpt lat="46.4364400" lon="12.1233730">
    <ele>1914.6</ele>
    <time>2024-06-02T10:03:23Z</time>
    <extensions>
     <gpxtpx:TrackPointExtension>
      <gpxtpx:atemp>23</gpxtpx:atemp>
      <gpxtpx:hr>123</gpxtpx:hr>
      <gpxtpx:cad>48</gpxtpx:cad>
     </gpxtpx:TrackPointExtension>
    </extensions>
   </trkpt>
   <trkpt lat="46.4364430" lon="12.1233850">
    <ele>1914.8</ele>
    <time>2024-06-02T10:03:24Z</time>
    <extensions>
     <gpxtpx:TrackPointExtension>
      <gpxtpx:atemp>23</gpxtpx:atemp>
      <gpxtpx:hr>123</gpxtpx:hr>
      <gpxtpx:cad>48</gpxtpx:cad>
     </gpxtpx:TrackPointExtension>
    </extensions>
   </trkpt>
   <trkpt lat="46.4364740" lon="12.1234170">
    <ele>1915.4</ele>
    <time>2024-06-02T10:03:28Z</time>
    <extensions>
     <gpxtpx:TrackPointExtension>
      <gpxtpx:atemp>23</gpxtpx:atemp>
      <gpxtpx:hr>124</gpxtpx:hr>
      <gpxtpx:cad>47</gpxtpx:cad>
     </gpxtpx:TrackPointExtension>
    </extensions>
   </trkpt>
   <trkpt lat="46.4364830" lon="12.1234310">
    <ele>1915.6</ele>
    <time>2024-06-02T10:03:29Z</time>
    <extensions>
     <gpxtpx:TrackPointExtension>
      <gpxtpx:atemp>23</gpxtpx:atemp>
      <gpxtpx:hr>124</gpxtpx:hr>
      <gpxtpx:cad>46</gpxtpx:cad>
     </gpxtpx:TrackPointExtension>
    </extensions>
   </trkpt>
   <trkpt lat="46.4365040" lon="12.1234340">
    <ele>1916.0</ele>
    <time>2024-06-02T10:03:33Z</time>
    <extensions>
     <gpxtpx:TrackPointExtension>
      <gpxtpx:atemp>23</gpxtpx:atemp>
      <gpxtpx:hr>124</gpxtpx:hr>
      <gpxtpx:cad>42</gpxtpx:cad>
     </gpxtpx:TrackPointExtension>
    </extensions>
   </trkpt>
   <trkpt lat="46.4365130" lon="12.1234330">
    <ele>1916.2</ele>
    <time>2024-06-02T10:03:34Z</time>
    <extensions>
     <gpxtpx:TrackPointExtension>
      <gpxtpx:atemp>23</gpxtpx:atemp>
      <gpxtpx:hr>124</gpxtpx:hr>
      <gpxtpx:cad>46</gpxtpx:cad>
     </gpxtpx:TrackPointExtension>
    </extensions>
   </trkpt>
   <trkpt lat="46.4365680" lon="12.1234190">
    <ele>1916.4</ele>
    <time>2024-06-02T10:03:40Z</time>
    <extensions>
     <gpxtpx:TrackPointExtension>
      <gpxtpx:atemp>23</gpxtpx:atemp>
      <gpxtpx:hr>126</gpxtpx:hr>
      <gpxtpx:cad>47</gpxtpx:cad>
     </gpxtpx:TrackPointExtension>
    </extensions>
   </trkpt>
   <trkpt lat="46.4365830" lon="12.1233960">
    <ele>1916.6</ele>
    <time>2024-06-02T10:03:42Z</time>
    <extensions>
     <gpxtpx:TrackPointExtension>
      <gpxtpx:atemp>23</gpxtpx:atemp>
      <gpxtpx:hr>125</gpxtpx:hr>
      <gpxtpx:cad>47</gpxtpx:cad>
     </gpxtpx:TrackPointExtension>
    </extensions>
   </trkpt>
   <trkpt lat="46.4366490" lon="12.1233250">
    <ele>1916.8</ele>
    <time>2024-06-02T10:03:49Z</time>
    <extensions>
     <gpxtpx:TrackPointExtension>
      <gpxtpx:atemp>23</gpxtpx:atemp>
      <gpxtpx:hr>126</gpxtpx:hr>
      <gpxtpx:cad>48</gpxtpx:cad>
     </gpxtpx:TrackPointExtension>
    </extensions>
   </trkpt>
   <trkpt lat="46.4366550" lon="12.1233140">
    <ele>1916.8</ele>
    <time>2024-06-02T10:03:50Z</time>
    <extensions>
     <gpxtpx:TrackPointExtension>
      <gpxtpx:atemp>23</gpxtpx:atemp>
      <gpxtpx:hr>129</gpxtpx:hr>
      <gpxtpx:cad>48</gpxtpx:cad>
     </gpxtpx:TrackPointExtension>
    </extensions>
   </trkpt>
   <trkpt lat="46.4366620" lon="12.1233020">
    <ele>1916.8</ele>
    <time>2024-06-02T10:03:51Z</time>
    <extensions>
     <gpxtpx:TrackPointExtension>
      <gpxtpx:atemp>23</gpxtpx:atemp>
      <gpxtpx:hr>126</gpxtpx:hr>
      <gpxtpx:cad>48</gpxtpx:cad>
     </gpxtpx:TrackPointExtension>
    </extensions>
   </trkpt>
   <trkpt lat="46.4366990" lon="12.1232240">
    <ele>1917.6</ele>
    <time>2024-06-02T10:03:58Z</time>
    <extensions>
     <gpxtpx:TrackPointExtension>
      <gpxtpx:atemp>24</gpxtpx:atemp>
      <gpxtpx:hr>127</gpxtpx:hr>
      <gpxtpx:cad>46</gpxtpx:cad>
     </gpxtpx:TrackPointExtension>
    </extensions>
   </trkpt>
   <trkpt lat="46.4367130" lon="12.1231760">
    <ele>1917.8</ele>
    <time>2024-06-02T10:04:01Z</time>
    <extensions>
     <gpxtpx:TrackPointExtension>
      <gpxtpx:atemp>24</gpxtpx:atemp>
      <gpxtpx:hr>127</gpxtpx:hr>
      <gpxtpx:cad>47</gpxtpx:cad>
     </gpxtpx:TrackPointExtension>
    </extensions>
   </trkpt>
   <trkpt lat="46.4367500" lon="12.1231000">
    <ele>1918.6</ele>
    <time>2024-06-02T10:04:07Z</time>
    <extensions>
     <gpxtpx:TrackPointExtension>
      <gpxtpx:atemp>24</gpxtpx:atemp>
      <gpxtpx:hr>126</gpxtpx:hr>
      <gpxtpx:cad>46</gpxtpx:cad>
     </gpxtpx:TrackPointExtension>
    </extensions>
   </trkpt>
   <trkpt lat="46.4367680" lon="12.1230340">
    <ele>1919.2</ele>
    <time>2024-06-02T10:04:11Z</time>
    <extensions>
     <gpxtpx:TrackPointExtension>
      <gpxtpx:atemp>24</gpxtpx:atemp>
      <gpxtpx:hr>124</gpxtpx:hr>
      <gpxtpx:cad>47</gpxtpx:cad>
     </gpxtpx:TrackPointExtension>
    </extensions>
   </trkpt>
   <trkpt lat="46.4367840" lon="12.1229960">
    <ele>1919.6</ele>
    <time>2024-06-02T10:04:14Z</time>
    <extensions>
     <gpxtpx:TrackPointExtension>
      <gpxtpx:atemp>24</gpxtpx:atemp>
      <gpxtpx:hr>121</gpxtpx:hr>
      <gpxtpx:cad>48</gpxtpx:cad>
     </gpxtpx:TrackPointExtension>
    </extensions>
   </trkpt>
   <trkpt lat="46.4367930" lon="12.1229840">
    <ele>1919.6</ele>
    <time>2024-06-02T10:04:15Z</time>
    <extensions>
     <gpxtpx:TrackPointExtension>
      <gpxtpx:atemp>24</gpxtpx:atemp>
      <gpxtpx:hr>121</gpxtpx:hr>
      <gpxtpx:cad>45</gpxtpx:cad>
     </gpxtpx:TrackPointExtension>
    </extensions>
   </trkpt>
   <trkpt lat="46.4367970" lon="12.1229700">
    <ele>1919.6</ele>
    <time>2024-06-02T10:04:16Z</time>
    <extensions>
     <gpxtpx:TrackPointExtension>
      <gpxtpx:atemp>24</gpxtpx:atemp>
      <gpxtpx:hr>120</gpxtpx:hr>
      <gpxtpx:cad>45</gpxtpx:cad>
     </gpxtpx:TrackPointExtension>
    </extensions>
   </trkpt>
   <trkpt lat="46.4368090" lon="12.1228830">
    <ele>1920.2</ele>
    <time>2024-06-02T10:04:22Z</time>
    <extensions>
     <gpxtpx:TrackPointExtension>
      <gpxtpx:atemp>24</gpxtpx:atemp>
      <gpxtpx:hr>120</gpxtpx:hr>
      <gpxtpx:cad>48</gpxtpx:cad>
     </gpxtpx:TrackPointExtension>
    </extensions>
   </trkpt>
   <trkpt lat="46.4368180" lon="12.1227860">
    <ele>1920.6</ele>
    <time>2024-06-02T10:04:29Z</time>
    <extensions>
     <gpxtpx:TrackPointExtension>
      <gpxtpx:atemp>24</gpxtpx:atemp>
      <gpxtpx:hr>117</gpxtpx:hr>
      <gpxtpx:cad>45</gpxtpx:cad>
     </gpxtpx:TrackPointExtension>
    </extensions>
   </trkpt>
   <trkpt lat="46.4368180" lon="12.1227700">
    <ele>1920.8</ele>
    <time>2024-06-02T10:04:30Z</time>
    <extensions>
     <gpxtpx:TrackPointExtension>
      <gpxtpx:atemp>24</gpxtpx:atemp>
      <gpxtpx:hr>118</gpxtpx:hr>
      <gpxtpx:cad>45</gpxtpx:cad>
     </gpxtpx:TrackPointExtension>
    </extensions>
   </trkpt>
   <trkpt lat="46.4368340" lon="12.1227070">
    <ele>1921.2</ele>
    <time>2024-06-02T10:04:35Z</time>
    <extensions>
     <gpxtpx:TrackPointExtension>
      <gpxtpx:atemp>24</gpxtpx:atemp>
      <gpxtpx:hr>118</gpxtpx:hr>
      <gpxtpx:cad>45</gpxtpx:cad>
     </gpxtpx:TrackPointExtension>
    </extensions>
   </trkpt>
   <trkpt lat="46.4368910" lon="12.1226500">
    <ele>1921.8</ele>
    <time>2024-06-02T10:04:44Z</time>
    <extensions>
     <gpxtpx:TrackPointExtension>
      <gpxtpx:atemp>24</gpxtpx:atemp>
      <gpxtpx:hr>118</gpxtpx:hr>
      <gpxtpx:cad>0</gpxtpx:cad>
     </gpxtpx:TrackPointExtension>
    </extensions>
   </trkpt>
   <trkpt lat="46.4368930" lon="12.1226510">
    <ele>1922.2</ele>
    <time>2024-06-02T10:04:50Z</time>
    <extensions>
     <gpxtpx:TrackPointExtension>
      <gpxtpx:atemp>24</gpxtpx:atemp>
      <gpxtpx:hr>117</gpxtpx:hr>
      <gpxtpx:cad>0</gpxtpx:cad>
     </gpxtpx:TrackPointExtension>
    </extensions>
   </trkpt>
   <trkpt lat="46.4368930" lon="12.1226580">
    <ele>1922.2</ele>
    <time>2024-06-02T10:04:56Z</time>
    <extensions>
     <gpxtpx:TrackPointExtension>
      <gpxtpx:atemp>24</gpxtpx:atemp>
      <gpxtpx:hr>120</gpxtpx:hr>
      <gpxtpx:cad>0</gpxtpx:cad>
     </gpxtpx:TrackPointExtension>
    </extensions>
   </trkpt>
   <trkpt lat="46.4368930" lon="12.1226580">
    <ele>1922.2</ele>
    <time>2024-06-02T10:04:58Z</time>
    <extensions>
     <gpxtpx:TrackPointExtension>
      <gpxtpx:atemp>24</gpxtpx:atemp>
      <gpxtpx:hr>120</gpxtpx:hr>
      <gpxtpx:cad>0</gpxtpx:cad>
     </gpxtpx:TrackPointExtension>
    </extensions>
   </trkpt>
   <trkpt lat="46.4368920" lon="12.1226580">
    <ele>1922.0</ele>
    <time>2024-06-02T10:05:17Z</time>
    <extensions>
     <gpxtpx:TrackPointExtension>
      <gpxtpx:atemp>24</gpxtpx:atemp>
      <gpxtpx:hr>117</gpxtpx:hr>
      <gpxtpx:cad>0</gpxtpx:cad>
     </gpxtpx:TrackPointExtension>
    </extensions>
   </trkpt>
   <trkpt lat="46.4368920" lon="12.1226580">
    <ele>1922.0</ele>
    <time>2024-06-02T10:05:19Z</time>
    <extensions>
     <gpxtpx:TrackPointExtension>
      <gpxtpx:atemp>24</gpxtpx:atemp>
      <gpxtpx:hr>113</gpxtpx:hr>
      <gpxtpx:cad>0</gpxtpx:cad>
     </gpxtpx:TrackPointExtension>
    </extensions>
   </trkpt>
   <trkpt lat="46.4368910" lon="12.1226670">
    <ele>1922.0</ele>
    <time>2024-06-02T10:05:24Z</time>
    <extensions>
     <gpxtpx:TrackPointExtension>
      <gpxtpx:atemp>24</gpxtpx:atemp>
      <gpxtpx:hr>110</gpxtpx:hr>
      <gpxtpx:cad>0</gpxtpx:cad>
     </gpxtpx:TrackPointExtension>
    </extensions>
   </trkpt>
   <trkpt lat="46.4368910" lon="12.1226690">
    <ele>1922.0</ele>
    <time>2024-06-02T10:05:26Z</time>
    <extensions>
     <gpxtpx:TrackPointExtension>
      <gpxtpx:atemp>24</gpxtpx:atemp>
      <gpxtpx:hr>107</gpxtpx:hr>
      <gpxtpx:cad>0</gpxtpx:cad>
     </gpxtpx:TrackPointExtension>
    </extensions>
   </trkpt>
   <trkpt lat="46.4368900" lon="12.1226740">
    <ele>1921.8</ele>
    <time>2024-06-02T10:05:35Z</time>
    <extensions>
     <gpxtpx:TrackPointExtension>
      <gpxtpx:atemp>24</gpxtpx:atemp>
      <gpxtpx:hr>104</gpxtpx:hr>
      <gpxtpx:cad>0</gpxtpx:cad>
     </gpxtpx:TrackPointExtension>
    </extensions>
   </trkpt>
   <trkpt lat="46.4368870" lon="12.1226790">
    <ele>1921.8</ele>
    <time>2024-06-02T10:05:41Z</time>
    <extensions>
     <gpxtpx:TrackPointExtension>
      <gpxtpx:atemp>24</gpxtpx:atemp>
      <gpxtpx:hr>107</gpxtpx:hr>
      <gpxtpx:cad>0</gpxtpx:cad>
     </gpxtpx:TrackPointExtension>
    </extensions>
   </trkpt>
   <trkpt lat="46.4368850" lon="12.1226790">
    <ele>1922.0</ele>
    <time>2024-06-02T10:05:48Z</time>
    <extensions>
     <gpxtpx:TrackPointExtension>
      <gpxtpx:atemp>24</gpxtpx:atemp>
      <gpxtpx:hr>111</gpxtpx:hr>
      <gpxtpx:cad>0</gpxtpx:cad>
     </gpxtpx:TrackPointExtension>
    </extensions>
   </trkpt>
   <trkpt lat="46.4368790" lon="12.1226810">
    <ele>1922.2</ele>
    <time>2024-06-02T10:06:05Z</time>
    <extensions>
     <gpxtpx:TrackPointExtension>
      <gpxtpx:atemp>24</gpxtpx:atemp>
      <gpxtpx:hr>108</gpxtpx:hr>
      <gpxtpx:cad>0</gpxtpx:cad>
     </gpxtpx:TrackPointExtension>
    </extensions>
   </trkpt>
   <trkpt lat="46.4368740" lon="12.1226870">
    <ele>1922.4</ele>
    <time>2024-06-02T10:06:08Z</time>
    <extensions>
     <gpxtpx:TrackPointExtension>
      <gpxtpx:atemp>24</gpxtpx:atemp>
      <gpxtpx:hr>105</gpxtpx:hr>
      <gpxtpx:cad>0</gpxtpx:cad>
     </gpxtpx:TrackPointExtension>
    </extensions>
   </trkpt>
   <trkpt lat="46.4368690" lon="12.1226920">
    <ele>1922.6</ele>
    <time>2024-06-02T10:06:11Z</time>
    <extensions>
     <gpxtpx:TrackPointExtension>
      <gpxtpx:atemp>24</gpxtpx:atemp>
      <gpxtpx:hr>102</gpxtpx:hr>
      <gpxtpx:cad>0</gpxtpx:cad>
     </gpxtpx:TrackPointExtension>
    </extensions>
   </trkpt>
   <trkpt lat="46.4368680" lon="12.1226940">
    <ele>1922.6</ele>
    <time>2024-06-02T10:06:12Z</time>
    <extensions>
     <gpxtpx:TrackPointExtension>
      <gpxtpx:atemp>24</gpxtpx:atemp>
      <gpxtpx:hr>99</gpxtpx:hr>
      <gpxtpx:cad>0</gpxtpx:cad>
     </gpxtpx:TrackPointExtension>
    </extensions>
   </trkpt>
   <trkpt lat="46.4368660" lon="12.1226960">
    <ele>1922.6</ele>
    <time>2024-06-02T10:06:14Z</time>
    <extensions>
     <gpxtpx:TrackPointExtension>
      <gpxtpx:atemp>24</gpxtpx:atemp>
      <gpxtpx:hr>95</gpxtpx:hr>
      <gpxtpx:cad>0</gpxtpx:cad>
     </gpxtpx:TrackPointExtension>
    </extensions>
   </trkpt>
   <trkpt lat="46.4368620" lon="12.1227230">
    <ele>1922.8</ele>
    <time>2024-06-02T10:06:29Z</time>
    <extensions>
     <gpxtpx:TrackPointExtension>
      <gpxtpx:atemp>24</gpxtpx:atemp>
      <gpxtpx:hr>95</gpxtpx:hr>
      <gpxtpx:cad>0</gpxtpx:cad>
     </gpxtpx:TrackPointExtension>
    </extensions>
   </trkpt>
   <trkpt lat="46.4368590" lon="12.1227380">
    <ele>1923.0</ele>
    <time>2024-06-02T10:06:39Z</time>
    <extensions>
     <gpxtpx:TrackPointExtension>
      <gpxtpx:atemp>24</gpxtpx:atemp>
      <gpxtpx:hr>98</gpxtpx:hr>
      <gpxtpx:cad>0</gpxtpx:cad>
     </gpxtpx:TrackPointExtension>
    </extensions>
   </trkpt>
   <trkpt lat="46.4368550" lon="12.1227530">
    <ele>1922.8</ele>
    <time>2024-06-02T10:06:46Z</time>
    <extensions>
     <gpxtpx:TrackPointExtension>
      <gpxtpx:atemp>24</gpxtpx:atemp>
      <gpxtpx:hr>101</gpxtpx:hr>
      <gpxtpx:cad>0</gpxtpx:cad>
     </gpxtpx:TrackPointExtension>
    </extensions>
   </trkpt>
   <trkpt lat="46.4368500" lon="12.1227590">
    <ele>1922.4</ele>
    <time>2024-06-02T10:06:51Z</time>
    <extensions>
     <gpxtpx:TrackPointExtension>
      <gpxtpx:atemp>24</gpxtpx:atemp>
      <gpxtpx:hr>98</gpxtpx:hr>
      <gpxtpx:cad>0</gpxtpx:cad>
     </gpxtpx:TrackPointExtension>
    </extensions>
   </trkpt>
   <trkpt lat="46.4368260" lon="12.1227500">
    <ele>1922.4</ele>
    <time>2024-06-02T10:06:54Z</time>
    <extensions>
     <gpxtpx:TrackPointExtension>
      <gpxtpx:atemp>24</gpxtpx:atemp>
      <gpxtpx:hr>98</gpxtpx:hr>
      <gpxtpx:cad>0</gpxtpx:cad>
     </gpxtpx:TrackPointExtension>
    </extensions>
   </trkpt>
   <trkpt lat="46.4368200" lon="12.1226700">
    <ele>1922.2</ele>
    <time>2024-06-02T10:07:01Z</time>
    <extensions>
     <gpxtpx:TrackPointExtension>
      <gpxtpx:atemp>24</gpxtpx:atemp>
      <gpxtpx:hr>98</gpxtpx:hr>
      <gpxtpx:cad>0</gpxtpx:cad>
     </gpxtpx:TrackPointExtension>
    </extensions>
   </trkpt>
   <trkpt lat="46.4368230" lon="12.1226690">
    <ele>1922.2</ele>
    <time>2024-06-02T10:07:02Z</time>
    <extensions>
     <gpxtpx:TrackPointExtension>
      <gpxtpx:atemp>24</gpxtpx:atemp>
      <gpxtpx:hr>95</gpxtpx:hr>
      <gpxtpx:cad>0</gpxtpx:cad>
     </gpxtpx:TrackPointExtension>
    </extensions>
   </trkpt>
   <trkpt lat="46.4368250" lon="12.1226740">
    <ele>1922.2</ele>
    <time>2024-06-02T10:07:03Z</time>
    <extensions>
     <gpxtpx:TrackPointExtension>
      <gpxtpx:atemp>24</gpxtpx:atemp>
      <gpxtpx:hr>99</gpxtpx:hr>
      <gpxtpx:cad>0</gpxtpx:cad>
     </gpxtpx:TrackPointExtension>
    </extensions>
   </trkpt>
   <trkpt lat="46.4368170" lon="12.1226910">
    <ele>1922.0</ele>
    <time>2024-06-02T10:07:06Z</time>
    <extensions>
     <gpxtpx:TrackPointExtension>
      <gpxtpx:atemp>24</gpxtpx:atemp>
      <gpxtpx:hr>99</gpxtpx:hr>
      <gpxtpx:cad>0</gpxtpx:cad>
     </gpxtpx:TrackPointExtension>
    </extensions>
   </trkpt>
   <trkpt lat="46.4367650" lon="12.1227300">
    <ele>1922.0</ele>
    <time>2024-06-02T10:07:12Z</time>
    <extensions>
     <gpxtpx:TrackPointExtension>
      <gpxtpx:atemp>24</gpxtpx:atemp>
      <gpxtpx:hr>99</gpxtpx:hr>
      <gpxtpx:cad>0</gpxtpx:cad>
     </gpxtpx:TrackPointExtension>
    </extensions>
   </trkpt>
   <trkpt lat="46.4367570" lon="12.1227260">
    <ele>1921.8</ele>
    <time>2024-06-02T10:07:13Z</time>
    <extensions>
     <gpxtpx:TrackPointExtension>
      <gpxtpx:atemp>24</gpxtpx:atemp>
      <gpxtpx:hr>99</gpxtpx:hr>
      <gpxtpx:cad>0</gpxtpx:cad>
     </gpxtpx:TrackPointExtension>
    </extensions>
   </trkpt>
   <trkpt lat="46.4367080" lon="12.1227460">
    <ele>1921.6</ele>
    <time>2024-06-02T10:07:20Z</time>
    <extensions>
     <gpxtpx:TrackPointExtension>
      <gpxtpx:atemp>24</gpxtpx:atemp>
      <gpxtpx:hr>99</gpxtpx:hr>
      <gpxtpx:cad>0</gpxtpx:cad>
     </gpxtpx:TrackPointExtension>
    </extensions>
   </trkpt>
   <trkpt lat="46.4367070" lon="12.1227490">
    <ele>1921.8</ele>
    <time>2024-06-02T10:07:31Z</time>
    <extensions>
     <gpxtpx:TrackPointExtension>
      <gpxtpx:atemp>24</gpxtpx:atemp>
      <gpxtpx:hr>98</gpxtpx:hr>
      <gpxtpx:cad>0</gpxtpx:cad>
     </gpxtpx:TrackPointExtension>
    </extensions>
   </trkpt>
   <trkpt lat="46.4367070" lon="12.1227490">
    <ele>1921.8</ele>
    <time>2024-06-02T10:07:40Z</time>
    <extensions>
     <gpxtpx:TrackPointExtension>
      <gpxtpx:atemp>24</gpxtpx:atemp>
      <gpxtpx:hr>95</gpxtpx:hr>
      <gpxtpx:cad>0</gpxtpx:cad>
     </gpxtpx:TrackPointExtension>
    </extensions>
   </trkpt>
   <trkpt lat="46.4367060" lon="12.1227490">
    <ele>1921.6</ele>
    <time>2024-06-02T10:07:45Z</time>
    <extensions>
     <gpxtpx:TrackPointExtension>
      <gpxtpx:atemp>24</gpxtpx:atemp>
      <gpxtpx:hr>92</gpxtpx:hr>
      <gpxtpx:cad>0</gpxtpx:cad>
     </gpxtpx:TrackPointExtension>
    </extensions>
   </trkpt>
   <trkpt lat="46.4367060" lon="12.1227490">
    <ele>1921.6</ele>
    <time>2024-06-02T10:07:48Z</time>
    <extensions>
     <gpxtpx:TrackPointExtension>
      <gpxtpx:atemp>24</gpxtpx:atemp>
      <gpxtpx:hr>89</gpxtpx:hr>
      <gpxtpx:cad>0</gpxtpx:cad>
     </gpxtpx:TrackPointExtension>
    </extensions>
   </trkpt>
   <trkpt lat="46.4367020" lon="12.1227550">
    <ele>1921.4</ele>
    <time>2024-06-02T10:07:57Z</time>
    <extensions>
     <gpxtpx:TrackPointExtension>
      <gpxtpx:atemp>24</gpxtpx:atemp>
      <gpxtpx:hr>92</gpxtpx:hr>
      <gpxtpx:cad>0</gpxtpx:cad>
     </gpxtpx:TrackPointExtension>
    </extensions>
   </trkpt>
   <trkpt lat="46.4366990" lon="12.1227530">
    <ele>1921.8</ele>
    <time>2024-06-02T10:08:18Z</time>
    <extensions>
     <gpxtpx:TrackPointExtension>
      <gpxtpx:atemp>24</gpxtpx:atemp>
      <gpxtpx:hr>89</gpxtpx:hr>
      <gpxtpx:cad>0</gpxtpx:cad>
     </gpxtpx:TrackPointExtension>
    </extensions>
   </trkpt>
   <trkpt lat="46.4367020" lon="12.1227480">
    <ele>1921.8</ele>
    <time>2024-06-02T10:08:26Z</time>
    <extensions>
     <gpxtpx:TrackPointExtension>
      <gpxtpx:atemp>24</gpxtpx:atemp>
      <gpxtpx:hr>92</gpxtpx:hr>
      <gpxtpx:cad>0</gpxtpx:cad>
     </gpxtpx:TrackPointExtension>
    </extensions>
   </trkpt>
   <trkpt lat="46.4367010" lon="12.1227420">
    <ele>1922.0</ele>
    <time>2024-06-02T10:08:38Z</time>
    <extensions>
     <gpxtpx:TrackPointExtension>
      <gpxtpx:atemp>24</gpxtpx:atemp>
      <gpxtpx:hr>88</gpxtpx:hr>
      <gpxtpx:cad>0</gpxtpx:cad>
     </gpxtpx:TrackPointExtension>
    </extensions>
   </trkpt>
   <trkpt lat="46.4367010" lon="12.1227410">
    <ele>1922.0</ele>
    <time>2024-06-02T10:08:40Z</time>
    <extensions>
     <gpxtpx:TrackPointExtension>
      <gpxtpx:atemp>24</gpxtpx:atemp>
      <gpxtpx:hr>92</gpxtpx:hr>
      <gpxtpx:cad>0</gpxtpx:cad>
     </gpxtpx:TrackPointExtension>
    </extensions>
   </trkpt>
   <trkpt lat="46.4367010" lon="12.1227410">
    <ele>1922.0</ele>
    <time>2024-06-02T10:08:45Z</time>
    <extensions>
     <gpxtpx:TrackPointExtension>
      <gpxtpx:atemp>24</gpxtpx:atemp>
      <gpxtpx:hr>88</gpxtpx:hr>
      <gpxtpx:cad>0</gpxtpx:cad>
     </gpxtpx:TrackPointExtension>
    </extensions>
   </trkpt>
   <trkpt lat="46.4366970" lon="12.1227330">
    <ele>1922.0</ele>
    <time>2024-06-02T10:08:49Z</time>
    <extensions>
     <gpxtpx:TrackPointExtension>
      <gpxtpx:atemp>24</gpxtpx:atemp>
      <gpxtpx:hr>85</gpxtpx:hr>
      <gpxtpx:cad>0</gpxtpx:cad>
     </gpxtpx:TrackPointExtension>
    </extensions>
   </trkpt>
   <trkpt lat="46.4366960" lon="12.1227250">
    <ele>1922.0</ele>
    <time>2024-06-02T10:09:02Z</time>
    <extensions>
     <gpxtpx:TrackPointExtension>
      <gpxtpx:atemp>24</gpxtpx:atemp>
      <gpxtpx:hr>89</gpxtpx:hr>
      <gpxtpx:cad>0</gpxtpx:cad>
     </gpxtpx:TrackPointExtension>
    </extensions>
   </trkpt>
   <trkpt lat="46.4366960" lon="12.1227250">
    <ele>1922.0</ele>
    <time>2024-06-02T10:09:07Z</time>
    <extensions>
     <gpxtpx:TrackPointExtension>
      <gpxtpx:atemp>25</gpxtpx:atemp>
      <gpxtpx:hr>85</gpxtpx:hr>
      <gpxtpx:cad>0</gpxtpx:cad>
     </gpxtpx:TrackPointExtension>
    </extensions>
   </trkpt>
   <trkpt lat="46.4367000" lon="12.1227290">
    <ele>1922.2</ele>
    <time>2024-06-02T10:09:15Z</time>
    <extensions>
     <gpxtpx:TrackPointExtension>
      <gpxtpx:atemp>25</gpxtpx:atemp>
      <gpxtpx:hr>89</gpxtpx:hr>
      <gpxtpx:cad>0</gpxtpx:cad>
     </gpxtpx:TrackPointExtension>
    </extensions>
   </trkpt>
   <trkpt lat="46.4367030" lon="12.1227300">
    <ele>1922.2</ele>
    <time>2024-06-02T10:09:18Z</time>
    <extensions>
     <gpxtpx:TrackPointExtension>
      <gpxtpx:atemp>24</gpxtpx:atemp>
      <gpxtpx:hr>86</gpxtpx:hr>
      <gpxtpx:cad>0</gpxtpx:cad>
     </gpxtpx:TrackPointExtension>
    </extensions>
   </trkpt>
   <trkpt lat="46.4367070" lon="12.1227260">
    <ele>1922.4</ele>
    <time>2024-06-02T10:09:28Z</time>
    <extensions>
     <gpxtpx:TrackPointExtension>
      <gpxtpx:atemp>24</gpxtpx:atemp>
      <gpxtpx:hr>89</gpxtpx:hr>
      <gpxtpx:cad>0</gpxtpx:cad>
     </gpxtpx:TrackPointExtension>
    </extensions>
   </trkpt>
   <trkpt lat="46.4367500" lon="12.1226830">
    <ele>1922.4</ele>
    <time>2024-06-02T10:09:31Z</time>
    <extensions>
     <gpxtpx:TrackPointExtension>
      <gpxtpx:atemp>24</gpxtpx:atemp>
      <gpxtpx:hr>87</gpxtpx:hr>
      <gpxtpx:cad>46</gpxtpx:cad>
     </gpxtpx:TrackPointExtension>
    </extensions>
   </trkpt>
   <trkpt lat="46.4368200" lon="12.1226250">
    <ele>1922.8</ele>
    <time>2024-06-02T10:09:36Z</time>
    <extensions>
     <gpxtpx:TrackPointExtension>
      <gpxtpx:atemp>24</gpxtpx:atemp>
      <gpxtpx:hr>85</gpxtpx:hr>
      <gpxtpx:cad>48</gpxtpx:cad>
     </gpxtpx:TrackPointExtension>
    </extensions>
   </trkpt>
   <trkpt lat="46.4368260" lon="12.1226210">
    <ele>1922.8</ele>
    <time>2024-06-02T10:09:37Z</time>
    <extensions>
     <gpxtpx:TrackPointExtension>
      <gpxtpx:atemp>24</gpxtpx:atemp>
      <gpxtpx:hr>88</gpxtpx:hr>
      <gpxtpx:cad>0</gpxtpx:cad>
     </gpxtpx:TrackPointExtension>
    </extensions>
   </trkpt>
   <trkpt lat="46.4368290" lon="12.1226220">
    <ele>1923.0</ele>
    <time>2024-06-02T10:09:38Z</time>
    <extensions>
     <gpxtpx:TrackPointExtension>
      <gpxtpx:atemp>24</gpxtpx:atemp>
      <gpxtpx:hr>88</gpxtpx:hr>
      <gpxtpx:cad>0</gpxtpx:cad>
     </gpxtpx:TrackPointExtension>
    </extensions>
   </trkpt>
   <trkpt lat="46.4368250" lon="12.1226210">
    <ele>1923.0</ele>
    <time>2024-06-02T10:09:42Z</time>
    <extensions>
     <gpxtpx:TrackPointExtension>
      <gpxtpx:atemp>24</gpxtpx:atemp>
      <gpxtpx:hr>88</gpxtpx:hr>
      <gpxtpx:cad>0</gpxtpx:cad>
     </gpxtpx:TrackPointExtension>
    </extensions>
   </trkpt>
   <trkpt lat="46.4368330" lon="12.1226270">
    <ele>1923.0</ele>
    <time>2024-06-02T10:09:52Z</time>
    <extensions>
     <gpxtpx:TrackPointExtension>
      <gpxtpx:atemp>24</gpxtpx:atemp>
      <gpxtpx:hr>87</gpxtpx:hr>
      <gpxtpx:cad>0</gpxtpx:cad>
     </gpxtpx:TrackPointExtension>
    </extensions>
   </trkpt>
   <trkpt lat="46.4368130" lon="12.1226250">
    <ele>1923.0</ele>
    <time>2024-06-02T10:09:55Z</time>
    <extensions>
     <gpxtpx:TrackPointExtension>
      <gpxtpx:atemp>24</gpxtpx:atemp>
      <gpxtpx:hr>84</gpxtpx:hr>
      <gpxtpx:cad>0</gpxtpx:cad>
     </gpxtpx:TrackPointExtension>
    </extensions>
   </trkpt>
   <trkpt lat="46.4367990" lon="12.1226180">
    <ele>1923.0</ele>
    <time>2024-06-02T10:09:57Z</time>
    <extensions>
     <gpxtpx:TrackPointExtension>
      <gpxtpx:atemp>24</gpxtpx:atemp>
      <gpxtpx:hr>86</gpxtpx:hr>
      <gpxtpx:cad>52</gpxtpx:cad>
     </gpxtpx:TrackPointExtension>
    </extensions>
   </trkpt>
   <trkpt lat="46.4367900" lon="12.1225940">
    <ele>1922.6</ele>
    <time>2024-06-02T10:10:01Z</time>
    <extensions>
     <gpxtpx:TrackPointExtension>
      <gpxtpx:atemp>24</gpxtpx:atemp>
      <gpxtpx:hr>89</gpxtpx:hr>
      <gpxtpx:cad>0</gpxtpx:cad>
     </gpxtpx:TrackPointExtension>
    </extensions>
   </trkpt>
   <trkpt lat="46.4367900" lon="12.1225920">
    <ele>1922.6</ele>
    <time>2024-06-02T10:10:04Z</time>
    <extensions>
     <gpxtpx:TrackPointExtension>
      <gpxtpx:atemp>24</gpxtpx:atemp>
      <gpxtpx:hr>87</gpxtpx:hr>
      <gpxtpx:cad>0</gpxtpx:cad>
     </gpxtpx:TrackPointExtension>
    </extensions>
   </trkpt>
   <trkpt lat="46.4367900" lon="12.1225930">
    <ele>1922.4</ele>
    <time>2024-06-02T10:10:11Z</time>
    <extensions>
     <gpxtpx:TrackPointExtension>
      <gpxtpx:atemp>24</gpxtpx:atemp>
      <gpxtpx:hr>84</gpxtpx:hr>
      <gpxtpx:cad>0</gpxtpx:cad>
     </gpxtpx:TrackPointExtension>
    </extensions>
   </trkpt>
   <trkpt lat="46.4367960" lon="12.1225930">
    <ele>1922.4</ele>
    <time>2024-06-02T10:10:31Z</time>
    <extensions>
     <gpxtpx:TrackPointExtension>
      <gpxtpx:atemp>24</gpxtpx:atemp>
      <gpxtpx:hr>81</gpxtpx:hr>
      <gpxtpx:cad>0</gpxtpx:cad>
     </gpxtpx:TrackPointExtension>
    </extensions>
   </trkpt>
   <trkpt lat="46.4367700" lon="12.1225770">
    <ele>1922.4</ele>
    <time>2024-06-02T10:10:35Z</time>
    <extensions>
     <gpxtpx:TrackPointExtension>
      <gpxtpx:atemp>24</gpxtpx:atemp>
      <gpxtpx:hr>78</gpxtpx:hr>
      <gpxtpx:cad>46</gpxtpx:cad>
     </gpxtpx:TrackPointExtension>
    </extensions>
   </trkpt>
   <trkpt lat="46.4367620" lon="12.1225650">
    <ele>1922.4</ele>
    <time>2024-06-02T10:10:36Z</time>
    <extensions>
     <gpxtpx:TrackPointExtension>
      <gpxtpx:atemp>24</gpxtpx:atemp>
      <gpxtpx:hr>78</gpxtpx:hr>
      <gpxtpx:cad>46</gpxtpx:cad>
     </gpxtpx:TrackPointExtension>
    </extensions>
   </trkpt>
   <trkpt lat="46.4367490" lon="12.1225500">
    <ele>1921.8</ele>
    <time>2024-06-02T10:10:38Z</time>
    <extensions>
     <gpxtpx:TrackPointExtension>
      <gpxtpx:atemp>24</gpxtpx:atemp>
      <gpxtpx:hr>77</gpxtpx:hr>
      <gpxtpx:cad>46</gpxtpx:cad>
     </gpxtpx:TrackPointExtension>
    </extensions>
   </trkpt>
   <trkpt lat="46.4367290" lon="12.1225490">
    <ele>1921.6</ele>
    <time>2024-06-02T10:10:44Z</time>
    <extensions>
     <gpxtpx:TrackPointExtension>
      <gpxtpx:atemp>24</gpxtpx:atemp>
      <gpxtpx:hr>75</gpxtpx:hr>
      <gpxtpx:cad>0</gpxtpx:cad>
     </gpxtpx:TrackPointExtension>
    </extensions>
   </trkpt>
   <trkpt lat="46.4367290" lon="12.1225480">
    <ele>1922.0</ele>
    <time>2024-06-02T10:11:01Z</time>
    <extensions>
     <gpxtpx:TrackPointExtension>
      <gpxtpx:atemp>24</gpxtpx:atemp>
      <gpxtpx:hr>76</gpxtpx:hr>
      <gpxtpx:cad>0</gpxtpx:cad>
     </gpxtpx:TrackPointExtension>
    </extensions>
   </trkpt>
   <trkpt lat="46.4367270" lon="12.1225390">
    <ele>1922.0</ele>
    <time>2024-06-02T10:11:08Z</time>
    <extensions>
     <gpxtpx:TrackPointExtension>
      <gpxtpx:atemp>24</gpxtpx:atemp>
      <gpxtpx:hr>79</gpxtpx:hr>
      <gpxtpx:cad>0</gpxtpx:cad>
     </gpxtpx:TrackPointExtension>
    </extensions>
   </trkpt>
   <trkpt lat="46.4367260" lon="12.1225370">
    <ele>1921.8</ele>
    <time>2024-06-02T10:11:20Z</time>
    <extensions>
     <gpxtpx:TrackPointExtension>
      <gpxtpx:atemp>24</gpxtpx:atemp>
      <gpxtpx:hr>82</gpxtpx:hr>
      <gpxtpx:cad>0</gpxtpx:cad>
     </gpxtpx:TrackPointExtension>
    </extensions>
   </trkpt>
   <trkpt lat="46.4367290" lon="12.1225350">
    <ele>1921.8</ele>
    <time>2024-06-02T10:11:38Z</time>
    <extensions>
     <gpxtpx:TrackPointExtension>
      <gpxtpx:atemp>24</gpxtpx:atemp>
      <gpxtpx:hr>85</gpxtpx:hr>
      <gpxtpx:cad>0</gpxtpx:cad>
     </gpxtpx:TrackPointExtension>
    </extensions>
   </trkpt>
   <trkpt lat="46.4367420" lon="12.1225250">
    <ele>1921.8</ele>
    <time>2024-06-02T10:12:01Z</time>
    <extensions>
     <gpxtpx:TrackPointExtension>
      <gpxtpx:atemp>24</gpxtpx:atemp>
      <gpxtpx:hr>82</gpxtpx:hr>
      <gpxtpx:cad>0</gpxtpx:cad>
     </gpxtpx:TrackPointExtension>
    </extensions>
   </trkpt>
   <trkpt lat="46.4367540" lon="12.1225520">
    <ele>1922.0</ele>
    <time>2024-06-02T10:12:15Z</time>
    <extensions>
     <gpxtpx:TrackPointExtension>
      <gpxtpx:atemp>24</gpxtpx:atemp>
      <gpxtpx:hr>87</gpxtpx:hr>
      <gpxtpx:cad>0</gpxtpx:cad>
     </gpxtpx:TrackPointExtension>
    </extensions>
   </trkpt>
   <trkpt lat="46.4367660" lon="12.1225810">
    <ele>1922.2</ele>
    <time>2024-06-02T10:12:17Z</time>
    <extensions>
     <gpxtpx:TrackPointExtension>
      <gpxtpx:atemp>24</gpxtpx:atemp>
      <gpxtpx:hr>91</gpxtpx:hr>
      <gpxtpx:cad>0</gpxtpx:cad>
     </gpxtpx:TrackPointExtension>
    </extensions>
   </trkpt>
   <trkpt lat="46.4367730" lon="12.1225970">
    <ele>1922.2</ele>
    <time>2024-06-02T10:12:18Z</time>
    <extensions>
     <gpxtpx:TrackPointExtension>
      <gpxtpx:atemp>24</gpxtpx:atemp>
      <gpxtpx:hr>92</gpxtpx:hr>
      <gpxtpx:cad>43</gpxtpx:cad>
     </gpxtpx:TrackPointExtension>
    </extensions>
   </trkpt>
   <trkpt lat="46.4367910" lon="12.1226400">
    <ele>1922.4</ele>
    <time>2024-06-02T10:12:20Z</time>
    <extensions>
     <gpxtpx:TrackPointExtension>
      <gpxtpx:atemp>24</gpxtpx:atemp>
      <gpxtpx:hr>95</gpxtpx:hr>
      <gpxtpx:cad>44</gpxtpx:cad>
     </gpxtpx:TrackPointExtension>
    </extensions>
   </trkpt>
   <trkpt lat="46.4368050" lon="12.1226750">
    <ele>1922.6</ele>
    <time>2024-06-02T10:12:22Z</time>
    <extensions>
     <gpxtpx:TrackPointExtension>
      <gpxtpx:atemp>24</gpxtpx:atemp>
      <gpxtpx:hr>96</gpxtpx:hr>
      <gpxtpx:cad>44</gpxtpx:cad>
     </gpxtpx:TrackPointExtension>
    </extensions>
   </trkpt>
   <trkpt lat="46.4368160" lon="12.1227150">
    <ele>1922.6</ele>
    <time>2024-06-02T10:12:24Z</time>
    <extensions>
     <gpxtpx:TrackPointExtension>
      <gpxtpx:atemp>24</gpxtpx:atemp>
      <gpxtpx:hr>98</gpxtpx:hr>
      <gpxtpx:cad>44</gpxtpx:cad>
     </gpxtpx:TrackPointExtension>
    </extensions>
   </trkpt>
   <trkpt lat="46.4368480" lon="12.1227690">
    <ele>1922.8</ele>
    <time>2024-06-02T10:12:30Z</time>
    <extensions>
     <gpxtpx:TrackPointExtension>
      <gpxtpx:atemp>24</gpxtpx:atemp>
      <gpxtpx:hr>98</gpxtpx:hr>
      <gpxtpx:cad>44</gpxtpx:cad>
     </gpxtpx:TrackPointExtension>
    </extensions>
   </trkpt>
   <trkpt lat="46.4368570" lon="12.1227890">
    <ele>1922.8</ele>
    <time>2024-06-02T10:12:32Z</time>
    <extensions>
     <gpxtpx:TrackPointExtension>
      <gpxtpx:atemp>24</gpxtpx:atemp>
      <gpxtpx:hr>96</gpxtpx:hr>
      <gpxtpx:cad>0</gpxtpx:cad>
     </gpxtpx:TrackPointExtension>
    </extensions>
   </trkpt>
   <trkpt lat="46.4368640" lon="12.1228680">
    <ele>1922.8</ele>
    <time>2024-06-02T10:12:41Z</time>
    <extensions>
     <gpxtpx:TrackPointExtension>
      <gpxtpx:atemp>24</gpxtpx:atemp>
      <gpxtpx:hr>98</gpxtpx:hr>
      <gpxtpx:cad>0</gpxtpx:cad>
     </gpxtpx:TrackPointExtension>
    </extensions>
   </trkpt>
   <trkpt lat="46.4368560" lon="12.1228540">
    <ele>1922.4</ele>
    <time>2024-06-02T10:12:46Z</time>
    <extensions>
     <gpxtpx:TrackPointExtension>
      <gpxtpx:atemp>24</gpxtpx:atemp>
      <gpxtpx:hr>96</gpxtpx:hr>
      <gpxtpx:cad>0</gpxtpx:cad>
     </gpxtpx:TrackPointExtension>
    </extensions>
   </trkpt>
   <trkpt lat="46.4368350" lon="12.1227660">
    <ele>1922.6</ele>
    <time>2024-06-02T10:12:54Z</time>
    <extensions>
     <gpxtpx:TrackPointExtension>
      <gpxtpx:atemp>24</gpxtpx:atemp>
      <gpxtpx:hr>95</gpxtpx:hr>
      <gpxtpx:cad>41</gpxtpx:cad>
     </gpxtpx:TrackPointExtension>
    </extensions>
   </trkpt>
   <trkpt lat="46.4367950" lon="12.1226640">
    <ele>1922.4</ele>
    <time>2024-06-02T10:13:03Z</time>
    <extensions>
     <gpxtpx:TrackPointExtension>
      <gpxtpx:atemp>24</gpxtpx:atemp>
      <gpxtpx:hr>95</gpxtpx:hr>
      <gpxtpx:cad>40</gpxtpx:cad>
     </gpxtpx:TrackPointExtension>
    </extensions>
   </trkpt>
   <trkpt lat="46.4367910" lon="12.1226080">
    <ele>1922.6</ele>
    <time>2024-06-02T10:13:09Z</time>
    <extensions>
     <gpxtpx:TrackPointExtension>
      <gpxtpx:atemp>24</gpxtpx:atemp>
      <gpxtpx:hr>98</gpxtpx:hr>
      <gpxtpx:cad>0</gpxtpx:cad>
     </gpxtpx:TrackPointExtension>
    </extensions>
   </trkpt>
   <trkpt lat="46.4367930" lon="12.1226070">
    <ele>1922.6</ele>
    <time>2024-06-02T10:13:10Z</time>
    <extensions>
     <gpxtpx:TrackPointExtension>
      <gpxtpx:atemp>24</gpxtpx:atemp>
      <gpxtpx:hr>102</gpxtpx:hr>
      <gpxtpx:cad>0</gpxtpx:cad>
     </gpxtpx:TrackPointExtension>
    </extensions>
   </trkpt>
   <trkpt lat="46.4367950" lon="12.1226050">
    <ele>1922.6</ele>
    <time>2024-06-02T10:13:11Z</time>
    <extensions>
     <gpxtpx:TrackPointExtension>
      <gpxtpx:atemp>24</gpxtpx:atemp>
      <gpxtpx:hr>102</gpxtpx:hr>
      <gpxtpx:cad>0</gpxtpx:cad>
     </gpxtpx:TrackPointExtension>
    </extensions>
   </trkpt>
   <trkpt lat="46.4367960" lon="12.1226040">
    <ele>1922.6</ele>
    <time>2024-06-02T10:13:12Z</time>
    <extensions>
     <gpxtpx:TrackPointExtension>
      <gpxtpx:atemp>24</gpxtpx:atemp>
      <gpxtpx:hr>105</gpxtpx:hr>
      <gpxtpx:cad>0</gpxtpx:cad>
     </gpxtpx:TrackPointExtension>
    </extensions>
   </trkpt>
   <trkpt lat="46.4367930" lon="12.1226090">
    <ele>1922.6</ele>
    <time>2024-06-02T10:13:17Z</time>
    <extensions>
     <gpxtpx:TrackPointExtension>
      <gpxtpx:atemp>24</gpxtpx:atemp>
      <gpxtpx:hr>102</gpxtpx:hr>
      <gpxtpx:cad>0</gpxtpx:cad>
     </gpxtpx:TrackPointExtension>
    </extensions>
   </trkpt>
   <trkpt lat="46.4367930" lon="12.1226080">
    <ele>1922.6</ele>
    <time>2024-06-02T10:13:18Z</time>
    <extensions>
     <gpxtpx:TrackPointExtension>
      <gpxtpx:atemp>24</gpxtpx:atemp>
      <gpxtpx:hr>102</gpxtpx:hr>
      <gpxtpx:cad>0</gpxtpx:cad>
     </gpxtpx:TrackPointExtension>
    </extensions>
   </trkpt>
   <trkpt lat="46.4367930" lon="12.1226080">
    <ele>1922.4</ele>
    <time>2024-06-02T10:13:28Z</time>
    <extensions>
     <gpxtpx:TrackPointExtension>
      <gpxtpx:atemp>24</gpxtpx:atemp>
      <gpxtpx:hr>99</gpxtpx:hr>
      <gpxtpx:cad>0</gpxtpx:cad>
     </gpxtpx:TrackPointExtension>
    </extensions>
   </trkpt>
   <trkpt lat="46.4367950" lon="12.1226090">
    <ele>1922.4</ele>
    <time>2024-06-02T10:13:36Z</time>
    <extensions>
     <gpxtpx:TrackPointExtension>
      <gpxtpx:atemp>24</gpxtpx:atemp>
      <gpxtpx:hr>93</gpxtpx:hr>
      <gpxtpx:cad>0</gpxtpx:cad>
     </gpxtpx:TrackPointExtension>
    </extensions>
   </trkpt>
   <trkpt lat="46.4367950" lon="12.1226180">
    <ele>1922.4</ele>
    <time>2024-06-02T10:13:39Z</time>
    <extensions>
     <gpxtpx:TrackPointExtension>
      <gpxtpx:atemp>24</gpxtpx:atemp>
      <gpxtpx:hr>90</gpxtpx:hr>
      <gpxtpx:cad>0</gpxtpx:cad>
     </gpxtpx:TrackPointExtension>
    </extensions>
   </trkpt>
   <trkpt lat="46.4367930" lon="12.1226360">
    <ele>1922.2</ele>
    <time>2024-06-02T10:13:44Z</time>
    <extensions>
     <gpxtpx:TrackPointExtension>
      <gpxtpx:atemp>24</gpxtpx:atemp>
      <gpxtpx:hr>87</gpxtpx:hr>
      <gpxtpx:cad>0</gpxtpx:cad>
     </gpxtpx:TrackPointExtension>
    </extensions>
   </trkpt>
   <trkpt lat="46.4367820" lon="12.1226480">
    <ele>1922.2</ele>
    <time>2024-06-02T10:14:01Z</time>
    <extensions>
     <gpxtpx:TrackPointExtension>
      <gpxtpx:atemp>24</gpxtpx:atemp>
      <gpxtpx:hr>86</gpxtpx:hr>
      <gpxtpx:cad>0</gpxtpx:cad>
     </gpxtpx:TrackPointExtension>
    </extensions>
   </trkpt>
   <trkpt lat="46.4367800" lon="12.1226260">
    <ele>1921.8</ele>
    <time>2024-06-02T10:14:15Z</time>
    <extensions>
     <gpxtpx:TrackPointExtension>
      <gpxtpx:atemp>24</gpxtpx:atemp>
      <gpxtpx:hr>85</gpxtpx:hr>
      <gpxtpx:cad>0</gpxtpx:cad>
     </gpxtpx:TrackPointExtension>
    </extensions>
   </trkpt>
   <trkpt lat="46.4367720" lon="12.1225710">
    <ele>1921.8</ele>
    <time>2024-06-02T10:14:18Z</time>
    <extensions>
     <gpxtpx:TrackPointExtension>
      <gpxtpx:atemp>24</gpxtpx:atemp>
      <gpxtpx:hr>87</gpxtpx:hr>
      <gpxtpx:cad>49</gpxtpx:cad>
     </gpxtpx:TrackPointExtension>
    </extensions>
   </trkpt>
   <trkpt lat="46.4367600" lon="12.1225420">
    <ele>1921.8</ele>
    <time>2024-06-02T10:14:20Z</time>
    <extensions>
     <gpxtpx:TrackPointExtension>
      <gpxtpx:atemp>24</gpxtpx:atemp>
      <gpxtpx:hr>89</gpxtpx:hr>
      <gpxtpx:cad>49</gpxtpx:cad>
     </gpxtpx:TrackPointExtension>
    </extensions>
   </trkpt>
   <trkpt lat="46.4367290" lon="12.1224820">
    <ele>1921.6</ele>
    <time>2024-06-02T10:14:25Z</time>
    <extensions>
     <gpxtpx:TrackPointExtension>
      <gpxtpx:atemp>24</gpxtpx:atemp>
      <gpxtpx:hr>89</gpxtpx:hr>
      <gpxtpx:cad>51</gpxtpx:cad>
     </gpxtpx:TrackPointExtension>
    </extensions>
   </trkpt>
   <trkpt lat="46.4367120" lon="12.1224360">
    <ele>1921.4</ele>
    <time>2024-06-02T10:14:33Z</time>
    <extensions>
     <gpxtpx:TrackPointExtension>
      <gpxtpx:atemp>24</gpxtpx:atemp>
      <gpxtpx:hr>88</gpxtpx:hr>
      <gpxtpx:cad>0</gpxtpx:cad>
     </gpxtpx:TrackPointExtension>
    </extensions>
   </trkpt>
   <trkpt lat="46.4367090" lon="12.1224420">
    <ele>1921.4</ele>
    <time>2024-06-02T10:14:38Z</time>
    <extensions>
     <gpxtpx:TrackPointExtension>
      <gpxtpx:atemp>24</gpxtpx:atemp>
      <gpxtpx:hr>85</gpxtpx:hr>
      <gpxtpx:cad>0</gpxtpx:cad>
     </gpxtpx:TrackPointExtension>
    </extensions>
   </trkpt>
   <trkpt lat="46.4367090" lon="12.1224420">
    <ele>1921.4</ele>
    <time>2024-06-02T10:14:40Z</time>
    <extensions>
     <gpxtpx:TrackPointExtension>
      <gpxtpx:atemp>24</gpxtpx:atemp>
      <gpxtpx:hr>85</gpxtpx:hr>
      <gpxtpx:cad>0</gpxtpx:cad>
     </gpxtpx:TrackPointExtension>
    </extensions>
   </trkpt>
   <trkpt lat="46.4367090" lon="12.1224420">
    <ele>1921.2</ele>
    <time>2024-06-02T10:15:08Z</time>
    <extensions>
     <gpxtpx:TrackPointExtension>
      <gpxtpx:atemp>25</gpxtpx:atemp>
      <gpxtpx:hr>88</gpxtpx:hr>
      <gpxtpx:cad>0</gpxtpx:cad>
     </gpxtpx:TrackPointExtension>
    </extensions>
   </trkpt>
   <trkpt lat="46.4367100" lon="12.1224410">
    <ele>1921.2</ele>
    <time>2024-06-02T10:15:10Z</time>
    <extensions>
     <gpxtpx:TrackPointExtension>
      <gpxtpx:atemp>25</gpxtpx:atemp>
      <gpxtpx:hr>85</gpxtpx:hr>
      <gpxtpx:cad>0</gpxtpx:cad>
     </gpxtpx:TrackPointExtension>
    </extensions>
   </trkpt>
   <trkpt lat="46.4367350" lon="12.1224030">
    <ele>1921.4</ele>
    <time>2024-06-02T10:15:22Z</time>
    <extensions>
     <gpxtpx:TrackPointExtension>
      <gpxtpx:atemp>25</gpxtpx:atemp>
      <gpxtpx:hr>85</gpxtpx:hr>
      <gpxtpx:cad>0</gpxtpx:cad>
     </gpxtpx:TrackPointExtension>
    </extensions>
   </trkpt>
   <trkpt lat="46.4367870" lon="12.1223370">
    <ele>1921.4</ele>
    <time>2024-06-02T10:15:27Z</time>
    <extensions>
     <gpxtpx:TrackPointExtension>
      <gpxtpx:atemp>25</gpxtpx:atemp>
      <gpxtpx:hr>83</gpxtpx:hr>
      <gpxtpx:cad>65</gpxtpx:cad>
     </gpxtpx:TrackPointExtension>
    </extensions>
   </trkpt>
   <trkpt lat="46.4368020" lon="12.1223350">
    <ele>1921.4</ele>
    <time>2024-06-02T10:15:29Z</time>
    <extensions>
     <gpxtpx:TrackPointExtension>
      <gpxtpx:atemp>25</gpxtpx:atemp>
      <gpxtpx:hr>83</gpxtpx:hr>
      <gpxtpx:cad>0</gpxtpx:cad>
     </gpxtpx:TrackPointExtension>
    </extensions>
   </trkpt>
   <trkpt lat="46.4368080" lon="12.1223300">
    <ele>1921.6</ele>
    <time>2024-06-02T10:15:34Z</time>
    <extensions>
     <gpxtpx:TrackPointExtension>
      <gpxtpx:atemp>25</gpxtpx:atemp>
      <gpxtpx:hr>83</gpxtpx:hr>
      <gpxtpx:cad>0</gpxtpx:cad>
     </gpxtpx:TrackPointExtension>
    </extensions>
   </trkpt>
   <trkpt lat="46.4367970" lon="12.1223520">
    <ele>1921.6</ele>
    <time>2024-06-02T10:15:39Z</time>
    <extensions>
     <gpxtpx:TrackPointExtension>
      <gpxtpx:atemp>25</gpxtpx:atemp>
      <gpxtpx:hr>83</gpxtpx:hr>
      <gpxtpx:cad>0</gpxtpx:cad>
     </gpxtpx:TrackPointExtension>
    </extensions>
   </trkpt>
   <trkpt lat="46.4367890" lon="12.1223580">
    <ele>1921.6</ele>
    <time>2024-06-02T10:15:45Z</time>
    <extensions>
     <gpxtpx:TrackPointExtension>
      <gpxtpx:atemp>25</gpxtpx:atemp>
      <gpxtpx:hr>87</gpxtpx:hr>
      <gpxtpx:cad>0</gpxtpx:cad>
     </gpxtpx:TrackPointExtension>
    </extensions>
   </trkpt>
   <trkpt lat="46.4367810" lon="12.1223590">
    <ele>1921.6</ele>
    <time>2024-06-02T10:15:47Z</time>
    <extensions>
     <gpxtpx:TrackPointExtension>
      <gpxtpx:atemp>25</gpxtpx:atemp>
      <gpxtpx:hr>86</gpxtpx:hr>
      <gpxtpx:cad>0</gpxtpx:cad>
     </gpxtpx:TrackPointExtension>
    </extensions>
   </trkpt>
   <trkpt lat="46.4367670" lon="12.1223630">
    <ele>1921.2</ele>
    <time>2024-06-02T10:15:54Z</time>
    <extensions>
     <gpxtpx:TrackPointExtension>
      <gpxtpx:atemp>25</gpxtpx:atemp>
      <gpxtpx:hr>89</gpxtpx:hr>
      <gpxtpx:cad>0</gpxtpx:cad>
     </gpxtpx:TrackPointExtension>
    </extensions>
   </trkpt>
   <trkpt lat="46.4367670" lon="12.1223630">
    <ele>1921.2</ele>
    <time>2024-06-02T10:15:55Z</time>
    <extensions>
     <gpxtpx:TrackPointExtension>
      <gpxtpx:atemp>25</gpxtpx:atemp>
      <gpxtpx:hr>89</gpxtpx:hr>
      <gpxtpx:cad>0</gpxtpx:cad>
     </gpxtpx:TrackPointExtension>
    </extensions>
   </trkpt>
   <trkpt lat="46.4367670" lon="12.1223630">
    <ele>1921.2</ele>
    <time>2024-06-02T10:16:00Z</time>
    <extensions>
     <gpxtpx:TrackPointExtension>
      <gpxtpx:atemp>25</gpxtpx:atemp>
      <gpxtpx:hr>92</gpxtpx:hr>
      <gpxtpx:cad>0</gpxtpx:cad>
     </gpxtpx:TrackPointExtension>
    </extensions>
   </trkpt>
   <trkpt lat="46.4367680" lon="12.1223630">
    <ele>1921.2</ele>
    <time>2024-06-02T10:16:16Z</time>
    <extensions>
     <gpxtpx:TrackPointExtension>
      <gpxtpx:atemp>25</gpxtpx:atemp>
      <gpxtpx:hr>89</gpxtpx:hr>
      <gpxtpx:cad>0</gpxtpx:cad>
     </gpxtpx:TrackPointExtension>
    </extensions>
   </trkpt>
   <trkpt lat="46.4367640" lon="12.1223630">
    <ele>1921.0</ele>
    <time>2024-06-02T10:16:24Z</time>
    <extensions>
     <gpxtpx:TrackPointExtension>
      <gpxtpx:atemp>25</gpxtpx:atemp>
      <gpxtpx:hr>86</gpxtpx:hr>
      <gpxtpx:cad>0</gpxtpx:cad>
     </gpxtpx:TrackPointExtension>
    </extensions>
   </trkpt>
   <trkpt lat="46.4367580" lon="12.1223500">
    <ele>1921.2</ele>
    <time>2024-06-02T10:16:28Z</time>
    <extensions>
     <gpxtpx:TrackPointExtension>
      <gpxtpx:atemp>25</gpxtpx:atemp>
      <gpxtpx:hr>83</gpxtpx:hr>
      <gpxtpx:cad>0</gpxtpx:cad>
     </gpxtpx:TrackPointExtension>
    </extensions>
   </trkpt>
   <trkpt lat="46.4367500" lon="12.1223490">
    <ele>1921.2</ele>
    <time>2024-06-02T10:16:30Z</time>
    <extensions>
     <gpxtpx:TrackPointExtension>
      <gpxtpx:atemp>25</gpxtpx:atemp>
      <gpxtpx:hr>80</gpxtpx:hr>
      <gpxtpx:cad>0</gpxtpx:cad>
     </gpxtpx:TrackPointExtension>
    </extensions>
   </trkpt>
   <trkpt lat="46.4367440" lon="12.1223490">
    <ele>1921.2</ele>
    <time>2024-06-02T10:16:34Z</time>
    <extensions>
     <gpxtpx:TrackPointExtension>
      <gpxtpx:atemp>25</gpxtpx:atemp>
      <gpxtpx:hr>77</gpxtpx:hr>
      <gpxtpx:cad>0</gpxtpx:cad>
     </gpxtpx:TrackPointExtension>
    </extensions>
   </trkpt>
   <trkpt lat="46.4367180" lon="12.1224080">
    <ele>1920.8</ele>
    <time>2024-06-02T10:17:04Z</time>
    <extensions>
     <gpxtpx:TrackPointExtension>
      <gpxtpx:atemp>25</gpxtpx:atemp>
      <gpxtpx:hr>76</gpxtpx:hr>
      <gpxtpx:cad>0</gpxtpx:cad>
     </gpxtpx:TrackPointExtension>
    </extensions>
   </trkpt>
   <trkpt lat="46.4367190" lon="12.1224090">
    <ele>1920.8</ele>
    <time>2024-06-02T10:17:14Z</time>
    <extensions>
     <gpxtpx:TrackPointExtension>
      <gpxtpx:atemp>25</gpxtpx:atemp>
      <gpxtpx:hr>73</gpxtpx:hr>
      <gpxtpx:cad>0</gpxtpx:cad>
     </gpxtpx:TrackPointExtension>
    </extensions>
   </trkpt>
   <trkpt lat="46.4367220" lon="12.1224160">
    <ele>1920.6</ele>
    <time>2024-06-02T10:17:35Z</time>
    <extensions>
     <gpxtpx:TrackPointExtension>
      <gpxtpx:atemp>25</gpxtpx:atemp>
      <gpxtpx:hr>70</gpxtpx:hr>
      <gpxtpx:cad>0</gpxtpx:cad>
     </gpxtpx:TrackPointExtension>
    </extensions>
   </trkpt>
   <trkpt lat="46.4367890" lon="12.1223110">
    <ele>1920.6</ele>
    <time>2024-06-02T10:22:56Z</time>
    <extensions>
     <gpxtpx:TrackPointExtension>
      <gpxtpx:atemp>26</gpxtpx:atemp>
      <gpxtpx:hr>56</gpxtpx:hr>
      <gpxtpx:cad>0</gpxtpx:cad>
     </gpxtpx:TrackPointExtension>
    </extensions>
   </trkpt>
   <trkpt lat="46.4367880" lon="12.1223110">
    <ele>1920.6</ele>
    <time>2024-06-02T10:22:57Z</time>
    <extensions>
     <gpxtpx:TrackPointExtension>
      <gpxtpx:atemp>26</gpxtpx:atemp>
      <gpxtpx:hr>56</gpxtpx:hr>
      <gpxtpx:cad>0</gpxtpx:cad>
     </gpxtpx:TrackPointExtension>
    </extensions>
   </trkpt>
   <trkpt lat="46.4368000" lon="12.1223960">
    <ele>1920.6</ele>
    <time>2024-06-02T10:23:04Z</time>
    <extensions>
     <gpxtpx:TrackPointExtension>
      <gpxtpx:atemp>26</gpxtpx:atemp>
      <gpxtpx:hr>57</gpxtpx:hr>
      <gpxtpx:cad>48</gpxtpx:cad>
     </gpxtpx:TrackPointExtension>
    </extensions>
   </trkpt>
   <trkpt lat="46.4368110" lon="12.1224640">
    <ele>1920.6</ele>
    <time>2024-06-02T10:23:06Z</time>
    <extensions>
     <gpxtpx:TrackPointExtension>
      <gpxtpx:atemp>26</gpxtpx:atemp>
      <gpxtpx:hr>61</gpxtpx:hr>
      <gpxtpx:cad>45</gpxtpx:cad>
     </gpxtpx:TrackPointExtension>
    </extensions>
   </trkpt>
   <trkpt lat="46.4368200" lon="12.1225180">
    <ele>1920.8</ele>
    <time>2024-06-02T10:23:08Z</time>
    <extensions>
     <gpxtpx:TrackPointExtension>
      <gpxtpx:atemp>26</gpxtpx:atemp>
      <gpxtpx:hr>57</gpxtpx:hr>
      <gpxtpx:cad>45</gpxtpx:cad>
     </gpxtpx:TrackPointExtension>
    </extensions>
   </trkpt>
   <trkpt lat="46.4368250" lon="12.1225870">
    <ele>1920.8</ele>
    <time>2024-06-02T10:23:11Z</time>
    <extensions>
     <gpxtpx:TrackPointExtension>
      <gpxtpx:atemp>26</gpxtpx:atemp>
      <gpxtpx:hr>59</gpxtpx:hr>
      <gpxtpx:cad>49</gpxtpx:cad>
     </gpxtpx:TrackPointExtension>
    </extensions>
   </trkpt>
   <trkpt lat="46.4368300" lon="12.1226020">
    <ele>1920.8</ele>
    <time>2024-06-02T10:23:12Z</time>
    <extensions>
     <gpxtpx:TrackPointExtension>
      <gpxtpx:atemp>26</gpxtpx:atemp>
      <gpxtpx:hr>57</gpxtpx:hr>
      <gpxtpx:cad>49</gpxtpx:cad>
     </gpxtpx:TrackPointExtension>
    </extensions>
   </trkpt>
   <trkpt lat="46.4368710" lon="12.1226480">
    <ele>1921.2</ele>
    <time>2024-06-02T10:23:17Z</time>
    <extensions>
     <gpxtpx:TrackPointExtension>
      <gpxtpx:atemp>26</gpxtpx:atemp>
      <gpxtpx:hr>59</gpxtpx:hr>
      <gpxtpx:cad>48</gpxtpx:cad>
     </gpxtpx:TrackPointExtension>
    </extensions>
   </trkpt>
   <trkpt lat="46.4369080" lon="12.1226660">
    <ele>1921.8</ele>
    <time>2024-06-02T10:23:21Z</time>
    <extensions>
     <gpxtpx:TrackPointExtension>
      <gpxtpx:atemp>26</gpxtpx:atemp>
      <gpxtpx:hr>56</gpxtpx:hr>
      <gpxtpx:cad>50</gpxtpx:cad>
     </gpxtpx:TrackPointExtension>
    </extensions>
   </trkpt>
   <trkpt lat="46.4369130" lon="12.1226670">
    <ele>1921.8</ele>
    <time>2024-06-02T10:23:22Z</time>
    <extensions>
     <gpxtpx:TrackPointExtension>
      <gpxtpx:atemp>26</gpxtpx:atemp>
      <gpxtpx:hr>56</gpxtpx:hr>
      <gpxtpx:cad>49</gpxtpx:cad>
     </gpxtpx:TrackPointExtension>
    </extensions>
   </trkpt>
   <trkpt lat="46.4369180" lon="12.1226710">
    <ele>1922.0</ele>
    <time>2024-06-02T10:23:23Z</time>
    <extensions>
     <gpxtpx:TrackPointExtension>
      <gpxtpx:atemp>26</gpxtpx:atemp>
      <gpxtpx:hr>59</gpxtpx:hr>
      <gpxtpx:cad>49</gpxtpx:cad>
     </gpxtpx:TrackPointExtension>
    </extensions>
   </trkpt>
   <trkpt lat="46.4369240" lon="12.1226950">
    <ele>1922.2</ele>
    <time>2024-06-02T10:23:25Z</time>
    <extensions>
     <gpxtpx:TrackPointExtension>
      <gpxtpx:atemp>26</gpxtpx:atemp>
      <gpxtpx:hr>58</gpxtpx:hr>
      <gpxtpx:cad>46</gpxtpx:cad>
     </gpxtpx:TrackPointExtension>
    </extensions>
   </trkpt>
   <trkpt lat="46.4369360" lon="12.1227260">
    <ele>1922.4</ele>
    <time>2024-06-02T10:23:29Z</time>
    <extensions>
     <gpxtpx:TrackPointExtension>
      <gpxtpx:atemp>26</gpxtpx:atemp>
      <gpxtpx:hr>63</gpxtpx:hr>
      <gpxtpx:cad>46</gpxtpx:cad>
     </gpxtpx:TrackPointExtension>
    </extensions>
   </trkpt>
   <trkpt lat="46.4369450" lon="12.1227270">
    <ele>1922.8</ele>
    <time>2024-06-02T10:23:31Z</time>
    <extensions>
     <gpxtpx:TrackPointExtension>
      <gpxtpx:atemp>26</gpxtpx:atemp>
      <gpxtpx:hr>61</gpxtpx:hr>
      <gpxtpx:cad>0</gpxtpx:cad>
     </gpxtpx:TrackPointExtension>
    </extensions>
   </trkpt>
   <trkpt lat="46.4369590" lon="12.1227320">
    <ele>1923.4</ele>
    <time>2024-06-02T10:23:33Z</time>
    <extensions>
     <gpxtpx:TrackPointExtension>
      <gpxtpx:atemp>26</gpxtpx:atemp>
      <gpxtpx:hr>60</gpxtpx:hr>
      <gpxtpx:cad>43</gpxtpx:cad>
     </gpxtpx:TrackPointExtension>
    </extensions>
   </trkpt>
   <trkpt lat="46.4369750" lon="12.1227540">
    <ele>1924.0</ele>
    <time>2024-06-02T10:23:35Z</time>
    <extensions>
     <gpxtpx:TrackPointExtension>
      <gpxtpx:atemp>26</gpxtpx:atemp>
      <gpxtpx:hr>58</gpxtpx:hr>
      <gpxtpx:cad>41</gpxtpx:cad>
     </gpxtpx:TrackPointExtension>
    </extensions>
   </trkpt>
   <trkpt lat="46.4369910" lon="12.1228130">
    <ele>1924.6</ele>
    <time>2024-06-02T10:23:40Z</time>
    <extensions>
     <gpxtpx:TrackPointExtension>
      <gpxtpx:atemp>26</gpxtpx:atemp>
      <gpxtpx:hr>61</gpxtpx:hr>
      <gpxtpx:cad>73</gpxtpx:cad>
     </gpxtpx:TrackPointExtension>
    </extensions>
   </trkpt>
   <trkpt lat="46.4369950" lon="12.1228370">
    <ele>1924.8</ele>
    <time>2024-06-02T10:23:42Z</time>
    <extensions>
     <gpxtpx:TrackPointExtension>
      <gpxtpx:atemp>26</gpxtpx:atemp>
      <gpxtpx:hr>64</gpxtpx:hr>
      <gpxtpx:cad>75</gpxtpx:cad>
     </gpxtpx:TrackPointExtension>
    </extensions>
   </trkpt>
   <trkpt lat="46.4369970" lon="12.1228420">
    <ele>1925.0</ele>
    <time>2024-06-02T10:23:43Z</time>
    <extensions>
     <gpxtpx:TrackPointExtension>
      <gpxtpx:atemp>26</gpxtpx:atemp>
      <gpxtpx:hr>64</gpxtpx:hr>
      <gpxtpx:cad>75</gpxtpx:cad>
     </gpxtpx:TrackPointExtension>
    </extensions>
   </trkpt>
   <trkpt lat="46.4370020" lon="12.1228400">
    <ele>1925.2</ele>
    <time>2024-06-02T10:23:44Z</time>
    <extensions>
     <gpxtpx:TrackPointExtension>
      <gpxtpx:atemp>26</gpxtpx:atemp>
      <gpxtpx:hr>67</gpxtpx:hr>
      <gpxtpx:cad>79</gpxtpx:cad>
     </gpxtpx:TrackPointExtension>
    </extensions>
   </trkpt>
   <trkpt lat="46.4370110" lon="12.1228340">
    <ele>1925.6</ele>
    <time>2024-06-02T10:23:46Z</time>
    <extensions>
     <gpxtpx:TrackPointExtension>
      <gpxtpx:atemp>26</gpxtpx:atemp>
      <gpxtpx:hr>71</gpxtpx:hr>
      <gpxtpx:cad>79</gpxtpx:cad>
     </gpxtpx:TrackPointExtension>
    </extensions>
   </trkpt>
   <trkpt lat="46.4370220" lon="12.1228230">
    <ele>1926.2</ele>
    <time>2024-06-02T10:23:48Z</time>
    <extensions>
     <gpxtpx:TrackPointExtension>
      <gpxtpx:atemp>26</gpxtpx:atemp>
      <gpxtpx:hr>76</gpxtpx:hr>
      <gpxtpx:cad>79</gpxtpx:cad>
     </gpxtpx:TrackPointExtension>
    </extensions>
   </trkpt>
   <trkpt lat="46.4370340" lon="12.1228150">
    <ele>1926.4</ele>
    <time>2024-06-02T10:23:50Z</time>
    <extensions>
     <gpxtpx:TrackPointExtension>
      <gpxtpx:atemp>26</gpxtpx:atemp>
      <gpxtpx:hr>79</gpxtpx:hr>
      <gpxtpx:cad>41</gpxtpx:cad>
     </gpxtpx:TrackPointExtension>
    </extensions>
   </trkpt>
   <trkpt lat="46.4370460" lon="12.1227920">
    <ele>1926.6</ele>
    <time>2024-06-02T10:23:52Z</time>
    <extensions>
     <gpxtpx:TrackPointExtension>
      <gpxtpx:atemp>26</gpxtpx:atemp>
      <gpxtpx:hr>83</gpxtpx:hr>
      <gpxtpx:cad>67</gpxtpx:cad>
     </gpxtpx:TrackPointExtension>
    </extensions>
   </trkpt>
   <trkpt lat="46.4370590" lon="12.1227830">
    <ele>1927.0</ele>
    <time>2024-06-02T10:23:54Z</time>
    <extensions>
     <gpxtpx:TrackPointExtension>
      <gpxtpx:atemp>26</gpxtpx:atemp>
      <gpxtpx:hr>87</gpxtpx:hr>
      <gpxtpx:cad>67</gpxtpx:cad>
     </gpxtpx:TrackPointExtension>
    </extensions>
   </trkpt>
   <trkpt lat="46.4370630" lon="12.1227910">
    <ele>1927.2</ele>
    <time>2024-06-02T10:23:55Z</time>
    <extensions>
     <gpxtpx:TrackPointExtension>
      <gpxtpx:atemp>26</gpxtpx:atemp>
      <gpxtpx:hr>88</gpxtpx:hr>
      <gpxtpx:cad>41</gpxtpx:cad>
     </gpxtpx:TrackPointExtension>
    </extensions>
   </trkpt>
   <trkpt lat="46.4370680" lon="12.1228410">
    <ele>1928.0</ele>
    <time>2024-06-02T10:23:58Z</time>
    <extensions>
     <gpxtpx:TrackPointExtension>
      <gpxtpx:atemp>26</gpxtpx:atemp>
      <gpxtpx:hr>91</gpxtpx:hr>
      <gpxtpx:cad>75</gpxtpx:cad>
     </gpxtpx:TrackPointExtension>
    </extensions>
   </trkpt>
   <trkpt lat="46.4370670" lon="12.1228570">
    <ele>1928.2</ele>
    <time>2024-06-02T10:23:59Z</time>
    <extensions>
     <gpxtpx:TrackPointExtension>
      <gpxtpx:atemp>26</gpxtpx:atemp>
      <gpxtpx:hr>93</gpxtpx:hr>
      <gpxtpx:cad>75</gpxtpx:cad>
     </gpxtpx:TrackPointExtension>
    </extensions>
   </trkpt>
   <trkpt lat="46.4370690" lon="12.1228730">
    <ele>1928.4</ele>
    <time>2024-06-02T10:24:00Z</time>
    <extensions>
     <gpxtpx:TrackPointExtension>
      <gpxtpx:atemp>26</gpxtpx:atemp>
      <gpxtpx:hr>95</gpxtpx:hr>
      <gpxtpx:cad>75</gpxtpx:cad>
     </gpxtpx:TrackPointExtension>
    </extensions>
   </trkpt>
   <trkpt lat="46.4370770" lon="12.1229200">
    <ele>1929.0</ele>
    <time>2024-06-02T10:24:04Z</time>
    <extensions>
     <gpxtpx:TrackPointExtension>
      <gpxtpx:atemp>26</gpxtpx:atemp>
      <gpxtpx:hr>98</gpxtpx:hr>
      <gpxtpx:cad>41</gpxtpx:cad>
     </gpxtpx:TrackPointExtension>
    </extensions>
   </trkpt>
   <trkpt lat="46.4370880" lon="12.1229180">
    <ele>1929.4</ele>
    <time>2024-06-02T10:24:06Z</time>
    <extensions>
     <gpxtpx:TrackPointExtension>
      <gpxtpx:atemp>26</gpxtpx:atemp>
      <gpxtpx:hr>101</gpxtpx:hr>
      <gpxtpx:cad>79</gpxtpx:cad>
     </gpxtpx:TrackPointExtension>
    </extensions>
   </trkpt>
   <trkpt lat="46.4370960" lon="12.1229160">
    <ele>1929.6</ele>
    <time>2024-06-02T10:24:07Z</time>
    <extensions>
     <gpxtpx:TrackPointExtension>
      <gpxtpx:atemp>26</gpxtpx:atemp>
      <gpxtpx:hr>104</gpxtpx:hr>
      <gpxtpx:cad>42</gpxtpx:cad>
     </gpxtpx:TrackPointExtension>
    </extensions>
   </trkpt>
   <trkpt lat="46.4371020" lon="12.1229120">
    <ele>1929.8</ele>
    <time>2024-06-02T10:24:08Z</time>
    <extensions>
     <gpxtpx:TrackPointExtension>
      <gpxtpx:atemp>26</gpxtpx:atemp>
      <gpxtpx:hr>104</gpxtpx:hr>
      <gpxtpx:cad>42</gpxtpx:cad>
     </gpxtpx:TrackPointExtension>
    </extensions>
   </trkpt>
   <trkpt lat="46.4371080" lon="12.1229040">
    <ele>1930.0</ele>
    <time>2024-06-02T10:24:09Z</time>
    <extensions>
     <gpxtpx:TrackPointExtension>
      <gpxtpx:atemp>26</gpxtpx:atemp>
      <gpxtpx:hr>107</gpxtpx:hr>
      <gpxtpx:cad>42</gpxtpx:cad>
     </gpxtpx:TrackPointExtension>
    </extensions>
   </trkpt>
   <trkpt lat="46.4371240" lon="12.1228820">
    <ele>1930.6</ele>
    <time>2024-06-02T10:24:11Z</time>
    <extensions>
     <gpxtpx:TrackPointExtension>
      <gpxtpx:atemp>26</gpxtpx:atemp>
      <gpxtpx:hr>108</gpxtpx:hr>
      <gpxtpx:cad>78</gpxtpx:cad>
     </gpxtpx:TrackPointExtension>
    </extensions>
   </trkpt>
   <trkpt lat="46.4371380" lon="12.1228590">
    <ele>1931.2</ele>
    <time>2024-06-02T10:24:14Z</time>
    <extensions>
     <gpxtpx:TrackPointExtension>
      <gpxtpx:atemp>26</gpxtpx:atemp>
      <gpxtpx:hr>107</gpxtpx:hr>
      <gpxtpx:cad>77</gpxtpx:cad>
     </gpxtpx:TrackPointExtension>
    </extensions>
   </trkpt>
   <trkpt lat="46.4371460" lon="12.1228410">
    <ele>1931.6</ele>
    <time>2024-06-02T10:24:16Z</time>
    <extensions>
     <gpxtpx:TrackPointExtension>
      <gpxtpx:atemp>26</gpxtpx:atemp>
      <gpxtpx:hr>108</gpxtpx:hr>
      <gpxtpx:cad>77</gpxtpx:cad>
     </gpxtpx:TrackPointExtension>
    </extensions>
   </trkpt>
   <trkpt lat="46.4371800" lon="12.1228590">
    <ele>1932.6</ele>
    <time>2024-06-02T10:24:21Z</time>
    <extensions>
     <gpxtpx:TrackPointExtension>
      <gpxtpx:atemp>26</gpxtpx:atemp>
      <gpxtpx:hr>111</gpxtpx:hr>
      <gpxtpx:cad>67</gpxtpx:cad>
     </gpxtpx:TrackPointExtension>
    </extensions>
   </trkpt>
   <trkpt lat="46.4371830" lon="12.1228640">
    <ele>1933.0</ele>
    <time>2024-06-02T10:24:22Z</time>
    <extensions>
     <gpxtpx:TrackPointExtension>
      <gpxtpx:atemp>26</gpxtpx:atemp>
      <gpxtpx:hr>113</gpxtpx:hr>
      <gpxtpx:cad>68</gpxtpx:cad>
     </gpxtpx:TrackPointExtension>
    </extensions>
   </trkpt>
   <trkpt lat="46.4371980" lon="12.1228630">
    <ele>1933.4</ele>
    <time>2024-06-02T10:24:25Z</time>
    <extensions>
     <gpxtpx:TrackPointExtension>
      <gpxtpx:atemp>26</gpxtpx:atemp>
      <gpxtpx:hr>120</gpxtpx:hr>
      <gpxtpx:cad>72</gpxtpx:cad>
     </gpxtpx:TrackPointExtension>
    </extensions>
   </trkpt>
   <trkpt lat="46.4372010" lon="12.1228560">
    <ele>1933.6</ele>
    <time>2024-06-02T10:24:26Z</time>
    <extensions>
     <gpxtpx:TrackPointExtension>
      <gpxtpx:atemp>26</gpxtpx:atemp>
      <gpxtpx:hr>120</gpxtpx:hr>
      <gpxtpx:cad>72</gpxtpx:cad>
     </gpxtpx:TrackPointExtension>
    </extensions>
   </trkpt>
   <trkpt lat="46.4372060" lon="12.1228380">
    <ele>1933.8</ele>
    <time>2024-06-02T10:24:28Z</time>
    <extensions>
     <gpxtpx:TrackPointExtension>
      <gpxtpx:atemp>26</gpxtpx:atemp>
      <gpxtpx:hr>125</gpxtpx:hr>
      <gpxtpx:cad>74</gpxtpx:cad>
     </gpxtpx:TrackPointExtension>
    </extensions>
   </trkpt>
   <trkpt lat="46.4372090" lon="12.1228260">
    <ele>1934.0</ele>
    <time>2024-06-02T10:24:29Z</time>
    <extensions>
     <gpxtpx:TrackPointExtension>
      <gpxtpx:atemp>26</gpxtpx:atemp>
      <gpxtpx:hr>124</gpxtpx:hr>
      <gpxtpx:cad>76</gpxtpx:cad>
     </gpxtpx:TrackPointExtension>
    </extensions>
   </trkpt>
   <trkpt lat="46.4372230" lon="12.1228200">
    <ele>1934.8</ele>
    <time>2024-06-02T10:24:31Z</time>
    <extensions>
     <gpxtpx:TrackPointExtension>
      <gpxtpx:atemp>26</gpxtpx:atemp>
      <gpxtpx:hr>128</gpxtpx:hr>
      <gpxtpx:cad>74</gpxtpx:cad>
     </gpxtpx:TrackPointExtension>
    </extensions>
   </trkpt>
   <trkpt lat="46.4372410" lon="12.1228270">
    <ele>1935.2</ele>
    <time>2024-06-02T10:24:34Z</time>
    <extensions>
     <gpxtpx:TrackPointExtension>
      <gpxtpx:atemp>26</gpxtpx:atemp>
      <gpxtpx:hr>126</gpxtpx:hr>
      <gpxtpx:cad>76</gpxtpx:cad>
     </gpxtpx:TrackPointExtension>
    </extensions>
   </trkpt>
   <trkpt lat="46.4372480" lon="12.1228320">
    <ele>1935.6</ele>
    <time>2024-06-02T10:24:35Z</time>
    <extensions>
     <gpxtpx:TrackPointExtension>
      <gpxtpx:atemp>26</gpxtpx:atemp>
      <gpxtpx:hr>126</gpxtpx:hr>
      <gpxtpx:cad>74</gpxtpx:cad>
     </gpxtpx:TrackPointExtension>
    </extensions>
   </trkpt>
   <trkpt lat="46.4372600" lon="12.1228390">
    <ele>1936.2</ele>
    <time>2024-06-02T10:24:39Z</time>
    <extensions>
     <gpxtpx:TrackPointExtension>
      <gpxtpx:atemp>26</gpxtpx:atemp>
      <gpxtpx:hr>124</gpxtpx:hr>
      <gpxtpx:cad>68</gpxtpx:cad>
     </gpxtpx:TrackPointExtension>
    </extensions>
   </trkpt>
   <trkpt lat="46.4372710" lon="12.1228120">
    <ele>1936.6</ele>
    <time>2024-06-02T10:24:42Z</time>
    <extensions>
     <gpxtpx:TrackPointExtension>
      <gpxtpx:atemp>26</gpxtpx:atemp>
      <gpxtpx:hr>126</gpxtpx:hr>
      <gpxtpx:cad>70</gpxtpx:cad>
     </gpxtpx:TrackPointExtension>
    </extensions>
   </trkpt>
   <trkpt lat="46.4372940" lon="12.1228250">
    <ele>1937.2</ele>
    <time>2024-06-02T10:24:45Z</time>
    <extensions>
     <gpxtpx:TrackPointExtension>
      <gpxtpx:atemp>26</gpxtpx:atemp>
      <gpxtpx:hr>129</gpxtpx:hr>
      <gpxtpx:cad>73</gpxtpx:cad>
     </gpxtpx:TrackPointExtension>
    </extensions>
   </trkpt>
   <trkpt lat="46.4373010" lon="12.1228320">
    <ele>1937.4</ele>
    <time>2024-06-02T10:24:46Z</time>
    <extensions>
     <gpxtpx:TrackPointExtension>
      <gpxtpx:atemp>26</gpxtpx:atemp>
      <gpxtpx:hr>131</gpxtpx:hr>
      <gpxtpx:cad>71</gpxtpx:cad>
     </gpxtpx:TrackPointExtension>
    </extensions>
   </trkpt>
   <trkpt lat="46.4373130" lon="12.1228320">
    <ele>1938.0</ele>
    <time>2024-06-02T10:24:48Z</time>
    <extensions>
     <gpxtpx:TrackPointExtension>
      <gpxtpx:atemp>26</gpxtpx:atemp>
      <gpxtpx:hr>135</gpxtpx:hr>
      <gpxtpx:cad>71</gpxtpx:cad>
     </gpxtpx:TrackPointExtension>
    </extensions>
   </trkpt>
   <trkpt lat="46.4373300" lon="12.1228190">
    <ele>1938.6</ele>
    <time>2024-06-02T10:24:51Z</time>
    <extensions>
     <gpxtpx:TrackPointExtension>
      <gpxtpx:atemp>26</gpxtpx:atemp>
      <gpxtpx:hr>138</gpxtpx:hr>
      <gpxtpx:cad>69</gpxtpx:cad>
     </gpxtpx:TrackPointExtension>
    </extensions>
   </trkpt>
   <trkpt lat="46.4373460" lon="12.1228220">
    <ele>1939.0</ele>
    <time>2024-06-02T10:24:54Z</time>
    <extensions>
     <gpxtpx:TrackPointExtension>
      <gpxtpx:atemp>26</gpxtpx:atemp>
      <gpxtpx:hr>141</gpxtpx:hr>
      <gpxtpx:cad>68</gpxtpx:cad>
     </gpxtpx:TrackPointExtension>
    </extensions>
   </trkpt>
   <trkpt lat="46.4373510" lon="12.1228400">
    <ele>1939.4</ele>
    <time>2024-06-02T10:24:56Z</time>
    <extensions>
     <gpxtpx:TrackPointExtension>
      <gpxtpx:atemp>26</gpxtpx:atemp>
      <gpxtpx:hr>143</gpxtpx:hr>
      <gpxtpx:cad>0</gpxtpx:cad>
     </gpxtpx:TrackPointExtension>
    </extensions>
   </trkpt>
   <trkpt lat="46.4373550" lon="12.1228490">
    <ele>1939.6</ele>
    <time>2024-06-02T10:24:57Z</time>
    <extensions>
     <gpxtpx:TrackPointExtension>
      <gpxtpx:atemp>26</gpxtpx:atemp>
      <gpxtpx:hr>144</gpxtpx:hr>
      <gpxtpx:cad>0</gpxtpx:cad>
     </gpxtpx:TrackPointExtension>
    </extensions>
   </trkpt>
   <trkpt lat="46.4373720" lon="12.1228650">
    <ele>1940.8</ele>
    <time>2024-06-02T10:25:01Z</time>
    <extensions>
     <gpxtpx:TrackPointExtension>
      <gpxtpx:atemp>26</gpxtpx:atemp>
      <gpxtpx:hr>146</gpxtpx:hr>
      <gpxtpx:cad>70</gpxtpx:cad>
     </gpxtpx:TrackPointExtension>
    </extensions>
   </trkpt>
   <trkpt lat="46.4373880" lon="12.1228790">
    <ele>1941.2</ele>
    <time>2024-06-02T10:25:04Z</time>
    <extensions>
     <gpxtpx:TrackPointExtension>
      <gpxtpx:atemp>26</gpxtpx:atemp>
      <gpxtpx:hr>148</gpxtpx:hr>
      <gpxtpx:cad>73</gpxtpx:cad>
     </gpxtpx:TrackPointExtension>
    </extensions>
   </trkpt>
   <trkpt lat="46.4373990" lon="12.1228980">
    <ele>1941.8</ele>
    <time>2024-06-02T10:25:06Z</time>
    <extensions>
     <gpxtpx:TrackPointExtension>
      <gpxtpx:atemp>26</gpxtpx:atemp>
      <gpxtpx:hr>148</gpxtpx:hr>
      <gpxtpx:cad>0</gpxtpx:cad>
     </gpxtpx:TrackPointExtension>
    </extensions>
   </trkpt>
   <trkpt lat="46.4374280" lon="12.1229130">
    <ele>1942.8</ele>
    <time>2024-06-02T10:25:11Z</time>
    <extensions>
     <gpxtpx:TrackPointExtension>
      <gpxtpx:atemp>26</gpxtpx:atemp>
      <gpxtpx:hr>148</gpxtpx:hr>
      <gpxtpx:cad>68</gpxtpx:cad>
     </gpxtpx:TrackPointExtension>
    </extensions>
   </trkpt>
   <trkpt lat="46.4374450" lon="12.1228980">
    <ele>1943.2</ele>
    <time>2024-06-02T10:25:14Z</time>
    <extensions>
     <gpxtpx:TrackPointExtension>
      <gpxtpx:atemp>26</gpxtpx:atemp>
      <gpxtpx:hr>148</gpxtpx:hr>
      <gpxtpx:cad>70</gpxtpx:cad>
     </gpxtpx:TrackPointExtension>
    </extensions>
   </trkpt>
   <trkpt lat="46.4374680" lon="12.1228870">
    <ele>1944.0</ele>
    <time>2024-06-02T10:25:17Z</time>
    <extensions>
     <gpxtpx:TrackPointExtension>
      <gpxtpx:atemp>26</gpxtpx:atemp>
      <gpxtpx:hr>149</gpxtpx:hr>
      <gpxtpx:cad>0</gpxtpx:cad>
     </gpxtpx:TrackPointExtension>
    </extensions>
   </trkpt>
   <trkpt lat="46.4374900" lon="12.1229110">
    <ele>1945.0</ele>
    <time>2024-06-02T10:25:21Z</time>
    <extensions>
     <gpxtpx:TrackPointExtension>
      <gpxtpx:atemp>26</gpxtpx:atemp>
      <gpxtpx:hr>150</gpxtpx:hr>
      <gpxtpx:cad>78</gpxtpx:cad>
     </gpxtpx:TrackPointExtension>
    </extensions>
   </trkpt>
   <trkpt lat="46.4374950" lon="12.1229120">
    <ele>1945.2</ele>
    <time>2024-06-02T10:25:22Z</time>
    <extensions>
     <gpxtpx:TrackPointExtension>
      <gpxtpx:atemp>26</gpxtpx:atemp>
      <gpxtpx:hr>150</gpxtpx:hr>
      <gpxtpx:cad>78</gpxtpx:cad>
     </gpxtpx:TrackPointExtension>
    </extensions>
   </trkpt>
   <trkpt lat="46.4375220" lon="12.1228950">
    <ele>1946.2</ele>
    <time>2024-06-02T10:25:27Z</time>
    <extensions>
     <gpxtpx:TrackPointExtension>
      <gpxtpx:atemp>26</gpxtpx:atemp>
      <gpxtpx:hr>152</gpxtpx:hr>
      <gpxtpx:cad>72</gpxtpx:cad>
     </gpxtpx:TrackPointExtension>
    </extensions>
   </trkpt>
   <trkpt lat="46.4375250" lon="12.1228870">
    <ele>1946.4</ele>
    <time>2024-06-02T10:25:28Z</time>
    <extensions>
     <gpxtpx:TrackPointExtension>
      <gpxtpx:atemp>26</gpxtpx:atemp>
      <gpxtpx:hr>152</gpxtpx:hr>
      <gpxtpx:cad>72</gpxtpx:cad>
     </gpxtpx:TrackPointExtension>
    </extensions>
   </trkpt>
   <trkpt lat="46.4375440" lon="12.1228760">
    <ele>1947.2</ele>
    <time>2024-06-02T10:25:32Z</time>
    <extensions>
     <gpxtpx:TrackPointExtension>
      <gpxtpx:atemp>25</gpxtpx:atemp>
      <gpxtpx:hr>152</gpxtpx:hr>
      <gpxtpx:cad>76</gpxtpx:cad>
     </gpxtpx:TrackPointExtension>
    </extensions>
   </trkpt>
   <trkpt lat="46.4375550" lon="12.1229010">
    <ele>1948.0</ele>
    <time>2024-06-02T10:25:35Z</time>
    <extensions>
     <gpxtpx:TrackPointExtension>
      <gpxtpx:atemp>25</gpxtpx:atemp>
      <gpxtpx:hr>151</gpxtpx:hr>
      <gpxtpx:cad>74</gpxtpx:cad>
     </gpxtpx:TrackPointExtension>
    </extensions>
   </trkpt>
   <trkpt lat="46.4375630" lon="12.1228970">
    <ele>1948.2</ele>
    <time>2024-06-02T10:25:37Z</time>
    <extensions>
     <gpxtpx:TrackPointExtension>
      <gpxtpx:atemp>26</gpxtpx:atemp>
      <gpxtpx:hr>151</gpxtpx:hr>
      <gpxtpx:cad>76</gpxtpx:cad>
     </gpxtpx:TrackPointExtension>
    </extensions>
   </trkpt>
   <trkpt lat="46.4375810" lon="12.1229060">
    <ele>1948.8</ele>
    <time>2024-06-02T10:25:40Z</time>
    <extensions>
     <gpxtpx:TrackPointExtension>
      <gpxtpx:atemp>26</gpxtpx:atemp>
      <gpxtpx:hr>151</gpxtpx:hr>
      <gpxtpx:cad>78</gpxtpx:cad>
     </gpxtpx:TrackPointExtension>
    </extensions>
   </trkpt>
   <trkpt lat="46.4375870" lon="12.1229160">
    <ele>1949.0</ele>
    <time>2024-06-02T10:25:41Z</time>
    <extensions>
     <gpxtpx:TrackPointExtension>
      <gpxtpx:atemp>26</gpxtpx:atemp>
      <gpxtpx:hr>151</gpxtpx:hr>
      <gpxtpx:cad>78</gpxtpx:cad>
     </gpxtpx:TrackPointExtension>
    </extensions>
   </trkpt>
   <trkpt lat="46.4375910" lon="12.1229290">
    <ele>1949.4</ele>
    <time>2024-06-02T10:25:42Z</time>
    <extensions>
     <gpxtpx:TrackPointExtension>
      <gpxtpx:atemp>26</gpxtpx:atemp>
      <gpxtpx:hr>151</gpxtpx:hr>
      <gpxtpx:cad>78</gpxtpx:cad>
     </gpxtpx:TrackPointExtension>
    </extensions>
   </trkpt>
   <trkpt lat="46.4376340" lon="12.1230060">
    <ele>1950.6</ele>
    <time>2024-06-02T10:25:48Z</time>
    <extensions>
     <gpxtpx:TrackPointExtension>
      <gpxtpx:atemp>25</gpxtpx:atemp>
      <gpxtpx:hr>152</gpxtpx:hr>
      <gpxtpx:cad>73</gpxtpx:cad>
     </gpxtpx:TrackPointExtension>
    </extensions>
   </trkpt>
   <trkpt lat="46.4376340" lon="12.1230030">
    <ele>1950.8</ele>
    <time>2024-06-02T10:25:49Z</time>
    <extensions>
     <gpxtpx:TrackPointExtension>
      <gpxtpx:atemp>26</gpxtpx:atemp>
      <gpxtpx:hr>152</gpxtpx:hr>
      <gpxtpx:cad>79</gpxtpx:cad>
     </gpxtpx:TrackPointExtension>
    </extensions>
   </trkpt>
   <trkpt lat="46.4376410" lon="12.1229510">
    <ele>1951.6</ele>
    <time>2024-06-02T10:25:54Z</time>
    <extensions>
     <gpxtpx:TrackPointExtension>
      <gpxtpx:atemp>25</gpxtpx:atemp>
      <gpxtpx:hr>152</gpxtpx:hr>
      <gpxtpx:cad>41</gpxtpx:cad>
     </gpxtpx:TrackPointExtension>
    </extensions>
   </trkpt>
   <trkpt lat="46.4376480" lon="12.1229070">
    <ele>1952.4</ele>
    <time>2024-06-02T10:25:58Z</time>
    <extensions>
     <gpxtpx:TrackPointExtension>
      <gpxtpx:atemp>25</gpxtpx:atemp>
      <gpxtpx:hr>153</gpxtpx:hr>
      <gpxtpx:cad>17</gpxtpx:cad>
     </gpxtpx:TrackPointExtension>
    </extensions>
   </trkpt>
   <trkpt lat="46.4376530" lon="12.1228950">
    <ele>1952.6</ele>
    <time>2024-06-02T10:25:59Z</time>
    <extensions>
     <gpxtpx:TrackPointExtension>
      <gpxtpx:atemp>25</gpxtpx:atemp>
      <gpxtpx:hr>153</gpxtpx:hr>
      <gpxtpx:cad>17</gpxtpx:cad>
     </gpxtpx:TrackPointExtension>
    </extensions>
   </trkpt>
   <trkpt lat="46.4376760" lon="12.1228950">
    <ele>1953.8</ele>
    <time>2024-06-02T10:26:03Z</time>
    <extensions>
     <gpxtpx:TrackPointExtension>
      <gpxtpx:atemp>25</gpxtpx:atemp>
      <gpxtpx:hr>154</gpxtpx:hr>
      <gpxtpx:cad>17</gpxtpx:cad>
     </gpxtpx:TrackPointExtension>
    </extensions>
   </trkpt>
   <trkpt lat="46.4376810" lon="12.1228940">
    <ele>1954.2</ele>
    <time>2024-06-02T10:26:04Z</time>
    <extensions>
     <gpxtpx:TrackPointExtension>
      <gpxtpx:atemp>25</gpxtpx:atemp>
      <gpxtpx:hr>154</gpxtpx:hr>
      <gpxtpx:cad>40</gpxtpx:cad>
     </gpxtpx:TrackPointExtension>
    </extensions>
   </trkpt>
   <trkpt lat="46.4376900" lon="12.1228710">
    <ele>1954.8</ele>
    <time>2024-06-02T10:26:08Z</time>
    <extensions>
     <gpxtpx:TrackPointExtension>
      <gpxtpx:atemp>25</gpxtpx:atemp>
      <gpxtpx:hr>155</gpxtpx:hr>
      <gpxtpx:cad>42</gpxtpx:cad>
     </gpxtpx:TrackPointExtension>
    </extensions>
   </trkpt>
   <trkpt lat="46.4376920" lon="12.1228470">
    <ele>1955.0</ele>
    <time>2024-06-02T10:26:10Z</time>
    <extensions>
     <gpxtpx:TrackPointExtension>
      <gpxtpx:atemp>25</gpxtpx:atemp>
      <gpxtpx:hr>154</gpxtpx:hr>
      <gpxtpx:cad>42</gpxtpx:cad>
     </gpxtpx:TrackPointExtension>
    </extensions>
   </trkpt>
   <trkpt lat="46.4377180" lon="12.1228420">
    <ele>1955.8</ele>
    <time>2024-06-02T10:26:15Z</time>
    <extensions>
     <gpxtpx:TrackPointExtension>
      <gpxtpx:atemp>25</gpxtpx:atemp>
      <gpxtpx:hr>154</gpxtpx:hr>
      <gpxtpx:cad>0</gpxtpx:cad>
     </gpxtpx:TrackPointExtension>
    </extensions>
   </trkpt>
   <trkpt lat="46.4377200" lon="12.1228540">
    <ele>1956.2</ele>
    <time>2024-06-02T10:26:16Z</time>
    <extensions>
     <gpxtpx:TrackPointExtension>
      <gpxtpx:atemp>25</gpxtpx:atemp>
      <gpxtpx:hr>154</gpxtpx:hr>
      <gpxtpx:cad>77</gpxtpx:cad>
     </gpxtpx:TrackPointExtension>
    </extensions>
   </trkpt>
   <trkpt lat="46.4377230" lon="12.1229150">
    <ele>1957.0</ele>
    <time>2024-06-02T10:26:20Z</time>
    <extensions>
     <gpxtpx:TrackPointExtension>
      <gpxtpx:atemp>25</gpxtpx:atemp>
      <gpxtpx:hr>155</gpxtpx:hr>
      <gpxtpx:cad>0</gpxtpx:cad>
     </gpxtpx:TrackPointExtension>
    </extensions>
   </trkpt>
   <trkpt lat="46.4377410" lon="12.1229770">
    <ele>1957.4</ele>
    <time>2024-06-02T10:26:24Z</time>
    <extensions>
     <gpxtpx:TrackPointExtension>
      <gpxtpx:atemp>25</gpxtpx:atemp>
      <gpxtpx:hr>155</gpxtpx:hr>
      <gpxtpx:cad>0</gpxtpx:cad>
     </gpxtpx:TrackPointExtension>
    </extensions>
   </trkpt>
   <trkpt lat="46.4377670" lon="12.1230060">
    <ele>1958.0</ele>
    <time>2024-06-02T10:26:27Z</time>
    <extensions>
     <gpxtpx:TrackPointExtension>
      <gpxtpx:atemp>25</gpxtpx:atemp>
      <gpxtpx:hr>155</gpxtpx:hr>
      <gpxtpx:cad>43</gpxtpx:cad>
     </gpxtpx:TrackPointExtension>
    </extensions>
   </trkpt>
   <trkpt lat="46.4377760" lon="12.1230050">
    <ele>1959.0</ele>
    <time>2024-06-02T10:26:30Z</time>
    <extensions>
     <gpxtpx:TrackPointExtension>
      <gpxtpx:atemp>25</gpxtpx:atemp>
      <gpxtpx:hr>155</gpxtpx:hr>
      <gpxtpx:cad>41</gpxtpx:cad>
     </gpxtpx:TrackPointExtension>
    </extensions>
   </trkpt>
   <trkpt lat="46.4377720" lon="12.1229930">
    <ele>1959.2</ele>
    <time>2024-06-02T10:26:31Z</time>
    <extensions>
     <gpxtpx:TrackPointExtension>
      <gpxtpx:atemp>25</gpxtpx:atemp>
      <gpxtpx:hr>155</gpxtpx:hr>
      <gpxtpx:cad>41</gpxtpx:cad>
     </gpxtpx:TrackPointExtension>
    </extensions>
   </trkpt>
   <trkpt lat="46.4377720" lon="12.1229830">
    <ele>1959.4</ele>
    <time>2024-06-02T10:26:32Z</time>
    <extensions>
     <gpxtpx:TrackPointExtension>
      <gpxtpx:atemp>25</gpxtpx:atemp>
      <gpxtpx:hr>155</gpxtpx:hr>
      <gpxtpx:cad>41</gpxtpx:cad>
     </gpxtpx:TrackPointExtension>
    </extensions>
   </trkpt>
   <trkpt lat="46.4377750" lon="12.1229500">
    <ele>1960.0</ele>
    <time>2024-06-02T10:26:37Z</time>
    <extensions>
     <gpxtpx:TrackPointExtension>
      <gpxtpx:atemp>25</gpxtpx:atemp>
      <gpxtpx:hr>155</gpxtpx:hr>
      <gpxtpx:cad>0</gpxtpx:cad>
     </gpxtpx:TrackPointExtension>
    </extensions>
   </trkpt>
   <trkpt lat="46.4377840" lon="12.1229360">
    <ele>1960.2</ele>
    <time>2024-06-02T10:26:41Z</time>
    <extensions>
     <gpxtpx:TrackPointExtension>
      <gpxtpx:atemp>25</gpxtpx:atemp>
      <gpxtpx:hr>153</gpxtpx:hr>
      <gpxtpx:cad>75</gpxtpx:cad>
     </gpxtpx:TrackPointExtension>
    </extensions>
   </trkpt>
   <trkpt lat="46.4377840" lon="12.1229170">
    <ele>1960.4</ele>
    <time>2024-06-02T10:26:42Z</time>
    <extensions>
     <gpxtpx:TrackPointExtension>
      <gpxtpx:atemp>25</gpxtpx:atemp>
      <gpxtpx:hr>153</gpxtpx:hr>
      <gpxtpx:cad>75</gpxtpx:cad>
     </gpxtpx:TrackPointExtension>
    </extensions>
   </trkpt>
   <trkpt lat="46.4377940" lon="12.1228620">
    <ele>1960.6</ele>
    <time>2024-06-02T10:26:46Z</time>
    <extensions>
     <gpxtpx:TrackPointExtension>
      <gpxtpx:atemp>25</gpxtpx:atemp>
      <gpxtpx:hr>150</gpxtpx:hr>
      <gpxtpx:cad>40</gpxtpx:cad>
     </gpxtpx:TrackPointExtension>
    </extensions>
   </trkpt>
   <trkpt lat="46.4377990" lon="12.1228190">
    <ele>1961.4</ele>
    <time>2024-06-02T10:26:49Z</time>
    <extensions>
     <gpxtpx:TrackPointExtension>
      <gpxtpx:atemp>25</gpxtpx:atemp>
      <gpxtpx:hr>151</gpxtpx:hr>
      <gpxtpx:cad>41</gpxtpx:cad>
     </gpxtpx:TrackPointExtension>
    </extensions>
   </trkpt>
   <trkpt lat="46.4378060" lon="12.1228060">
    <ele>1961.8</ele>
    <time>2024-06-02T10:26:51Z</time>
    <extensions>
     <gpxtpx:TrackPointExtension>
      <gpxtpx:atemp>25</gpxtpx:atemp>
      <gpxtpx:hr>149</gpxtpx:hr>
      <gpxtpx:cad>41</gpxtpx:cad>
     </gpxtpx:TrackPointExtension>
    </extensions>
   </trkpt>
   <trkpt lat="46.4378190" lon="12.1227550">
    <ele>1962.4</ele>
    <time>2024-06-02T10:26:55Z</time>
    <extensions>
     <gpxtpx:TrackPointExtension>
      <gpxtpx:atemp>25</gpxtpx:atemp>
      <gpxtpx:hr>148</gpxtpx:hr>
      <gpxtpx:cad>40</gpxtpx:cad>
     </gpxtpx:TrackPointExtension>
    </extensions>
   </trkpt>
   <trkpt lat="46.4378310" lon="12.1227130">
    <ele>1963.0</ele>
    <time>2024-06-02T10:26:59Z</time>
    <extensions>
     <gpxtpx:TrackPointExtension>
      <gpxtpx:atemp>25</gpxtpx:atemp>
      <gpxtpx:hr>145</gpxtpx:hr>
      <gpxtpx:cad>76</gpxtpx:cad>
     </gpxtpx:TrackPointExtension>
    </extensions>
   </trkpt>
   <trkpt lat="46.4378390" lon="12.1226930">
    <ele>1963.4</ele>
    <time>2024-06-02T10:27:01Z</time>
    <extensions>
     <gpxtpx:TrackPointExtension>
      <gpxtpx:atemp>25</gpxtpx:atemp>
      <gpxtpx:hr>145</gpxtpx:hr>
      <gpxtpx:cad>78</gpxtpx:cad>
     </gpxtpx:TrackPointExtension>
    </extensions>
   </trkpt>
   <trkpt lat="46.4378620" lon="12.1226410">
    <ele>1964.4</ele>
    <time>2024-06-02T10:27:06Z</time>
    <extensions>
     <gpxtpx:TrackPointExtension>
      <gpxtpx:atemp>25</gpxtpx:atemp>
      <gpxtpx:hr>142</gpxtpx:hr>
      <gpxtpx:cad>79</gpxtpx:cad>
     </gpxtpx:TrackPointExtension>
    </extensions>
   </trkpt>
   <trkpt lat="46.4378670" lon="12.1226310">
    <ele>1964.4</ele>
    <time>2024-06-02T10:27:07Z</time>
    <extensions>
     <gpxtpx:TrackPointExtension>
      <gpxtpx:atemp>25</gpxtpx:atemp>
      <gpxtpx:hr>141</gpxtpx:hr>
      <gpxtpx:cad>76</gpxtpx:cad>
     </gpxtpx:TrackPointExtension>
    </extensions>
   </trkpt>
   <trkpt lat="46.4378830" lon="12.1225860">
    <ele>1965.0</ele>
    <time>2024-06-02T10:27:11Z</time>
    <extensions>
     <gpxtpx:TrackPointExtension>
      <gpxtpx:atemp>25</gpxtpx:atemp>
      <gpxtpx:hr>140</gpxtpx:hr>
      <gpxtpx:cad>78</gpxtpx:cad>
     </gpxtpx:TrackPointExtension>
    </extensions>
   </trkpt>
   <trkpt lat="46.4378950" lon="12.1225560">
    <ele>1965.6</ele>
    <time>2024-06-02T10:27:14Z</time>
    <extensions>
     <gpxtpx:TrackPointExtension>
      <gpxtpx:atemp>25</gpxtpx:atemp>
      <gpxtpx:hr>141</gpxtpx:hr>
      <gpxtpx:cad>41</gpxtpx:cad>
     </gpxtpx:TrackPointExtension>
    </extensions>
   </trkpt>
   <trkpt lat="46.4379080" lon="12.1224880">
    <ele>1966.4</ele>
    <time>2024-06-02T10:27:20Z</time>
    <extensions>
     <gpxtpx:TrackPointExtension>
      <gpxtpx:atemp>25</gpxtpx:atemp>
      <gpxtpx:hr>142</gpxtpx:hr>
      <gpxtpx:cad>40</gpxtpx:cad>
     </gpxtpx:TrackPointExtension>
    </extensions>
   </trkpt>
   <trkpt lat="46.4379120" lon="12.1224760">
    <ele>1966.6</ele>
    <time>2024-06-02T10:27:21Z</time>
    <extensions>
     <gpxtpx:TrackPointExtension>
      <gpxtpx:atemp>25</gpxtpx:atemp>
      <gpxtpx:hr>141</gpxtpx:hr>
      <gpxtpx:cad>40</gpxtpx:cad>
     </gpxtpx:TrackPointExtension>
    </extensions>
   </trkpt>
   <trkpt lat="46.4379190" lon="12.1224270">
    <ele>1967.0</ele>
    <time>2024-06-02T10:27:25Z</time>
    <extensions>
     <gpxtpx:TrackPointExtension>
      <gpxtpx:atemp>25</gpxtpx:atemp>
      <gpxtpx:hr>142</gpxtpx:hr>
      <gpxtpx:cad>41</gpxtpx:cad>
     </gpxtpx:TrackPointExtension>
    </extensions>
   </trkpt>
   <trkpt lat="46.4379160" lon="12.1223790">
    <ele>1967.6</ele>
    <time>2024-06-02T10:27:29Z</time>
    <extensions>
     <gpxtpx:TrackPointExtension>
      <gpxtpx:atemp>24</gpxtpx:atemp>
      <gpxtpx:hr>142</gpxtpx:hr>
      <gpxtpx:cad>41</gpxtpx:cad>
     </gpxtpx:TrackPointExtension>
    </extensions>
   </trkpt>
   <trkpt lat="46.4379140" lon="12.1223660">
    <ele>1967.8</ele>
    <time>2024-06-02T10:27:30Z</time>
    <extensions>
     <gpxtpx:TrackPointExtension>
      <gpxtpx:atemp>25</gpxtpx:atemp>
      <gpxtpx:hr>143</gpxtpx:hr>
      <gpxtpx:cad>40</gpxtpx:cad>
     </gpxtpx:TrackPointExtension>
    </extensions>
   </trkpt>
   <trkpt lat="46.4379120" lon="12.1223530">
    <ele>1968.0</ele>
    <time>2024-06-02T10:27:31Z</time>
    <extensions>
     <gpxtpx:TrackPointExtension>
      <gpxtpx:atemp>24</gpxtpx:atemp>
      <gpxtpx:hr>142</gpxtpx:hr>
      <gpxtpx:cad>40</gpxtpx:cad>
     </gpxtpx:TrackPointExtension>
    </extensions>
   </trkpt>
   <trkpt lat="46.4379040" lon="12.1222950">
    <ele>1968.6</ele>
    <time>2024-06-02T10:27:36Z</time>
    <extensions>
     <gpxtpx:TrackPointExtension>
      <gpxtpx:atemp>24</gpxtpx:atemp>
      <gpxtpx:hr>144</gpxtpx:hr>
      <gpxtpx:cad>42</gpxtpx:cad>
     </gpxtpx:TrackPointExtension>
    </extensions>
   </trkpt>
   <trkpt lat="46.4379010" lon="12.1222760">
    <ele>1969.0</ele>
    <time>2024-06-02T10:27:38Z</time>
    <extensions>
     <gpxtpx:TrackPointExtension>
      <gpxtpx:atemp>24</gpxtpx:atemp>
      <gpxtpx:hr>144</gpxtpx:hr>
      <gpxtpx:cad>41</gpxtpx:cad>
     </gpxtpx:TrackPointExtension>
    </extensions>
   </trkpt>
   <trkpt lat="46.4379030" lon="12.1222240">
    <ele>1969.8</ele>
    <time>2024-06-02T10:27:43Z</time>
    <extensions>
     <gpxtpx:TrackPointExtension>
      <gpxtpx:atemp>25</gpxtpx:atemp>
      <gpxtpx:hr>144</gpxtpx:hr>
      <gpxtpx:cad>43</gpxtpx:cad>
     </gpxtpx:TrackPointExtension>
    </extensions>
   </trkpt>
   <trkpt lat="46.4378950" lon="12.1221960">
    <ele>1970.4</ele>
    <time>2024-06-02T10:27:47Z</time>
    <extensions>
     <gpxtpx:TrackPointExtension>
      <gpxtpx:atemp>24</gpxtpx:atemp>
      <gpxtpx:hr>143</gpxtpx:hr>
      <gpxtpx:cad>76</gpxtpx:cad>
     </gpxtpx:TrackPointExtension>
    </extensions>
   </trkpt>
   <trkpt lat="46.4378900" lon="12.1221550">
    <ele>1970.8</ele>
    <time>2024-06-02T10:27:50Z</time>
    <extensions>
     <gpxtpx:TrackPointExtension>
      <gpxtpx:atemp>24</gpxtpx:atemp>
      <gpxtpx:hr>145</gpxtpx:hr>
      <gpxtpx:cad>43</gpxtpx:cad>
     </gpxtpx:TrackPointExtension>
    </extensions>
   </trkpt>
   <trkpt lat="46.4378950" lon="12.1221060">
    <ele>1971.2</ele>
    <time>2024-06-02T10:27:53Z</time>
    <extensions>
     <gpxtpx:TrackPointExtension>
      <gpxtpx:atemp>24</gpxtpx:atemp>
      <gpxtpx:hr>142</gpxtpx:hr>
      <gpxtpx:cad>43</gpxtpx:cad>
     </gpxtpx:TrackPointExtension>
    </extensions>
   </trkpt>
   <trkpt lat="46.4379120" lon="12.1220670">
    <ele>1971.6</ele>
    <time>2024-06-02T10:27:56Z</time>
    <extensions>
     <gpxtpx:TrackPointExtension>
      <gpxtpx:atemp>24</gpxtpx:atemp>
      <gpxtpx:hr>145</gpxtpx:hr>
      <gpxtpx:cad>43</gpxtpx:cad>
     </gpxtpx:TrackPointExtension>
    </extensions>
   </trkpt>
   <trkpt lat="46.4379200" lon="12.1220420">
    <ele>1972.0</ele>
    <time>2024-06-02T10:27:58Z</time>
    <extensions>
     <gpxtpx:TrackPointExtension>
      <gpxtpx:atemp>24</gpxtpx:atemp>
      <gpxtpx:hr>142</gpxtpx:hr>
      <gpxtpx:cad>42</gpxtpx:cad>
     </gpxtpx:TrackPointExtension>
    </extensions>
   </trkpt>
   <trkpt lat="46.4379440" lon="12.1219420">
    <ele>1973.0</ele>
    <time>2024-06-02T10:28:05Z</time>
    <extensions>
     <gpxtpx:TrackPointExtension>
      <gpxtpx:atemp>24</gpxtpx:atemp>
      <gpxtpx:hr>141</gpxtpx:hr>
      <gpxtpx:cad>43</gpxtpx:cad>
     </gpxtpx:TrackPointExtension>
    </extensions>
   </trkpt>
   <trkpt lat="46.4379660" lon="12.1218860">
    <ele>1973.8</ele>
    <time>2024-06-02T10:28:10Z</time>
    <extensions>
     <gpxtpx:TrackPointExtension>
      <gpxtpx:atemp>24</gpxtpx:atemp>
      <gpxtpx:hr>141</gpxtpx:hr>
      <gpxtpx:cad>41</gpxtpx:cad>
     </gpxtpx:TrackPointExtension>
    </extensions>
   </trkpt>
   <trkpt lat="46.4379740" lon="12.1218740">
    <ele>1974.2</ele>
    <time>2024-06-02T10:28:12Z</time>
    <extensions>
     <gpxtpx:TrackPointExtension>
      <gpxtpx:atemp>24</gpxtpx:atemp>
      <gpxtpx:hr>140</gpxtpx:hr>
      <gpxtpx:cad>41</gpxtpx:cad>
     </gpxtpx:TrackPointExtension>
    </extensions>
   </trkpt>
   <trkpt lat="46.4379830" lon="12.1218550">
    <ele>1974.4</ele>
    <time>2024-06-02T10:28:14Z</time>
    <extensions>
     <gpxtpx:TrackPointExtension>
      <gpxtpx:atemp>24</gpxtpx:atemp>
      <gpxtpx:hr>139</gpxtpx:hr>
      <gpxtpx:cad>41</gpxtpx:cad>
     </gpxtpx:TrackPointExtension>
    </extensions>
   </trkpt>
   <trkpt lat="46.4380230" lon="12.1217960">
    <ele>1975.2</ele>
    <time>2024-06-02T10:28:22Z</time>
    <extensions>
     <gpxtpx:TrackPointExtension>
      <gpxtpx:atemp>24</gpxtpx:atemp>
      <gpxtpx:hr>137</gpxtpx:hr>
      <gpxtpx:cad>79</gpxtpx:cad>
     </gpxtpx:TrackPointExtension>
    </extensions>
   </trkpt>
   <trkpt lat="46.4380370" lon="12.1217800">
    <ele>1975.4</ele>
    <time>2024-06-02T10:28:24Z</time>
    <extensions>
     <gpxtpx:TrackPointExtension>
      <gpxtpx:atemp>24</gpxtpx:atemp>
      <gpxtpx:hr>137</gpxtpx:hr>
      <gpxtpx:cad>77</gpxtpx:cad>
     </gpxtpx:TrackPointExtension>
    </extensions>
   </trkpt>
   <trkpt lat="46.4380740" lon="12.1217120">
    <ele>1976.2</ele>
    <time>2024-06-02T10:28:32Z</time>
    <extensions>
     <gpxtpx:TrackPointExtension>
      <gpxtpx:atemp>24</gpxtpx:atemp>
      <gpxtpx:hr>137</gpxtpx:hr>
      <gpxtpx:cad>43</gpxtpx:cad>
     </gpxtpx:TrackPointExtension>
    </extensions>
   </trkpt>
   <trkpt lat="46.4380830" lon="12.1216920">
    <ele>1976.6</ele>
    <time>2024-06-02T10:28:34Z</time>
    <extensions>
     <gpxtpx:TrackPointExtension>
      <gpxtpx:atemp>24</gpxtpx:atemp>
      <gpxtpx:hr>138</gpxtpx:hr>
      <gpxtpx:cad>43</gpxtpx:cad>
     </gpxtpx:TrackPointExtension>
    </extensions>
   </trkpt>
   <trkpt lat="46.4381180" lon="12.1216630">
    <ele>1977.2</ele>
    <time>2024-06-02T10:28:39Z</time>
    <extensions>
     <gpxtpx:TrackPointExtension>
      <gpxtpx:atemp>24</gpxtpx:atemp>
      <gpxtpx:hr>140</gpxtpx:hr>
      <gpxtpx:cad>43</gpxtpx:cad>
     </gpxtpx:TrackPointExtension>
    </extensions>
   </trkpt>
   <trkpt lat="46.4381580" lon="12.1216410">
    <ele>1978.0</ele>
    <time>2024-06-02T10:28:44Z</time>
    <extensions>
     <gpxtpx:TrackPointExtension>
      <gpxtpx:atemp>24</gpxtpx:atemp>
      <gpxtpx:hr>139</gpxtpx:hr>
      <gpxtpx:cad>43</gpxtpx:cad>
     </gpxtpx:TrackPointExtension>
    </extensions>
   </trkpt>
   <trkpt lat="46.4381760" lon="12.1216330">
    <ele>1978.4</ele>
    <time>2024-06-02T10:28:46Z</time>
    <extensions>
     <gpxtpx:TrackPointExtension>
      <gpxtpx:atemp>24</gpxtpx:atemp>
      <gpxtpx:hr>138</gpxtpx:hr>
      <gpxtpx:cad>44</gpxtpx:cad>
     </gpxtpx:TrackPointExtension>
    </extensions>
   </trkpt>
   <trkpt lat="46.4382280" lon="12.1216050">
    <ele>1979.2</ele>
    <time>2024-06-02T10:28:52Z</time>
    <extensions>
     <gpxtpx:TrackPointExtension>
      <gpxtpx:atemp>24</gpxtpx:atemp>
      <gpxtpx:hr>137</gpxtpx:hr>
      <gpxtpx:cad>43</gpxtpx:cad>
     </gpxtpx:TrackPointExtension>
    </extensions>
   </trkpt>
   <trkpt lat="46.4382380" lon="12.1215980">
    <ele>1979.4</ele>
    <time>2024-06-02T10:28:53Z</time>
    <extensions>
     <gpxtpx:TrackPointExtension>
      <gpxtpx:atemp>24</gpxtpx:atemp>
      <gpxtpx:hr>137</gpxtpx:hr>
      <gpxtpx:cad>44</gpxtpx:cad>
     </gpxtpx:TrackPointExtension>
    </extensions>
   </trkpt>
   <trkpt lat="46.4383080" lon="12.1215440">
    <ele>1980.4</ele>
    <time>2024-06-02T10:29:00Z</time>
    <extensions>
     <gpxtpx:TrackPointExtension>
      <gpxtpx:atemp>23</gpxtpx:atemp>
      <gpxtpx:hr>139</gpxtpx:hr>
      <gpxtpx:cad>44</gpxtpx:cad>
     </gpxtpx:TrackPointExtension>
    </extensions>
   </trkpt>
   <trkpt lat="46.4383300" lon="12.1215270">
    <ele>1980.8</ele>
    <time>2024-06-02T10:29:02Z</time>
    <extensions>
     <gpxtpx:TrackPointExtension>
      <gpxtpx:atemp>24</gpxtpx:atemp>
      <gpxtpx:hr>137</gpxtpx:hr>
      <gpxtpx:cad>44</gpxtpx:cad>
     </gpxtpx:TrackPointExtension>
    </extensions>
   </trkpt>
   <trkpt lat="46.4383590" lon="12.1215090">
    <ele>1981.2</ele>
    <time>2024-06-02T10:29:05Z</time>
    <extensions>
     <gpxtpx:TrackPointExtension>
      <gpxtpx:atemp>23</gpxtpx:atemp>
      <gpxtpx:hr>136</gpxtpx:hr>
      <gpxtpx:cad>44</gpxtpx:cad>
     </gpxtpx:TrackPointExtension>
    </extensions>
   </trkpt>
   <trkpt lat="46.4383800" lon="12.1215020">
    <ele>1981.4</ele>
    <time>2024-06-02T10:29:07Z</time>
    <extensions>
     <gpxtpx:TrackPointExtension>
      <gpxtpx:atemp>23</gpxtpx:atemp>
      <gpxtpx:hr>136</gpxtpx:hr>
      <gpxtpx:cad>45</gpxtpx:cad>
     </gpxtpx:TrackPointExtension>
    </extensions>
   </trkpt>
   <trkpt lat="46.4383900" lon="12.1215030">
    <ele>1981.6</ele>
    <time>2024-06-02T10:29:08Z</time>
    <extensions>
     <gpxtpx:TrackPointExtension>
      <gpxtpx:atemp>23</gpxtpx:atemp>
      <gpxtpx:hr>136</gpxtpx:hr>
      <gpxtpx:cad>45</gpxtpx:cad>
     </gpxtpx:TrackPointExtension>
    </extensions>
   </trkpt>
   <trkpt lat="46.4384230" lon="12.1214890">
    <ele>1982.0</ele>
    <time>2024-06-02T10:29:11Z</time>
    <extensions>
     <gpxtpx:TrackPointExtension>
      <gpxtpx:atemp>23</gpxtpx:atemp>
      <gpxtpx:hr>136</gpxtpx:hr>
      <gpxtpx:cad>45</gpxtpx:cad>
     </gpxtpx:TrackPointExtension>
    </extensions>
   </trkpt>
   <trkpt lat="46.4384490" lon="12.1214950">
    <ele>1982.6</ele>
    <time>2024-06-02T10:29:17Z</time>
    <extensions>
     <gpxtpx:TrackPointExtension>
      <gpxtpx:atemp>23</gpxtpx:atemp>
      <gpxtpx:hr>136</gpxtpx:hr>
      <gpxtpx:cad>0</gpxtpx:cad>
     </gpxtpx:TrackPointExtension>
    </extensions>
   </trkpt>
   <trkpt lat="46.4384480" lon="12.1215180">
    <ele>1982.6</ele>
    <time>2024-06-02T10:29:24Z</time>
    <extensions>
     <gpxtpx:TrackPointExtension>
      <gpxtpx:atemp>23</gpxtpx:atemp>
      <gpxtpx:hr>135</gpxtpx:hr>
      <gpxtpx:cad>0</gpxtpx:cad>
     </gpxtpx:TrackPointExtension>
    </extensions>
   </trkpt>
   <trkpt lat="46.4384490" lon="12.1215180">
    <ele>1982.4</ele>
    <time>2024-06-02T10:29:34Z</time>
    <extensions>
     <gpxtpx:TrackPointExtension>
      <gpxtpx:atemp>23</gpxtpx:atemp>
      <gpxtpx:hr>131</gpxtpx:hr>
      <gpxtpx:cad>0</gpxtpx:cad>
     </gpxtpx:TrackPointExtension>
    </extensions>
   </trkpt>
   <trkpt lat="46.4384500" lon="12.1215180">
    <ele>1982.6</ele>
    <time>2024-06-02T10:29:38Z</time>
    <extensions>
     <gpxtpx:TrackPointExtension>
      <gpxtpx:atemp>23</gpxtpx:atemp>
      <gpxtpx:hr>132</gpxtpx:hr>
      <gpxtpx:cad>0</gpxtpx:cad>
     </gpxtpx:TrackPointExtension>
    </extensions>
   </trkpt>
   <trkpt lat="46.4384960" lon="12.1215340">
    <ele>1982.8</ele>
    <time>2024-06-02T10:29:51Z</time>
    <extensions>
     <gpxtpx:TrackPointExtension>
      <gpxtpx:atemp>23</gpxtpx:atemp>
      <gpxtpx:hr>129</gpxtpx:hr>
      <gpxtpx:cad>0</gpxtpx:cad>
     </gpxtpx:TrackPointExtension>
    </extensions>
   </trkpt>
   <trkpt lat="46.4385080" lon="12.1215360">
    <ele>1982.8</ele>
    <time>2024-06-02T10:29:54Z</time>
    <extensions>
     <gpxtpx:TrackPointExtension>
      <gpxtpx:atemp>23</gpxtpx:atemp>
      <gpxtpx:hr>126</gpxtpx:hr>
      <gpxtpx:cad>0</gpxtpx:cad>
     </gpxtpx:TrackPointExtension>
    </extensions>
   </trkpt>
   <trkpt lat="46.4385090" lon="12.1215360">
    <ele>1982.6</ele>
    <time>2024-06-02T10:29:58Z</time>
    <extensions>
     <gpxtpx:TrackPointExtension>
      <gpxtpx:atemp>24</gpxtpx:atemp>
      <gpxtpx:hr>123</gpxtpx:hr>
      <gpxtpx:cad>0</gpxtpx:cad>
     </gpxtpx:TrackPointExtension>
    </extensions>
   </trkpt>
   <trkpt lat="46.4385090" lon="12.1215380">
    <ele>1982.6</ele>
    <time>2024-06-02T10:30:10Z</time>
    <extensions>
     <gpxtpx:TrackPointExtension>
      <gpxtpx:atemp>24</gpxtpx:atemp>
      <gpxtpx:hr>120</gpxtpx:hr>
      <gpxtpx:cad>0</gpxtpx:cad>
     </gpxtpx:TrackPointExtension>
    </extensions>
   </trkpt>
   <trkpt lat="46.4385090" lon="12.1215380">
    <ele>1982.8</ele>
    <time>2024-06-02T10:30:14Z</time>
    <extensions>
     <gpxtpx:TrackPointExtension>
      <gpxtpx:atemp>24</gpxtpx:atemp>
      <gpxtpx:hr>116</gpxtpx:hr>
      <gpxtpx:cad>0</gpxtpx:cad>
     </gpxtpx:TrackPointExtension>
    </extensions>
   </trkpt>
   <trkpt lat="46.4385090" lon="12.1215380">
    <ele>1983.0</ele>
    <time>2024-06-02T10:30:15Z</time>
    <extensions>
     <gpxtpx:TrackPointExtension>
      <gpxtpx:atemp>24</gpxtpx:atemp>
      <gpxtpx:hr>113</gpxtpx:hr>
      <gpxtpx:cad>53</gpxtpx:cad>
     </gpxtpx:TrackPointExtension>
    </extensions>
   </trkpt>
   <trkpt lat="46.4385090" lon="12.1215380">
    <ele>1983.0</ele>
    <time>2024-06-02T10:30:17Z</time>
    <extensions>
     <gpxtpx:TrackPointExtension>
      <gpxtpx:atemp>24</gpxtpx:atemp>
      <gpxtpx:hr>109</gpxtpx:hr>
      <gpxtpx:cad>0</gpxtpx:cad>
     </gpxtpx:TrackPointExtension>
    </extensions>
   </trkpt>
   <trkpt lat="46.4385150" lon="12.1215400">
    <ele>1983.2</ele>
    <time>2024-06-02T10:30:20Z</time>
    <extensions>
     <gpxtpx:TrackPointExtension>
      <gpxtpx:atemp>24</gpxtpx:atemp>
      <gpxtpx:hr>106</gpxtpx:hr>
      <gpxtpx:cad>73</gpxtpx:cad>
     </gpxtpx:TrackPointExtension>
    </extensions>
   </trkpt>
   <trkpt lat="46.4385640" lon="12.1215470">
    <ele>1983.6</ele>
    <time>2024-06-02T10:30:24Z</time>
    <extensions>
     <gpxtpx:TrackPointExtension>
      <gpxtpx:atemp>24</gpxtpx:atemp>
      <gpxtpx:hr>106</gpxtpx:hr>
      <gpxtpx:cad>0</gpxtpx:cad>
     </gpxtpx:TrackPointExtension>
    </extensions>
   </trkpt>
   <trkpt lat="46.4385660" lon="12.1215400">
    <ele>1983.6</ele>
    <time>2024-06-02T10:30:25Z</time>
    <extensions>
     <gpxtpx:TrackPointExtension>
      <gpxtpx:atemp>24</gpxtpx:atemp>
      <gpxtpx:hr>107</gpxtpx:hr>
      <gpxtpx:cad>0</gpxtpx:cad>
     </gpxtpx:TrackPointExtension>
    </extensions>
   </trkpt>
   <trkpt lat="46.4385810" lon="12.1215520">
    <ele>1983.6</ele>
    <time>2024-06-02T10:30:30Z</time>
    <extensions>
     <gpxtpx:TrackPointExtension>
      <gpxtpx:atemp>24</gpxtpx:atemp>
      <gpxtpx:hr>107</gpxtpx:hr>
      <gpxtpx:cad>0</gpxtpx:cad>
     </gpxtpx:TrackPointExtension>
    </extensions>
   </trkpt>
   <trkpt lat="46.4385870" lon="12.1215570">
    <ele>1983.6</ele>
    <time>2024-06-02T10:30:37Z</time>
    <extensions>
     <gpxtpx:TrackPointExtension>
      <gpxtpx:atemp>24</gpxtpx:atemp>
      <gpxtpx:hr>107</gpxtpx:hr>
      <gpxtpx:cad>0</gpxtpx:cad>
     </gpxtpx:TrackPointExtension>
    </extensions>
   </trkpt>
   <trkpt lat="46.4385860" lon="12.1215550">
    <ele>1983.4</ele>
    <time>2024-06-02T10:30:46Z</time>
    <extensions>
     <gpxtpx:TrackPointExtension>
      <gpxtpx:atemp>24</gpxtpx:atemp>
      <gpxtpx:hr>71</gpxtpx:hr>
      <gpxtpx:cad>0</gpxtpx:cad>
     </gpxtpx:TrackPointExtension>
    </extensions>
   </trkpt>
   <trkpt lat="46.4385860" lon="12.1215550">
    <ele>1983.4</ele>
    <time>2024-06-02T10:30:47Z</time>
    <extensions>
     <gpxtpx:TrackPointExtension>
      <gpxtpx:atemp>24</gpxtpx:atemp>
      <gpxtpx:hr>71</gpxtpx:hr>
      <gpxtpx:cad>0</gpxtpx:cad>
     </gpxtpx:TrackPointExtension>
    </extensions>
   </trkpt>
   <trkpt lat="46.4385860" lon="12.1215550">
    <ele>1983.4</ele>
    <time>2024-06-02T10:30:48Z</time>
    <extensions>
     <gpxtpx:TrackPointExtension>
      <gpxtpx:atemp>24</gpxtpx:atemp>
      <gpxtpx:hr>68</gpxtpx:hr>
      <gpxtpx:cad>0</gpxtpx:cad>
     </gpxtpx:TrackPointExtension>
    </extensions>
   </trkpt>
   <trkpt lat="46.4385860" lon="12.1215550">
    <ele>1983.4</ele>
    <time>2024-06-02T10:30:49Z</time>
    <extensions>
     <gpxtpx:TrackPointExtension>
      <gpxtpx:atemp>24</gpxtpx:atemp>
      <gpxtpx:hr>71</gpxtpx:hr>
      <gpxtpx:cad>0</gpxtpx:cad>
     </gpxtpx:TrackPointExtension>
    </extensions>
   </trkpt>
   <trkpt lat="46.4385880" lon="12.1215560">
    <ele>1983.4</ele>
    <time>2024-06-02T10:30:54Z</time>
    <extensions>
     <gpxtpx:TrackPointExtension>
      <gpxtpx:atemp>24</gpxtpx:atemp>
      <gpxtpx:hr>74</gpxtpx:hr>
      <gpxtpx:cad>0</gpxtpx:cad>
     </gpxtpx:TrackPointExtension>
    </extensions>
   </trkpt>
   <trkpt lat="46.4385880" lon="12.1215570">
    <ele>1983.4</ele>
    <time>2024-06-02T10:30:56Z</time>
    <extensions>
     <gpxtpx:TrackPointExtension>
      <gpxtpx:atemp>24</gpxtpx:atemp>
      <gpxtpx:hr>77</gpxtpx:hr>
      <gpxtpx:cad>0</gpxtpx:cad>
     </gpxtpx:TrackPointExtension>
    </extensions>
   </trkpt>
   <trkpt lat="46.4385900" lon="12.1215580">
    <ele>1983.4</ele>
    <time>2024-06-02T10:30:59Z</time>
    <extensions>
     <gpxtpx:TrackPointExtension>
      <gpxtpx:atemp>24</gpxtpx:atemp>
      <gpxtpx:hr>74</gpxtpx:hr>
      <gpxtpx:cad>0</gpxtpx:cad>
     </gpxtpx:TrackPointExtension>
    </extensions>
   </trkpt>
   <trkpt lat="46.4385910" lon="12.1215640">
    <ele>1983.4</ele>
    <time>2024-06-02T10:31:04Z</time>
    <extensions>
     <gpxtpx:TrackPointExtension>
      <gpxtpx:atemp>23</gpxtpx:atemp>
      <gpxtpx:hr>95</gpxtpx:hr>
      <gpxtpx:cad>0</gpxtpx:cad>
     </gpxtpx:TrackPointExtension>
    </extensions>
   </trkpt>
   <trkpt lat="46.4385910" lon="12.1215650">
    <ele>1983.4</ele>
    <time>2024-06-02T10:31:05Z</time>
    <extensions>
     <gpxtpx:TrackPointExtension>
      <gpxtpx:atemp>24</gpxtpx:atemp>
      <gpxtpx:hr>99</gpxtpx:hr>
      <gpxtpx:cad>0</gpxtpx:cad>
     </gpxtpx:TrackPointExtension>
    </extensions>
   </trkpt>
   <trkpt lat="46.4385910" lon="12.1215660">
    <ele>1983.4</ele>
    <time>2024-06-02T10:31:06Z</time>
    <extensions>
     <gpxtpx:TrackPointExtension>
      <gpxtpx:atemp>23</gpxtpx:atemp>
      <gpxtpx:hr>99</gpxtpx:hr>
      <gpxtpx:cad>0</gpxtpx:cad>
     </gpxtpx:TrackPointExtension>
    </extensions>
   </trkpt>
   <trkpt lat="46.4385970" lon="12.1215690">
    <ele>1983.4</ele>
    <time>2024-06-02T10:31:11Z</time>
    <extensions>
     <gpxtpx:TrackPointExtension>
      <gpxtpx:atemp>23</gpxtpx:atemp>
      <gpxtpx:hr>102</gpxtpx:hr>
      <gpxtpx:cad>0</gpxtpx:cad>
     </gpxtpx:TrackPointExtension>
    </extensions>
   </trkpt>
   <trkpt lat="46.4385980" lon="12.1215710">
    <ele>1983.4</ele>
    <time>2024-06-02T10:31:14Z</time>
    <extensions>
     <gpxtpx:TrackPointExtension>
      <gpxtpx:atemp>23</gpxtpx:atemp>
      <gpxtpx:hr>106</gpxtpx:hr>
      <gpxtpx:cad>0</gpxtpx:cad>
     </gpxtpx:TrackPointExtension>
    </extensions>
   </trkpt>
   <trkpt lat="46.4385980" lon="12.1215720">
    <ele>1983.4</ele>
    <time>2024-06-02T10:31:16Z</time>
    <extensions>
     <gpxtpx:TrackPointExtension>
      <gpxtpx:atemp>23</gpxtpx:atemp>
      <gpxtpx:hr>103</gpxtpx:hr>
      <gpxtpx:cad>0</gpxtpx:cad>
     </gpxtpx:TrackPointExtension>
    </extensions>
   </trkpt>
   <trkpt lat="46.4385980" lon="12.1215730">
    <ele>1983.4</ele>
    <time>2024-06-02T10:31:32Z</time>
    <extensions>
     <gpxtpx:TrackPointExtension>
      <gpxtpx:atemp>23</gpxtpx:atemp>
      <gpxtpx:hr>106</gpxtpx:hr>
      <gpxtpx:cad>0</gpxtpx:cad>
     </gpxtpx:TrackPointExtension>
    </extensions>
   </trkpt>
   <trkpt lat="46.4386030" lon="12.1215730">
    <ele>1983.8</ele>
    <time>2024-06-02T10:32:00Z</time>
    <extensions>
     <gpxtpx:TrackPointExtension>
      <gpxtpx:atemp>23</gpxtpx:atemp>
      <gpxtpx:hr>105</gpxtpx:hr>
      <gpxtpx:cad>0</gpxtpx:cad>
     </gpxtpx:TrackPointExtension>
    </extensions>
   </trkpt>
   <trkpt lat="46.4386770" lon="12.1215630">
    <ele>1984.6</ele>
    <time>2024-06-02T10:32:11Z</time>
    <extensions>
     <gpxtpx:TrackPointExtension>
      <gpxtpx:atemp>23</gpxtpx:atemp>
      <gpxtpx:hr>104</gpxtpx:hr>
      <gpxtpx:cad>48</gpxtpx:cad>
     </gpxtpx:TrackPointExtension>
    </extensions>
   </trkpt>
   <trkpt lat="46.4386890" lon="12.1215620">
    <ele>1984.8</ele>
    <time>2024-06-02T10:32:12Z</time>
    <extensions>
     <gpxtpx:TrackPointExtension>
      <gpxtpx:atemp>23</gpxtpx:atemp>
      <gpxtpx:hr>104</gpxtpx:hr>
      <gpxtpx:cad>48</gpxtpx:cad>
     </gpxtpx:TrackPointExtension>
    </extensions>
   </trkpt>
   <trkpt lat="46.4387580" lon="12.1215630">
    <ele>1986.2</ele>
    <time>2024-06-02T10:32:18Z</time>
    <extensions>
     <gpxtpx:TrackPointExtension>
      <gpxtpx:atemp>23</gpxtpx:atemp>
      <gpxtpx:hr>104</gpxtpx:hr>
      <gpxtpx:cad>50</gpxtpx:cad>
     </gpxtpx:TrackPointExtension>
    </extensions>
   </trkpt>
   <trkpt lat="46.4387690" lon="12.1215650">
    <ele>1986.4</ele>
    <time>2024-06-02T10:32:19Z</time>
    <extensions>
     <gpxtpx:TrackPointExtension>
      <gpxtpx:atemp>23</gpxtpx:atemp>
      <gpxtpx:hr>105</gpxtpx:hr>
      <gpxtpx:cad>50</gpxtpx:cad>
     </gpxtpx:TrackPointExtension>
    </extensions>
   </trkpt>
   <trkpt lat="46.4388150" lon="12.1215720">
    <ele>1986.8</ele>
    <time>2024-06-02T10:32:23Z</time>
    <extensions>
     <gpxtpx:TrackPointExtension>
      <gpxtpx:atemp>23</gpxtpx:atemp>
      <gpxtpx:hr>108</gpxtpx:hr>
      <gpxtpx:cad>48</gpxtpx:cad>
     </gpxtpx:TrackPointExtension>
    </extensions>
   </trkpt>
   <trkpt lat="46.4388350" lon="12.1215800">
    <ele>1987.4</ele>
    <time>2024-06-02T10:32:25Z</time>
    <extensions>
     <gpxtpx:TrackPointExtension>
      <gpxtpx:atemp>23</gpxtpx:atemp>
      <gpxtpx:hr>110</gpxtpx:hr>
      <gpxtpx:cad>48</gpxtpx:cad>
     </gpxtpx:TrackPointExtension>
    </extensions>
   </trkpt>
   <trkpt lat="46.4388570" lon="12.1215940">
    <ele>1987.8</ele>
    <time>2024-06-02T10:32:28Z</time>
    <extensions>
     <gpxtpx:TrackPointExtension>
      <gpxtpx:atemp>23</gpxtpx:atemp>
      <gpxtpx:hr>112</gpxtpx:hr>
      <gpxtpx:cad>48</gpxtpx:cad>
     </gpxtpx:TrackPointExtension>
    </extensions>
   </trkpt>
   <trkpt lat="46.4388860" lon="12.1216000">
    <ele>1988.4</ele>
    <time>2024-06-02T10:32:31Z</time>
    <extensions>
     <gpxtpx:TrackPointExtension>
      <gpxtpx:atemp>22</gpxtpx:atemp>
      <gpxtpx:hr>114</gpxtpx:hr>
      <gpxtpx:cad>48</gpxtpx:cad>
     </gpxtpx:TrackPointExtension>
    </extensions>
   </trkpt>
   <trkpt lat="46.4389300" lon="12.1216110">
    <ele>1989.2</ele>
    <time>2024-06-02T10:32:35Z</time>
    <extensions>
     <gpxtpx:TrackPointExtension>
      <gpxtpx:atemp>22</gpxtpx:atemp>
      <gpxtpx:hr>117</gpxtpx:hr>
      <gpxtpx:cad>48</gpxtpx:cad>
     </gpxtpx:TrackPointExtension>
    </extensions>
   </trkpt>
   <trkpt lat="46.4389480" lon="12.1216170">
    <ele>1989.6</ele>
    <time>2024-06-02T10:32:37Z</time>
    <extensions>
     <gpxtpx:TrackPointExtension>
      <gpxtpx:atemp>22</gpxtpx:atemp>
      <gpxtpx:hr>118</gpxtpx:hr>
      <gpxtpx:cad>48</gpxtpx:cad>
     </gpxtpx:TrackPointExtension>
    </extensions>
   </trkpt>
   <trkpt lat="46.4389820" lon="12.1216380">
    <ele>1990.2</ele>
    <time>2024-06-02T10:32:41Z</time>
    <extensions>
     <gpxtpx:TrackPointExtension>
      <gpxtpx:atemp>22</gpxtpx:atemp>
      <gpxtpx:hr>122</gpxtpx:hr>
      <gpxtpx:cad>50</gpxtpx:cad>
     </gpxtpx:TrackPointExtension>
    </extensions>
   </trkpt>
   <trkpt lat="46.4389910" lon="12.1216460">
    <ele>1990.6</ele>
    <time>2024-06-02T10:32:42Z</time>
    <extensions>
     <gpxtpx:TrackPointExtension>
      <gpxtpx:atemp>22</gpxtpx:atemp>
      <gpxtpx:hr>123</gpxtpx:hr>
      <gpxtpx:cad>50</gpxtpx:cad>
     </gpxtpx:TrackPointExtension>
    </extensions>
   </trkpt>
   <trkpt lat="46.4390000" lon="12.1216550">
    <ele>1990.8</ele>
    <time>2024-06-02T10:32:43Z</time>
    <extensions>
     <gpxtpx:TrackPointExtension>
      <gpxtpx:atemp>22</gpxtpx:atemp>
      <gpxtpx:hr>121</gpxtpx:hr>
      <gpxtpx:cad>50</gpxtpx:cad>
     </gpxtpx:TrackPointExtension>
    </extensions>
   </trkpt>
   <trkpt lat="46.4390190" lon="12.1216720">
    <ele>1991.0</ele>
    <time>2024-06-02T10:32:45Z</time>
    <extensions>
     <gpxtpx:TrackPointExtension>
      <gpxtpx:atemp>22</gpxtpx:atemp>
      <gpxtpx:hr>122</gpxtpx:hr>
      <gpxtpx:cad>49</gpxtpx:cad>
     </gpxtpx:TrackPointExtension>
    </extensions>
   </trkpt>
   <trkpt lat="46.4390660" lon="12.1217200">
    <ele>1991.6</ele>
    <time>2024-06-02T10:32:50Z</time>
    <extensions>
     <gpxtpx:TrackPointExtension>
      <gpxtpx:atemp>22</gpxtpx:atemp>
      <gpxtpx:hr>123</gpxtpx:hr>
      <gpxtpx:cad>49</gpxtpx:cad>
     </gpxtpx:TrackPointExtension>
    </extensions>
   </trkpt>
   <trkpt lat="46.4390750" lon="12.1217280">
    <ele>1991.8</ele>
    <time>2024-06-02T10:32:51Z</time>
    <extensions>
     <gpxtpx:TrackPointExtension>
      <gpxtpx:atemp>22</gpxtpx:atemp>
      <gpxtpx:hr>123</gpxtpx:hr>
      <gpxtpx:cad>50</gpxtpx:cad>
     </gpxtpx:TrackPointExtension>
    </extensions>
   </trkpt>
   <trkpt lat="46.4390930" lon="12.1217480">
    <ele>1992.0</ele>
    <time>2024-06-02T10:32:53Z</time>
    <extensions>
     <gpxtpx:TrackPointExtension>
      <gpxtpx:atemp>22</gpxtpx:atemp>
      <gpxtpx:hr>123</gpxtpx:hr>
      <gpxtpx:cad>50</gpxtpx:cad>
     </gpxtpx:TrackPointExtension>
    </extensions>
   </trkpt>
   <trkpt lat="46.4391690" lon="12.1218370">
    <ele>1993.0</ele>
    <time>2024-06-02T10:33:01Z</time>
    <extensions>
     <gpxtpx:TrackPointExtension>
      <gpxtpx:atemp>22</gpxtpx:atemp>
      <gpxtpx:hr>123</gpxtpx:hr>
      <gpxtpx:cad>52</gpxtpx:cad>
     </gpxtpx:TrackPointExtension>
    </extensions>
   </trkpt>
   <trkpt lat="46.4391960" lon="12.1218590">
    <ele>1993.4</ele>
    <time>2024-06-02T10:33:04Z</time>
    <extensions>
     <gpxtpx:TrackPointExtension>
      <gpxtpx:atemp>22</gpxtpx:atemp>
      <gpxtpx:hr>122</gpxtpx:hr>
      <gpxtpx:cad>50</gpxtpx:cad>
     </gpxtpx:TrackPointExtension>
    </extensions>
   </trkpt>
   <trkpt lat="46.4392430" lon="12.1218880">
    <ele>1993.8</ele>
    <time>2024-06-02T10:33:08Z</time>
    <extensions>
     <gpxtpx:TrackPointExtension>
      <gpxtpx:atemp>22</gpxtpx:atemp>
      <gpxtpx:hr>123</gpxtpx:hr>
      <gpxtpx:cad>50</gpxtpx:cad>
     </gpxtpx:TrackPointExtension>
    </extensions>
   </trkpt>
   <trkpt lat="46.4392650" lon="12.1218980">
    <ele>1994.2</ele>
    <time>2024-06-02T10:33:10Z</time>
    <extensions>
     <gpxtpx:TrackPointExtension>
      <gpxtpx:atemp>22</gpxtpx:atemp>
      <gpxtpx:hr>125</gpxtpx:hr>
      <gpxtpx:cad>50</gpxtpx:cad>
     </gpxtpx:TrackPointExtension>
    </extensions>
   </trkpt>
   <trkpt lat="46.4392850" lon="12.1219110">
    <ele>1994.4</ele>
    <time>2024-06-02T10:33:12Z</time>
    <extensions>
     <gpxtpx:TrackPointExtension>
      <gpxtpx:atemp>22</gpxtpx:atemp>
      <gpxtpx:hr>123</gpxtpx:hr>
      <gpxtpx:cad>50</gpxtpx:cad>
     </gpxtpx:TrackPointExtension>
    </extensions>
   </trkpt>
   <trkpt lat="46.4393500" lon="12.1219810">
    <ele>1995.2</ele>
    <time>2024-06-02T10:33:18Z</time>
    <extensions>
     <gpxtpx:TrackPointExtension>
      <gpxtpx:atemp>22</gpxtpx:atemp>
      <gpxtpx:hr>124</gpxtpx:hr>
      <gpxtpx:cad>51</gpxtpx:cad>
     </gpxtpx:TrackPointExtension>
    </extensions>
   </trkpt>
   <trkpt lat="46.4393690" lon="12.1219970">
    <ele>1995.4</ele>
    <time>2024-06-02T10:33:20Z</time>
    <extensions>
     <gpxtpx:TrackPointExtension>
      <gpxtpx:atemp>22</gpxtpx:atemp>
      <gpxtpx:hr>123</gpxtpx:hr>
      <gpxtpx:cad>51</gpxtpx:cad>
     </gpxtpx:TrackPointExtension>
    </extensions>
   </trkpt>
   <trkpt lat="46.4393880" lon="12.1220090">
    <ele>1995.6</ele>
    <time>2024-06-02T10:33:22Z</time>
    <extensions>
     <gpxtpx:TrackPointExtension>
      <gpxtpx:atemp>22</gpxtpx:atemp>
      <gpxtpx:hr>122</gpxtpx:hr>
      <gpxtpx:cad>52</gpxtpx:cad>
     </gpxtpx:TrackPointExtension>
    </extensions>
   </trkpt>
   <trkpt lat="46.4394310" lon="12.1220300">
    <ele>1996.4</ele>
    <time>2024-06-02T10:33:27Z</time>
    <extensions>
     <gpxtpx:TrackPointExtension>
      <gpxtpx:atemp>22</gpxtpx:atemp>
      <gpxtpx:hr>120</gpxtpx:hr>
      <gpxtpx:cad>54</gpxtpx:cad>
     </gpxtpx:TrackPointExtension>
    </extensions>
   </trkpt>
   <trkpt lat="46.4394940" lon="12.1220970">
    <ele>1996.6</ele>
    <time>2024-06-02T10:33:33Z</time>
    <extensions>
     <gpxtpx:TrackPointExtension>
      <gpxtpx:atemp>22</gpxtpx:atemp>
      <gpxtpx:hr>120</gpxtpx:hr>
      <gpxtpx:cad>50</gpxtpx:cad>
     </gpxtpx:TrackPointExtension>
    </extensions>
   </trkpt>
   <trkpt lat="46.4394980" lon="12.1221050">
    <ele>1996.8</ele>
    <time>2024-06-02T10:33:34Z</time>
    <extensions>
     <gpxtpx:TrackPointExtension>
      <gpxtpx:atemp>22</gpxtpx:atemp>
      <gpxtpx:hr>120</gpxtpx:hr>
      <gpxtpx:cad>51</gpxtpx:cad>
     </gpxtpx:TrackPointExtension>
    </extensions>
   </trkpt>
   <trkpt lat="46.4395460" lon="12.1221660">
    <ele>1997.6</ele>
    <time>2024-06-02T10:33:39Z</time>
    <extensions>
     <gpxtpx:TrackPointExtension>
      <gpxtpx:atemp>22</gpxtpx:atemp>
      <gpxtpx:hr>121</gpxtpx:hr>
      <gpxtpx:cad>52</gpxtpx:cad>
     </gpxtpx:TrackPointExtension>
    </extensions>
   </trkpt>
   <trkpt lat="46.4395860" lon="12.1222130">
    <ele>1998.0</ele>
    <time>2024-06-02T10:33:43Z</time>
    <extensions>
     <gpxtpx:TrackPointExtension>
      <gpxtpx:atemp>22</gpxtpx:atemp>
      <gpxtpx:hr>121</gpxtpx:hr>
      <gpxtpx:cad>52</gpxtpx:cad>
     </gpxtpx:TrackPointExtension>
    </extensions>
   </trkpt>
   <trkpt lat="46.4396670" lon="12.1223000">
    <ele>1998.6</ele>
    <time>2024-06-02T10:33:52Z</time>
    <extensions>
     <gpxtpx:TrackPointExtension>
      <gpxtpx:atemp>22</gpxtpx:atemp>
      <gpxtpx:hr>121</gpxtpx:hr>
      <gpxtpx:cad>55</gpxtpx:cad>
     </gpxtpx:TrackPointExtension>
    </extensions>
   </trkpt>
   <trkpt lat="46.4396820" lon="12.1223120">
    <ele>1998.8</ele>
    <time>2024-06-02T10:33:54Z</time>
    <extensions>
     <gpxtpx:TrackPointExtension>
      <gpxtpx:atemp>22</gpxtpx:atemp>
      <gpxtpx:hr>121</gpxtpx:hr>
      <gpxtpx:cad>54</gpxtpx:cad>
     </gpxtpx:TrackPointExtension>
    </extensions>
   </trkpt>
   <trkpt lat="46.4397660" lon="12.1223710">
    <ele>1999.8</ele>
    <time>2024-06-02T10:34:01Z</time>
    <extensions>
     <gpxtpx:TrackPointExtension>
      <gpxtpx:atemp>22</gpxtpx:atemp>
      <gpxtpx:hr>122</gpxtpx:hr>
      <gpxtpx:cad>53</gpxtpx:cad>
     </gpxtpx:TrackPointExtension>
    </extensions>
   </trkpt>
   <trkpt lat="46.4397860" lon="12.1223780">
    <ele>2000.0</ele>
    <time>2024-06-02T10:34:03Z</time>
    <extensions>
     <gpxtpx:TrackPointExtension>
      <gpxtpx:atemp>22</gpxtpx:atemp>
      <gpxtpx:hr>122</gpxtpx:hr>
      <gpxtpx:cad>53</gpxtpx:cad>
     </gpxtpx:TrackPointExtension>
    </extensions>
   </trkpt>
   <trkpt lat="46.4398320" lon="12.1224170">
    <ele>2000.4</ele>
    <time>2024-06-02T10:34:07Z</time>
    <extensions>
     <gpxtpx:TrackPointExtension>
      <gpxtpx:atemp>22</gpxtpx:atemp>
      <gpxtpx:hr>120</gpxtpx:hr>
      <gpxtpx:cad>53</gpxtpx:cad>
     </gpxtpx:TrackPointExtension>
    </extensions>
   </trkpt>
   <trkpt lat="46.4398680" lon="12.1224380">
    <ele>2000.8</ele>
    <time>2024-06-02T10:34:10Z</time>
    <extensions>
     <gpxtpx:TrackPointExtension>
      <gpxtpx:atemp>22</gpxtpx:atemp>
      <gpxtpx:hr>117</gpxtpx:hr>
      <gpxtpx:cad>53</gpxtpx:cad>
     </gpxtpx:TrackPointExtension>
    </extensions>
   </trkpt>
   <trkpt lat="46.4399320" lon="12.1225200">
    <ele>2002.0</ele>
    <time>2024-06-02T10:34:17Z</time>
    <extensions>
     <gpxtpx:TrackPointExtension>
      <gpxtpx:atemp>21</gpxtpx:atemp>
      <gpxtpx:hr>116</gpxtpx:hr>
      <gpxtpx:cad>52</gpxtpx:cad>
     </gpxtpx:TrackPointExtension>
    </extensions>
   </trkpt>
   <trkpt lat="46.4399830" lon="12.1225490">
    <ele>2002.4</ele>
    <time>2024-06-02T10:34:21Z</time>
    <extensions>
     <gpxtpx:TrackPointExtension>
      <gpxtpx:atemp>21</gpxtpx:atemp>
      <gpxtpx:hr>116</gpxtpx:hr>
      <gpxtpx:cad>52</gpxtpx:cad>
     </gpxtpx:TrackPointExtension>
    </extensions>
   </trkpt>
   <trkpt lat="46.4400150" lon="12.1225650">
    <ele>2003.0</ele>
    <time>2024-06-02T10:34:25Z</time>
    <extensions>
     <gpxtpx:TrackPointExtension>
      <gpxtpx:atemp>21</gpxtpx:atemp>
      <gpxtpx:hr>116</gpxtpx:hr>
      <gpxtpx:cad>52</gpxtpx:cad>
     </gpxtpx:TrackPointExtension>
    </extensions>
   </trkpt>
   <trkpt lat="46.4400550" lon="12.1226260">
    <ele>2003.4</ele>
    <time>2024-06-02T10:34:30Z</time>
    <extensions>
     <gpxtpx:TrackPointExtension>
      <gpxtpx:atemp>21</gpxtpx:atemp>
      <gpxtpx:hr>113</gpxtpx:hr>
      <gpxtpx:cad>53</gpxtpx:cad>
     </gpxtpx:TrackPointExtension>
    </extensions>
   </trkpt>
   <trkpt lat="46.4400670" lon="12.1226410">
    <ele>2003.6</ele>
    <time>2024-06-02T10:34:31Z</time>
    <extensions>
     <gpxtpx:TrackPointExtension>
      <gpxtpx:atemp>21</gpxtpx:atemp>
      <gpxtpx:hr>112</gpxtpx:hr>
      <gpxtpx:cad>53</gpxtpx:cad>
     </gpxtpx:TrackPointExtension>
    </extensions>
   </trkpt>
   <trkpt lat="46.4401190" lon="12.1227010">
    <ele>2004.0</ele>
    <time>2024-06-02T10:34:37Z</time>
    <extensions>
     <gpxtpx:TrackPointExtension>
      <gpxtpx:atemp>21</gpxtpx:atemp>
      <gpxtpx:hr>112</gpxtpx:hr>
      <gpxtpx:cad>56</gpxtpx:cad>
     </gpxtpx:TrackPointExtension>
    </extensions>
   </trkpt>
   <trkpt lat="46.4401580" lon="12.1227460">
    <ele>2004.4</ele>
    <time>2024-06-02T10:34:41Z</time>
    <extensions>
     <gpxtpx:TrackPointExtension>
      <gpxtpx:atemp>21</gpxtpx:atemp>
      <gpxtpx:hr>114</gpxtpx:hr>
      <gpxtpx:cad>54</gpxtpx:cad>
     </gpxtpx:TrackPointExtension>
    </extensions>
   </trkpt>
   <trkpt lat="46.4401930" lon="12.1227730">
    <ele>2004.6</ele>
    <time>2024-06-02T10:34:44Z</time>
    <extensions>
     <gpxtpx:TrackPointExtension>
      <gpxtpx:atemp>21</gpxtpx:atemp>
      <gpxtpx:hr>114</gpxtpx:hr>
      <gpxtpx:cad>54</gpxtpx:cad>
     </gpxtpx:TrackPointExtension>
    </extensions>
   </trkpt>
   <trkpt lat="46.4402860" lon="12.1228730">
    <ele>2004.6</ele>
    <time>2024-06-02T10:34:52Z</time>
    <extensions>
     <gpxtpx:TrackPointExtension>
      <gpxtpx:atemp>21</gpxtpx:atemp>
      <gpxtpx:hr>112</gpxtpx:hr>
      <gpxtpx:cad>56</gpxtpx:cad>
     </gpxtpx:TrackPointExtension>
    </extensions>
   </trkpt>
   <trkpt lat="46.4403190" lon="12.1229340">
    <ele>2004.8</ele>
    <time>2024-06-02T10:34:56Z</time>
    <extensions>
     <gpxtpx:TrackPointExtension>
      <gpxtpx:atemp>21</gpxtpx:atemp>
      <gpxtpx:hr>109</gpxtpx:hr>
      <gpxtpx:cad>56</gpxtpx:cad>
     </gpxtpx:TrackPointExtension>
    </extensions>
   </trkpt>
   <trkpt lat="46.4403560" lon="12.1229800">
    <ele>2004.8</ele>
    <time>2024-06-02T10:35:00Z</time>
    <extensions>
     <gpxtpx:TrackPointExtension>
      <gpxtpx:atemp>21</gpxtpx:atemp>
      <gpxtpx:hr>107</gpxtpx:hr>
      <gpxtpx:cad>56</gpxtpx:cad>
     </gpxtpx:TrackPointExtension>
    </extensions>
   </trkpt>
   <trkpt lat="46.4404420" lon="12.1230910">
    <ele>2004.8</ele>
    <time>2024-06-02T10:35:09Z</time>
    <extensions>
     <gpxtpx:TrackPointExtension>
      <gpxtpx:atemp>21</gpxtpx:atemp>
      <gpxtpx:hr>105</gpxtpx:hr>
      <gpxtpx:cad>57</gpxtpx:cad>
     </gpxtpx:TrackPointExtension>
    </extensions>
   </trkpt>
   <trkpt lat="46.4405310" lon="12.1232280">
    <ele>2004.8</ele>
    <time>2024-06-02T10:35:19Z</time>
    <extensions>
     <gpxtpx:TrackPointExtension>
      <gpxtpx:atemp>21</gpxtpx:atemp>
      <gpxtpx:hr>102</gpxtpx:hr>
      <gpxtpx:cad>57</gpxtpx:cad>
     </gpxtpx:TrackPointExtension>
    </extensions>
   </trkpt>
   <trkpt lat="46.4405590" lon="12.1232610">
    <ele>2004.8</ele>
    <time>2024-06-02T10:35:22Z</time>
    <extensions>
     <gpxtpx:TrackPointExtension>
      <gpxtpx:atemp>21</gpxtpx:atemp>
      <gpxtpx:hr>101</gpxtpx:hr>
      <gpxtpx:cad>56</gpxtpx:cad>
     </gpxtpx:TrackPointExtension>
    </extensions>
   </trkpt>
   <trkpt lat="46.4406090" lon="12.1232840">
    <ele>2005.0</ele>
    <time>2024-06-02T10:35:29Z</time>
    <extensions>
     <gpxtpx:TrackPointExtension>
      <gpxtpx:atemp>21</gpxtpx:atemp>
      <gpxtpx:hr>100</gpxtpx:hr>
      <gpxtpx:cad>56</gpxtpx:cad>
     </gpxtpx:TrackPointExtension>
    </extensions>
   </trkpt>
   <trkpt lat="46.4406310" lon="12.1232990">
    <ele>2005.2</ele>
    <time>2024-06-02T10:35:31Z</time>
    <extensions>
     <gpxtpx:TrackPointExtension>
      <gpxtpx:atemp>21</gpxtpx:atemp>
      <gpxtpx:hr>100</gpxtpx:hr>
      <gpxtpx:cad>55</gpxtpx:cad>
     </gpxtpx:TrackPointExtension>
    </extensions>
   </trkpt>
   <trkpt lat="46.4407200" lon="12.1234410">
    <ele>2005.8</ele>
    <time>2024-06-02T10:35:40Z</time>
    <extensions>
     <gpxtpx:TrackPointExtension>
      <gpxtpx:atemp>21</gpxtpx:atemp>
      <gpxtpx:hr>99</gpxtpx:hr>
      <gpxtpx:cad>56</gpxtpx:cad>
     </gpxtpx:TrackPointExtension>
    </extensions>
   </trkpt>
   <trkpt lat="46.4408080" lon="12.1235990">
    <ele>2006.2</ele>
    <time>2024-06-02T10:35:48Z</time>
    <extensions>
     <gpxtpx:TrackPointExtension>
      <gpxtpx:atemp>21</gpxtpx:atemp>
      <gpxtpx:hr>99</gpxtpx:hr>
      <gpxtpx:cad>57</gpxtpx:cad>
     </gpxtpx:TrackPointExtension>
    </extensions>
   </trkpt>
   <trkpt lat="46.4408180" lon="12.1236360">
    <ele>2006.2</ele>
    <time>2024-06-02T10:35:50Z</time>
    <extensions>
     <gpxtpx:TrackPointExtension>
      <gpxtpx:atemp>21</gpxtpx:atemp>
      <gpxtpx:hr>98</gpxtpx:hr>
      <gpxtpx:cad>56</gpxtpx:cad>
     </gpxtpx:TrackPointExtension>
    </extensions>
   </trkpt>
   <trkpt lat="46.4408720" lon="12.1237910">
    <ele>2007.0</ele>
    <time>2024-06-02T10:36:00Z</time>
    <extensions>
     <gpxtpx:TrackPointExtension>
      <gpxtpx:atemp>21</gpxtpx:atemp>
      <gpxtpx:hr>98</gpxtpx:hr>
      <gpxtpx:cad>56</gpxtpx:cad>
     </gpxtpx:TrackPointExtension>
    </extensions>
   </trkpt>
   <trkpt lat="46.4409170" lon="12.1238510">
    <ele>2007.2</ele>
    <time>2024-06-02T10:36:04Z</time>
    <extensions>
     <gpxtpx:TrackPointExtension>
      <gpxtpx:atemp>21</gpxtpx:atemp>
      <gpxtpx:hr>98</gpxtpx:hr>
      <gpxtpx:cad>56</gpxtpx:cad>
     </gpxtpx:TrackPointExtension>
    </extensions>
   </trkpt>
   <trkpt lat="46.4409660" lon="12.1239580">
    <ele>2007.6</ele>
    <time>2024-06-02T10:36:11Z</time>
    <extensions>
     <gpxtpx:TrackPointExtension>
      <gpxtpx:atemp>21</gpxtpx:atemp>
      <gpxtpx:hr>99</gpxtpx:hr>
      <gpxtpx:cad>56</gpxtpx:cad>
     </gpxtpx:TrackPointExtension>
    </extensions>
   </trkpt>
   <trkpt lat="46.4410100" lon="12.1240580">
    <ele>2008.2</ele>
    <time>2024-06-02T10:36:18Z</time>
    <extensions>
     <gpxtpx:TrackPointExtension>
      <gpxtpx:atemp>21</gpxtpx:atemp>
      <gpxtpx:hr>100</gpxtpx:hr>
      <gpxtpx:cad>0</gpxtpx:cad>
     </gpxtpx:TrackPointExtension>
    </extensions>
   </trkpt>
   <trkpt lat="46.4410180" lon="12.1240710">
    <ele>2008.2</ele>
    <time>2024-06-02T10:36:19Z</time>
    <extensions>
     <gpxtpx:TrackPointExtension>
      <gpxtpx:atemp>21</gpxtpx:atemp>
      <gpxtpx:hr>100</gpxtpx:hr>
      <gpxtpx:cad>0</gpxtpx:cad>
     </gpxtpx:TrackPointExtension>
    </extensions>
   </trkpt>
   <trkpt lat="46.4410470" lon="12.1241110">
    <ele>2008.6</ele>
    <time>2024-06-02T10:36:23Z</time>
    <extensions>
     <gpxtpx:TrackPointExtension>
      <gpxtpx:atemp>21</gpxtpx:atemp>
      <gpxtpx:hr>100</gpxtpx:hr>
      <gpxtpx:cad>54</gpxtpx:cad>
     </gpxtpx:TrackPointExtension>
    </extensions>
   </trkpt>
   <trkpt lat="46.4410890" lon="12.1241630">
    <ele>2008.8</ele>
    <time>2024-06-02T10:36:27Z</time>
    <extensions>
     <gpxtpx:TrackPointExtension>
      <gpxtpx:atemp>21</gpxtpx:atemp>
      <gpxtpx:hr>98</gpxtpx:hr>
      <gpxtpx:cad>55</gpxtpx:cad>
     </gpxtpx:TrackPointExtension>
    </extensions>
   </trkpt>
   <trkpt lat="46.4411000" lon="12.1241740">
    <ele>2008.8</ele>
    <time>2024-06-02T10:36:28Z</time>
    <extensions>
     <gpxtpx:TrackPointExtension>
      <gpxtpx:atemp>21</gpxtpx:atemp>
      <gpxtpx:hr>101</gpxtpx:hr>
      <gpxtpx:cad>55</gpxtpx:cad>
     </gpxtpx:TrackPointExtension>
    </extensions>
   </trkpt>
   <trkpt lat="46.4411940" lon="12.1242130">
    <ele>2009.2</ele>
    <time>2024-06-02T10:36:37Z</time>
    <extensions>
     <gpxtpx:TrackPointExtension>
      <gpxtpx:atemp>21</gpxtpx:atemp>
      <gpxtpx:hr>101</gpxtpx:hr>
      <gpxtpx:cad>55</gpxtpx:cad>
     </gpxtpx:TrackPointExtension>
    </extensions>
   </trkpt>
   <trkpt lat="46.4412160" lon="12.1242210">
    <ele>2009.2</ele>
    <time>2024-06-02T10:36:39Z</time>
    <extensions>
     <gpxtpx:TrackPointExtension>
      <gpxtpx:atemp>21</gpxtpx:atemp>
      <gpxtpx:hr>101</gpxtpx:hr>
      <gpxtpx:cad>55</gpxtpx:cad>
     </gpxtpx:TrackPointExtension>
    </extensions>
   </trkpt>
   <trkpt lat="46.4412970" lon="12.1242600">
    <ele>2009.8</ele>
    <time>2024-06-02T10:36:47Z</time>
    <extensions>
     <gpxtpx:TrackPointExtension>
      <gpxtpx:atemp>21</gpxtpx:atemp>
      <gpxtpx:hr>103</gpxtpx:hr>
      <gpxtpx:cad>54</gpxtpx:cad>
     </gpxtpx:TrackPointExtension>
    </extensions>
   </trkpt>
   <trkpt lat="46.4413850" lon="12.1242980">
    <ele>2010.4</ele>
    <time>2024-06-02T10:36:55Z</time>
    <extensions>
     <gpxtpx:TrackPointExtension>
      <gpxtpx:atemp>21</gpxtpx:atemp>
      <gpxtpx:hr>102</gpxtpx:hr>
      <gpxtpx:cad>55</gpxtpx:cad>
     </gpxtpx:TrackPointExtension>
    </extensions>
   </trkpt>
   <trkpt lat="46.4414000" lon="12.1243030">
    <ele>2010.4</ele>
    <time>2024-06-02T10:36:56Z</time>
    <extensions>
     <gpxtpx:TrackPointExtension>
      <gpxtpx:atemp>21</gpxtpx:atemp>
      <gpxtpx:hr>105</gpxtpx:hr>
      <gpxtpx:cad>55</gpxtpx:cad>
     </gpxtpx:TrackPointExtension>
    </extensions>
   </trkpt>
   <trkpt lat="46.4414160" lon="12.1243100">
    <ele>2010.6</ele>
    <time>2024-06-02T10:36:57Z</time>
    <extensions>
     <gpxtpx:TrackPointExtension>
      <gpxtpx:atemp>21</gpxtpx:atemp>
      <gpxtpx:hr>102</gpxtpx:hr>
      <gpxtpx:cad>55</gpxtpx:cad>
     </gpxtpx:TrackPointExtension>
    </extensions>
   </trkpt>
   <trkpt lat="46.4414810" lon="12.1243340">
    <ele>2011.4</ele>
    <time>2024-06-02T10:37:03Z</time>
    <extensions>
     <gpxtpx:TrackPointExtension>
      <gpxtpx:atemp>21</gpxtpx:atemp>
      <gpxtpx:hr>102</gpxtpx:hr>
      <gpxtpx:cad>54</gpxtpx:cad>
     </gpxtpx:TrackPointExtension>
    </extensions>
   </trkpt>
   <trkpt lat="46.4415830" lon="12.1243920">
    <ele>2012.2</ele>
    <time>2024-06-02T10:37:12Z</time>
    <extensions>
     <gpxtpx:TrackPointExtension>
      <gpxtpx:atemp>21</gpxtpx:atemp>
      <gpxtpx:hr>103</gpxtpx:hr>
      <gpxtpx:cad>54</gpxtpx:cad>
     </gpxtpx:TrackPointExtension>
    </extensions>
   </trkpt>
   <trkpt lat="46.4416160" lon="12.1244270">
    <ele>2012.4</ele>
    <time>2024-06-02T10:37:15Z</time>
    <extensions>
     <gpxtpx:TrackPointExtension>
      <gpxtpx:atemp>21</gpxtpx:atemp>
      <gpxtpx:hr>103</gpxtpx:hr>
      <gpxtpx:cad>0</gpxtpx:cad>
     </gpxtpx:TrackPointExtension>
    </extensions>
   </trkpt>
   <trkpt lat="46.4417160" lon="12.1245030">
    <ele>2013.4</ele>
    <time>2024-06-02T10:37:24Z</time>
    <extensions>
     <gpxtpx:TrackPointExtension>
      <gpxtpx:atemp>21</gpxtpx:atemp>
      <gpxtpx:hr>105</gpxtpx:hr>
      <gpxtpx:cad>51</gpxtpx:cad>
     </gpxtpx:TrackPointExtension>
    </extensions>
   </trkpt>
   <trkpt lat="46.4417360" lon="12.1245140">
    <ele>2013.6</ele>
    <time>2024-06-02T10:37:26Z</time>
    <extensions>
     <gpxtpx:TrackPointExtension>
      <gpxtpx:atemp>21</gpxtpx:atemp>
      <gpxtpx:hr>105</gpxtpx:hr>
      <gpxtpx:cad>51</gpxtpx:cad>
     </gpxtpx:TrackPointExtension>
    </extensions>
   </trkpt>
   <trkpt lat="46.4418280" lon="12.1245360">
    <ele>2014.6</ele>
    <time>2024-06-02T10:37:36Z</time>
    <extensions>
     <gpxtpx:TrackPointExtension>
      <gpxtpx:atemp>21</gpxtpx:atemp>
      <gpxtpx:hr>106</gpxtpx:hr>
      <gpxtpx:cad>0</gpxtpx:cad>
     </gpxtpx:TrackPointExtension>
    </extensions>
   </trkpt>
   <trkpt lat="46.4418290" lon="12.1245360">
    <ele>2014.6</ele>
    <time>2024-06-02T10:37:37Z</time>
    <extensions>
     <gpxtpx:TrackPointExtension>
      <gpxtpx:atemp>21</gpxtpx:atemp>
      <gpxtpx:hr>106</gpxtpx:hr>
      <gpxtpx:cad>0</gpxtpx:cad>
     </gpxtpx:TrackPointExtension>
    </extensions>
   </trkpt>
   <trkpt lat="46.4418120" lon="12.1245430">
    <ele>2015.0</ele>
    <time>2024-06-02T10:37:47Z</time>
    <extensions>
     <gpxtpx:TrackPointExtension>
      <gpxtpx:atemp>21</gpxtpx:atemp>
      <gpxtpx:hr>104</gpxtpx:hr>
      <gpxtpx:cad>0</gpxtpx:cad>
     </gpxtpx:TrackPointExtension>
    </extensions>
   </trkpt>
   <trkpt lat="46.4418120" lon="12.1245430">
    <ele>2015.0</ele>
    <time>2024-06-02T10:37:50Z</time>
    <extensions>
     <gpxtpx:TrackPointExtension>
      <gpxtpx:atemp>21</gpxtpx:atemp>
      <gpxtpx:hr>102</gpxtpx:hr>
      <gpxtpx:cad>0</gpxtpx:cad>
     </gpxtpx:TrackPointExtension>
    </extensions>
   </trkpt>
   <trkpt lat="46.4418120" lon="12.1245430">
    <ele>2015.0</ele>
    <time>2024-06-02T10:37:55Z</time>
    <extensions>
     <gpxtpx:TrackPointExtension>
      <gpxtpx:atemp>21</gpxtpx:atemp>
      <gpxtpx:hr>99</gpxtpx:hr>
      <gpxtpx:cad>0</gpxtpx:cad>
     </gpxtpx:TrackPointExtension>
    </extensions>
   </trkpt>
   <trkpt lat="46.4418110" lon="12.1245430">
    <ele>2014.8</ele>
    <time>2024-06-02T10:38:03Z</time>
    <extensions>
     <gpxtpx:TrackPointExtension>
      <gpxtpx:atemp>22</gpxtpx:atemp>
      <gpxtpx:hr>97</gpxtpx:hr>
      <gpxtpx:cad>0</gpxtpx:cad>
     </gpxtpx:TrackPointExtension>
    </extensions>
   </trkpt>
   <trkpt lat="46.4418110" lon="12.1245450">
    <ele>2015.0</ele>
    <time>2024-06-02T10:38:07Z</time>
    <extensions>
     <gpxtpx:TrackPointExtension>
      <gpxtpx:atemp>22</gpxtpx:atemp>
      <gpxtpx:hr>94</gpxtpx:hr>
      <gpxtpx:cad>0</gpxtpx:cad>
     </gpxtpx:TrackPointExtension>
    </extensions>
   </trkpt>
   <trkpt lat="46.4418180" lon="12.1245600">
    <ele>2015.0</ele>
    <time>2024-06-02T10:38:28Z</time>
    <extensions>
     <gpxtpx:TrackPointExtension>
      <gpxtpx:atemp>22</gpxtpx:atemp>
      <gpxtpx:hr>91</gpxtpx:hr>
      <gpxtpx:cad>0</gpxtpx:cad>
     </gpxtpx:TrackPointExtension>
    </extensions>
   </trkpt>
   <trkpt lat="46.4418200" lon="12.1245680">
    <ele>2015.4</ele>
    <time>2024-06-02T10:38:39Z</time>
    <extensions>
     <gpxtpx:TrackPointExtension>
      <gpxtpx:atemp>22</gpxtpx:atemp>
      <gpxtpx:hr>88</gpxtpx:hr>
      <gpxtpx:cad>0</gpxtpx:cad>
     </gpxtpx:TrackPointExtension>
    </extensions>
   </trkpt>
   <trkpt lat="46.4418210" lon="12.1245690">
    <ele>2015.4</ele>
    <time>2024-06-02T10:38:43Z</time>
    <extensions>
     <gpxtpx:TrackPointExtension>
      <gpxtpx:atemp>22</gpxtpx:atemp>
      <gpxtpx:hr>85</gpxtpx:hr>
      <gpxtpx:cad>0</gpxtpx:cad>
     </gpxtpx:TrackPointExtension>
    </extensions>
   </trkpt>
   <trkpt lat="46.4418230" lon="12.1245690">
    <ele>2015.4</ele>
    <time>2024-06-02T10:38:51Z</time>
    <extensions>
     <gpxtpx:TrackPointExtension>
      <gpxtpx:atemp>22</gpxtpx:atemp>
      <gpxtpx:hr>82</gpxtpx:hr>
      <gpxtpx:cad>0</gpxtpx:cad>
     </gpxtpx:TrackPointExtension>
    </extensions>
   </trkpt>
   <trkpt lat="46.4418240" lon="12.1245680">
    <ele>2015.4</ele>
    <time>2024-06-02T10:38:56Z</time>
    <extensions>
     <gpxtpx:TrackPointExtension>
      <gpxtpx:atemp>22</gpxtpx:atemp>
      <gpxtpx:hr>85</gpxtpx:hr>
      <gpxtpx:cad>0</gpxtpx:cad>
     </gpxtpx:TrackPointExtension>
    </extensions>
   </trkpt>
   <trkpt lat="46.4418280" lon="12.1245680">
    <ele>2015.0</ele>
    <time>2024-06-02T10:39:07Z</time>
    <extensions>
     <gpxtpx:TrackPointExtension>
      <gpxtpx:atemp>22</gpxtpx:atemp>
      <gpxtpx:hr>88</gpxtpx:hr>
      <gpxtpx:cad>0</gpxtpx:cad>
     </gpxtpx:TrackPointExtension>
    </extensions>
   </trkpt>
   <trkpt lat="46.4418330" lon="12.1245720">
    <ele>2015.0</ele>
    <time>2024-06-02T10:39:22Z</time>
    <extensions>
     <gpxtpx:TrackPointExtension>
      <gpxtpx:atemp>22</gpxtpx:atemp>
      <gpxtpx:hr>85</gpxtpx:hr>
      <gpxtpx:cad>0</gpxtpx:cad>
     </gpxtpx:TrackPointExtension>
    </extensions>
   </trkpt>
   <trkpt lat="46.4418330" lon="12.1245720">
    <ele>2015.0</ele>
    <time>2024-06-02T10:39:25Z</time>
    <extensions>
     <gpxtpx:TrackPointExtension>
      <gpxtpx:atemp>22</gpxtpx:atemp>
      <gpxtpx:hr>88</gpxtpx:hr>
      <gpxtpx:cad>0</gpxtpx:cad>
     </gpxtpx:TrackPointExtension>
    </extensions>
   </trkpt>
   <trkpt lat="46.4418320" lon="12.1245700">
    <ele>2015.2</ele>
    <time>2024-06-02T10:39:30Z</time>
    <extensions>
     <gpxtpx:TrackPointExtension>
      <gpxtpx:atemp>22</gpxtpx:atemp>
      <gpxtpx:hr>85</gpxtpx:hr>
      <gpxtpx:cad>0</gpxtpx:cad>
     </gpxtpx:TrackPointExtension>
    </extensions>
   </trkpt>
   <trkpt lat="46.4418230" lon="12.1245570">
    <ele>2015.2</ele>
    <time>2024-06-02T10:39:44Z</time>
    <extensions>
     <gpxtpx:TrackPointExtension>
      <gpxtpx:atemp>22</gpxtpx:atemp>
      <gpxtpx:hr>82</gpxtpx:hr>
      <gpxtpx:cad>0</gpxtpx:cad>
     </gpxtpx:TrackPointExtension>
    </extensions>
   </trkpt>
   <trkpt lat="46.4418180" lon="12.1245560">
    <ele>2015.2</ele>
    <time>2024-06-02T10:40:12Z</time>
    <extensions>
     <gpxtpx:TrackPointExtension>
      <gpxtpx:atemp>22</gpxtpx:atemp>
      <gpxtpx:hr>81</gpxtpx:hr>
      <gpxtpx:cad>0</gpxtpx:cad>
     </gpxtpx:TrackPointExtension>
    </extensions>
   </trkpt>
   <trkpt lat="46.4418110" lon="12.1245630">
    <ele>2015.0</ele>
    <time>2024-06-02T10:40:36Z</time>
    <extensions>
     <gpxtpx:TrackPointExtension>
      <gpxtpx:atemp>22</gpxtpx:atemp>
      <gpxtpx:hr>84</gpxtpx:hr>
      <gpxtpx:cad>0</gpxtpx:cad>
     </gpxtpx:TrackPointExtension>
    </extensions>
   </trkpt>
   <trkpt lat="46.4418150" lon="12.1245640">
    <ele>2015.4</ele>
    <time>2024-06-02T10:41:03Z</time>
    <extensions>
     <gpxtpx:TrackPointExtension>
      <gpxtpx:atemp>22</gpxtpx:atemp>
      <gpxtpx:hr>81</gpxtpx:hr>
      <gpxtpx:cad>0</gpxtpx:cad>
     </gpxtpx:TrackPointExtension>
    </extensions>
   </trkpt>
   <trkpt lat="46.4418140" lon="12.1245600">
    <ele>2015.4</ele>
    <time>2024-06-02T10:41:26Z</time>
    <extensions>
     <gpxtpx:TrackPointExtension>
      <gpxtpx:atemp>22</gpxtpx:atemp>
      <gpxtpx:hr>84</gpxtpx:hr>
      <gpxtpx:cad>0</gpxtpx:cad>
     </gpxtpx:TrackPointExtension>
    </extensions>
   </trkpt>
   <trkpt lat="46.4418150" lon="12.1245580">
    <ele>2015.4</ele>
    <time>2024-06-02T10:41:35Z</time>
    <extensions>
     <gpxtpx:TrackPointExtension>
      <gpxtpx:atemp>22</gpxtpx:atemp>
      <gpxtpx:hr>87</gpxtpx:hr>
      <gpxtpx:cad>0</gpxtpx:cad>
     </gpxtpx:TrackPointExtension>
    </extensions>
   </trkpt>
   <trkpt lat="46.4418150" lon="12.1245570">
    <ele>2015.4</ele>
    <time>2024-06-02T10:41:43Z</time>
    <extensions>
     <gpxtpx:TrackPointExtension>
      <gpxtpx:atemp>22</gpxtpx:atemp>
      <gpxtpx:hr>90</gpxtpx:hr>
      <gpxtpx:cad>0</gpxtpx:cad>
     </gpxtpx:TrackPointExtension>
    </extensions>
   </trkpt>
   <trkpt lat="46.4418160" lon="12.1245570">
    <ele>2015.6</ele>
    <time>2024-06-02T10:41:45Z</time>
    <extensions>
     <gpxtpx:TrackPointExtension>
      <gpxtpx:atemp>22</gpxtpx:atemp>
      <gpxtpx:hr>91</gpxtpx:hr>
      <gpxtpx:cad>0</gpxtpx:cad>
     </gpxtpx:TrackPointExtension>
    </extensions>
   </trkpt>
   <trkpt lat="46.4418350" lon="12.1245570">
    <ele>2016.0</ele>
    <time>2024-06-02T10:41:49Z</time>
    <extensions>
     <gpxtpx:TrackPointExtension>
      <gpxtpx:atemp>22</gpxtpx:atemp>
      <gpxtpx:hr>95</gpxtpx:hr>
      <gpxtpx:cad>46</gpxtpx:cad>
     </gpxtpx:TrackPointExtension>
    </extensions>
   </trkpt>
   <trkpt lat="46.4418720" lon="12.1245620">
    <ele>2016.2</ele>
    <time>2024-06-02T10:41:51Z</time>
    <extensions>
     <gpxtpx:TrackPointExtension>
      <gpxtpx:atemp>22</gpxtpx:atemp>
      <gpxtpx:hr>97</gpxtpx:hr>
      <gpxtpx:cad>46</gpxtpx:cad>
     </gpxtpx:TrackPointExtension>
    </extensions>
   </trkpt>
   <trkpt lat="46.4419250" lon="12.1245580">
    <ele>2016.6</ele>
    <time>2024-06-02T10:41:54Z</time>
    <extensions>
     <gpxtpx:TrackPointExtension>
      <gpxtpx:atemp>22</gpxtpx:atemp>
      <gpxtpx:hr>95</gpxtpx:hr>
      <gpxtpx:cad>48</gpxtpx:cad>
     </gpxtpx:TrackPointExtension>
    </extensions>
   </trkpt>
   <trkpt lat="46.4420200" lon="12.1245400">
    <ele>2017.6</ele>
    <time>2024-06-02T10:42:01Z</time>
    <extensions>
     <gpxtpx:TrackPointExtension>
      <gpxtpx:atemp>22</gpxtpx:atemp>
      <gpxtpx:hr>95</gpxtpx:hr>
      <gpxtpx:cad>47</gpxtpx:cad>
     </gpxtpx:TrackPointExtension>
    </extensions>
   </trkpt>
   <trkpt lat="46.4420320" lon="12.1245400">
    <ele>2017.8</ele>
    <time>2024-06-02T10:42:02Z</time>
    <extensions>
     <gpxtpx:TrackPointExtension>
      <gpxtpx:atemp>22</gpxtpx:atemp>
      <gpxtpx:hr>95</gpxtpx:hr>
      <gpxtpx:cad>46</gpxtpx:cad>
     </gpxtpx:TrackPointExtension>
    </extensions>
   </trkpt>
   <trkpt lat="46.4420940" lon="12.1245590">
    <ele>2018.8</ele>
    <time>2024-06-02T10:42:08Z</time>
    <extensions>
     <gpxtpx:TrackPointExtension>
      <gpxtpx:atemp>22</gpxtpx:atemp>
      <gpxtpx:hr>98</gpxtpx:hr>
      <gpxtpx:cad>48</gpxtpx:cad>
     </gpxtpx:TrackPointExtension>
    </extensions>
   </trkpt>
   <trkpt lat="46.4421200" lon="12.1245490">
    <ele>2019.2</ele>
    <time>2024-06-02T10:42:10Z</time>
    <extensions>
     <gpxtpx:TrackPointExtension>
      <gpxtpx:atemp>22</gpxtpx:atemp>
      <gpxtpx:hr>101</gpxtpx:hr>
      <gpxtpx:cad>48</gpxtpx:cad>
     </gpxtpx:TrackPointExtension>
    </extensions>
   </trkpt>
   <trkpt lat="46.4421320" lon="12.1245470">
    <ele>2019.2</ele>
    <time>2024-06-02T10:42:11Z</time>
    <extensions>
     <gpxtpx:TrackPointExtension>
      <gpxtpx:atemp>22</gpxtpx:atemp>
      <gpxtpx:hr>104</gpxtpx:hr>
      <gpxtpx:cad>47</gpxtpx:cad>
     </gpxtpx:TrackPointExtension>
    </extensions>
   </trkpt>
   <trkpt lat="46.4421540" lon="12.1245400">
    <ele>2019.6</ele>
    <time>2024-06-02T10:42:13Z</time>
    <extensions>
     <gpxtpx:TrackPointExtension>
      <gpxtpx:atemp>22</gpxtpx:atemp>
      <gpxtpx:hr>109</gpxtpx:hr>
      <gpxtpx:cad>47</gpxtpx:cad>
     </gpxtpx:TrackPointExtension>
    </extensions>
   </trkpt>
   <trkpt lat="46.4421640" lon="12.1245400">
    <ele>2019.8</ele>
    <time>2024-06-02T10:42:14Z</time>
    <extensions>
     <gpxtpx:TrackPointExtension>
      <gpxtpx:atemp>22</gpxtpx:atemp>
      <gpxtpx:hr>116</gpxtpx:hr>
      <gpxtpx:cad>47</gpxtpx:cad>
     </gpxtpx:TrackPointExtension>
    </extensions>
   </trkpt>
   <trkpt lat="46.4421800" lon="12.1245390">
    <ele>2020.2</ele>
    <time>2024-06-02T10:42:16Z</time>
    <extensions>
     <gpxtpx:TrackPointExtension>
      <gpxtpx:atemp>22</gpxtpx:atemp>
      <gpxtpx:hr>119</gpxtpx:hr>
      <gpxtpx:cad>46</gpxtpx:cad>
     </gpxtpx:TrackPointExtension>
    </extensions>
   </trkpt>
   <trkpt lat="46.4422060" lon="12.1245410">
    <ele>2020.6</ele>
    <time>2024-06-02T10:42:18Z</time>
    <extensions>
     <gpxtpx:TrackPointExtension>
      <gpxtpx:atemp>22</gpxtpx:atemp>
      <gpxtpx:hr>119</gpxtpx:hr>
      <gpxtpx:cad>45</gpxtpx:cad>
     </gpxtpx:TrackPointExtension>
    </extensions>
   </trkpt>
   <trkpt lat="46.4422160" lon="12.1245450">
    <ele>2020.8</ele>
    <time>2024-06-02T10:42:19Z</time>
    <extensions>
     <gpxtpx:TrackPointExtension>
      <gpxtpx:atemp>22</gpxtpx:atemp>
      <gpxtpx:hr>119</gpxtpx:hr>
      <gpxtpx:cad>45</gpxtpx:cad>
     </gpxtpx:TrackPointExtension>
    </extensions>
   </trkpt>
   <trkpt lat="46.4422250" lon="12.1245440">
    <ele>2021.0</ele>
    <time>2024-06-02T10:42:20Z</time>
    <extensions>
     <gpxtpx:TrackPointExtension>
      <gpxtpx:atemp>22</gpxtpx:atemp>
      <gpxtpx:hr>118</gpxtpx:hr>
      <gpxtpx:cad>45</gpxtpx:cad>
     </gpxtpx:TrackPointExtension>
    </extensions>
   </trkpt>
   <trkpt lat="46.4422940" lon="12.1245610">
    <ele>2021.6</ele>
    <time>2024-06-02T10:42:27Z</time>
    <extensions>
     <gpxtpx:TrackPointExtension>
      <gpxtpx:atemp>22</gpxtpx:atemp>
      <gpxtpx:hr>122</gpxtpx:hr>
      <gpxtpx:cad>46</gpxtpx:cad>
     </gpxtpx:TrackPointExtension>
    </extensions>
   </trkpt>
   <trkpt lat="46.4423450" lon="12.1245970">
    <ele>2022.0</ele>
    <time>2024-06-02T10:42:33Z</time>
    <extensions>
     <gpxtpx:TrackPointExtension>
      <gpxtpx:atemp>22</gpxtpx:atemp>
      <gpxtpx:hr>122</gpxtpx:hr>
      <gpxtpx:cad>48</gpxtpx:cad>
     </gpxtpx:TrackPointExtension>
    </extensions>
   </trkpt>
   <trkpt lat="46.4423570" lon="12.1246010">
    <ele>2022.2</ele>
    <time>2024-06-02T10:42:35Z</time>
    <extensions>
     <gpxtpx:TrackPointExtension>
      <gpxtpx:atemp>22</gpxtpx:atemp>
      <gpxtpx:hr>123</gpxtpx:hr>
      <gpxtpx:cad>47</gpxtpx:cad>
     </gpxtpx:TrackPointExtension>
    </extensions>
   </trkpt>
   <trkpt lat="46.4423950" lon="12.1246360">
    <ele>2022.6</ele>
    <time>2024-06-02T10:42:39Z</time>
    <extensions>
     <gpxtpx:TrackPointExtension>
      <gpxtpx:atemp>22</gpxtpx:atemp>
      <gpxtpx:hr>121</gpxtpx:hr>
      <gpxtpx:cad>48</gpxtpx:cad>
     </gpxtpx:TrackPointExtension>
    </extensions>
   </trkpt>
   <trkpt lat="46.4424060" lon="12.1246400">
    <ele>2022.6</ele>
    <time>2024-06-02T10:42:40Z</time>
    <extensions>
     <gpxtpx:TrackPointExtension>
      <gpxtpx:atemp>22</gpxtpx:atemp>
      <gpxtpx:hr>123</gpxtpx:hr>
      <gpxtpx:cad>47</gpxtpx:cad>
     </gpxtpx:TrackPointExtension>
    </extensions>
   </trkpt>
   <trkpt lat="46.4424500" lon="12.1246680">
    <ele>2023.2</ele>
    <time>2024-06-02T10:42:44Z</time>
    <extensions>
     <gpxtpx:TrackPointExtension>
      <gpxtpx:atemp>22</gpxtpx:atemp>
      <gpxtpx:hr>123</gpxtpx:hr>
      <gpxtpx:cad>46</gpxtpx:cad>
     </gpxtpx:TrackPointExtension>
    </extensions>
   </trkpt>
   <trkpt lat="46.4424620" lon="12.1246850">
    <ele>2023.2</ele>
    <time>2024-06-02T10:42:45Z</time>
    <extensions>
     <gpxtpx:TrackPointExtension>
      <gpxtpx:atemp>22</gpxtpx:atemp>
      <gpxtpx:hr>123</gpxtpx:hr>
      <gpxtpx:cad>47</gpxtpx:cad>
     </gpxtpx:TrackPointExtension>
    </extensions>
   </trkpt>
   <trkpt lat="46.4424730" lon="12.1246950">
    <ele>2023.4</ele>
    <time>2024-06-02T10:42:46Z</time>
    <extensions>
     <gpxtpx:TrackPointExtension>
      <gpxtpx:atemp>22</gpxtpx:atemp>
      <gpxtpx:hr>124</gpxtpx:hr>
      <gpxtpx:cad>47</gpxtpx:cad>
     </gpxtpx:TrackPointExtension>
    </extensions>
   </trkpt>
   <trkpt lat="46.4425260" lon="12.1247290">
    <ele>2024.0</ele>
    <time>2024-06-02T10:42:51Z</time>
    <extensions>
     <gpxtpx:TrackPointExtension>
      <gpxtpx:atemp>22</gpxtpx:atemp>
      <gpxtpx:hr>120</gpxtpx:hr>
      <gpxtpx:cad>51</gpxtpx:cad>
     </gpxtpx:TrackPointExtension>
    </extensions>
   </trkpt>
   <trkpt lat="46.4425400" lon="12.1247440">
    <ele>2024.0</ele>
    <time>2024-06-02T10:42:52Z</time>
    <extensions>
     <gpxtpx:TrackPointExtension>
      <gpxtpx:atemp>22</gpxtpx:atemp>
      <gpxtpx:hr>124</gpxtpx:hr>
      <gpxtpx:cad>52</gpxtpx:cad>
     </gpxtpx:TrackPointExtension>
    </extensions>
   </trkpt>
   <trkpt lat="46.4425670" lon="12.1247660">
    <ele>2024.0</ele>
    <time>2024-06-02T10:42:54Z</time>
    <extensions>
     <gpxtpx:TrackPointExtension>
      <gpxtpx:atemp>22</gpxtpx:atemp>
      <gpxtpx:hr>122</gpxtpx:hr>
      <gpxtpx:cad>51</gpxtpx:cad>
     </gpxtpx:TrackPointExtension>
    </extensions>
   </trkpt>
   <trkpt lat="46.4425870" lon="12.1247970">
    <ele>2024.0</ele>
    <time>2024-06-02T10:42:55Z</time>
    <extensions>
     <gpxtpx:TrackPointExtension>
      <gpxtpx:atemp>23</gpxtpx:atemp>
      <gpxtpx:hr>124</gpxtpx:hr>
      <gpxtpx:cad>50</gpxtpx:cad>
     </gpxtpx:TrackPointExtension>
    </extensions>
   </trkpt>
   <trkpt lat="46.4426120" lon="12.1248430">
    <ele>2024.4</ele>
    <time>2024-06-02T10:42:59Z</time>
    <extensions>
     <gpxtpx:TrackPointExtension>
      <gpxtpx:atemp>22</gpxtpx:atemp>
      <gpxtpx:hr>126</gpxtpx:hr>
      <gpxtpx:cad>49</gpxtpx:cad>
     </gpxtpx:TrackPointExtension>
    </extensions>
   </trkpt>
   <trkpt lat="46.4426190" lon="12.1248540">
    <ele>2024.4</ele>
    <time>2024-06-02T10:43:00Z</time>
    <extensions>
     <gpxtpx:TrackPointExtension>
      <gpxtpx:atemp>22</gpxtpx:atemp>
      <gpxtpx:hr>125</gpxtpx:hr>
      <gpxtpx:cad>49</gpxtpx:cad>
     </gpxtpx:TrackPointExtension>
    </extensions>
   </trkpt>
   <trkpt lat="46.4426960" lon="12.1249540">
    <ele>2025.4</ele>
    <time>2024-06-02T10:43:10Z</time>
    <extensions>
     <gpxtpx:TrackPointExtension>
      <gpxtpx:atemp>23</gpxtpx:atemp>
      <gpxtpx:hr>128</gpxtpx:hr>
      <gpxtpx:cad>48</gpxtpx:cad>
     </gpxtpx:TrackPointExtension>
    </extensions>
   </trkpt>
   <trkpt lat="46.4427910" lon="12.1250740">
    <ele>2026.4</ele>
    <time>2024-06-02T10:43:19Z</time>
    <extensions>
     <gpxtpx:TrackPointExtension>
      <gpxtpx:atemp>23</gpxtpx:atemp>
      <gpxtpx:hr>125</gpxtpx:hr>
      <gpxtpx:cad>48</gpxtpx:cad>
     </gpxtpx:TrackPointExtension>
    </extensions>
   </trkpt>
   <trkpt lat="46.4427910" lon="12.1250950">
    <ele>2026.6</ele>
    <time>2024-06-02T10:43:20Z</time>
    <extensions>
     <gpxtpx:TrackPointExtension>
      <gpxtpx:atemp>23</gpxtpx:atemp>
      <gpxtpx:hr>125</gpxtpx:hr>
      <gpxtpx:cad>47</gpxtpx:cad>
     </gpxtpx:TrackPointExtension>
    </extensions>
   </trkpt>
   <trkpt lat="46.4428320" lon="12.1251860">
    <ele>2027.2</ele>
    <time>2024-06-02T10:43:26Z</time>
    <extensions>
     <gpxtpx:TrackPointExtension>
      <gpxtpx:atemp>22</gpxtpx:atemp>
      <gpxtpx:hr>124</gpxtpx:hr>
      <gpxtpx:cad>46</gpxtpx:cad>
     </gpxtpx:TrackPointExtension>
    </extensions>
   </trkpt>
   <trkpt lat="46.4428470" lon="12.1252010">
    <ele>2027.2</ele>
    <time>2024-06-02T10:43:27Z</time>
    <extensions>
     <gpxtpx:TrackPointExtension>
      <gpxtpx:atemp>23</gpxtpx:atemp>
      <gpxtpx:hr>124</gpxtpx:hr>
      <gpxtpx:cad>46</gpxtpx:cad>
     </gpxtpx:TrackPointExtension>
    </extensions>
   </trkpt>
   <trkpt lat="46.4428570" lon="12.1252230">
    <ele>2027.4</ele>
    <time>2024-06-02T10:43:28Z</time>
    <extensions>
     <gpxtpx:TrackPointExtension>
      <gpxtpx:atemp>23</gpxtpx:atemp>
      <gpxtpx:hr>124</gpxtpx:hr>
      <gpxtpx:cad>46</gpxtpx:cad>
     </gpxtpx:TrackPointExtension>
    </extensions>
   </trkpt>
   <trkpt lat="46.4428790" lon="12.1252990">
    <ele>2028.4</ele>
    <time>2024-06-02T10:43:33Z</time>
    <extensions>
     <gpxtpx:TrackPointExtension>
      <gpxtpx:atemp>23</gpxtpx:atemp>
      <gpxtpx:hr>121</gpxtpx:hr>
      <gpxtpx:cad>49</gpxtpx:cad>
     </gpxtpx:TrackPointExtension>
    </extensions>
   </trkpt>
   <trkpt lat="46.4428840" lon="12.1253130">
    <ele>2028.4</ele>
    <time>2024-06-02T10:43:34Z</time>
    <extensions>
     <gpxtpx:TrackPointExtension>
      <gpxtpx:atemp>22</gpxtpx:atemp>
      <gpxtpx:hr>121</gpxtpx:hr>
      <gpxtpx:cad>49</gpxtpx:cad>
     </gpxtpx:TrackPointExtension>
    </extensions>
   </trkpt>
   <trkpt lat="46.4428820" lon="12.1253280">
    <ele>2028.6</ele>
    <time>2024-06-02T10:43:35Z</time>
    <extensions>
     <gpxtpx:TrackPointExtension>
      <gpxtpx:atemp>23</gpxtpx:atemp>
      <gpxtpx:hr>120</gpxtpx:hr>
      <gpxtpx:cad>49</gpxtpx:cad>
     </gpxtpx:TrackPointExtension>
    </extensions>
   </trkpt>
   <trkpt lat="46.4428800" lon="12.1253420">
    <ele>2028.8</ele>
    <time>2024-06-02T10:43:36Z</time>
    <extensions>
     <gpxtpx:TrackPointExtension>
      <gpxtpx:atemp>22</gpxtpx:atemp>
      <gpxtpx:hr>120</gpxtpx:hr>
      <gpxtpx:cad>49</gpxtpx:cad>
     </gpxtpx:TrackPointExtension>
    </extensions>
   </trkpt>
   <trkpt lat="46.4429440" lon="12.1254510">
    <ele>2029.4</ele>
    <time>2024-06-02T10:43:43Z</time>
    <extensions>
     <gpxtpx:TrackPointExtension>
      <gpxtpx:atemp>22</gpxtpx:atemp>
      <gpxtpx:hr>120</gpxtpx:hr>
      <gpxtpx:cad>48</gpxtpx:cad>
     </gpxtpx:TrackPointExtension>
    </extensions>
   </trkpt>
   <trkpt lat="46.4429470" lon="12.1254770">
    <ele>2029.6</ele>
    <time>2024-06-02T10:43:45Z</time>
    <extensions>
     <gpxtpx:TrackPointExtension>
      <gpxtpx:atemp>22</gpxtpx:atemp>
      <gpxtpx:hr>122</gpxtpx:hr>
      <gpxtpx:cad>47</gpxtpx:cad>
     </gpxtpx:TrackPointExtension>
    </extensions>
   </trkpt>
   <trkpt lat="46.4429460" lon="12.1254960">
    <ele>2029.8</ele>
    <time>2024-06-02T10:43:49Z</time>
    <extensions>
     <gpxtpx:TrackPointExtension>
      <gpxtpx:atemp>23</gpxtpx:atemp>
      <gpxtpx:hr>123</gpxtpx:hr>
      <gpxtpx:cad>0</gpxtpx:cad>
     </gpxtpx:TrackPointExtension>
    </extensions>
   </trkpt>
   <trkpt lat="46.4429470" lon="12.1254920">
    <ele>2030.0</ele>
    <time>2024-06-02T10:43:53Z</time>
    <extensions>
     <gpxtpx:TrackPointExtension>
      <gpxtpx:atemp>22</gpxtpx:atemp>
      <gpxtpx:hr>123</gpxtpx:hr>
      <gpxtpx:cad>0</gpxtpx:cad>
     </gpxtpx:TrackPointExtension>
    </extensions>
   </trkpt>
   <trkpt lat="46.4429540" lon="12.1254910">
    <ele>2030.0</ele>
    <time>2024-06-02T10:43:54Z</time>
    <extensions>
     <gpxtpx:TrackPointExtension>
      <gpxtpx:atemp>23</gpxtpx:atemp>
      <gpxtpx:hr>123</gpxtpx:hr>
      <gpxtpx:cad>0</gpxtpx:cad>
     </gpxtpx:TrackPointExtension>
    </extensions>
   </trkpt>
   <trkpt lat="46.4430040" lon="12.1255170">
    <ele>2030.0</ele>
    <time>2024-06-02T10:43:59Z</time>
    <extensions>
     <gpxtpx:TrackPointExtension>
      <gpxtpx:atemp>23</gpxtpx:atemp>
      <gpxtpx:hr>121</gpxtpx:hr>
      <gpxtpx:cad>0</gpxtpx:cad>
     </gpxtpx:TrackPointExtension>
    </extensions>
   </trkpt>
   <trkpt lat="46.4431060" lon="12.1255450">
    <ele>2029.6</ele>
    <time>2024-06-02T10:44:08Z</time>
    <extensions>
     <gpxtpx:TrackPointExtension>
      <gpxtpx:atemp>23</gpxtpx:atemp>
      <gpxtpx:hr>121</gpxtpx:hr>
      <gpxtpx:cad>53</gpxtpx:cad>
     </gpxtpx:TrackPointExtension>
    </extensions>
   </trkpt>
   <trkpt lat="46.4432050" lon="12.1255070">
    <ele>2029.6</ele>
    <time>2024-06-02T10:44:17Z</time>
    <extensions>
     <gpxtpx:TrackPointExtension>
      <gpxtpx:atemp>23</gpxtpx:atemp>
      <gpxtpx:hr>121</gpxtpx:hr>
      <gpxtpx:cad>50</gpxtpx:cad>
     </gpxtpx:TrackPointExtension>
    </extensions>
   </trkpt>
   <trkpt lat="46.4432160" lon="12.1255040">
    <ele>2029.6</ele>
    <time>2024-06-02T10:44:18Z</time>
    <extensions>
     <gpxtpx:TrackPointExtension>
      <gpxtpx:atemp>23</gpxtpx:atemp>
      <gpxtpx:hr>120</gpxtpx:hr>
      <gpxtpx:cad>50</gpxtpx:cad>
     </gpxtpx:TrackPointExtension>
    </extensions>
   </trkpt>
   <trkpt lat="46.4432840" lon="12.1255400">
    <ele>2029.8</ele>
    <time>2024-06-02T10:44:23Z</time>
    <extensions>
     <gpxtpx:TrackPointExtension>
      <gpxtpx:atemp>23</gpxtpx:atemp>
      <gpxtpx:hr>119</gpxtpx:hr>
      <gpxtpx:cad>50</gpxtpx:cad>
     </gpxtpx:TrackPointExtension>
    </extensions>
   </trkpt>
   <trkpt lat="46.4433260" lon="12.1254950">
    <ele>2030.0</ele>
    <time>2024-06-02T10:44:29Z</time>
    <extensions>
     <gpxtpx:TrackPointExtension>
      <gpxtpx:atemp>23</gpxtpx:atemp>
      <gpxtpx:hr>116</gpxtpx:hr>
      <gpxtpx:cad>48</gpxtpx:cad>
     </gpxtpx:TrackPointExtension>
    </extensions>
   </trkpt>
   <trkpt lat="46.4433370" lon="12.1254890">
    <ele>2030.0</ele>
    <time>2024-06-02T10:44:30Z</time>
    <extensions>
     <gpxtpx:TrackPointExtension>
      <gpxtpx:atemp>23</gpxtpx:atemp>
      <gpxtpx:hr>118</gpxtpx:hr>
      <gpxtpx:cad>48</gpxtpx:cad>
     </gpxtpx:TrackPointExtension>
    </extensions>
   </trkpt>
   <trkpt lat="46.4433720" lon="12.1255170">
    <ele>2030.0</ele>
    <time>2024-06-02T10:44:35Z</time>
    <extensions>
     <gpxtpx:TrackPointExtension>
      <gpxtpx:atemp>22</gpxtpx:atemp>
      <gpxtpx:hr>121</gpxtpx:hr>
      <gpxtpx:cad>50</gpxtpx:cad>
     </gpxtpx:TrackPointExtension>
    </extensions>
   </trkpt>
   <trkpt lat="46.4433900" lon="12.1255260">
    <ele>2030.0</ele>
    <time>2024-06-02T10:44:36Z</time>
    <extensions>
     <gpxtpx:TrackPointExtension>
      <gpxtpx:atemp>22</gpxtpx:atemp>
      <gpxtpx:hr>117</gpxtpx:hr>
      <gpxtpx:cad>49</gpxtpx:cad>
     </gpxtpx:TrackPointExtension>
    </extensions>
   </trkpt>
   <trkpt lat="46.4434020" lon="12.1255260">
    <ele>2030.0</ele>
    <time>2024-06-02T10:44:37Z</time>
    <extensions>
     <gpxtpx:TrackPointExtension>
      <gpxtpx:atemp>22</gpxtpx:atemp>
      <gpxtpx:hr>117</gpxtpx:hr>
      <gpxtpx:cad>49</gpxtpx:cad>
     </gpxtpx:TrackPointExtension>
    </extensions>
   </trkpt>
   <trkpt lat="46.4434230" lon="12.1255710">
    <ele>2030.0</ele>
    <time>2024-06-02T10:44:43Z</time>
    <extensions>
     <gpxtpx:TrackPointExtension>
      <gpxtpx:atemp>22</gpxtpx:atemp>
      <gpxtpx:hr>116</gpxtpx:hr>
      <gpxtpx:cad>0</gpxtpx:cad>
     </gpxtpx:TrackPointExtension>
    </extensions>
   </trkpt>
   <trkpt lat="46.4434230" lon="12.1255730">
    <ele>2029.8</ele>
    <time>2024-06-02T10:44:46Z</time>
    <extensions>
     <gpxtpx:TrackPointExtension>
      <gpxtpx:atemp>22</gpxtpx:atemp>
      <gpxtpx:hr>113</gpxtpx:hr>
      <gpxtpx:cad>0</gpxtpx:cad>
     </gpxtpx:TrackPointExtension>
    </extensions>
   </trkpt>
   <trkpt lat="46.4434240" lon="12.1255770">
    <ele>2029.4</ele>
    <time>2024-06-02T10:45:02Z</time>
    <extensions>
     <gpxtpx:TrackPointExtension>
      <gpxtpx:atemp>22</gpxtpx:atemp>
      <gpxtpx:hr>110</gpxtpx:hr>
      <gpxtpx:cad>0</gpxtpx:cad>
     </gpxtpx:TrackPointExtension>
    </extensions>
   </trkpt>
   <trkpt lat="46.4434230" lon="12.1255760">
    <ele>2029.4</ele>
    <time>2024-06-02T10:45:05Z</time>
    <extensions>
     <gpxtpx:TrackPointExtension>
      <gpxtpx:atemp>22</gpxtpx:atemp>
      <gpxtpx:hr>107</gpxtpx:hr>
      <gpxtpx:cad>0</gpxtpx:cad>
     </gpxtpx:TrackPointExtension>
    </extensions>
   </trkpt>
   <trkpt lat="46.4434230" lon="12.1255750">
    <ele>2029.6</ele>
    <time>2024-06-02T10:45:08Z</time>
    <extensions>
     <gpxtpx:TrackPointExtension>
      <gpxtpx:atemp>22</gpxtpx:atemp>
      <gpxtpx:hr>104</gpxtpx:hr>
      <gpxtpx:cad>0</gpxtpx:cad>
     </gpxtpx:TrackPointExtension>
    </extensions>
   </trkpt>
   <trkpt lat="46.4434230" lon="12.1255730">
    <ele>2029.6</ele>
    <time>2024-06-02T10:45:11Z</time>
    <extensions>
     <gpxtpx:TrackPointExtension>
      <gpxtpx:atemp>22</gpxtpx:atemp>
      <gpxtpx:hr>101</gpxtpx:hr>
      <gpxtpx:cad>0</gpxtpx:cad>
     </gpxtpx:TrackPointExtension>
    </extensions>
   </trkpt>
   <trkpt lat="46.4434240" lon="12.1255760">
    <ele>2029.4</ele>
    <time>2024-06-02T10:45:21Z</time>
    <extensions>
     <gpxtpx:TrackPointExtension>
      <gpxtpx:atemp>22</gpxtpx:atemp>
      <gpxtpx:hr>98</gpxtpx:hr>
      <gpxtpx:cad>0</gpxtpx:cad>
     </gpxtpx:TrackPointExtension>
    </extensions>
   </trkpt>
   <trkpt lat="46.4434390" lon="12.1255760">
    <ele>2029.0</ele>
    <time>2024-06-02T10:45:26Z</time>
    <extensions>
     <gpxtpx:TrackPointExtension>
      <gpxtpx:atemp>22</gpxtpx:atemp>
      <gpxtpx:hr>95</gpxtpx:hr>
      <gpxtpx:cad>0</gpxtpx:cad>
     </gpxtpx:TrackPointExtension>
    </extensions>
   </trkpt>
   <trkpt lat="46.4434010" lon="12.1256440">
    <ele>2029.8</ele>
    <time>2024-06-02T10:46:25Z</time>
    <extensions>
     <gpxtpx:TrackPointExtension>
      <gpxtpx:atemp>22</gpxtpx:atemp>
      <gpxtpx:hr>96</gpxtpx:hr>
      <gpxtpx:cad>0</gpxtpx:cad>
     </gpxtpx:TrackPointExtension>
    </extensions>
   </trkpt>
   <trkpt lat="46.4433710" lon="12.1256300">
    <ele>2029.8</ele>
    <time>2024-06-02T10:46:33Z</time>
    <extensions>
     <gpxtpx:TrackPointExtension>
      <gpxtpx:atemp>22</gpxtpx:atemp>
      <gpxtpx:hr>98</gpxtpx:hr>
      <gpxtpx:cad>0</gpxtpx:cad>
     </gpxtpx:TrackPointExtension>
    </extensions>
   </trkpt>
   <trkpt lat="46.4433960" lon="12.1256260">
    <ele>2029.8</ele>
    <time>2024-06-02T10:46:36Z</time>
    <extensions>
     <gpxtpx:TrackPointExtension>
      <gpxtpx:atemp>22</gpxtpx:atemp>
      <gpxtpx:hr>94</gpxtpx:hr>
      <gpxtpx:cad>47</gpxtpx:cad>
     </gpxtpx:TrackPointExtension>
    </extensions>
   </trkpt>
   <trkpt lat="46.4434220" lon="12.1256350">
    <ele>2029.6</ele>
    <time>2024-06-02T10:46:37Z</time>
    <extensions>
     <gpxtpx:TrackPointExtension>
      <gpxtpx:atemp>22</gpxtpx:atemp>
      <gpxtpx:hr>94</gpxtpx:hr>
      <gpxtpx:cad>50</gpxtpx:cad>
     </gpxtpx:TrackPointExtension>
    </extensions>
   </trkpt>
   <trkpt lat="46.4434410" lon="12.1256410">
    <ele>2029.6</ele>
    <time>2024-06-02T10:46:38Z</time>
    <extensions>
     <gpxtpx:TrackPointExtension>
      <gpxtpx:atemp>22</gpxtpx:atemp>
      <gpxtpx:hr>97</gpxtpx:hr>
      <gpxtpx:cad>50</gpxtpx:cad>
     </gpxtpx:TrackPointExtension>
    </extensions>
   </trkpt>
   <trkpt lat="46.4434520" lon="12.1256860">
    <ele>2029.0</ele>
    <time>2024-06-02T10:46:43Z</time>
    <extensions>
     <gpxtpx:TrackPointExtension>
      <gpxtpx:atemp>22</gpxtpx:atemp>
      <gpxtpx:hr>99</gpxtpx:hr>
      <gpxtpx:cad>67</gpxtpx:cad>
     </gpxtpx:TrackPointExtension>
    </extensions>
   </trkpt>
   <trkpt lat="46.4434570" lon="12.1257090">
    <ele>2029.2</ele>
    <time>2024-06-02T10:46:48Z</time>
    <extensions>
     <gpxtpx:TrackPointExtension>
      <gpxtpx:atemp>22</gpxtpx:atemp>
      <gpxtpx:hr>98</gpxtpx:hr>
      <gpxtpx:cad>0</gpxtpx:cad>
     </gpxtpx:TrackPointExtension>
    </extensions>
   </trkpt>
   <trkpt lat="46.4434580" lon="12.1257100">
    <ele>2028.8</ele>
    <time>2024-06-02T10:46:58Z</time>
    <extensions>
     <gpxtpx:TrackPointExtension>
      <gpxtpx:atemp>22</gpxtpx:atemp>
      <gpxtpx:hr>99</gpxtpx:hr>
      <gpxtpx:cad>0</gpxtpx:cad>
     </gpxtpx:TrackPointExtension>
    </extensions>
   </trkpt>
   <trkpt lat="46.4434580" lon="12.1257100">
    <ele>2028.6</ele>
    <time>2024-06-02T10:47:01Z</time>
    <extensions>
     <gpxtpx:TrackPointExtension>
      <gpxtpx:atemp>22</gpxtpx:atemp>
      <gpxtpx:hr>102</gpxtpx:hr>
      <gpxtpx:cad>0</gpxtpx:cad>
     </gpxtpx:TrackPointExtension>
    </extensions>
   </trkpt>
   <trkpt lat="46.4434720" lon="12.1257170">
    <ele>2028.8</ele>
    <time>2024-06-02T10:47:20Z</time>
    <extensions>
     <gpxtpx:TrackPointExtension>
      <gpxtpx:atemp>22</gpxtpx:atemp>
      <gpxtpx:hr>102</gpxtpx:hr>
      <gpxtpx:cad>0</gpxtpx:cad>
     </gpxtpx:TrackPointExtension>
    </extensions>
   </trkpt>
   <trkpt lat="46.4434850" lon="12.1257290">
    <ele>2028.8</ele>
    <time>2024-06-02T10:47:26Z</time>
    <extensions>
     <gpxtpx:TrackPointExtension>
      <gpxtpx:atemp>22</gpxtpx:atemp>
      <gpxtpx:hr>99</gpxtpx:hr>
      <gpxtpx:cad>0</gpxtpx:cad>
     </gpxtpx:TrackPointExtension>
    </extensions>
   </trkpt>
   <trkpt lat="46.4434860" lon="12.1257270">
    <ele>2028.8</ele>
    <time>2024-06-02T10:47:27Z</time>
    <extensions>
     <gpxtpx:TrackPointExtension>
      <gpxtpx:atemp>22</gpxtpx:atemp>
      <gpxtpx:hr>99</gpxtpx:hr>
      <gpxtpx:cad>0</gpxtpx:cad>
     </gpxtpx:TrackPointExtension>
    </extensions>
   </trkpt>
   <trkpt lat="46.4434660" lon="12.1257180">
    <ele>2028.8</ele>
    <time>2024-06-02T10:47:31Z</time>
    <extensions>
     <gpxtpx:TrackPointExtension>
      <gpxtpx:atemp>22</gpxtpx:atemp>
      <gpxtpx:hr>102</gpxtpx:hr>
      <gpxtpx:cad>0</gpxtpx:cad>
     </gpxtpx:TrackPointExtension>
    </extensions>
   </trkpt>
   <trkpt lat="46.4434620" lon="12.1257150">
    <ele>2028.8</ele>
    <time>2024-06-02T10:47:32Z</time>
    <extensions>
     <gpxtpx:TrackPointExtension>
      <gpxtpx:atemp>22</gpxtpx:atemp>
      <gpxtpx:hr>101</gpxtpx:hr>
      <gpxtpx:cad>0</gpxtpx:cad>
     </gpxtpx:TrackPointExtension>
    </extensions>
   </trkpt>
   <trkpt lat="46.4434580" lon="12.1257120">
    <ele>2028.8</ele>
    <time>2024-06-02T10:47:33Z</time>
    <extensions>
     <gpxtpx:TrackPointExtension>
      <gpxtpx:atemp>22</gpxtpx:atemp>
      <gpxtpx:hr>101</gpxtpx:hr>
      <gpxtpx:cad>0</gpxtpx:cad>
     </gpxtpx:TrackPointExtension>
    </extensions>
   </trkpt>
   <trkpt lat="46.4434430" lon="12.1257200">
    <ele>2029.0</ele>
    <time>2024-06-02T10:47:41Z</time>
    <extensions>
     <gpxtpx:TrackPointExtension>
      <gpxtpx:atemp>22</gpxtpx:atemp>
      <gpxtpx:hr>103</gpxtpx:hr>
      <gpxtpx:cad>0</gpxtpx:cad>
     </gpxtpx:TrackPointExtension>
    </extensions>
   </trkpt>
   <trkpt lat="46.4434430" lon="12.1257200">
    <ele>2029.0</ele>
    <time>2024-06-02T10:47:42Z</time>
    <extensions>
     <gpxtpx:TrackPointExtension>
      <gpxtpx:atemp>22</gpxtpx:atemp>
      <gpxtpx:hr>106</gpxtpx:hr>
      <gpxtpx:cad>0</gpxtpx:cad>
     </gpxtpx:TrackPointExtension>
    </extensions>
   </trkpt>
   <trkpt lat="46.4434430" lon="12.1257200">
    <ele>2029.0</ele>
    <time>2024-06-02T10:47:44Z</time>
    <extensions>
     <gpxtpx:TrackPointExtension>
      <gpxtpx:atemp>22</gpxtpx:atemp>
      <gpxtpx:hr>103</gpxtpx:hr>
      <gpxtpx:cad>0</gpxtpx:cad>
     </gpxtpx:TrackPointExtension>
    </extensions>
   </trkpt>
   <trkpt lat="46.4434430" lon="12.1257200">
    <ele>2028.8</ele>
    <time>2024-06-02T10:47:54Z</time>
    <extensions>
     <gpxtpx:TrackPointExtension>
      <gpxtpx:atemp>22</gpxtpx:atemp>
      <gpxtpx:hr>106</gpxtpx:hr>
      <gpxtpx:cad>0</gpxtpx:cad>
     </gpxtpx:TrackPointExtension>
    </extensions>
   </trkpt>
   <trkpt lat="46.4434430" lon="12.1257030">
    <ele>2029.2</ele>
    <time>2024-06-02T10:48:18Z</time>
    <extensions>
     <gpxtpx:TrackPointExtension>
      <gpxtpx:atemp>22</gpxtpx:atemp>
      <gpxtpx:hr>109</gpxtpx:hr>
      <gpxtpx:cad>0</gpxtpx:cad>
     </gpxtpx:TrackPointExtension>
    </extensions>
   </trkpt>
   <trkpt lat="46.4434430" lon="12.1257030">
    <ele>2029.2</ele>
    <time>2024-06-02T10:48:20Z</time>
    <extensions>
     <gpxtpx:TrackPointExtension>
      <gpxtpx:atemp>22</gpxtpx:atemp>
      <gpxtpx:hr>106</gpxtpx:hr>
      <gpxtpx:cad>0</gpxtpx:cad>
     </gpxtpx:TrackPointExtension>
    </extensions>
   </trkpt>
   <trkpt lat="46.4434430" lon="12.1257030">
    <ele>2029.2</ele>
    <time>2024-06-02T10:48:24Z</time>
    <extensions>
     <gpxtpx:TrackPointExtension>
      <gpxtpx:atemp>22</gpxtpx:atemp>
      <gpxtpx:hr>109</gpxtpx:hr>
      <gpxtpx:cad>0</gpxtpx:cad>
     </gpxtpx:TrackPointExtension>
    </extensions>
   </trkpt>
   <trkpt lat="46.4434420" lon="12.1257030">
    <ele>2029.2</ele>
    <time>2024-06-02T10:48:30Z</time>
    <extensions>
     <gpxtpx:TrackPointExtension>
      <gpxtpx:atemp>22</gpxtpx:atemp>
      <gpxtpx:hr>104</gpxtpx:hr>
      <gpxtpx:cad>0</gpxtpx:cad>
     </gpxtpx:TrackPointExtension>
    </extensions>
   </trkpt>
   <trkpt lat="46.4434600" lon="12.1257100">
    <ele>2029.2</ele>
    <time>2024-06-02T10:48:36Z</time>
    <extensions>
     <gpxtpx:TrackPointExtension>
      <gpxtpx:atemp>22</gpxtpx:atemp>
      <gpxtpx:hr>100</gpxtpx:hr>
      <gpxtpx:cad>0</gpxtpx:cad>
     </gpxtpx:TrackPointExtension>
    </extensions>
   </trkpt>
   <trkpt lat="46.4435010" lon="12.1257150">
    <ele>2029.0</ele>
    <time>2024-06-02T10:48:38Z</time>
    <extensions>
     <gpxtpx:TrackPointExtension>
      <gpxtpx:atemp>22</gpxtpx:atemp>
      <gpxtpx:hr>98</gpxtpx:hr>
      <gpxtpx:cad>49</gpxtpx:cad>
     </gpxtpx:TrackPointExtension>
    </extensions>
   </trkpt>
   <trkpt lat="46.4436000" lon="12.1257330">
    <ele>2028.8</ele>
    <time>2024-06-02T10:48:45Z</time>
    <extensions>
     <gpxtpx:TrackPointExtension>
      <gpxtpx:atemp>22</gpxtpx:atemp>
      <gpxtpx:hr>96</gpxtpx:hr>
      <gpxtpx:cad>48</gpxtpx:cad>
     </gpxtpx:TrackPointExtension>
    </extensions>
   </trkpt>
   <trkpt lat="46.4437170" lon="12.1257470">
    <ele>2029.0</ele>
    <time>2024-06-02T10:48:55Z</time>
    <extensions>
     <gpxtpx:TrackPointExtension>
      <gpxtpx:atemp>22</gpxtpx:atemp>
      <gpxtpx:hr>95</gpxtpx:hr>
      <gpxtpx:cad>48</gpxtpx:cad>
     </gpxtpx:TrackPointExtension>
    </extensions>
   </trkpt>
   <trkpt lat="46.4438040" lon="12.1257330">
    <ele>2029.6</ele>
    <time>2024-06-02T10:49:03Z</time>
    <extensions>
     <gpxtpx:TrackPointExtension>
      <gpxtpx:atemp>22</gpxtpx:atemp>
      <gpxtpx:hr>96</gpxtpx:hr>
      <gpxtpx:cad>50</gpxtpx:cad>
     </gpxtpx:TrackPointExtension>
    </extensions>
   </trkpt>
   <trkpt lat="46.4438210" lon="12.1257190">
    <ele>2029.8</ele>
    <time>2024-06-02T10:49:05Z</time>
    <extensions>
     <gpxtpx:TrackPointExtension>
      <gpxtpx:atemp>22</gpxtpx:atemp>
      <gpxtpx:hr>96</gpxtpx:hr>
      <gpxtpx:cad>48</gpxtpx:cad>
     </gpxtpx:TrackPointExtension>
    </extensions>
   </trkpt>
   <trkpt lat="46.4438930" lon="12.1257950">
    <ele>2030.0</ele>
    <time>2024-06-02T10:49:11Z</time>
    <extensions>
     <gpxtpx:TrackPointExtension>
      <gpxtpx:atemp>22</gpxtpx:atemp>
      <gpxtpx:hr>99</gpxtpx:hr>
      <gpxtpx:cad>47</gpxtpx:cad>
     </gpxtpx:TrackPointExtension>
    </extensions>
   </trkpt>
   <trkpt lat="46.4439320" lon="12.1257920">
    <ele>2030.2</ele>
    <time>2024-06-02T10:49:15Z</time>
    <extensions>
     <gpxtpx:TrackPointExtension>
      <gpxtpx:atemp>22</gpxtpx:atemp>
      <gpxtpx:hr>101</gpxtpx:hr>
      <gpxtpx:cad>48</gpxtpx:cad>
     </gpxtpx:TrackPointExtension>
    </extensions>
   </trkpt>
   <trkpt lat="46.4440140" lon="12.1258280">
    <ele>2030.6</ele>
    <time>2024-06-02T10:49:21Z</time>
    <extensions>
     <gpxtpx:TrackPointExtension>
      <gpxtpx:atemp>22</gpxtpx:atemp>
      <gpxtpx:hr>103</gpxtpx:hr>
      <gpxtpx:cad>49</gpxtpx:cad>
     </gpxtpx:TrackPointExtension>
    </extensions>
   </trkpt>
   <trkpt lat="46.4440520" lon="12.1258320">
    <ele>2031.0</ele>
    <time>2024-06-02T10:49:25Z</time>
    <extensions>
     <gpxtpx:TrackPointExtension>
      <gpxtpx:atemp>22</gpxtpx:atemp>
      <gpxtpx:hr>104</gpxtpx:hr>
      <gpxtpx:cad>48</gpxtpx:cad>
     </gpxtpx:TrackPointExtension>
    </extensions>
   </trkpt>
   <trkpt lat="46.4441040" lon="12.1258370">
    <ele>2031.2</ele>
    <time>2024-06-02T10:49:30Z</time>
    <extensions>
     <gpxtpx:TrackPointExtension>
      <gpxtpx:atemp>22</gpxtpx:atemp>
      <gpxtpx:hr>107</gpxtpx:hr>
      <gpxtpx:cad>48</gpxtpx:cad>
     </gpxtpx:TrackPointExtension>
    </extensions>
   </trkpt>
   <trkpt lat="46.4441490" lon="12.1258400">
    <ele>2031.4</ele>
    <time>2024-06-02T10:49:34Z</time>
    <extensions>
     <gpxtpx:TrackPointExtension>
      <gpxtpx:atemp>22</gpxtpx:atemp>
      <gpxtpx:hr>111</gpxtpx:hr>
      <gpxtpx:cad>49</gpxtpx:cad>
     </gpxtpx:TrackPointExtension>
    </extensions>
   </trkpt>
   <trkpt lat="46.4441580" lon="12.1258410">
    <ele>2031.6</ele>
    <time>2024-06-02T10:49:35Z</time>
    <extensions>
     <gpxtpx:TrackPointExtension>
      <gpxtpx:atemp>22</gpxtpx:atemp>
      <gpxtpx:hr>108</gpxtpx:hr>
      <gpxtpx:cad>49</gpxtpx:cad>
     </gpxtpx:TrackPointExtension>
    </extensions>
   </trkpt>
   <trkpt lat="46.4441880" lon="12.1258460">
    <ele>2031.8</ele>
    <time>2024-06-02T10:49:37Z</time>
    <extensions>
     <gpxtpx:TrackPointExtension>
      <gpxtpx:atemp>22</gpxtpx:atemp>
      <gpxtpx:hr>109</gpxtpx:hr>
      <gpxtpx:cad>49</gpxtpx:cad>
     </gpxtpx:TrackPointExtension>
    </extensions>
   </trkpt>
   <trkpt lat="46.4442180" lon="12.1258440">
    <ele>2031.8</ele>
    <time>2024-06-02T10:49:40Z</time>
    <extensions>
     <gpxtpx:TrackPointExtension>
      <gpxtpx:atemp>22</gpxtpx:atemp>
      <gpxtpx:hr>110</gpxtpx:hr>
      <gpxtpx:cad>49</gpxtpx:cad>
     </gpxtpx:TrackPointExtension>
    </extensions>
   </trkpt>
   <trkpt lat="46.4442650" lon="12.1258470">
    <ele>2032.4</ele>
    <time>2024-06-02T10:49:44Z</time>
    <extensions>
     <gpxtpx:TrackPointExtension>
      <gpxtpx:atemp>22</gpxtpx:atemp>
      <gpxtpx:hr>111</gpxtpx:hr>
      <gpxtpx:cad>50</gpxtpx:cad>
     </gpxtpx:TrackPointExtension>
    </extensions>
   </trkpt>
   <trkpt lat="46.4443170" lon="12.1258520">
    <ele>2032.8</ele>
    <time>2024-06-02T10:49:48Z</time>
    <extensions>
     <gpxtpx:TrackPointExtension>
      <gpxtpx:atemp>22</gpxtpx:atemp>
      <gpxtpx:hr>112</gpxtpx:hr>
      <gpxtpx:cad>49</gpxtpx:cad>
     </gpxtpx:TrackPointExtension>
    </extensions>
   </trkpt>
   <trkpt lat="46.4443830" lon="12.1258510">
    <ele>2033.4</ele>
    <time>2024-06-02T10:49:54Z</time>
    <extensions>
     <gpxtpx:TrackPointExtension>
      <gpxtpx:atemp>22</gpxtpx:atemp>
      <gpxtpx:hr>113</gpxtpx:hr>
      <gpxtpx:cad>49</gpxtpx:cad>
     </gpxtpx:TrackPointExtension>
    </extensions>
   </trkpt>
   <trkpt lat="46.4444090" lon="12.1258630">
    <ele>2033.8</ele>
    <time>2024-06-02T10:49:57Z</time>
    <extensions>
     <gpxtpx:TrackPointExtension>
      <gpxtpx:atemp>22</gpxtpx:atemp>
      <gpxtpx:hr>114</gpxtpx:hr>
      <gpxtpx:cad>49</gpxtpx:cad>
     </gpxtpx:TrackPointExtension>
    </extensions>
   </trkpt>
   <trkpt lat="46.4444950" lon="12.1258890">
    <ele>2034.2</ele>
    <time>2024-06-02T10:50:04Z</time>
    <extensions>
     <gpxtpx:TrackPointExtension>
      <gpxtpx:atemp>22</gpxtpx:atemp>
      <gpxtpx:hr>114</gpxtpx:hr>
      <gpxtpx:cad>49</gpxtpx:cad>
     </gpxtpx:TrackPointExtension>
    </extensions>
   </trkpt>
   <trkpt lat="46.4446200" lon="12.1259030">
    <ele>2034.6</ele>
    <time>2024-06-02T10:50:14Z</time>
    <extensions>
     <gpxtpx:TrackPointExtension>
      <gpxtpx:atemp>22</gpxtpx:atemp>
      <gpxtpx:hr>114</gpxtpx:hr>
      <gpxtpx:cad>50</gpxtpx:cad>
     </gpxtpx:TrackPointExtension>
    </extensions>
   </trkpt>
   <trkpt lat="46.4447430" lon="12.1259530">
    <ele>2034.8</ele>
    <time>2024-06-02T10:50:24Z</time>
    <extensions>
     <gpxtpx:TrackPointExtension>
      <gpxtpx:atemp>22</gpxtpx:atemp>
      <gpxtpx:hr>114</gpxtpx:hr>
      <gpxtpx:cad>49</gpxtpx:cad>
     </gpxtpx:TrackPointExtension>
    </extensions>
   </trkpt>
   <trkpt lat="46.4448320" lon="12.1259590">
    <ele>2034.6</ele>
    <time>2024-06-02T10:50:32Z</time>
    <extensions>
     <gpxtpx:TrackPointExtension>
      <gpxtpx:atemp>22</gpxtpx:atemp>
      <gpxtpx:hr>114</gpxtpx:hr>
      <gpxtpx:cad>52</gpxtpx:cad>
     </gpxtpx:TrackPointExtension>
    </extensions>
   </trkpt>
   <trkpt lat="46.4449470" lon="12.1259880">
    <ele>2034.6</ele>
    <time>2024-06-02T10:50:42Z</time>
    <extensions>
     <gpxtpx:TrackPointExtension>
      <gpxtpx:atemp>22</gpxtpx:atemp>
      <gpxtpx:hr>114</gpxtpx:hr>
      <gpxtpx:cad>50</gpxtpx:cad>
     </gpxtpx:TrackPointExtension>
    </extensions>
   </trkpt>
   <trkpt lat="46.4450690" lon="12.1260360">
    <ele>2034.2</ele>
    <time>2024-06-02T10:50:52Z</time>
    <extensions>
     <gpxtpx:TrackPointExtension>
      <gpxtpx:atemp>22</gpxtpx:atemp>
      <gpxtpx:hr>113</gpxtpx:hr>
      <gpxtpx:cad>52</gpxtpx:cad>
     </gpxtpx:TrackPointExtension>
    </extensions>
   </trkpt>
   <trkpt lat="46.4451670" lon="12.1260900">
    <ele>2034.0</ele>
    <time>2024-06-02T10:51:00Z</time>
    <extensions>
     <gpxtpx:TrackPointExtension>
      <gpxtpx:atemp>22</gpxtpx:atemp>
      <gpxtpx:hr>112</gpxtpx:hr>
      <gpxtpx:cad>52</gpxtpx:cad>
     </gpxtpx:TrackPointExtension>
    </extensions>
   </trkpt>
   <trkpt lat="46.4452490" lon="12.1261780">
    <ele>2033.8</ele>
    <time>2024-06-02T10:51:08Z</time>
    <extensions>
     <gpxtpx:TrackPointExtension>
      <gpxtpx:atemp>22</gpxtpx:atemp>
      <gpxtpx:hr>109</gpxtpx:hr>
      <gpxtpx:cad>52</gpxtpx:cad>
     </gpxtpx:TrackPointExtension>
    </extensions>
   </trkpt>
   <trkpt lat="46.4452730" lon="12.1261980">
    <ele>2033.8</ele>
    <time>2024-06-02T10:51:11Z</time>
    <extensions>
     <gpxtpx:TrackPointExtension>
      <gpxtpx:atemp>22</gpxtpx:atemp>
      <gpxtpx:hr>110</gpxtpx:hr>
      <gpxtpx:cad>52</gpxtpx:cad>
     </gpxtpx:TrackPointExtension>
    </extensions>
   </trkpt>
   <trkpt lat="46.4453720" lon="12.1262730">
    <ele>2033.6</ele>
    <time>2024-06-02T10:51:19Z</time>
    <extensions>
     <gpxtpx:TrackPointExtension>
      <gpxtpx:atemp>22</gpxtpx:atemp>
      <gpxtpx:hr>111</gpxtpx:hr>
      <gpxtpx:cad>51</gpxtpx:cad>
     </gpxtpx:TrackPointExtension>
    </extensions>
   </trkpt>
   <trkpt lat="46.4454510" lon="12.1263270">
    <ele>2033.4</ele>
    <time>2024-06-02T10:51:26Z</time>
    <extensions>
     <gpxtpx:TrackPointExtension>
      <gpxtpx:atemp>22</gpxtpx:atemp>
      <gpxtpx:hr>109</gpxtpx:hr>
      <gpxtpx:cad>51</gpxtpx:cad>
     </gpxtpx:TrackPointExtension>
    </extensions>
   </trkpt>
   <trkpt lat="46.4455400" lon="12.1264120">
    <ele>2033.8</ele>
    <time>2024-06-02T10:51:35Z</time>
    <extensions>
     <gpxtpx:TrackPointExtension>
      <gpxtpx:atemp>22</gpxtpx:atemp>
      <gpxtpx:hr>108</gpxtpx:hr>
      <gpxtpx:cad>51</gpxtpx:cad>
     </gpxtpx:TrackPointExtension>
    </extensions>
   </trkpt>
   <trkpt lat="46.4456320" lon="12.1265010">
    <ele>2033.8</ele>
    <time>2024-06-02T10:51:44Z</time>
    <extensions>
     <gpxtpx:TrackPointExtension>
      <gpxtpx:atemp>22</gpxtpx:atemp>
      <gpxtpx:hr>106</gpxtpx:hr>
      <gpxtpx:cad>51</gpxtpx:cad>
     </gpxtpx:TrackPointExtension>
    </extensions>
   </trkpt>
   <trkpt lat="46.4456990" lon="12.1265540">
    <ele>2034.2</ele>
    <time>2024-06-02T10:51:50Z</time>
    <extensions>
     <gpxtpx:TrackPointExtension>
      <gpxtpx:atemp>22</gpxtpx:atemp>
      <gpxtpx:hr>109</gpxtpx:hr>
      <gpxtpx:cad>52</gpxtpx:cad>
     </gpxtpx:TrackPointExtension>
    </extensions>
   </trkpt>
   <trkpt lat="46.4457120" lon="12.1265670">
    <ele>2034.2</ele>
    <time>2024-06-02T10:51:51Z</time>
    <extensions>
     <gpxtpx:TrackPointExtension>
      <gpxtpx:atemp>22</gpxtpx:atemp>
      <gpxtpx:hr>106</gpxtpx:hr>
      <gpxtpx:cad>52</gpxtpx:cad>
     </gpxtpx:TrackPointExtension>
    </extensions>
   </trkpt>
   <trkpt lat="46.4457300" lon="12.1265790">
    <ele>2034.2</ele>
    <time>2024-06-02T10:51:52Z</time>
    <extensions>
     <gpxtpx:TrackPointExtension>
      <gpxtpx:atemp>22</gpxtpx:atemp>
      <gpxtpx:hr>106</gpxtpx:hr>
      <gpxtpx:cad>52</gpxtpx:cad>
     </gpxtpx:TrackPointExtension>
    </extensions>
   </trkpt>
   <trkpt lat="46.4458290" lon="12.1266590">
    <ele>2033.8</ele>
    <time>2024-06-02T10:52:00Z</time>
    <extensions>
     <gpxtpx:TrackPointExtension>
      <gpxtpx:atemp>22</gpxtpx:atemp>
      <gpxtpx:hr>107</gpxtpx:hr>
      <gpxtpx:cad>52</gpxtpx:cad>
     </gpxtpx:TrackPointExtension>
    </extensions>
   </trkpt>
   <trkpt lat="46.4458960" lon="12.1267110">
    <ele>2034.2</ele>
    <time>2024-06-02T10:52:06Z</time>
    <extensions>
     <gpxtpx:TrackPointExtension>
      <gpxtpx:atemp>22</gpxtpx:atemp>
      <gpxtpx:hr>110</gpxtpx:hr>
      <gpxtpx:cad>52</gpxtpx:cad>
     </gpxtpx:TrackPointExtension>
    </extensions>
   </trkpt>
   <trkpt lat="46.4459530" lon="12.1267510">
    <ele>2034.4</ele>
    <time>2024-06-02T10:52:11Z</time>
    <extensions>
     <gpxtpx:TrackPointExtension>
      <gpxtpx:atemp>22</gpxtpx:atemp>
      <gpxtpx:hr>109</gpxtpx:hr>
      <gpxtpx:cad>51</gpxtpx:cad>
     </gpxtpx:TrackPointExtension>
    </extensions>
   </trkpt>
   <trkpt lat="46.4460190" lon="12.1268140">
    <ele>2034.4</ele>
    <time>2024-06-02T10:52:17Z</time>
    <extensions>
     <gpxtpx:TrackPointExtension>
      <gpxtpx:atemp>22</gpxtpx:atemp>
      <gpxtpx:hr>106</gpxtpx:hr>
      <gpxtpx:cad>51</gpxtpx:cad>
     </gpxtpx:TrackPointExtension>
    </extensions>
   </trkpt>
   <trkpt lat="46.4460580" lon="12.1268390">
    <ele>2034.6</ele>
    <time>2024-06-02T10:52:20Z</time>
    <extensions>
     <gpxtpx:TrackPointExtension>
      <gpxtpx:atemp>22</gpxtpx:atemp>
      <gpxtpx:hr>103</gpxtpx:hr>
      <gpxtpx:cad>52</gpxtpx:cad>
     </gpxtpx:TrackPointExtension>
    </extensions>
   </trkpt>
   <trkpt lat="46.4461750" lon="12.1269080">
    <ele>2034.6</ele>
    <time>2024-06-02T10:52:30Z</time>
    <extensions>
     <gpxtpx:TrackPointExtension>
      <gpxtpx:atemp>22</gpxtpx:atemp>
      <gpxtpx:hr>98</gpxtpx:hr>
      <gpxtpx:cad>51</gpxtpx:cad>
     </gpxtpx:TrackPointExtension>
    </extensions>
   </trkpt>
   <trkpt lat="46.4461910" lon="12.1269140">
    <ele>2034.6</ele>
    <time>2024-06-02T10:52:31Z</time>
    <extensions>
     <gpxtpx:TrackPointExtension>
      <gpxtpx:atemp>22</gpxtpx:atemp>
      <gpxtpx:hr>100</gpxtpx:hr>
      <gpxtpx:cad>50</gpxtpx:cad>
     </gpxtpx:TrackPointExtension>
    </extensions>
   </trkpt>
   <trkpt lat="46.4462130" lon="12.1269290">
    <ele>2034.6</ele>
    <time>2024-06-02T10:52:33Z</time>
    <extensions>
     <gpxtpx:TrackPointExtension>
      <gpxtpx:atemp>22</gpxtpx:atemp>
      <gpxtpx:hr>103</gpxtpx:hr>
      <gpxtpx:cad>50</gpxtpx:cad>
     </gpxtpx:TrackPointExtension>
    </extensions>
   </trkpt>
   <trkpt lat="46.4462510" lon="12.1269480">
    <ele>2034.8</ele>
    <time>2024-06-02T10:52:36Z</time>
    <extensions>
     <gpxtpx:TrackPointExtension>
      <gpxtpx:atemp>22</gpxtpx:atemp>
      <gpxtpx:hr>103</gpxtpx:hr>
      <gpxtpx:cad>50</gpxtpx:cad>
     </gpxtpx:TrackPointExtension>
    </extensions>
   </trkpt>
   <trkpt lat="46.4463120" lon="12.1269430">
    <ele>2035.2</ele>
    <time>2024-06-02T10:52:41Z</time>
    <extensions>
     <gpxtpx:TrackPointExtension>
      <gpxtpx:atemp>22</gpxtpx:atemp>
      <gpxtpx:hr>102</gpxtpx:hr>
      <gpxtpx:cad>50</gpxtpx:cad>
     </gpxtpx:TrackPointExtension>
    </extensions>
   </trkpt>
   <trkpt lat="46.4463470" lon="12.1269470">
    <ele>2035.4</ele>
    <time>2024-06-02T10:52:44Z</time>
    <extensions>
     <gpxtpx:TrackPointExtension>
      <gpxtpx:atemp>22</gpxtpx:atemp>
      <gpxtpx:hr>105</gpxtpx:hr>
      <gpxtpx:cad>48</gpxtpx:cad>
     </gpxtpx:TrackPointExtension>
    </extensions>
   </trkpt>
   <trkpt lat="46.4463980" lon="12.1269910">
    <ele>2035.8</ele>
    <time>2024-06-02T10:52:48Z</time>
    <extensions>
     <gpxtpx:TrackPointExtension>
      <gpxtpx:atemp>22</gpxtpx:atemp>
      <gpxtpx:hr>108</gpxtpx:hr>
      <gpxtpx:cad>49</gpxtpx:cad>
     </gpxtpx:TrackPointExtension>
    </extensions>
   </trkpt>
   <trkpt lat="46.4464190" lon="12.1270120">
    <ele>2035.8</ele>
    <time>2024-06-02T10:52:50Z</time>
    <extensions>
     <gpxtpx:TrackPointExtension>
      <gpxtpx:atemp>22</gpxtpx:atemp>
      <gpxtpx:hr>109</gpxtpx:hr>
      <gpxtpx:cad>50</gpxtpx:cad>
     </gpxtpx:TrackPointExtension>
    </extensions>
   </trkpt>
   <trkpt lat="46.4464980" lon="12.1271610">
    <ele>2035.0</ele>
    <time>2024-06-02T10:53:00Z</time>
    <extensions>
     <gpxtpx:TrackPointExtension>
      <gpxtpx:atemp>22</gpxtpx:atemp>
      <gpxtpx:hr>108</gpxtpx:hr>
      <gpxtpx:cad>50</gpxtpx:cad>
     </gpxtpx:TrackPointExtension>
    </extensions>
   </trkpt>
   <trkpt lat="46.4465470" lon="12.1272760">
    <ele>2034.4</ele>
    <time>2024-06-02T10:53:07Z</time>
    <extensions>
     <gpxtpx:TrackPointExtension>
      <gpxtpx:atemp>22</gpxtpx:atemp>
      <gpxtpx:hr>111</gpxtpx:hr>
      <gpxtpx:cad>54</gpxtpx:cad>
     </gpxtpx:TrackPointExtension>
    </extensions>
   </trkpt>
   <trkpt lat="46.4465780" lon="12.1273180">
    <ele>2034.0</ele>
    <time>2024-06-02T10:53:10Z</time>
    <extensions>
     <gpxtpx:TrackPointExtension>
      <gpxtpx:atemp>22</gpxtpx:atemp>
      <gpxtpx:hr>111</gpxtpx:hr>
      <gpxtpx:cad>54</gpxtpx:cad>
     </gpxtpx:TrackPointExtension>
    </extensions>
   </trkpt>
   <trkpt lat="46.4466500" lon="12.1275180">
    <ele>2034.8</ele>
    <time>2024-06-02T10:53:21Z</time>
    <extensions>
     <gpxtpx:TrackPointExtension>
      <gpxtpx:atemp>21</gpxtpx:atemp>
      <gpxtpx:hr>113</gpxtpx:hr>
      <gpxtpx:cad>55</gpxtpx:cad>
     </gpxtpx:TrackPointExtension>
    </extensions>
   </trkpt>
   <trkpt lat="46.4467080" lon="12.1276530">
    <ele>2034.4</ele>
    <time>2024-06-02T10:53:29Z</time>
    <extensions>
     <gpxtpx:TrackPointExtension>
      <gpxtpx:atemp>21</gpxtpx:atemp>
      <gpxtpx:hr>116</gpxtpx:hr>
      <gpxtpx:cad>52</gpxtpx:cad>
     </gpxtpx:TrackPointExtension>
    </extensions>
   </trkpt>
   <trkpt lat="46.4467130" lon="12.1276670">
    <ele>2034.4</ele>
    <time>2024-06-02T10:53:30Z</time>
    <extensions>
     <gpxtpx:TrackPointExtension>
      <gpxtpx:atemp>21</gpxtpx:atemp>
      <gpxtpx:hr>116</gpxtpx:hr>
      <gpxtpx:cad>52</gpxtpx:cad>
     </gpxtpx:TrackPointExtension>
    </extensions>
   </trkpt>
   <trkpt lat="46.4467350" lon="12.1277240">
    <ele>2033.8</ele>
    <time>2024-06-02T10:53:33Z</time>
    <extensions>
     <gpxtpx:TrackPointExtension>
      <gpxtpx:atemp>21</gpxtpx:atemp>
      <gpxtpx:hr>116</gpxtpx:hr>
      <gpxtpx:cad>0</gpxtpx:cad>
     </gpxtpx:TrackPointExtension>
    </extensions>
   </trkpt>
   <trkpt lat="46.4467430" lon="12.1277430">
    <ele>2033.8</ele>
    <time>2024-06-02T10:53:34Z</time>
    <extensions>
     <gpxtpx:TrackPointExtension>
      <gpxtpx:atemp>21</gpxtpx:atemp>
      <gpxtpx:hr>116</gpxtpx:hr>
      <gpxtpx:cad>0</gpxtpx:cad>
     </gpxtpx:TrackPointExtension>
    </extensions>
   </trkpt>
   <trkpt lat="46.4467850" lon="12.1278410">
    <ele>2034.0</ele>
    <time>2024-06-02T10:53:40Z</time>
    <extensions>
     <gpxtpx:TrackPointExtension>
      <gpxtpx:atemp>21</gpxtpx:atemp>
      <gpxtpx:hr>115</gpxtpx:hr>
      <gpxtpx:cad>54</gpxtpx:cad>
     </gpxtpx:TrackPointExtension>
    </extensions>
   </trkpt>
   <trkpt lat="46.4468630" lon="12.1279830">
    <ele>2035.0</ele>
    <time>2024-06-02T10:53:50Z</time>
    <extensions>
     <gpxtpx:TrackPointExtension>
      <gpxtpx:atemp>21</gpxtpx:atemp>
      <gpxtpx:hr>113</gpxtpx:hr>
      <gpxtpx:cad>50</gpxtpx:cad>
     </gpxtpx:TrackPointExtension>
    </extensions>
   </trkpt>
   <trkpt lat="46.4468700" lon="12.1280020">
    <ele>2035.2</ele>
    <time>2024-06-02T10:53:51Z</time>
    <extensions>
     <gpxtpx:TrackPointExtension>
      <gpxtpx:atemp>21</gpxtpx:atemp>
      <gpxtpx:hr>113</gpxtpx:hr>
      <gpxtpx:cad>50</gpxtpx:cad>
     </gpxtpx:TrackPointExtension>
    </extensions>
   </trkpt>
   <trkpt lat="46.4469300" lon="12.1280990">
    <ele>2035.2</ele>
    <time>2024-06-02T10:54:01Z</time>
    <extensions>
     <gpxtpx:TrackPointExtension>
      <gpxtpx:atemp>21</gpxtpx:atemp>
      <gpxtpx:hr>113</gpxtpx:hr>
      <gpxtpx:cad>0</gpxtpx:cad>
     </gpxtpx:TrackPointExtension>
    </extensions>
   </trkpt>
   <trkpt lat="46.4469370" lon="12.1281020">
    <ele>2035.8</ele>
    <time>2024-06-02T10:54:10Z</time>
    <extensions>
     <gpxtpx:TrackPointExtension>
      <gpxtpx:atemp>21</gpxtpx:atemp>
      <gpxtpx:hr>111</gpxtpx:hr>
      <gpxtpx:cad>0</gpxtpx:cad>
     </gpxtpx:TrackPointExtension>
    </extensions>
   </trkpt>
   <trkpt lat="46.4469360" lon="12.1281020">
    <ele>2035.8</ele>
    <time>2024-06-02T10:54:21Z</time>
    <extensions>
     <gpxtpx:TrackPointExtension>
      <gpxtpx:atemp>20</gpxtpx:atemp>
      <gpxtpx:hr>108</gpxtpx:hr>
      <gpxtpx:cad>0</gpxtpx:cad>
     </gpxtpx:TrackPointExtension>
    </extensions>
   </trkpt>
   <trkpt lat="46.4469360" lon="12.1281020">
    <ele>2035.8</ele>
    <time>2024-06-02T10:54:25Z</time>
    <extensions>
     <gpxtpx:TrackPointExtension>
      <gpxtpx:atemp>20</gpxtpx:atemp>
      <gpxtpx:hr>105</gpxtpx:hr>
      <gpxtpx:cad>0</gpxtpx:cad>
     </gpxtpx:TrackPointExtension>
    </extensions>
   </trkpt>
   <trkpt lat="46.4469250" lon="12.1280790">
    <ele>2035.0</ele>
    <time>2024-06-02T10:54:48Z</time>
    <extensions>
     <gpxtpx:TrackPointExtension>
      <gpxtpx:atemp>20</gpxtpx:atemp>
      <gpxtpx:hr>102</gpxtpx:hr>
      <gpxtpx:cad>0</gpxtpx:cad>
     </gpxtpx:TrackPointExtension>
    </extensions>
   </trkpt>
   <trkpt lat="46.4469470" lon="12.1280570">
    <ele>2034.8</ele>
    <time>2024-06-02T10:54:56Z</time>
    <extensions>
     <gpxtpx:TrackPointExtension>
      <gpxtpx:atemp>20</gpxtpx:atemp>
      <gpxtpx:hr>101</gpxtpx:hr>
      <gpxtpx:cad>0</gpxtpx:cad>
     </gpxtpx:TrackPointExtension>
    </extensions>
   </trkpt>
   <trkpt lat="46.4469480" lon="12.1280650">
    <ele>2035.6</ele>
    <time>2024-06-02T10:55:01Z</time>
    <extensions>
     <gpxtpx:TrackPointExtension>
      <gpxtpx:atemp>21</gpxtpx:atemp>
      <gpxtpx:hr>101</gpxtpx:hr>
      <gpxtpx:cad>0</gpxtpx:cad>
     </gpxtpx:TrackPointExtension>
    </extensions>
   </trkpt>
   <trkpt lat="46.4469200" lon="12.1280700">
    <ele>2035.0</ele>
    <time>2024-06-02T10:55:06Z</time>
    <extensions>
     <gpxtpx:TrackPointExtension>
      <gpxtpx:atemp>21</gpxtpx:atemp>
      <gpxtpx:hr>100</gpxtpx:hr>
      <gpxtpx:cad>0</gpxtpx:cad>
     </gpxtpx:TrackPointExtension>
    </extensions>
   </trkpt>
   <trkpt lat="46.4469160" lon="12.1280560">
    <ele>2034.4</ele>
    <time>2024-06-02T10:55:12Z</time>
    <extensions>
     <gpxtpx:TrackPointExtension>
      <gpxtpx:atemp>21</gpxtpx:atemp>
      <gpxtpx:hr>98</gpxtpx:hr>
      <gpxtpx:cad>0</gpxtpx:cad>
     </gpxtpx:TrackPointExtension>
    </extensions>
   </trkpt>
   <trkpt lat="46.4469170" lon="12.1280570">
    <ele>2033.8</ele>
    <time>2024-06-02T10:55:26Z</time>
    <extensions>
     <gpxtpx:TrackPointExtension>
      <gpxtpx:atemp>21</gpxtpx:atemp>
      <gpxtpx:hr>96</gpxtpx:hr>
      <gpxtpx:cad>0</gpxtpx:cad>
     </gpxtpx:TrackPointExtension>
    </extensions>
   </trkpt>
   <trkpt lat="46.4469170" lon="12.1280570">
    <ele>2034.2</ele>
    <time>2024-06-02T10:55:32Z</time>
    <extensions>
     <gpxtpx:TrackPointExtension>
      <gpxtpx:atemp>21</gpxtpx:atemp>
      <gpxtpx:hr>93</gpxtpx:hr>
      <gpxtpx:cad>0</gpxtpx:cad>
     </gpxtpx:TrackPointExtension>
    </extensions>
   </trkpt>
   <trkpt lat="46.4469160" lon="12.1280560">
    <ele>2035.4</ele>
    <time>2024-06-02T10:55:38Z</time>
    <extensions>
     <gpxtpx:TrackPointExtension>
      <gpxtpx:atemp>21</gpxtpx:atemp>
      <gpxtpx:hr>90</gpxtpx:hr>
      <gpxtpx:cad>0</gpxtpx:cad>
     </gpxtpx:TrackPointExtension>
    </extensions>
   </trkpt>
   <trkpt lat="46.4469110" lon="12.1280540">
    <ele>2033.8</ele>
    <time>2024-06-02T10:55:42Z</time>
    <extensions>
     <gpxtpx:TrackPointExtension>
      <gpxtpx:atemp>20</gpxtpx:atemp>
      <gpxtpx:hr>89</gpxtpx:hr>
      <gpxtpx:cad>0</gpxtpx:cad>
     </gpxtpx:TrackPointExtension>
    </extensions>
   </trkpt>
   <trkpt lat="46.4469110" lon="12.1280510">
    <ele>2034.2</ele>
    <time>2024-06-02T10:55:52Z</time>
    <extensions>
     <gpxtpx:TrackPointExtension>
      <gpxtpx:atemp>20</gpxtpx:atemp>
      <gpxtpx:hr>86</gpxtpx:hr>
      <gpxtpx:cad>0</gpxtpx:cad>
     </gpxtpx:TrackPointExtension>
    </extensions>
   </trkpt>
   <trkpt lat="46.4469110" lon="12.1280510">
    <ele>2034.8</ele>
    <time>2024-06-02T10:55:56Z</time>
    <extensions>
     <gpxtpx:TrackPointExtension>
      <gpxtpx:atemp>20</gpxtpx:atemp>
      <gpxtpx:hr>88</gpxtpx:hr>
      <gpxtpx:cad>0</gpxtpx:cad>
     </gpxtpx:TrackPointExtension>
    </extensions>
   </trkpt>
   <trkpt lat="46.4469110" lon="12.1280510">
    <ele>2035.0</ele>
    <time>2024-06-02T10:55:57Z</time>
    <extensions>
     <gpxtpx:TrackPointExtension>
      <gpxtpx:atemp>20</gpxtpx:atemp>
      <gpxtpx:hr>88</gpxtpx:hr>
      <gpxtpx:cad>0</gpxtpx:cad>
     </gpxtpx:TrackPointExtension>
    </extensions>
   </trkpt>
   <trkpt lat="46.4469250" lon="12.1280510">
    <ele>2035.6</ele>
    <time>2024-06-02T10:56:03Z</time>
    <extensions>
     <gpxtpx:TrackPointExtension>
      <gpxtpx:atemp>20</gpxtpx:atemp>
      <gpxtpx:hr>91</gpxtpx:hr>
      <gpxtpx:cad>0</gpxtpx:cad>
     </gpxtpx:TrackPointExtension>
    </extensions>
   </trkpt>
   <trkpt lat="46.4469300" lon="12.1280470">
    <ele>2036.2</ele>
    <time>2024-06-02T10:56:06Z</time>
    <extensions>
     <gpxtpx:TrackPointExtension>
      <gpxtpx:atemp>20</gpxtpx:atemp>
      <gpxtpx:hr>92</gpxtpx:hr>
      <gpxtpx:cad>0</gpxtpx:cad>
     </gpxtpx:TrackPointExtension>
    </extensions>
   </trkpt>
   <trkpt lat="46.4469700" lon="12.1280150">
    <ele>2036.4</ele>
    <time>2024-06-02T10:56:09Z</time>
    <extensions>
     <gpxtpx:TrackPointExtension>
      <gpxtpx:atemp>20</gpxtpx:atemp>
      <gpxtpx:hr>93</gpxtpx:hr>
      <gpxtpx:cad>48</gpxtpx:cad>
     </gpxtpx:TrackPointExtension>
    </extensions>
   </trkpt>
   <trkpt lat="46.4470400" lon="12.1279600">
    <ele>2036.2</ele>
    <time>2024-06-02T10:56:14Z</time>
    <extensions>
     <gpxtpx:TrackPointExtension>
      <gpxtpx:atemp>20</gpxtpx:atemp>
      <gpxtpx:hr>96</gpxtpx:hr>
      <gpxtpx:cad>48</gpxtpx:cad>
     </gpxtpx:TrackPointExtension>
    </extensions>
   </trkpt>
   <trkpt lat="46.4470820" lon="12.1279280">
    <ele>2036.2</ele>
    <time>2024-06-02T10:56:17Z</time>
    <extensions>
     <gpxtpx:TrackPointExtension>
      <gpxtpx:atemp>20</gpxtpx:atemp>
      <gpxtpx:hr>95</gpxtpx:hr>
      <gpxtpx:cad>49</gpxtpx:cad>
     </gpxtpx:TrackPointExtension>
    </extensions>
   </trkpt>
   <trkpt lat="46.4471710" lon="12.1279020">
    <ele>2036.2</ele>
    <time>2024-06-02T10:56:25Z</time>
    <extensions>
     <gpxtpx:TrackPointExtension>
      <gpxtpx:atemp>20</gpxtpx:atemp>
      <gpxtpx:hr>94</gpxtpx:hr>
      <gpxtpx:cad>48</gpxtpx:cad>
     </gpxtpx:TrackPointExtension>
    </extensions>
   </trkpt>
   <trkpt lat="46.4472690" lon="12.1278880">
    <ele>2037.2</ele>
    <time>2024-06-02T10:56:34Z</time>
    <extensions>
     <gpxtpx:TrackPointExtension>
      <gpxtpx:atemp>20</gpxtpx:atemp>
      <gpxtpx:hr>95</gpxtpx:hr>
      <gpxtpx:cad>47</gpxtpx:cad>
     </gpxtpx:TrackPointExtension>
    </extensions>
   </trkpt>
   <trkpt lat="46.4473180" lon="12.1278810">
    <ele>2037.6</ele>
    <time>2024-06-02T10:56:38Z</time>
    <extensions>
     <gpxtpx:TrackPointExtension>
      <gpxtpx:atemp>20</gpxtpx:atemp>
      <gpxtpx:hr>97</gpxtpx:hr>
      <gpxtpx:cad>47</gpxtpx:cad>
     </gpxtpx:TrackPointExtension>
    </extensions>
   </trkpt>
   <trkpt lat="46.4473380" lon="12.1278850">
    <ele>2037.8</ele>
    <time>2024-06-02T10:56:40Z</time>
    <extensions>
     <gpxtpx:TrackPointExtension>
      <gpxtpx:atemp>20</gpxtpx:atemp>
      <gpxtpx:hr>100</gpxtpx:hr>
      <gpxtpx:cad>47</gpxtpx:cad>
     </gpxtpx:TrackPointExtension>
    </extensions>
   </trkpt>
   <trkpt lat="46.4473600" lon="12.1278740">
    <ele>2038.2</ele>
    <time>2024-06-02T10:56:43Z</time>
    <extensions>
     <gpxtpx:TrackPointExtension>
      <gpxtpx:atemp>20</gpxtpx:atemp>
      <gpxtpx:hr>105</gpxtpx:hr>
      <gpxtpx:cad>49</gpxtpx:cad>
     </gpxtpx:TrackPointExtension>
    </extensions>
   </trkpt>
   <trkpt lat="46.4473760" lon="12.1278690">
    <ele>2038.8</ele>
    <time>2024-06-02T10:56:45Z</time>
    <extensions>
     <gpxtpx:TrackPointExtension>
      <gpxtpx:atemp>20</gpxtpx:atemp>
      <gpxtpx:hr>108</gpxtpx:hr>
      <gpxtpx:cad>49</gpxtpx:cad>
     </gpxtpx:TrackPointExtension>
    </extensions>
   </trkpt>
   <trkpt lat="46.4473950" lon="12.1278710">
    <ele>2039.0</ele>
    <time>2024-06-02T10:56:47Z</time>
    <extensions>
     <gpxtpx:TrackPointExtension>
      <gpxtpx:atemp>20</gpxtpx:atemp>
      <gpxtpx:hr>108</gpxtpx:hr>
      <gpxtpx:cad>47</gpxtpx:cad>
     </gpxtpx:TrackPointExtension>
    </extensions>
   </trkpt>
   <trkpt lat="46.4474100" lon="12.1278710">
    <ele>2039.4</ele>
    <time>2024-06-02T10:56:49Z</time>
    <extensions>
     <gpxtpx:TrackPointExtension>
      <gpxtpx:atemp>20</gpxtpx:atemp>
      <gpxtpx:hr>109</gpxtpx:hr>
      <gpxtpx:cad>45</gpxtpx:cad>
     </gpxtpx:TrackPointExtension>
    </extensions>
   </trkpt>
   <trkpt lat="46.4474500" lon="12.1278700">
    <ele>2040.2</ele>
    <time>2024-06-02T10:56:53Z</time>
    <extensions>
     <gpxtpx:TrackPointExtension>
      <gpxtpx:atemp>20</gpxtpx:atemp>
      <gpxtpx:hr>111</gpxtpx:hr>
      <gpxtpx:cad>53</gpxtpx:cad>
     </gpxtpx:TrackPointExtension>
    </extensions>
   </trkpt>
   <trkpt lat="46.4474580" lon="12.1278710">
    <ele>2040.6</ele>
    <time>2024-06-02T10:56:54Z</time>
    <extensions>
     <gpxtpx:TrackPointExtension>
      <gpxtpx:atemp>20</gpxtpx:atemp>
      <gpxtpx:hr>112</gpxtpx:hr>
      <gpxtpx:cad>53</gpxtpx:cad>
     </gpxtpx:TrackPointExtension>
    </extensions>
   </trkpt>
   <trkpt lat="46.4474670" lon="12.1278690">
    <ele>2040.6</ele>
    <time>2024-06-02T10:56:55Z</time>
    <extensions>
     <gpxtpx:TrackPointExtension>
      <gpxtpx:atemp>20</gpxtpx:atemp>
      <gpxtpx:hr>117</gpxtpx:hr>
      <gpxtpx:cad>53</gpxtpx:cad>
     </gpxtpx:TrackPointExtension>
    </extensions>
   </trkpt>
   <trkpt lat="46.4474940" lon="12.1278690">
    <ele>2041.6</ele>
    <time>2024-06-02T10:56:58Z</time>
    <extensions>
     <gpxtpx:TrackPointExtension>
      <gpxtpx:atemp>20</gpxtpx:atemp>
      <gpxtpx:hr>120</gpxtpx:hr>
      <gpxtpx:cad>51</gpxtpx:cad>
     </gpxtpx:TrackPointExtension>
    </extensions>
   </trkpt>
   <trkpt lat="46.4475140" lon="12.1278690">
    <ele>2042.4</ele>
    <time>2024-06-02T10:57:00Z</time>
    <extensions>
     <gpxtpx:TrackPointExtension>
      <gpxtpx:atemp>20</gpxtpx:atemp>
      <gpxtpx:hr>125</gpxtpx:hr>
      <gpxtpx:cad>50</gpxtpx:cad>
     </gpxtpx:TrackPointExtension>
    </extensions>
   </trkpt>
   <trkpt lat="46.4475450" lon="12.1278660">
    <ele>2042.8</ele>
    <time>2024-06-02T10:57:03Z</time>
    <extensions>
     <gpxtpx:TrackPointExtension>
      <gpxtpx:atemp>20</gpxtpx:atemp>
      <gpxtpx:hr>128</gpxtpx:hr>
      <gpxtpx:cad>51</gpxtpx:cad>
     </gpxtpx:TrackPointExtension>
    </extensions>
   </trkpt>
   <trkpt lat="46.4475760" lon="12.1278790">
    <ele>2043.8</ele>
    <time>2024-06-02T10:57:06Z</time>
    <extensions>
     <gpxtpx:TrackPointExtension>
      <gpxtpx:atemp>20</gpxtpx:atemp>
      <gpxtpx:hr>130</gpxtpx:hr>
      <gpxtpx:cad>47</gpxtpx:cad>
     </gpxtpx:TrackPointExtension>
    </extensions>
   </trkpt>
   <trkpt lat="46.4475850" lon="12.1278850">
    <ele>2044.2</ele>
    <time>2024-06-02T10:57:07Z</time>
    <extensions>
     <gpxtpx:TrackPointExtension>
      <gpxtpx:atemp>20</gpxtpx:atemp>
      <gpxtpx:hr>131</gpxtpx:hr>
      <gpxtpx:cad>47</gpxtpx:cad>
     </gpxtpx:TrackPointExtension>
    </extensions>
   </trkpt>
   <trkpt lat="46.4476140" lon="12.1279000">
    <ele>2045.4</ele>
    <time>2024-06-02T10:57:10Z</time>
    <extensions>
     <gpxtpx:TrackPointExtension>
      <gpxtpx:atemp>20</gpxtpx:atemp>
      <gpxtpx:hr>131</gpxtpx:hr>
      <gpxtpx:cad>47</gpxtpx:cad>
     </gpxtpx:TrackPointExtension>
    </extensions>
   </trkpt>
   <trkpt lat="46.4476720" lon="12.1279310">
    <ele>2046.4</ele>
    <time>2024-06-02T10:57:16Z</time>
    <extensions>
     <gpxtpx:TrackPointExtension>
      <gpxtpx:atemp>20</gpxtpx:atemp>
      <gpxtpx:hr>132</gpxtpx:hr>
      <gpxtpx:cad>48</gpxtpx:cad>
     </gpxtpx:TrackPointExtension>
    </extensions>
   </trkpt>
   <trkpt lat="46.4477680" lon="12.1279830">
    <ele>2046.6</ele>
    <time>2024-06-02T10:57:24Z</time>
    <extensions>
     <gpxtpx:TrackPointExtension>
      <gpxtpx:atemp>20</gpxtpx:atemp>
      <gpxtpx:hr>134</gpxtpx:hr>
      <gpxtpx:cad>46</gpxtpx:cad>
     </gpxtpx:TrackPointExtension>
    </extensions>
   </trkpt>
   <trkpt lat="46.4477980" lon="12.1279930">
    <ele>2047.6</ele>
    <time>2024-06-02T10:57:27Z</time>
    <extensions>
     <gpxtpx:TrackPointExtension>
      <gpxtpx:atemp>20</gpxtpx:atemp>
      <gpxtpx:hr>136</gpxtpx:hr>
      <gpxtpx:cad>46</gpxtpx:cad>
     </gpxtpx:TrackPointExtension>
    </extensions>
   </trkpt>
   <trkpt lat="46.4478250" lon="12.1280010">
    <ele>2048.8</ele>
    <time>2024-06-02T10:57:31Z</time>
    <extensions>
     <gpxtpx:TrackPointExtension>
      <gpxtpx:atemp>20</gpxtpx:atemp>
      <gpxtpx:hr>137</gpxtpx:hr>
      <gpxtpx:cad>45</gpxtpx:cad>
     </gpxtpx:TrackPointExtension>
    </extensions>
   </trkpt>
   <trkpt lat="46.4479070" lon="12.1280470">
    <ele>2048.4</ele>
    <time>2024-06-02T10:57:39Z</time>
    <extensions>
     <gpxtpx:TrackPointExtension>
      <gpxtpx:atemp>20</gpxtpx:atemp>
      <gpxtpx:hr>136</gpxtpx:hr>
      <gpxtpx:cad>46</gpxtpx:cad>
     </gpxtpx:TrackPointExtension>
    </extensions>
   </trkpt>
   <trkpt lat="46.4479710" lon="12.1280710">
    <ele>2049.8</ele>
    <time>2024-06-02T10:57:46Z</time>
    <extensions>
     <gpxtpx:TrackPointExtension>
      <gpxtpx:atemp>20</gpxtpx:atemp>
      <gpxtpx:hr>134</gpxtpx:hr>
      <gpxtpx:cad>44</gpxtpx:cad>
     </gpxtpx:TrackPointExtension>
    </extensions>
   </trkpt>
   <trkpt lat="46.4479800" lon="12.1280670">
    <ele>2049.8</ele>
    <time>2024-06-02T10:57:47Z</time>
    <extensions>
     <gpxtpx:TrackPointExtension>
      <gpxtpx:atemp>20</gpxtpx:atemp>
      <gpxtpx:hr>134</gpxtpx:hr>
      <gpxtpx:cad>44</gpxtpx:cad>
     </gpxtpx:TrackPointExtension>
    </extensions>
   </trkpt>
   <trkpt lat="46.4480210" lon="12.1280950">
    <ele>2050.2</ele>
    <time>2024-06-02T10:57:52Z</time>
    <extensions>
     <gpxtpx:TrackPointExtension>
      <gpxtpx:atemp>20</gpxtpx:atemp>
      <gpxtpx:hr>131</gpxtpx:hr>
      <gpxtpx:cad>42</gpxtpx:cad>
     </gpxtpx:TrackPointExtension>
    </extensions>
   </trkpt>
   <trkpt lat="46.4480380" lon="12.1281050">
    <ele>2050.2</ele>
    <time>2024-06-02T10:57:54Z</time>
    <extensions>
     <gpxtpx:TrackPointExtension>
      <gpxtpx:atemp>20</gpxtpx:atemp>
      <gpxtpx:hr>131</gpxtpx:hr>
      <gpxtpx:cad>43</gpxtpx:cad>
     </gpxtpx:TrackPointExtension>
    </extensions>
   </trkpt>
   <trkpt lat="46.4480480" lon="12.1281130">
    <ele>2050.2</ele>
    <time>2024-06-02T10:57:55Z</time>
    <extensions>
     <gpxtpx:TrackPointExtension>
      <gpxtpx:atemp>20</gpxtpx:atemp>
      <gpxtpx:hr>131</gpxtpx:hr>
      <gpxtpx:cad>44</gpxtpx:cad>
     </gpxtpx:TrackPointExtension>
    </extensions>
   </trkpt>
   <trkpt lat="46.4480960" lon="12.1281310">
    <ele>2050.8</ele>
    <time>2024-06-02T10:58:00Z</time>
    <extensions>
     <gpxtpx:TrackPointExtension>
      <gpxtpx:atemp>20</gpxtpx:atemp>
      <gpxtpx:hr>130</gpxtpx:hr>
      <gpxtpx:cad>44</gpxtpx:cad>
     </gpxtpx:TrackPointExtension>
    </extensions>
   </trkpt>
   <trkpt lat="46.4481300" lon="12.1281240">
    <ele>2052.0</ele>
    <time>2024-06-02T10:58:04Z</time>
    <extensions>
     <gpxtpx:TrackPointExtension>
      <gpxtpx:atemp>20</gpxtpx:atemp>
      <gpxtpx:hr>127</gpxtpx:hr>
      <gpxtpx:cad>44</gpxtpx:cad>
     </gpxtpx:TrackPointExtension>
    </extensions>
   </trkpt>
   <trkpt lat="46.4481380" lon="12.1281260">
    <ele>2052.0</ele>
    <time>2024-06-02T10:58:05Z</time>
    <extensions>
     <gpxtpx:TrackPointExtension>
      <gpxtpx:atemp>20</gpxtpx:atemp>
      <gpxtpx:hr>128</gpxtpx:hr>
      <gpxtpx:cad>44</gpxtpx:cad>
     </gpxtpx:TrackPointExtension>
    </extensions>
   </trkpt>
   <trkpt lat="46.4481720" lon="12.1281200">
    <ele>2052.6</ele>
    <time>2024-06-02T10:58:09Z</time>
    <extensions>
     <gpxtpx:TrackPointExtension>
      <gpxtpx:atemp>20</gpxtpx:atemp>
      <gpxtpx:hr>125</gpxtpx:hr>
      <gpxtpx:cad>77</gpxtpx:cad>
     </gpxtpx:TrackPointExtension>
    </extensions>
   </trkpt>
   <trkpt lat="46.4481800" lon="12.1281150">
    <ele>2052.6</ele>
    <time>2024-06-02T10:58:10Z</time>
    <extensions>
     <gpxtpx:TrackPointExtension>
      <gpxtpx:atemp>20</gpxtpx:atemp>
      <gpxtpx:hr>122</gpxtpx:hr>
      <gpxtpx:cad>77</gpxtpx:cad>
     </gpxtpx:TrackPointExtension>
    </extensions>
   </trkpt>
   <trkpt lat="46.4481890" lon="12.1281090">
    <ele>2052.6</ele>
    <time>2024-06-02T10:58:11Z</time>
    <extensions>
     <gpxtpx:TrackPointExtension>
      <gpxtpx:atemp>20</gpxtpx:atemp>
      <gpxtpx:hr>124</gpxtpx:hr>
      <gpxtpx:cad>75</gpxtpx:cad>
     </gpxtpx:TrackPointExtension>
    </extensions>
   </trkpt>
   <trkpt lat="46.4481970" lon="12.1281060">
    <ele>2052.6</ele>
    <time>2024-06-02T10:58:12Z</time>
    <extensions>
     <gpxtpx:TrackPointExtension>
      <gpxtpx:atemp>20</gpxtpx:atemp>
      <gpxtpx:hr>120</gpxtpx:hr>
      <gpxtpx:cad>41</gpxtpx:cad>
     </gpxtpx:TrackPointExtension>
    </extensions>
   </trkpt>
   <trkpt lat="46.4482140" lon="12.1281050">
    <ele>2052.8</ele>
    <time>2024-06-02T10:58:14Z</time>
    <extensions>
     <gpxtpx:TrackPointExtension>
      <gpxtpx:atemp>20</gpxtpx:atemp>
      <gpxtpx:hr>119</gpxtpx:hr>
      <gpxtpx:cad>43</gpxtpx:cad>
     </gpxtpx:TrackPointExtension>
    </extensions>
   </trkpt>
   <trkpt lat="46.4482210" lon="12.1281090">
    <ele>2053.2</ele>
    <time>2024-06-02T10:58:15Z</time>
    <extensions>
     <gpxtpx:TrackPointExtension>
      <gpxtpx:atemp>20</gpxtpx:atemp>
      <gpxtpx:hr>119</gpxtpx:hr>
      <gpxtpx:cad>43</gpxtpx:cad>
     </gpxtpx:TrackPointExtension>
    </extensions>
   </trkpt>
   <trkpt lat="46.4482310" lon="12.1281160">
    <ele>2053.4</ele>
    <time>2024-06-02T10:58:20Z</time>
    <extensions>
     <gpxtpx:TrackPointExtension>
      <gpxtpx:atemp>20</gpxtpx:atemp>
      <gpxtpx:hr>119</gpxtpx:hr>
      <gpxtpx:cad>0</gpxtpx:cad>
     </gpxtpx:TrackPointExtension>
    </extensions>
   </trkpt>
   <trkpt lat="46.4482560" lon="12.1281190">
    <ele>2053.8</ele>
    <time>2024-06-02T10:58:26Z</time>
    <extensions>
     <gpxtpx:TrackPointExtension>
      <gpxtpx:atemp>20</gpxtpx:atemp>
      <gpxtpx:hr>118</gpxtpx:hr>
      <gpxtpx:cad>75</gpxtpx:cad>
     </gpxtpx:TrackPointExtension>
    </extensions>
   </trkpt>
   <trkpt lat="46.4482930" lon="12.1281220">
    <ele>2054.4</ele>
    <time>2024-06-02T10:58:30Z</time>
    <extensions>
     <gpxtpx:TrackPointExtension>
      <gpxtpx:atemp>20</gpxtpx:atemp>
      <gpxtpx:hr>117</gpxtpx:hr>
      <gpxtpx:cad>77</gpxtpx:cad>
     </gpxtpx:TrackPointExtension>
    </extensions>
   </trkpt>
   <trkpt lat="46.4483240" lon="12.1281270">
    <ele>2054.6</ele>
    <time>2024-06-02T10:58:33Z</time>
    <extensions>
     <gpxtpx:TrackPointExtension>
      <gpxtpx:atemp>20</gpxtpx:atemp>
      <gpxtpx:hr>114</gpxtpx:hr>
      <gpxtpx:cad>43</gpxtpx:cad>
     </gpxtpx:TrackPointExtension>
    </extensions>
   </trkpt>
   <trkpt lat="46.4483350" lon="12.1281240">
    <ele>2054.8</ele>
    <time>2024-06-02T10:58:34Z</time>
    <extensions>
     <gpxtpx:TrackPointExtension>
      <gpxtpx:atemp>20</gpxtpx:atemp>
      <gpxtpx:hr>115</gpxtpx:hr>
      <gpxtpx:cad>43</gpxtpx:cad>
     </gpxtpx:TrackPointExtension>
    </extensions>
   </trkpt>
   <trkpt lat="46.4483930" lon="12.1281300">
    <ele>2055.4</ele>
    <time>2024-06-02T10:58:40Z</time>
    <extensions>
     <gpxtpx:TrackPointExtension>
      <gpxtpx:atemp>20</gpxtpx:atemp>
      <gpxtpx:hr>116</gpxtpx:hr>
      <gpxtpx:cad>41</gpxtpx:cad>
     </gpxtpx:TrackPointExtension>
    </extensions>
   </trkpt>
   <trkpt lat="46.4484100" lon="12.1281420">
    <ele>2055.6</ele>
    <time>2024-06-02T10:58:42Z</time>
    <extensions>
     <gpxtpx:TrackPointExtension>
      <gpxtpx:atemp>20</gpxtpx:atemp>
      <gpxtpx:hr>116</gpxtpx:hr>
      <gpxtpx:cad>42</gpxtpx:cad>
     </gpxtpx:TrackPointExtension>
    </extensions>
   </trkpt>
   <trkpt lat="46.4484430" lon="12.1281670">
    <ele>2055.6</ele>
    <time>2024-06-02T10:58:46Z</time>
    <extensions>
     <gpxtpx:TrackPointExtension>
      <gpxtpx:atemp>20</gpxtpx:atemp>
      <gpxtpx:hr>119</gpxtpx:hr>
      <gpxtpx:cad>44</gpxtpx:cad>
     </gpxtpx:TrackPointExtension>
    </extensions>
   </trkpt>
   <trkpt lat="46.4484790" lon="12.1282010">
    <ele>2055.6</ele>
    <time>2024-06-02T10:58:51Z</time>
    <extensions>
     <gpxtpx:TrackPointExtension>
      <gpxtpx:atemp>20</gpxtpx:atemp>
      <gpxtpx:hr>118</gpxtpx:hr>
      <gpxtpx:cad>42</gpxtpx:cad>
     </gpxtpx:TrackPointExtension>
    </extensions>
   </trkpt>
   <trkpt lat="46.4484790" lon="12.1282040">
    <ele>2055.6</ele>
    <time>2024-06-02T10:58:52Z</time>
    <extensions>
     <gpxtpx:TrackPointExtension>
      <gpxtpx:atemp>20</gpxtpx:atemp>
      <gpxtpx:hr>121</gpxtpx:hr>
      <gpxtpx:cad>42</gpxtpx:cad>
     </gpxtpx:TrackPointExtension>
    </extensions>
   </trkpt>
   <trkpt lat="46.4484590" lon="12.1282060">
    <ele>2055.6</ele>
    <time>2024-06-02T10:58:55Z</time>
    <extensions>
     <gpxtpx:TrackPointExtension>
      <gpxtpx:atemp>20</gpxtpx:atemp>
      <gpxtpx:hr>123</gpxtpx:hr>
      <gpxtpx:cad>0</gpxtpx:cad>
     </gpxtpx:TrackPointExtension>
    </extensions>
   </trkpt>
   <trkpt lat="46.4484590" lon="12.1281690">
    <ele>2055.6</ele>
    <time>2024-06-02T10:59:00Z</time>
    <extensions>
     <gpxtpx:TrackPointExtension>
      <gpxtpx:atemp>20</gpxtpx:atemp>
      <gpxtpx:hr>122</gpxtpx:hr>
      <gpxtpx:cad>0</gpxtpx:cad>
     </gpxtpx:TrackPointExtension>
    </extensions>
   </trkpt>
   <trkpt lat="46.4484620" lon="12.1281470">
    <ele>2056.0</ele>
    <time>2024-06-02T10:59:02Z</time>
    <extensions>
     <gpxtpx:TrackPointExtension>
      <gpxtpx:atemp>20</gpxtpx:atemp>
      <gpxtpx:hr>122</gpxtpx:hr>
      <gpxtpx:cad>0</gpxtpx:cad>
     </gpxtpx:TrackPointExtension>
    </extensions>
   </trkpt>
   <trkpt lat="46.4484730" lon="12.1281380">
    <ele>2056.0</ele>
    <time>2024-06-02T10:59:07Z</time>
    <extensions>
     <gpxtpx:TrackPointExtension>
      <gpxtpx:atemp>20</gpxtpx:atemp>
      <gpxtpx:hr>119</gpxtpx:hr>
      <gpxtpx:cad>0</gpxtpx:cad>
     </gpxtpx:TrackPointExtension>
    </extensions>
   </trkpt>
   <trkpt lat="46.4484730" lon="12.1281390">
    <ele>2056.0</ele>
    <time>2024-06-02T10:59:09Z</time>
    <extensions>
     <gpxtpx:TrackPointExtension>
      <gpxtpx:atemp>20</gpxtpx:atemp>
      <gpxtpx:hr>118</gpxtpx:hr>
      <gpxtpx:cad>0</gpxtpx:cad>
     </gpxtpx:TrackPointExtension>
    </extensions>
   </trkpt>
   <trkpt lat="46.4484730" lon="12.1281440">
    <ele>2055.8</ele>
    <time>2024-06-02T10:59:28Z</time>
    <extensions>
     <gpxtpx:TrackPointExtension>
      <gpxtpx:atemp>20</gpxtpx:atemp>
      <gpxtpx:hr>115</gpxtpx:hr>
      <gpxtpx:cad>0</gpxtpx:cad>
     </gpxtpx:TrackPointExtension>
    </extensions>
   </trkpt>
   <trkpt lat="46.4484740" lon="12.1281440">
    <ele>2055.8</ele>
    <time>2024-06-02T10:59:32Z</time>
    <extensions>
     <gpxtpx:TrackPointExtension>
      <gpxtpx:atemp>20</gpxtpx:atemp>
      <gpxtpx:hr>112</gpxtpx:hr>
      <gpxtpx:cad>0</gpxtpx:cad>
     </gpxtpx:TrackPointExtension>
    </extensions>
   </trkpt>
   <trkpt lat="46.4484780" lon="12.1281470">
    <ele>2055.8</ele>
    <time>2024-06-02T10:59:41Z</time>
    <extensions>
     <gpxtpx:TrackPointExtension>
      <gpxtpx:atemp>20</gpxtpx:atemp>
      <gpxtpx:hr>109</gpxtpx:hr>
      <gpxtpx:cad>0</gpxtpx:cad>
     </gpxtpx:TrackPointExtension>
    </extensions>
   </trkpt>
   <trkpt lat="46.4484790" lon="12.1281480">
    <ele>2055.6</ele>
    <time>2024-06-02T10:59:46Z</time>
    <extensions>
     <gpxtpx:TrackPointExtension>
      <gpxtpx:atemp>20</gpxtpx:atemp>
      <gpxtpx:hr>106</gpxtpx:hr>
      <gpxtpx:cad>0</gpxtpx:cad>
     </gpxtpx:TrackPointExtension>
    </extensions>
   </trkpt>
   <trkpt lat="46.4484780" lon="12.1281500">
    <ele>2055.4</ele>
    <time>2024-06-02T10:59:56Z</time>
    <extensions>
     <gpxtpx:TrackPointExtension>
      <gpxtpx:atemp>21</gpxtpx:atemp>
      <gpxtpx:hr>107</gpxtpx:hr>
      <gpxtpx:cad>0</gpxtpx:cad>
     </gpxtpx:TrackPointExtension>
    </extensions>
   </trkpt>
   <trkpt lat="46.4484770" lon="12.1281490">
    <ele>2055.4</ele>
    <time>2024-06-02T11:00:10Z</time>
    <extensions>
     <gpxtpx:TrackPointExtension>
      <gpxtpx:atemp>21</gpxtpx:atemp>
      <gpxtpx:hr>104</gpxtpx:hr>
      <gpxtpx:cad>0</gpxtpx:cad>
     </gpxtpx:TrackPointExtension>
    </extensions>
   </trkpt>
   <trkpt lat="46.4484770" lon="12.1281490">
    <ele>2055.4</ele>
    <time>2024-06-02T11:00:13Z</time>
    <extensions>
     <gpxtpx:TrackPointExtension>
      <gpxtpx:atemp>21</gpxtpx:atemp>
      <gpxtpx:hr>103</gpxtpx:hr>
      <gpxtpx:cad>0</gpxtpx:cad>
     </gpxtpx:TrackPointExtension>
    </extensions>
   </trkpt>
   <trkpt lat="46.4484820" lon="12.1280800">
    <ele>2055.0</ele>
    <time>2024-06-02T11:00:48Z</time>
    <extensions>
     <gpxtpx:TrackPointExtension>
      <gpxtpx:atemp>21</gpxtpx:atemp>
      <gpxtpx:hr>104</gpxtpx:hr>
      <gpxtpx:cad>77</gpxtpx:cad>
     </gpxtpx:TrackPointExtension>
    </extensions>
   </trkpt>
   <trkpt lat="46.4484830" lon="12.1280730">
    <ele>2055.0</ele>
    <time>2024-06-02T11:00:49Z</time>
    <extensions>
     <gpxtpx:TrackPointExtension>
      <gpxtpx:atemp>21</gpxtpx:atemp>
      <gpxtpx:hr>107</gpxtpx:hr>
      <gpxtpx:cad>77</gpxtpx:cad>
     </gpxtpx:TrackPointExtension>
    </extensions>
   </trkpt>
   <trkpt lat="46.4484830" lon="12.1280680">
    <ele>2055.0</ele>
    <time>2024-06-02T11:00:50Z</time>
    <extensions>
     <gpxtpx:TrackPointExtension>
      <gpxtpx:atemp>21</gpxtpx:atemp>
      <gpxtpx:hr>103</gpxtpx:hr>
      <gpxtpx:cad>0</gpxtpx:cad>
     </gpxtpx:TrackPointExtension>
    </extensions>
   </trkpt>
   <trkpt lat="46.4484830" lon="12.1280600">
    <ele>2055.2</ele>
    <time>2024-06-02T11:00:55Z</time>
    <extensions>
     <gpxtpx:TrackPointExtension>
      <gpxtpx:atemp>21</gpxtpx:atemp>
      <gpxtpx:hr>102</gpxtpx:hr>
      <gpxtpx:cad>0</gpxtpx:cad>
     </gpxtpx:TrackPointExtension>
    </extensions>
   </trkpt>
   <trkpt lat="46.4484840" lon="12.1280610">
    <ele>2055.2</ele>
    <time>2024-06-02T11:01:02Z</time>
    <extensions>
     <gpxtpx:TrackPointExtension>
      <gpxtpx:atemp>21</gpxtpx:atemp>
      <gpxtpx:hr>99</gpxtpx:hr>
      <gpxtpx:cad>0</gpxtpx:cad>
     </gpxtpx:TrackPointExtension>
    </extensions>
   </trkpt>
   <trkpt lat="46.4484840" lon="12.1280610">
    <ele>2055.0</ele>
    <time>2024-06-02T11:01:04Z</time>
    <extensions>
     <gpxtpx:TrackPointExtension>
      <gpxtpx:atemp>21</gpxtpx:atemp>
      <gpxtpx:hr>96</gpxtpx:hr>
      <gpxtpx:cad>0</gpxtpx:cad>
     </gpxtpx:TrackPointExtension>
    </extensions>
   </trkpt>
   <trkpt lat="46.4484840" lon="12.1280610">
    <ele>2054.6</ele>
    <time>2024-06-02T11:01:13Z</time>
    <extensions>
     <gpxtpx:TrackPointExtension>
      <gpxtpx:atemp>21</gpxtpx:atemp>
      <gpxtpx:hr>93</gpxtpx:hr>
      <gpxtpx:cad>0</gpxtpx:cad>
     </gpxtpx:TrackPointExtension>
    </extensions>
   </trkpt>
   <trkpt lat="46.4484730" lon="12.1280910">
    <ele>2054.2</ele>
    <time>2024-06-02T11:01:33Z</time>
    <extensions>
     <gpxtpx:TrackPointExtension>
      <gpxtpx:atemp>21</gpxtpx:atemp>
      <gpxtpx:hr>95</gpxtpx:hr>
      <gpxtpx:cad>0</gpxtpx:cad>
     </gpxtpx:TrackPointExtension>
    </extensions>
   </trkpt>
   <trkpt lat="46.4484730" lon="12.1280920">
    <ele>2054.2</ele>
    <time>2024-06-02T11:01:39Z</time>
    <extensions>
     <gpxtpx:TrackPointExtension>
      <gpxtpx:atemp>21</gpxtpx:atemp>
      <gpxtpx:hr>98</gpxtpx:hr>
      <gpxtpx:cad>0</gpxtpx:cad>
     </gpxtpx:TrackPointExtension>
    </extensions>
   </trkpt>
   <trkpt lat="46.4484680" lon="12.1281090">
    <ele>2054.0</ele>
    <time>2024-06-02T11:02:13Z</time>
    <extensions>
     <gpxtpx:TrackPointExtension>
      <gpxtpx:atemp>21</gpxtpx:atemp>
      <gpxtpx:hr>94</gpxtpx:hr>
      <gpxtpx:cad>0</gpxtpx:cad>
     </gpxtpx:TrackPointExtension>
    </extensions>
   </trkpt>
   <trkpt lat="46.4484670" lon="12.1281130">
    <ele>2054.2</ele>
    <time>2024-06-02T11:02:20Z</time>
    <extensions>
     <gpxtpx:TrackPointExtension>
      <gpxtpx:atemp>21</gpxtpx:atemp>
      <gpxtpx:hr>97</gpxtpx:hr>
      <gpxtpx:cad>0</gpxtpx:cad>
     </gpxtpx:TrackPointExtension>
    </extensions>
   </trkpt>
   <trkpt lat="46.4484680" lon="12.1281140">
    <ele>2054.4</ele>
    <time>2024-06-02T11:02:22Z</time>
    <extensions>
     <gpxtpx:TrackPointExtension>
      <gpxtpx:atemp>21</gpxtpx:atemp>
      <gpxtpx:hr>94</gpxtpx:hr>
      <gpxtpx:cad>0</gpxtpx:cad>
     </gpxtpx:TrackPointExtension>
    </extensions>
   </trkpt>
   <trkpt lat="46.4484680" lon="12.1281190">
    <ele>2054.2</ele>
    <time>2024-06-02T11:02:30Z</time>
    <extensions>
     <gpxtpx:TrackPointExtension>
      <gpxtpx:atemp>21</gpxtpx:atemp>
      <gpxtpx:hr>91</gpxtpx:hr>
      <gpxtpx:cad>0</gpxtpx:cad>
     </gpxtpx:TrackPointExtension>
    </extensions>
   </trkpt>
   <trkpt lat="46.4484700" lon="12.1281220">
    <ele>2053.8</ele>
    <time>2024-06-02T11:03:04Z</time>
    <extensions>
     <gpxtpx:TrackPointExtension>
      <gpxtpx:atemp>21</gpxtpx:atemp>
      <gpxtpx:hr>88</gpxtpx:hr>
      <gpxtpx:cad>0</gpxtpx:cad>
     </gpxtpx:TrackPointExtension>
    </extensions>
   </trkpt>
   <trkpt lat="46.4484700" lon="12.1281220">
    <ele>2053.8</ele>
    <time>2024-06-02T11:03:10Z</time>
    <extensions>
     <gpxtpx:TrackPointExtension>
      <gpxtpx:atemp>21</gpxtpx:atemp>
      <gpxtpx:hr>91</gpxtpx:hr>
      <gpxtpx:cad>0</gpxtpx:cad>
     </gpxtpx:TrackPointExtension>
    </extensions>
   </trkpt>
   <trkpt lat="46.4484700" lon="12.1281220">
    <ele>2053.6</ele>
    <time>2024-06-02T11:03:15Z</time>
    <extensions>
     <gpxtpx:TrackPointExtension>
      <gpxtpx:atemp>21</gpxtpx:atemp>
      <gpxtpx:hr>94</gpxtpx:hr>
      <gpxtpx:cad>0</gpxtpx:cad>
     </gpxtpx:TrackPointExtension>
    </extensions>
   </trkpt>
   <trkpt lat="46.4484490" lon="12.1281110">
    <ele>2053.2</ele>
    <time>2024-06-02T11:03:19Z</time>
    <extensions>
     <gpxtpx:TrackPointExtension>
      <gpxtpx:atemp>21</gpxtpx:atemp>
      <gpxtpx:hr>93</gpxtpx:hr>
      <gpxtpx:cad>0</gpxtpx:cad>
     </gpxtpx:TrackPointExtension>
    </extensions>
   </trkpt>
   <trkpt lat="46.4484150" lon="12.1280930">
    <ele>2052.8</ele>
    <time>2024-06-02T11:03:21Z</time>
    <extensions>
     <gpxtpx:TrackPointExtension>
      <gpxtpx:atemp>21</gpxtpx:atemp>
      <gpxtpx:hr>94</gpxtpx:hr>
      <gpxtpx:cad>50</gpxtpx:cad>
     </gpxtpx:TrackPointExtension>
    </extensions>
   </trkpt>
   <trkpt lat="46.4482910" lon="12.1280420">
    <ele>2052.4</ele>
    <time>2024-06-02T11:03:28Z</time>
    <extensions>
     <gpxtpx:TrackPointExtension>
      <gpxtpx:atemp>21</gpxtpx:atemp>
      <gpxtpx:hr>93</gpxtpx:hr>
      <gpxtpx:cad>53</gpxtpx:cad>
     </gpxtpx:TrackPointExtension>
    </extensions>
   </trkpt>
   <trkpt lat="46.4481960" lon="12.1279840">
    <ele>2052.2</ele>
    <time>2024-06-02T11:03:34Z</time>
    <extensions>
     <gpxtpx:TrackPointExtension>
      <gpxtpx:atemp>21</gpxtpx:atemp>
      <gpxtpx:hr>92</gpxtpx:hr>
      <gpxtpx:cad>53</gpxtpx:cad>
     </gpxtpx:TrackPointExtension>
    </extensions>
   </trkpt>
   <trkpt lat="46.4481830" lon="12.1279720">
    <ele>2052.0</ele>
    <time>2024-06-02T11:03:35Z</time>
    <extensions>
     <gpxtpx:TrackPointExtension>
      <gpxtpx:atemp>22</gpxtpx:atemp>
      <gpxtpx:hr>91</gpxtpx:hr>
      <gpxtpx:cad>54</gpxtpx:cad>
     </gpxtpx:TrackPointExtension>
    </extensions>
   </trkpt>
   <trkpt lat="46.4481680" lon="12.1279670">
    <ele>2052.0</ele>
    <time>2024-06-02T11:03:36Z</time>
    <extensions>
     <gpxtpx:TrackPointExtension>
      <gpxtpx:atemp>22</gpxtpx:atemp>
      <gpxtpx:hr>90</gpxtpx:hr>
      <gpxtpx:cad>54</gpxtpx:cad>
     </gpxtpx:TrackPointExtension>
    </extensions>
   </trkpt>
   <trkpt lat="46.4481530" lon="12.1279640">
    <ele>2051.8</ele>
    <time>2024-06-02T11:03:37Z</time>
    <extensions>
     <gpxtpx:TrackPointExtension>
      <gpxtpx:atemp>22</gpxtpx:atemp>
      <gpxtpx:hr>92</gpxtpx:hr>
      <gpxtpx:cad>55</gpxtpx:cad>
     </gpxtpx:TrackPointExtension>
    </extensions>
   </trkpt>
   <trkpt lat="46.4481020" lon="12.1279450">
    <ele>2051.0</ele>
    <time>2024-06-02T11:03:41Z</time>
    <extensions>
     <gpxtpx:TrackPointExtension>
      <gpxtpx:atemp>22</gpxtpx:atemp>
      <gpxtpx:hr>92</gpxtpx:hr>
      <gpxtpx:cad>56</gpxtpx:cad>
     </gpxtpx:TrackPointExtension>
    </extensions>
   </trkpt>
   <trkpt lat="46.4481040" lon="12.1279510">
    <ele>2051.0</ele>
    <time>2024-06-02T11:03:43Z</time>
    <extensions>
     <gpxtpx:TrackPointExtension>
      <gpxtpx:atemp>22</gpxtpx:atemp>
      <gpxtpx:hr>92</gpxtpx:hr>
      <gpxtpx:cad>57</gpxtpx:cad>
     </gpxtpx:TrackPointExtension>
    </extensions>
   </trkpt>
   <trkpt lat="46.4482030" lon="12.1279470">
    <ele>2052.6</ele>
    <time>2024-06-02T11:03:47Z</time>
    <extensions>
     <gpxtpx:TrackPointExtension>
      <gpxtpx:atemp>22</gpxtpx:atemp>
      <gpxtpx:hr>91</gpxtpx:hr>
      <gpxtpx:cad>57</gpxtpx:cad>
     </gpxtpx:TrackPointExtension>
    </extensions>
   </trkpt>
   <trkpt lat="46.4482680" lon="12.1279500">
    <ele>2053.4</ele>
    <time>2024-06-02T11:03:50Z</time>
    <extensions>
     <gpxtpx:TrackPointExtension>
      <gpxtpx:atemp>22</gpxtpx:atemp>
      <gpxtpx:hr>92</gpxtpx:hr>
      <gpxtpx:cad>45</gpxtpx:cad>
     </gpxtpx:TrackPointExtension>
    </extensions>
   </trkpt>
   <trkpt lat="46.4482700" lon="12.1279480">
    <ele>2053.4</ele>
    <time>2024-06-02T11:03:51Z</time>
    <extensions>
     <gpxtpx:TrackPointExtension>
      <gpxtpx:atemp>22</gpxtpx:atemp>
      <gpxtpx:hr>94</gpxtpx:hr>
      <gpxtpx:cad>45</gpxtpx:cad>
     </gpxtpx:TrackPointExtension>
    </extensions>
   </trkpt>
   <trkpt lat="46.4482600" lon="12.1279450">
    <ele>2053.2</ele>
    <time>2024-06-02T11:03:53Z</time>
    <extensions>
     <gpxtpx:TrackPointExtension>
      <gpxtpx:atemp>22</gpxtpx:atemp>
      <gpxtpx:hr>98</gpxtpx:hr>
      <gpxtpx:cad>0</gpxtpx:cad>
     </gpxtpx:TrackPointExtension>
    </extensions>
   </trkpt>
   <trkpt lat="46.4482460" lon="12.1279500">
    <ele>2053.2</ele>
    <time>2024-06-02T11:03:54Z</time>
    <extensions>
     <gpxtpx:TrackPointExtension>
      <gpxtpx:atemp>22</gpxtpx:atemp>
      <gpxtpx:hr>99</gpxtpx:hr>
      <gpxtpx:cad>0</gpxtpx:cad>
     </gpxtpx:TrackPointExtension>
    </extensions>
   </trkpt>
   <trkpt lat="46.4481980" lon="12.1279590">
    <ele>2053.0</ele>
    <time>2024-06-02T11:03:56Z</time>
    <extensions>
     <gpxtpx:TrackPointExtension>
      <gpxtpx:atemp>22</gpxtpx:atemp>
      <gpxtpx:hr>99</gpxtpx:hr>
      <gpxtpx:cad>47</gpxtpx:cad>
     </gpxtpx:TrackPointExtension>
    </extensions>
   </trkpt>
   <trkpt lat="46.4481150" lon="12.1279440">
    <ele>2051.2</ele>
    <time>2024-06-02T11:03:59Z</time>
    <extensions>
     <gpxtpx:TrackPointExtension>
      <gpxtpx:atemp>22</gpxtpx:atemp>
      <gpxtpx:hr>97</gpxtpx:hr>
      <gpxtpx:cad>77</gpxtpx:cad>
     </gpxtpx:TrackPointExtension>
    </extensions>
   </trkpt>
   <trkpt lat="46.4480780" lon="12.1279520">
    <ele>2050.2</ele>
    <time>2024-06-02T11:04:00Z</time>
    <extensions>
     <gpxtpx:TrackPointExtension>
      <gpxtpx:atemp>22</gpxtpx:atemp>
      <gpxtpx:hr>96</gpxtpx:hr>
      <gpxtpx:cad>79</gpxtpx:cad>
     </gpxtpx:TrackPointExtension>
    </extensions>
   </trkpt>
   <trkpt lat="46.4480560" lon="12.1279620">
    <ele>2050.0</ele>
    <time>2024-06-02T11:04:01Z</time>
    <extensions>
     <gpxtpx:TrackPointExtension>
      <gpxtpx:atemp>22</gpxtpx:atemp>
      <gpxtpx:hr>95</gpxtpx:hr>
      <gpxtpx:cad>79</gpxtpx:cad>
     </gpxtpx:TrackPointExtension>
    </extensions>
   </trkpt>
   <trkpt lat="46.4479770" lon="12.1279860">
    <ele>2049.0</ele>
    <time>2024-06-02T11:04:04Z</time>
    <extensions>
     <gpxtpx:TrackPointExtension>
      <gpxtpx:atemp>22</gpxtpx:atemp>
      <gpxtpx:hr>95</gpxtpx:hr>
      <gpxtpx:cad>81</gpxtpx:cad>
     </gpxtpx:TrackPointExtension>
    </extensions>
   </trkpt>
   <trkpt lat="46.4479490" lon="12.1279890">
    <ele>2048.0</ele>
    <time>2024-06-02T11:04:05Z</time>
    <extensions>
     <gpxtpx:TrackPointExtension>
      <gpxtpx:atemp>22</gpxtpx:atemp>
      <gpxtpx:hr>95</gpxtpx:hr>
      <gpxtpx:cad>81</gpxtpx:cad>
     </gpxtpx:TrackPointExtension>
    </extensions>
   </trkpt>
   <trkpt lat="46.4479240" lon="12.1279900">
    <ele>2047.4</ele>
    <time>2024-06-02T11:04:06Z</time>
    <extensions>
     <gpxtpx:TrackPointExtension>
      <gpxtpx:atemp>22</gpxtpx:atemp>
      <gpxtpx:hr>96</gpxtpx:hr>
      <gpxtpx:cad>82</gpxtpx:cad>
     </gpxtpx:TrackPointExtension>
    </extensions>
   </trkpt>
   <trkpt lat="46.4478520" lon="12.1279960">
    <ele>2046.0</ele>
    <time>2024-06-02T11:04:09Z</time>
    <extensions>
     <gpxtpx:TrackPointExtension>
      <gpxtpx:atemp>22</gpxtpx:atemp>
      <gpxtpx:hr>97</gpxtpx:hr>
      <gpxtpx:cad>82</gpxtpx:cad>
     </gpxtpx:TrackPointExtension>
    </extensions>
   </trkpt>
   <trkpt lat="46.4478010" lon="12.1280170">
    <ele>2045.0</ele>
    <time>2024-06-02T11:04:11Z</time>
    <extensions>
     <gpxtpx:TrackPointExtension>
      <gpxtpx:atemp>22</gpxtpx:atemp>
      <gpxtpx:hr>97</gpxtpx:hr>
      <gpxtpx:cad>82</gpxtpx:cad>
     </gpxtpx:TrackPointExtension>
    </extensions>
   </trkpt>
   <trkpt lat="46.4476910" lon="12.1279980">
    <ele>2043.6</ele>
    <time>2024-06-02T11:04:15Z</time>
    <extensions>
     <gpxtpx:TrackPointExtension>
      <gpxtpx:atemp>22</gpxtpx:atemp>
      <gpxtpx:hr>98</gpxtpx:hr>
      <gpxtpx:cad>83</gpxtpx:cad>
     </gpxtpx:TrackPointExtension>
    </extensions>
   </trkpt>
   <trkpt lat="46.4476640" lon="12.1279800">
    <ele>2043.4</ele>
    <time>2024-06-02T11:04:16Z</time>
    <extensions>
     <gpxtpx:TrackPointExtension>
      <gpxtpx:atemp>22</gpxtpx:atemp>
      <gpxtpx:hr>100</gpxtpx:hr>
      <gpxtpx:cad>83</gpxtpx:cad>
     </gpxtpx:TrackPointExtension>
    </extensions>
   </trkpt>
   <trkpt lat="46.4476230" lon="12.1279410">
    <ele>2043.0</ele>
    <time>2024-06-02T11:04:18Z</time>
    <extensions>
     <gpxtpx:TrackPointExtension>
      <gpxtpx:atemp>22</gpxtpx:atemp>
      <gpxtpx:hr>104</gpxtpx:hr>
      <gpxtpx:cad>85</gpxtpx:cad>
     </gpxtpx:TrackPointExtension>
    </extensions>
   </trkpt>
   <trkpt lat="46.4475610" lon="12.1279210">
    <ele>2041.8</ele>
    <time>2024-06-02T11:04:21Z</time>
    <extensions>
     <gpxtpx:TrackPointExtension>
      <gpxtpx:atemp>22</gpxtpx:atemp>
      <gpxtpx:hr>106</gpxtpx:hr>
      <gpxtpx:cad>82</gpxtpx:cad>
     </gpxtpx:TrackPointExtension>
    </extensions>
   </trkpt>
   <trkpt lat="46.4475240" lon="12.1279130">
    <ele>2040.4</ele>
    <time>2024-06-02T11:04:23Z</time>
    <extensions>
     <gpxtpx:TrackPointExtension>
      <gpxtpx:atemp>22</gpxtpx:atemp>
      <gpxtpx:hr>108</gpxtpx:hr>
      <gpxtpx:cad>82</gpxtpx:cad>
     </gpxtpx:TrackPointExtension>
    </extensions>
   </trkpt>
   <trkpt lat="46.4474810" lon="12.1279070">
    <ele>2039.2</ele>
    <time>2024-06-02T11:04:25Z</time>
    <extensions>
     <gpxtpx:TrackPointExtension>
      <gpxtpx:atemp>22</gpxtpx:atemp>
      <gpxtpx:hr>110</gpxtpx:hr>
      <gpxtpx:cad>98</gpxtpx:cad>
     </gpxtpx:TrackPointExtension>
    </extensions>
   </trkpt>
   <trkpt lat="46.4474590" lon="12.1279090">
    <ele>2038.6</ele>
    <time>2024-06-02T11:04:26Z</time>
    <extensions>
     <gpxtpx:TrackPointExtension>
      <gpxtpx:atemp>22</gpxtpx:atemp>
      <gpxtpx:hr>110</gpxtpx:hr>
      <gpxtpx:cad>98</gpxtpx:cad>
     </gpxtpx:TrackPointExtension>
    </extensions>
   </trkpt>
   <trkpt lat="46.4474350" lon="12.1279110">
    <ele>2037.6</ele>
    <time>2024-06-02T11:04:27Z</time>
    <extensions>
     <gpxtpx:TrackPointExtension>
      <gpxtpx:atemp>22</gpxtpx:atemp>
      <gpxtpx:hr>109</gpxtpx:hr>
      <gpxtpx:cad>98</gpxtpx:cad>
     </gpxtpx:TrackPointExtension>
    </extensions>
   </trkpt>
   <trkpt lat="46.4473810" lon="12.1279170">
    <ele>2036.6</ele>
    <time>2024-06-02T11:04:29Z</time>
    <extensions>
     <gpxtpx:TrackPointExtension>
      <gpxtpx:atemp>22</gpxtpx:atemp>
      <gpxtpx:hr>109</gpxtpx:hr>
      <gpxtpx:cad>101</gpxtpx:cad>
     </gpxtpx:TrackPointExtension>
    </extensions>
   </trkpt>
   <trkpt lat="46.4473340" lon="12.1279130">
    <ele>2035.2</ele>
    <time>2024-06-02T11:04:31Z</time>
    <extensions>
     <gpxtpx:TrackPointExtension>
      <gpxtpx:atemp>22</gpxtpx:atemp>
      <gpxtpx:hr>108</gpxtpx:hr>
      <gpxtpx:cad>97</gpxtpx:cad>
     </gpxtpx:TrackPointExtension>
    </extensions>
   </trkpt>
   <trkpt lat="46.4472670" lon="12.1279240">
    <ele>2034.0</ele>
    <time>2024-06-02T11:04:33Z</time>
    <extensions>
     <gpxtpx:TrackPointExtension>
      <gpxtpx:atemp>22</gpxtpx:atemp>
      <gpxtpx:hr>109</gpxtpx:hr>
      <gpxtpx:cad>97</gpxtpx:cad>
     </gpxtpx:TrackPointExtension>
    </extensions>
   </trkpt>
   <trkpt lat="46.4471930" lon="12.1279240">
    <ele>2032.8</ele>
    <time>2024-06-02T11:04:35Z</time>
    <extensions>
     <gpxtpx:TrackPointExtension>
      <gpxtpx:atemp>22</gpxtpx:atemp>
      <gpxtpx:hr>109</gpxtpx:hr>
      <gpxtpx:cad>93</gpxtpx:cad>
     </gpxtpx:TrackPointExtension>
    </extensions>
   </trkpt>
   <trkpt lat="46.4470580" lon="12.1278910">
    <ele>2031.4</ele>
    <time>2024-06-02T11:04:39Z</time>
    <extensions>
     <gpxtpx:TrackPointExtension>
      <gpxtpx:atemp>22</gpxtpx:atemp>
      <gpxtpx:hr>109</gpxtpx:hr>
      <gpxtpx:cad>92</gpxtpx:cad>
     </gpxtpx:TrackPointExtension>
    </extensions>
   </trkpt>
   <trkpt lat="46.4469410" lon="12.1278290">
    <ele>2031.0</ele>
    <time>2024-06-02T11:04:43Z</time>
    <extensions>
     <gpxtpx:TrackPointExtension>
      <gpxtpx:atemp>22</gpxtpx:atemp>
      <gpxtpx:hr>106</gpxtpx:hr>
      <gpxtpx:cad>82</gpxtpx:cad>
     </gpxtpx:TrackPointExtension>
    </extensions>
   </trkpt>
   <trkpt lat="46.4469140" lon="12.1278230">
    <ele>2030.8</ele>
    <time>2024-06-02T11:04:44Z</time>
    <extensions>
     <gpxtpx:TrackPointExtension>
      <gpxtpx:atemp>22</gpxtpx:atemp>
      <gpxtpx:hr>110</gpxtpx:hr>
      <gpxtpx:cad>82</gpxtpx:cad>
     </gpxtpx:TrackPointExtension>
    </extensions>
   </trkpt>
   <trkpt lat="46.4468090" lon="12.1277660">
    <ele>2030.0</ele>
    <time>2024-06-02T11:04:48Z</time>
    <extensions>
     <gpxtpx:TrackPointExtension>
      <gpxtpx:atemp>22</gpxtpx:atemp>
      <gpxtpx:hr>109</gpxtpx:hr>
      <gpxtpx:cad>80</gpxtpx:cad>
     </gpxtpx:TrackPointExtension>
    </extensions>
   </trkpt>
   <trkpt lat="46.4467860" lon="12.1277420">
    <ele>2029.4</ele>
    <time>2024-06-02T11:04:49Z</time>
    <extensions>
     <gpxtpx:TrackPointExtension>
      <gpxtpx:atemp>22</gpxtpx:atemp>
      <gpxtpx:hr>109</gpxtpx:hr>
      <gpxtpx:cad>80</gpxtpx:cad>
     </gpxtpx:TrackPointExtension>
    </extensions>
   </trkpt>
   <trkpt lat="46.4467380" lon="12.1276990">
    <ele>2029.0</ele>
    <time>2024-06-02T11:04:51Z</time>
    <extensions>
     <gpxtpx:TrackPointExtension>
      <gpxtpx:atemp>22</gpxtpx:atemp>
      <gpxtpx:hr>112</gpxtpx:hr>
      <gpxtpx:cad>80</gpxtpx:cad>
     </gpxtpx:TrackPointExtension>
    </extensions>
   </trkpt>
   <trkpt lat="46.4466890" lon="12.1276420">
    <ele>2029.2</ele>
    <time>2024-06-02T11:04:55Z</time>
    <extensions>
     <gpxtpx:TrackPointExtension>
      <gpxtpx:atemp>22</gpxtpx:atemp>
      <gpxtpx:hr>117</gpxtpx:hr>
      <gpxtpx:cad>79</gpxtpx:cad>
     </gpxtpx:TrackPointExtension>
    </extensions>
   </trkpt>
   <trkpt lat="46.4466760" lon="12.1276290">
    <ele>2029.2</ele>
    <time>2024-06-02T11:04:56Z</time>
    <extensions>
     <gpxtpx:TrackPointExtension>
      <gpxtpx:atemp>22</gpxtpx:atemp>
      <gpxtpx:hr>117</gpxtpx:hr>
      <gpxtpx:cad>79</gpxtpx:cad>
     </gpxtpx:TrackPointExtension>
    </extensions>
   </trkpt>
   <trkpt lat="46.4466510" lon="12.1275990">
    <ele>2029.6</ele>
    <time>2024-06-02T11:04:58Z</time>
    <extensions>
     <gpxtpx:TrackPointExtension>
      <gpxtpx:atemp>22</gpxtpx:atemp>
      <gpxtpx:hr>120</gpxtpx:hr>
      <gpxtpx:cad>79</gpxtpx:cad>
     </gpxtpx:TrackPointExtension>
    </extensions>
   </trkpt>
   <trkpt lat="46.4466280" lon="12.1275570">
    <ele>2029.8</ele>
    <time>2024-06-02T11:05:01Z</time>
    <extensions>
     <gpxtpx:TrackPointExtension>
      <gpxtpx:atemp>22</gpxtpx:atemp>
      <gpxtpx:hr>123</gpxtpx:hr>
      <gpxtpx:cad>54</gpxtpx:cad>
     </gpxtpx:TrackPointExtension>
    </extensions>
   </trkpt>
   <trkpt lat="46.4466190" lon="12.1275410">
    <ele>2030.0</ele>
    <time>2024-06-02T11:05:02Z</time>
    <extensions>
     <gpxtpx:TrackPointExtension>
      <gpxtpx:atemp>22</gpxtpx:atemp>
      <gpxtpx:hr>123</gpxtpx:hr>
      <gpxtpx:cad>54</gpxtpx:cad>
     </gpxtpx:TrackPointExtension>
    </extensions>
   </trkpt>
   <trkpt lat="46.4466030" lon="12.1275090">
    <ele>2030.2</ele>
    <time>2024-06-02T11:05:04Z</time>
    <extensions>
     <gpxtpx:TrackPointExtension>
      <gpxtpx:atemp>22</gpxtpx:atemp>
      <gpxtpx:hr>122</gpxtpx:hr>
      <gpxtpx:cad>55</gpxtpx:cad>
     </gpxtpx:TrackPointExtension>
    </extensions>
   </trkpt>
   <trkpt lat="46.4465790" lon="12.1274480">
    <ele>2030.2</ele>
    <time>2024-06-02T11:05:07Z</time>
    <extensions>
     <gpxtpx:TrackPointExtension>
      <gpxtpx:atemp>22</gpxtpx:atemp>
      <gpxtpx:hr>121</gpxtpx:hr>
      <gpxtpx:cad>54</gpxtpx:cad>
     </gpxtpx:TrackPointExtension>
    </extensions>
   </trkpt>
   <trkpt lat="46.4465340" lon="12.1273530">
    <ele>2030.6</ele>
    <time>2024-06-02T11:05:13Z</time>
    <extensions>
     <gpxtpx:TrackPointExtension>
      <gpxtpx:atemp>22</gpxtpx:atemp>
      <gpxtpx:hr>118</gpxtpx:hr>
      <gpxtpx:cad>53</gpxtpx:cad>
     </gpxtpx:TrackPointExtension>
    </extensions>
   </trkpt>
   <trkpt lat="46.4465120" lon="12.1272910">
    <ele>2030.8</ele>
    <time>2024-06-02T11:05:16Z</time>
    <extensions>
     <gpxtpx:TrackPointExtension>
      <gpxtpx:atemp>22</gpxtpx:atemp>
      <gpxtpx:hr>118</gpxtpx:hr>
      <gpxtpx:cad>52</gpxtpx:cad>
     </gpxtpx:TrackPointExtension>
    </extensions>
   </trkpt>
   <trkpt lat="46.4464750" lon="12.1271900">
    <ele>2031.2</ele>
    <time>2024-06-02T11:05:22Z</time>
    <extensions>
     <gpxtpx:TrackPointExtension>
      <gpxtpx:atemp>22</gpxtpx:atemp>
      <gpxtpx:hr>118</gpxtpx:hr>
      <gpxtpx:cad>50</gpxtpx:cad>
     </gpxtpx:TrackPointExtension>
    </extensions>
   </trkpt>
   <trkpt lat="46.4464300" lon="12.1271090">
    <ele>2031.8</ele>
    <time>2024-06-02T11:05:27Z</time>
    <extensions>
     <gpxtpx:TrackPointExtension>
      <gpxtpx:atemp>22</gpxtpx:atemp>
      <gpxtpx:hr>117</gpxtpx:hr>
      <gpxtpx:cad>52</gpxtpx:cad>
     </gpxtpx:TrackPointExtension>
    </extensions>
   </trkpt>
   <trkpt lat="46.4463280" lon="12.1269630">
    <ele>2031.8</ele>
    <time>2024-06-02T11:05:37Z</time>
    <extensions>
     <gpxtpx:TrackPointExtension>
      <gpxtpx:atemp>22</gpxtpx:atemp>
      <gpxtpx:hr>121</gpxtpx:hr>
      <gpxtpx:cad>54</gpxtpx:cad>
     </gpxtpx:TrackPointExtension>
    </extensions>
   </trkpt>
   <trkpt lat="46.4463170" lon="12.1269610">
    <ele>2031.8</ele>
    <time>2024-06-02T11:05:38Z</time>
    <extensions>
     <gpxtpx:TrackPointExtension>
      <gpxtpx:atemp>22</gpxtpx:atemp>
      <gpxtpx:hr>118</gpxtpx:hr>
      <gpxtpx:cad>54</gpxtpx:cad>
     </gpxtpx:TrackPointExtension>
    </extensions>
   </trkpt>
   <trkpt lat="46.4462380" lon="12.1269560">
    <ele>2031.4</ele>
    <time>2024-06-02T11:05:43Z</time>
    <extensions>
     <gpxtpx:TrackPointExtension>
      <gpxtpx:atemp>22</gpxtpx:atemp>
      <gpxtpx:hr>115</gpxtpx:hr>
      <gpxtpx:cad>53</gpxtpx:cad>
     </gpxtpx:TrackPointExtension>
    </extensions>
   </trkpt>
   <trkpt lat="46.4461860" lon="12.1269530">
    <ele>2031.0</ele>
    <time>2024-06-02T11:05:46Z</time>
    <extensions>
     <gpxtpx:TrackPointExtension>
      <gpxtpx:atemp>22</gpxtpx:atemp>
      <gpxtpx:hr>116</gpxtpx:hr>
      <gpxtpx:cad>52</gpxtpx:cad>
     </gpxtpx:TrackPointExtension>
    </extensions>
   </trkpt>
   <trkpt lat="46.4461110" lon="12.1269210">
    <ele>2030.4</ele>
    <time>2024-06-02T11:05:52Z</time>
    <extensions>
     <gpxtpx:TrackPointExtension>
      <gpxtpx:atemp>22</gpxtpx:atemp>
      <gpxtpx:hr>113</gpxtpx:hr>
      <gpxtpx:cad>55</gpxtpx:cad>
     </gpxtpx:TrackPointExtension>
    </extensions>
   </trkpt>
   <trkpt lat="46.4460630" lon="12.1268900">
    <ele>2030.2</ele>
    <time>2024-06-02T11:05:55Z</time>
    <extensions>
     <gpxtpx:TrackPointExtension>
      <gpxtpx:atemp>22</gpxtpx:atemp>
      <gpxtpx:hr>109</gpxtpx:hr>
      <gpxtpx:cad>55</gpxtpx:cad>
     </gpxtpx:TrackPointExtension>
    </extensions>
   </trkpt>
   <trkpt lat="46.4460440" lon="12.1268810">
    <ele>2030.2</ele>
    <time>2024-06-02T11:05:56Z</time>
    <extensions>
     <gpxtpx:TrackPointExtension>
      <gpxtpx:atemp>23</gpxtpx:atemp>
      <gpxtpx:hr>112</gpxtpx:hr>
      <gpxtpx:cad>55</gpxtpx:cad>
     </gpxtpx:TrackPointExtension>
    </extensions>
   </trkpt>
   <trkpt lat="46.4459920" lon="12.1268550">
    <ele>2030.0</ele>
    <time>2024-06-02T11:05:59Z</time>
    <extensions>
     <gpxtpx:TrackPointExtension>
      <gpxtpx:atemp>23</gpxtpx:atemp>
      <gpxtpx:hr>111</gpxtpx:hr>
      <gpxtpx:cad>56</gpxtpx:cad>
     </gpxtpx:TrackPointExtension>
    </extensions>
   </trkpt>
   <trkpt lat="46.4459590" lon="12.1268250">
    <ele>2030.0</ele>
    <time>2024-06-02T11:06:02Z</time>
    <extensions>
     <gpxtpx:TrackPointExtension>
      <gpxtpx:atemp>23</gpxtpx:atemp>
      <gpxtpx:hr>111</gpxtpx:hr>
      <gpxtpx:cad>55</gpxtpx:cad>
     </gpxtpx:TrackPointExtension>
    </extensions>
   </trkpt>
   <trkpt lat="46.4459240" lon="12.1267910">
    <ele>2030.0</ele>
    <time>2024-06-02T11:06:05Z</time>
    <extensions>
     <gpxtpx:TrackPointExtension>
      <gpxtpx:atemp>23</gpxtpx:atemp>
      <gpxtpx:hr>112</gpxtpx:hr>
      <gpxtpx:cad>55</gpxtpx:cad>
     </gpxtpx:TrackPointExtension>
    </extensions>
   </trkpt>
   <trkpt lat="46.4457740" lon="12.1266540">
    <ele>2029.6</ele>
    <time>2024-06-02T11:06:17Z</time>
    <extensions>
     <gpxtpx:TrackPointExtension>
      <gpxtpx:atemp>23</gpxtpx:atemp>
      <gpxtpx:hr>112</gpxtpx:hr>
      <gpxtpx:cad>55</gpxtpx:cad>
     </gpxtpx:TrackPointExtension>
    </extensions>
   </trkpt>
   <trkpt lat="46.4456320" lon="12.1265610">
    <ele>2029.6</ele>
    <time>2024-06-02T11:06:26Z</time>
    <extensions>
     <gpxtpx:TrackPointExtension>
      <gpxtpx:atemp>23</gpxtpx:atemp>
      <gpxtpx:hr>109</gpxtpx:hr>
      <gpxtpx:cad>57</gpxtpx:cad>
     </gpxtpx:TrackPointExtension>
    </extensions>
   </trkpt>
   <trkpt lat="46.4455360" lon="12.1264840">
    <ele>2029.6</ele>
    <time>2024-06-02T11:06:33Z</time>
    <extensions>
     <gpxtpx:TrackPointExtension>
      <gpxtpx:atemp>23</gpxtpx:atemp>
      <gpxtpx:hr>106</gpxtpx:hr>
      <gpxtpx:cad>56</gpxtpx:cad>
     </gpxtpx:TrackPointExtension>
    </extensions>
   </trkpt>
   <trkpt lat="46.4455100" lon="12.1264400">
    <ele>2029.6</ele>
    <time>2024-06-02T11:06:36Z</time>
    <extensions>
     <gpxtpx:TrackPointExtension>
      <gpxtpx:atemp>23</gpxtpx:atemp>
      <gpxtpx:hr>106</gpxtpx:hr>
      <gpxtpx:cad>56</gpxtpx:cad>
     </gpxtpx:TrackPointExtension>
    </extensions>
   </trkpt>
   <trkpt lat="46.4454690" lon="12.1264010">
    <ele>2029.6</ele>
    <time>2024-06-02T11:06:39Z</time>
    <extensions>
     <gpxtpx:TrackPointExtension>
      <gpxtpx:atemp>23</gpxtpx:atemp>
      <gpxtpx:hr>109</gpxtpx:hr>
      <gpxtpx:cad>56</gpxtpx:cad>
     </gpxtpx:TrackPointExtension>
    </extensions>
   </trkpt>
   <trkpt lat="46.4453910" lon="12.1263710">
    <ele>2029.4</ele>
    <time>2024-06-02T11:06:44Z</time>
    <extensions>
     <gpxtpx:TrackPointExtension>
      <gpxtpx:atemp>23</gpxtpx:atemp>
      <gpxtpx:hr>108</gpxtpx:hr>
      <gpxtpx:cad>60</gpxtpx:cad>
     </gpxtpx:TrackPointExtension>
    </extensions>
   </trkpt>
   <trkpt lat="46.4453370" lon="12.1263280">
    <ele>2029.6</ele>
    <time>2024-06-02T11:06:48Z</time>
    <extensions>
     <gpxtpx:TrackPointExtension>
      <gpxtpx:atemp>23</gpxtpx:atemp>
      <gpxtpx:hr>112</gpxtpx:hr>
      <gpxtpx:cad>60</gpxtpx:cad>
     </gpxtpx:TrackPointExtension>
    </extensions>
   </trkpt>
   <trkpt lat="46.4452770" lon="12.1262850">
    <ele>2029.8</ele>
    <time>2024-06-02T11:06:52Z</time>
    <extensions>
     <gpxtpx:TrackPointExtension>
      <gpxtpx:atemp>23</gpxtpx:atemp>
      <gpxtpx:hr>111</gpxtpx:hr>
      <gpxtpx:cad>60</gpxtpx:cad>
     </gpxtpx:TrackPointExtension>
    </extensions>
   </trkpt>
   <trkpt lat="46.4451780" lon="12.1262050">
    <ele>2030.0</ele>
    <time>2024-06-02T11:06:58Z</time>
    <extensions>
     <gpxtpx:TrackPointExtension>
      <gpxtpx:atemp>23</gpxtpx:atemp>
      <gpxtpx:hr>106</gpxtpx:hr>
      <gpxtpx:cad>58</gpxtpx:cad>
     </gpxtpx:TrackPointExtension>
    </extensions>
   </trkpt>
   <trkpt lat="46.4450980" lon="12.1261460">
    <ele>2030.2</ele>
    <time>2024-06-02T11:07:03Z</time>
    <extensions>
     <gpxtpx:TrackPointExtension>
      <gpxtpx:atemp>23</gpxtpx:atemp>
      <gpxtpx:hr>105</gpxtpx:hr>
      <gpxtpx:cad>56</gpxtpx:cad>
     </gpxtpx:TrackPointExtension>
    </extensions>
   </trkpt>
   <trkpt lat="46.4450380" lon="12.1261040">
    <ele>2030.6</ele>
    <time>2024-06-02T11:07:08Z</time>
    <extensions>
     <gpxtpx:TrackPointExtension>
      <gpxtpx:atemp>23</gpxtpx:atemp>
      <gpxtpx:hr>102</gpxtpx:hr>
      <gpxtpx:cad>56</gpxtpx:cad>
     </gpxtpx:TrackPointExtension>
    </extensions>
   </trkpt>
   <trkpt lat="46.4450080" lon="12.1260900">
    <ele>2031.0</ele>
    <time>2024-06-02T11:07:10Z</time>
    <extensions>
     <gpxtpx:TrackPointExtension>
      <gpxtpx:atemp>23</gpxtpx:atemp>
      <gpxtpx:hr>105</gpxtpx:hr>
      <gpxtpx:cad>55</gpxtpx:cad>
     </gpxtpx:TrackPointExtension>
    </extensions>
   </trkpt>
   <trkpt lat="46.4449930" lon="12.1260860">
    <ele>2031.0</ele>
    <time>2024-06-02T11:07:11Z</time>
    <extensions>
     <gpxtpx:TrackPointExtension>
      <gpxtpx:atemp>23</gpxtpx:atemp>
      <gpxtpx:hr>105</gpxtpx:hr>
      <gpxtpx:cad>55</gpxtpx:cad>
     </gpxtpx:TrackPointExtension>
    </extensions>
   </trkpt>
   <trkpt lat="46.4449590" lon="12.1260740">
    <ele>2031.2</ele>
    <time>2024-06-02T11:07:13Z</time>
    <extensions>
     <gpxtpx:TrackPointExtension>
      <gpxtpx:atemp>23</gpxtpx:atemp>
      <gpxtpx:hr>105</gpxtpx:hr>
      <gpxtpx:cad>55</gpxtpx:cad>
     </gpxtpx:TrackPointExtension>
    </extensions>
   </trkpt>
   <trkpt lat="46.4449430" lon="12.1260660">
    <ele>2031.2</ele>
    <time>2024-06-02T11:07:14Z</time>
    <extensions>
     <gpxtpx:TrackPointExtension>
      <gpxtpx:atemp>23</gpxtpx:atemp>
      <gpxtpx:hr>106</gpxtpx:hr>
      <gpxtpx:cad>56</gpxtpx:cad>
     </gpxtpx:TrackPointExtension>
    </extensions>
   </trkpt>
   <trkpt lat="46.4448190" lon="12.1260420">
    <ele>2031.6</ele>
    <time>2024-06-02T11:07:22Z</time>
    <extensions>
     <gpxtpx:TrackPointExtension>
      <gpxtpx:atemp>23</gpxtpx:atemp>
      <gpxtpx:hr>110</gpxtpx:hr>
      <gpxtpx:cad>57</gpxtpx:cad>
     </gpxtpx:TrackPointExtension>
    </extensions>
   </trkpt>
   <trkpt lat="46.4447700" lon="12.1260380">
    <ele>2031.4</ele>
    <time>2024-06-02T11:07:25Z</time>
    <extensions>
     <gpxtpx:TrackPointExtension>
      <gpxtpx:atemp>23</gpxtpx:atemp>
      <gpxtpx:hr>108</gpxtpx:hr>
      <gpxtpx:cad>59</gpxtpx:cad>
     </gpxtpx:TrackPointExtension>
    </extensions>
   </trkpt>
   <trkpt lat="46.4446830" lon="12.1260140">
    <ele>2031.2</ele>
    <time>2024-06-02T11:07:31Z</time>
    <extensions>
     <gpxtpx:TrackPointExtension>
      <gpxtpx:atemp>23</gpxtpx:atemp>
      <gpxtpx:hr>105</gpxtpx:hr>
      <gpxtpx:cad>56</gpxtpx:cad>
     </gpxtpx:TrackPointExtension>
    </extensions>
   </trkpt>
   <trkpt lat="46.4446520" lon="12.1260060">
    <ele>2031.4</ele>
    <time>2024-06-02T11:07:33Z</time>
    <extensions>
     <gpxtpx:TrackPointExtension>
      <gpxtpx:atemp>23</gpxtpx:atemp>
      <gpxtpx:hr>108</gpxtpx:hr>
      <gpxtpx:cad>56</gpxtpx:cad>
     </gpxtpx:TrackPointExtension>
    </extensions>
   </trkpt>
   <trkpt lat="46.4446140" lon="12.1259980">
    <ele>2031.4</ele>
    <time>2024-06-02T11:07:35Z</time>
    <extensions>
     <gpxtpx:TrackPointExtension>
      <gpxtpx:atemp>23</gpxtpx:atemp>
      <gpxtpx:hr>109</gpxtpx:hr>
      <gpxtpx:cad>56</gpxtpx:cad>
     </gpxtpx:TrackPointExtension>
    </extensions>
   </trkpt>
   <trkpt lat="46.4445630" lon="12.1259880">
    <ele>2031.4</ele>
    <time>2024-06-02T11:07:38Z</time>
    <extensions>
     <gpxtpx:TrackPointExtension>
      <gpxtpx:atemp>23</gpxtpx:atemp>
      <gpxtpx:hr>112</gpxtpx:hr>
      <gpxtpx:cad>56</gpxtpx:cad>
     </gpxtpx:TrackPointExtension>
    </extensions>
   </trkpt>
   <trkpt lat="46.4444310" lon="12.1259700">
    <ele>2030.8</ele>
    <time>2024-06-02T11:07:45Z</time>
    <extensions>
     <gpxtpx:TrackPointExtension>
      <gpxtpx:atemp>23</gpxtpx:atemp>
      <gpxtpx:hr>113</gpxtpx:hr>
      <gpxtpx:cad>57</gpxtpx:cad>
     </gpxtpx:TrackPointExtension>
    </extensions>
   </trkpt>
   <trkpt lat="46.4442920" lon="12.1259480">
    <ele>2030.0</ele>
    <time>2024-06-02T11:07:55Z</time>
    <extensions>
     <gpxtpx:TrackPointExtension>
      <gpxtpx:atemp>23</gpxtpx:atemp>
      <gpxtpx:hr>112</gpxtpx:hr>
      <gpxtpx:cad>58</gpxtpx:cad>
     </gpxtpx:TrackPointExtension>
    </extensions>
   </trkpt>
   <trkpt lat="46.4441350" lon="12.1259310">
    <ele>2029.0</ele>
    <time>2024-06-02T11:08:04Z</time>
    <extensions>
     <gpxtpx:TrackPointExtension>
      <gpxtpx:atemp>24</gpxtpx:atemp>
      <gpxtpx:hr>112</gpxtpx:hr>
      <gpxtpx:cad>58</gpxtpx:cad>
     </gpxtpx:TrackPointExtension>
    </extensions>
   </trkpt>
   <trkpt lat="46.4440870" lon="12.1259210">
    <ele>2028.6</ele>
    <time>2024-06-02T11:08:07Z</time>
    <extensions>
     <gpxtpx:TrackPointExtension>
      <gpxtpx:atemp>24</gpxtpx:atemp>
      <gpxtpx:hr>110</gpxtpx:hr>
      <gpxtpx:cad>58</gpxtpx:cad>
     </gpxtpx:TrackPointExtension>
    </extensions>
   </trkpt>
   <trkpt lat="46.4439790" lon="12.1259090">
    <ele>2028.2</ele>
    <time>2024-06-02T11:08:14Z</time>
    <extensions>
     <gpxtpx:TrackPointExtension>
      <gpxtpx:atemp>24</gpxtpx:atemp>
      <gpxtpx:hr>107</gpxtpx:hr>
      <gpxtpx:cad>56</gpxtpx:cad>
     </gpxtpx:TrackPointExtension>
    </extensions>
   </trkpt>
   <trkpt lat="46.4439540" lon="12.1259090">
    <ele>2028.2</ele>
    <time>2024-06-02T11:08:16Z</time>
    <extensions>
     <gpxtpx:TrackPointExtension>
      <gpxtpx:atemp>24</gpxtpx:atemp>
      <gpxtpx:hr>108</gpxtpx:hr>
      <gpxtpx:cad>56</gpxtpx:cad>
     </gpxtpx:TrackPointExtension>
    </extensions>
   </trkpt>
   <trkpt lat="46.4439050" lon="12.1259010">
    <ele>2027.8</ele>
    <time>2024-06-02T11:08:19Z</time>
    <extensions>
     <gpxtpx:TrackPointExtension>
      <gpxtpx:atemp>24</gpxtpx:atemp>
      <gpxtpx:hr>109</gpxtpx:hr>
      <gpxtpx:cad>59</gpxtpx:cad>
     </gpxtpx:TrackPointExtension>
    </extensions>
   </trkpt>
   <trkpt lat="46.4438490" lon="12.1258920">
    <ele>2027.4</ele>
    <time>2024-06-02T11:08:23Z</time>
    <extensions>
     <gpxtpx:TrackPointExtension>
      <gpxtpx:atemp>24</gpxtpx:atemp>
      <gpxtpx:hr>108</gpxtpx:hr>
      <gpxtpx:cad>60</gpxtpx:cad>
     </gpxtpx:TrackPointExtension>
    </extensions>
   </trkpt>
   <trkpt lat="46.4437760" lon="12.1258680">
    <ele>2027.2</ele>
    <time>2024-06-02T11:08:27Z</time>
    <extensions>
     <gpxtpx:TrackPointExtension>
      <gpxtpx:atemp>24</gpxtpx:atemp>
      <gpxtpx:hr>105</gpxtpx:hr>
      <gpxtpx:cad>57</gpxtpx:cad>
     </gpxtpx:TrackPointExtension>
    </extensions>
   </trkpt>
   <trkpt lat="46.4437010" lon="12.1258150">
    <ele>2026.6</ele>
    <time>2024-06-02T11:08:32Z</time>
    <extensions>
     <gpxtpx:TrackPointExtension>
      <gpxtpx:atemp>24</gpxtpx:atemp>
      <gpxtpx:hr>105</gpxtpx:hr>
      <gpxtpx:cad>58</gpxtpx:cad>
     </gpxtpx:TrackPointExtension>
    </extensions>
   </trkpt>
   <trkpt lat="46.4436710" lon="12.1257940">
    <ele>2026.4</ele>
    <time>2024-06-02T11:08:34Z</time>
    <extensions>
     <gpxtpx:TrackPointExtension>
      <gpxtpx:atemp>24</gpxtpx:atemp>
      <gpxtpx:hr>108</gpxtpx:hr>
      <gpxtpx:cad>58</gpxtpx:cad>
     </gpxtpx:TrackPointExtension>
    </extensions>
   </trkpt>
   <trkpt lat="46.4436220" lon="12.1257780">
    <ele>2026.2</ele>
    <time>2024-06-02T11:08:37Z</time>
    <extensions>
     <gpxtpx:TrackPointExtension>
      <gpxtpx:atemp>24</gpxtpx:atemp>
      <gpxtpx:hr>108</gpxtpx:hr>
      <gpxtpx:cad>57</gpxtpx:cad>
     </gpxtpx:TrackPointExtension>
    </extensions>
   </trkpt>
   <trkpt lat="46.4435040" lon="12.1257140">
    <ele>2026.6</ele>
    <time>2024-06-02T11:08:45Z</time>
    <extensions>
     <gpxtpx:TrackPointExtension>
      <gpxtpx:atemp>24</gpxtpx:atemp>
      <gpxtpx:hr>106</gpxtpx:hr>
      <gpxtpx:cad>58</gpxtpx:cad>
     </gpxtpx:TrackPointExtension>
    </extensions>
   </trkpt>
   <trkpt lat="46.4434090" lon="12.1256540">
    <ele>2027.4</ele>
    <time>2024-06-02T11:08:52Z</time>
    <extensions>
     <gpxtpx:TrackPointExtension>
      <gpxtpx:atemp>24</gpxtpx:atemp>
      <gpxtpx:hr>106</gpxtpx:hr>
      <gpxtpx:cad>54</gpxtpx:cad>
     </gpxtpx:TrackPointExtension>
    </extensions>
   </trkpt>
   <trkpt lat="46.4433830" lon="12.1256390">
    <ele>2027.8</ele>
    <time>2024-06-02T11:08:54Z</time>
    <extensions>
     <gpxtpx:TrackPointExtension>
      <gpxtpx:atemp>24</gpxtpx:atemp>
      <gpxtpx:hr>107</gpxtpx:hr>
      <gpxtpx:cad>53</gpxtpx:cad>
     </gpxtpx:TrackPointExtension>
    </extensions>
   </trkpt>
   <trkpt lat="46.4432600" lon="12.1256000">
    <ele>2028.0</ele>
    <time>2024-06-02T11:09:02Z</time>
    <extensions>
     <gpxtpx:TrackPointExtension>
      <gpxtpx:atemp>24</gpxtpx:atemp>
      <gpxtpx:hr>106</gpxtpx:hr>
      <gpxtpx:cad>55</gpxtpx:cad>
     </gpxtpx:TrackPointExtension>
    </extensions>
   </trkpt>
   <trkpt lat="46.4432390" lon="12.1256040">
    <ele>2028.0</ele>
    <time>2024-06-02T11:09:03Z</time>
    <extensions>
     <gpxtpx:TrackPointExtension>
      <gpxtpx:atemp>24</gpxtpx:atemp>
      <gpxtpx:hr>103</gpxtpx:hr>
      <gpxtpx:cad>55</gpxtpx:cad>
     </gpxtpx:TrackPointExtension>
    </extensions>
   </trkpt>
   <trkpt lat="46.4431620" lon="12.1256170">
    <ele>2028.0</ele>
    <time>2024-06-02T11:09:08Z</time>
    <extensions>
     <gpxtpx:TrackPointExtension>
      <gpxtpx:atemp>24</gpxtpx:atemp>
      <gpxtpx:hr>100</gpxtpx:hr>
      <gpxtpx:cad>56</gpxtpx:cad>
     </gpxtpx:TrackPointExtension>
    </extensions>
   </trkpt>
   <trkpt lat="46.4431460" lon="12.1256240">
    <ele>2028.0</ele>
    <time>2024-06-02T11:09:09Z</time>
    <extensions>
     <gpxtpx:TrackPointExtension>
      <gpxtpx:atemp>24</gpxtpx:atemp>
      <gpxtpx:hr>103</gpxtpx:hr>
      <gpxtpx:cad>55</gpxtpx:cad>
     </gpxtpx:TrackPointExtension>
    </extensions>
   </trkpt>
   <trkpt lat="46.4430980" lon="12.1256240">
    <ele>2027.8</ele>
    <time>2024-06-02T11:09:12Z</time>
    <extensions>
     <gpxtpx:TrackPointExtension>
      <gpxtpx:atemp>24</gpxtpx:atemp>
      <gpxtpx:hr>101</gpxtpx:hr>
      <gpxtpx:cad>56</gpxtpx:cad>
     </gpxtpx:TrackPointExtension>
    </extensions>
   </trkpt>
   <trkpt lat="46.4429600" lon="12.1255600">
    <ele>2028.0</ele>
    <time>2024-06-02T11:09:22Z</time>
    <extensions>
     <gpxtpx:TrackPointExtension>
      <gpxtpx:atemp>24</gpxtpx:atemp>
      <gpxtpx:hr>99</gpxtpx:hr>
      <gpxtpx:cad>53</gpxtpx:cad>
     </gpxtpx:TrackPointExtension>
    </extensions>
   </trkpt>
   <trkpt lat="46.4429450" lon="12.1255480">
    <ele>2028.0</ele>
    <time>2024-06-02T11:09:23Z</time>
    <extensions>
     <gpxtpx:TrackPointExtension>
      <gpxtpx:atemp>24</gpxtpx:atemp>
      <gpxtpx:hr>102</gpxtpx:hr>
      <gpxtpx:cad>54</gpxtpx:cad>
     </gpxtpx:TrackPointExtension>
    </extensions>
   </trkpt>
   <trkpt lat="46.4428700" lon="12.1254850">
    <ele>2028.2</ele>
    <time>2024-06-02T11:09:28Z</time>
    <extensions>
     <gpxtpx:TrackPointExtension>
      <gpxtpx:atemp>24</gpxtpx:atemp>
      <gpxtpx:hr>104</gpxtpx:hr>
      <gpxtpx:cad>55</gpxtpx:cad>
     </gpxtpx:TrackPointExtension>
    </extensions>
   </trkpt>
   <trkpt lat="46.4428160" lon="12.1253810">
    <ele>2028.4</ele>
    <time>2024-06-02T11:09:34Z</time>
    <extensions>
     <gpxtpx:TrackPointExtension>
      <gpxtpx:atemp>24</gpxtpx:atemp>
      <gpxtpx:hr>103</gpxtpx:hr>
      <gpxtpx:cad>55</gpxtpx:cad>
     </gpxtpx:TrackPointExtension>
    </extensions>
   </trkpt>
   <trkpt lat="46.4427870" lon="12.1252420">
    <ele>2027.6</ele>
    <time>2024-06-02T11:09:40Z</time>
    <extensions>
     <gpxtpx:TrackPointExtension>
      <gpxtpx:atemp>24</gpxtpx:atemp>
      <gpxtpx:hr>106</gpxtpx:hr>
      <gpxtpx:cad>56</gpxtpx:cad>
     </gpxtpx:TrackPointExtension>
    </extensions>
   </trkpt>
   <trkpt lat="46.4427780" lon="12.1252150">
    <ele>2027.4</ele>
    <time>2024-06-02T11:09:41Z</time>
    <extensions>
     <gpxtpx:TrackPointExtension>
      <gpxtpx:atemp>24</gpxtpx:atemp>
      <gpxtpx:hr>109</gpxtpx:hr>
      <gpxtpx:cad>56</gpxtpx:cad>
     </gpxtpx:TrackPointExtension>
    </extensions>
   </trkpt>
   <trkpt lat="46.4427680" lon="12.1251990">
    <ele>2027.2</ele>
    <time>2024-06-02T11:09:42Z</time>
    <extensions>
     <gpxtpx:TrackPointExtension>
      <gpxtpx:atemp>24</gpxtpx:atemp>
      <gpxtpx:hr>105</gpxtpx:hr>
      <gpxtpx:cad>59</gpxtpx:cad>
     </gpxtpx:TrackPointExtension>
    </extensions>
   </trkpt>
   <trkpt lat="46.4427420" lon="12.1251480">
    <ele>2026.4</ele>
    <time>2024-06-02T11:09:45Z</time>
    <extensions>
     <gpxtpx:TrackPointExtension>
      <gpxtpx:atemp>24</gpxtpx:atemp>
      <gpxtpx:hr>106</gpxtpx:hr>
      <gpxtpx:cad>61</gpxtpx:cad>
     </gpxtpx:TrackPointExtension>
    </extensions>
   </trkpt>
   <trkpt lat="46.4427020" lon="12.1250850">
    <ele>2025.6</ele>
    <time>2024-06-02T11:09:49Z</time>
    <extensions>
     <gpxtpx:TrackPointExtension>
      <gpxtpx:atemp>24</gpxtpx:atemp>
      <gpxtpx:hr>103</gpxtpx:hr>
      <gpxtpx:cad>58</gpxtpx:cad>
     </gpxtpx:TrackPointExtension>
    </extensions>
   </trkpt>
   <trkpt lat="46.4426890" lon="12.1250720">
    <ele>2025.4</ele>
    <time>2024-06-02T11:09:50Z</time>
    <extensions>
     <gpxtpx:TrackPointExtension>
      <gpxtpx:atemp>25</gpxtpx:atemp>
      <gpxtpx:hr>104</gpxtpx:hr>
      <gpxtpx:cad>57</gpxtpx:cad>
     </gpxtpx:TrackPointExtension>
    </extensions>
   </trkpt>
   <trkpt lat="46.4426220" lon="12.1250000">
    <ele>2024.2</ele>
    <time>2024-06-02T11:09:56Z</time>
    <extensions>
     <gpxtpx:TrackPointExtension>
      <gpxtpx:atemp>24</gpxtpx:atemp>
      <gpxtpx:hr>101</gpxtpx:hr>
      <gpxtpx:cad>58</gpxtpx:cad>
     </gpxtpx:TrackPointExtension>
    </extensions>
   </trkpt>
   <trkpt lat="46.4425180" lon="12.1248660">
    <ele>2023.2</ele>
    <time>2024-06-02T11:10:05Z</time>
    <extensions>
     <gpxtpx:TrackPointExtension>
      <gpxtpx:atemp>24</gpxtpx:atemp>
      <gpxtpx:hr>101</gpxtpx:hr>
      <gpxtpx:cad>56</gpxtpx:cad>
     </gpxtpx:TrackPointExtension>
    </extensions>
   </trkpt>
   <trkpt lat="46.4424010" lon="12.1247900">
    <ele>2022.4</ele>
    <time>2024-06-02T11:10:13Z</time>
    <extensions>
     <gpxtpx:TrackPointExtension>
      <gpxtpx:atemp>24</gpxtpx:atemp>
      <gpxtpx:hr>101</gpxtpx:hr>
      <gpxtpx:cad>58</gpxtpx:cad>
     </gpxtpx:TrackPointExtension>
    </extensions>
   </trkpt>
   <trkpt lat="46.4423610" lon="12.1247750">
    <ele>2022.0</ele>
    <time>2024-06-02T11:10:15Z</time>
    <extensions>
     <gpxtpx:TrackPointExtension>
      <gpxtpx:atemp>24</gpxtpx:atemp>
      <gpxtpx:hr>104</gpxtpx:hr>
      <gpxtpx:cad>58</gpxtpx:cad>
     </gpxtpx:TrackPointExtension>
    </extensions>
   </trkpt>
   <trkpt lat="46.4423420" lon="12.1247650">
    <ele>2021.6</ele>
    <time>2024-06-02T11:10:16Z</time>
    <extensions>
     <gpxtpx:TrackPointExtension>
      <gpxtpx:atemp>24</gpxtpx:atemp>
      <gpxtpx:hr>100</gpxtpx:hr>
      <gpxtpx:cad>58</gpxtpx:cad>
     </gpxtpx:TrackPointExtension>
    </extensions>
   </trkpt>
   <trkpt lat="46.4423030" lon="12.1247510">
    <ele>2021.2</ele>
    <time>2024-06-02T11:10:18Z</time>
    <extensions>
     <gpxtpx:TrackPointExtension>
      <gpxtpx:atemp>24</gpxtpx:atemp>
      <gpxtpx:hr>100</gpxtpx:hr>
      <gpxtpx:cad>58</gpxtpx:cad>
     </gpxtpx:TrackPointExtension>
    </extensions>
   </trkpt>
   <trkpt lat="46.4422540" lon="12.1247430">
    <ele>2021.0</ele>
    <time>2024-06-02T11:10:21Z</time>
    <extensions>
     <gpxtpx:TrackPointExtension>
      <gpxtpx:atemp>24</gpxtpx:atemp>
      <gpxtpx:hr>100</gpxtpx:hr>
      <gpxtpx:cad>58</gpxtpx:cad>
     </gpxtpx:TrackPointExtension>
    </extensions>
   </trkpt>
   <trkpt lat="46.4421480" lon="12.1247330">
    <ele>2020.0</ele>
    <time>2024-06-02T11:10:27Z</time>
    <extensions>
     <gpxtpx:TrackPointExtension>
      <gpxtpx:atemp>24</gpxtpx:atemp>
      <gpxtpx:hr>101</gpxtpx:hr>
      <gpxtpx:cad>56</gpxtpx:cad>
     </gpxtpx:TrackPointExtension>
    </extensions>
   </trkpt>
   <trkpt lat="46.4420990" lon="12.1247240">
    <ele>2018.8</ele>
    <time>2024-06-02T11:10:32Z</time>
    <extensions>
     <gpxtpx:TrackPointExtension>
      <gpxtpx:atemp>24</gpxtpx:atemp>
      <gpxtpx:hr>103</gpxtpx:hr>
      <gpxtpx:cad>57</gpxtpx:cad>
     </gpxtpx:TrackPointExtension>
    </extensions>
   </trkpt>
   <trkpt lat="46.4420830" lon="12.1247140">
    <ele>2018.6</ele>
    <time>2024-06-02T11:10:33Z</time>
    <extensions>
     <gpxtpx:TrackPointExtension>
      <gpxtpx:atemp>24</gpxtpx:atemp>
      <gpxtpx:hr>103</gpxtpx:hr>
      <gpxtpx:cad>57</gpxtpx:cad>
     </gpxtpx:TrackPointExtension>
    </extensions>
   </trkpt>
   <trkpt lat="46.4420280" lon="12.1247020">
    <ele>2017.6</ele>
    <time>2024-06-02T11:10:36Z</time>
    <extensions>
     <gpxtpx:TrackPointExtension>
      <gpxtpx:atemp>24</gpxtpx:atemp>
      <gpxtpx:hr>103</gpxtpx:hr>
      <gpxtpx:cad>59</gpxtpx:cad>
     </gpxtpx:TrackPointExtension>
    </extensions>
   </trkpt>
   <trkpt lat="46.4419760" lon="12.1246770">
    <ele>2016.6</ele>
    <time>2024-06-02T11:10:40Z</time>
    <extensions>
     <gpxtpx:TrackPointExtension>
      <gpxtpx:atemp>24</gpxtpx:atemp>
      <gpxtpx:hr>103</gpxtpx:hr>
      <gpxtpx:cad>58</gpxtpx:cad>
     </gpxtpx:TrackPointExtension>
    </extensions>
   </trkpt>
   <trkpt lat="46.4419630" lon="12.1246600">
    <ele>2016.4</ele>
    <time>2024-06-02T11:10:41Z</time>
    <extensions>
     <gpxtpx:TrackPointExtension>
      <gpxtpx:atemp>24</gpxtpx:atemp>
      <gpxtpx:hr>103</gpxtpx:hr>
      <gpxtpx:cad>58</gpxtpx:cad>
     </gpxtpx:TrackPointExtension>
    </extensions>
   </trkpt>
   <trkpt lat="46.4418900" lon="12.1246600">
    <ele>2015.4</ele>
    <time>2024-06-02T11:10:46Z</time>
    <extensions>
     <gpxtpx:TrackPointExtension>
      <gpxtpx:atemp>24</gpxtpx:atemp>
      <gpxtpx:hr>103</gpxtpx:hr>
      <gpxtpx:cad>55</gpxtpx:cad>
     </gpxtpx:TrackPointExtension>
    </extensions>
   </trkpt>
   <trkpt lat="46.4418560" lon="12.1246520">
    <ele>2015.0</ele>
    <time>2024-06-02T11:10:49Z</time>
    <extensions>
     <gpxtpx:TrackPointExtension>
      <gpxtpx:atemp>24</gpxtpx:atemp>
      <gpxtpx:hr>103</gpxtpx:hr>
      <gpxtpx:cad>55</gpxtpx:cad>
     </gpxtpx:TrackPointExtension>
    </extensions>
   </trkpt>
   <trkpt lat="46.4417730" lon="12.1246340">
    <ele>2014.4</ele>
    <time>2024-06-02T11:10:54Z</time>
    <extensions>
     <gpxtpx:TrackPointExtension>
      <gpxtpx:atemp>24</gpxtpx:atemp>
      <gpxtpx:hr>100</gpxtpx:hr>
      <gpxtpx:cad>55</gpxtpx:cad>
     </gpxtpx:TrackPointExtension>
    </extensions>
   </trkpt>
   <trkpt lat="46.4417400" lon="12.1246280">
    <ele>2014.2</ele>
    <time>2024-06-02T11:10:56Z</time>
    <extensions>
     <gpxtpx:TrackPointExtension>
      <gpxtpx:atemp>24</gpxtpx:atemp>
      <gpxtpx:hr>102</gpxtpx:hr>
      <gpxtpx:cad>55</gpxtpx:cad>
     </gpxtpx:TrackPointExtension>
    </extensions>
   </trkpt>
   <trkpt lat="46.4417050" lon="12.1246370">
    <ele>2013.8</ele>
    <time>2024-06-02T11:10:58Z</time>
    <extensions>
     <gpxtpx:TrackPointExtension>
      <gpxtpx:atemp>24</gpxtpx:atemp>
      <gpxtpx:hr>102</gpxtpx:hr>
      <gpxtpx:cad>55</gpxtpx:cad>
     </gpxtpx:TrackPointExtension>
    </extensions>
   </trkpt>
   <trkpt lat="46.4416060" lon="12.1246640">
    <ele>2013.4</ele>
    <time>2024-06-02T11:11:02Z</time>
    <extensions>
     <gpxtpx:TrackPointExtension>
      <gpxtpx:atemp>24</gpxtpx:atemp>
      <gpxtpx:hr>102</gpxtpx:hr>
      <gpxtpx:cad>56</gpxtpx:cad>
     </gpxtpx:TrackPointExtension>
    </extensions>
   </trkpt>
   <trkpt lat="46.4415850" lon="12.1246680">
    <ele>2013.2</ele>
    <time>2024-06-02T11:11:04Z</time>
    <extensions>
     <gpxtpx:TrackPointExtension>
      <gpxtpx:atemp>24</gpxtpx:atemp>
      <gpxtpx:hr>102</gpxtpx:hr>
      <gpxtpx:cad>55</gpxtpx:cad>
     </gpxtpx:TrackPointExtension>
    </extensions>
   </trkpt>
   <trkpt lat="46.4415210" lon="12.1246500">
    <ele>2012.6</ele>
    <time>2024-06-02T11:11:09Z</time>
    <extensions>
     <gpxtpx:TrackPointExtension>
      <gpxtpx:atemp>24</gpxtpx:atemp>
      <gpxtpx:hr>102</gpxtpx:hr>
      <gpxtpx:cad>55</gpxtpx:cad>
     </gpxtpx:TrackPointExtension>
    </extensions>
   </trkpt>
   <trkpt lat="46.4414520" lon="12.1246180">
    <ele>2012.0</ele>
    <time>2024-06-02T11:11:14Z</time>
    <extensions>
     <gpxtpx:TrackPointExtension>
      <gpxtpx:atemp>24</gpxtpx:atemp>
      <gpxtpx:hr>101</gpxtpx:hr>
      <gpxtpx:cad>54</gpxtpx:cad>
     </gpxtpx:TrackPointExtension>
    </extensions>
   </trkpt>
   <trkpt lat="46.4413970" lon="12.1245710">
    <ele>2011.2</ele>
    <time>2024-06-02T11:11:19Z</time>
    <extensions>
     <gpxtpx:TrackPointExtension>
      <gpxtpx:atemp>24</gpxtpx:atemp>
      <gpxtpx:hr>101</gpxtpx:hr>
      <gpxtpx:cad>55</gpxtpx:cad>
     </gpxtpx:TrackPointExtension>
    </extensions>
   </trkpt>
   <trkpt lat="46.4413660" lon="12.1245690">
    <ele>2011.0</ele>
    <time>2024-06-02T11:11:21Z</time>
    <extensions>
     <gpxtpx:TrackPointExtension>
      <gpxtpx:atemp>24</gpxtpx:atemp>
      <gpxtpx:hr>100</gpxtpx:hr>
      <gpxtpx:cad>55</gpxtpx:cad>
     </gpxtpx:TrackPointExtension>
    </extensions>
   </trkpt>
   <trkpt lat="46.4412840" lon="12.1245570">
    <ele>2010.2</ele>
    <time>2024-06-02T11:11:27Z</time>
    <extensions>
     <gpxtpx:TrackPointExtension>
      <gpxtpx:atemp>24</gpxtpx:atemp>
      <gpxtpx:hr>97</gpxtpx:hr>
      <gpxtpx:cad>56</gpxtpx:cad>
     </gpxtpx:TrackPointExtension>
    </extensions>
   </trkpt>
   <trkpt lat="46.4412560" lon="12.1245560">
    <ele>2010.0</ele>
    <time>2024-06-02T11:11:29Z</time>
    <extensions>
     <gpxtpx:TrackPointExtension>
      <gpxtpx:atemp>24</gpxtpx:atemp>
      <gpxtpx:hr>96</gpxtpx:hr>
      <gpxtpx:cad>56</gpxtpx:cad>
     </gpxtpx:TrackPointExtension>
    </extensions>
   </trkpt>
   <trkpt lat="46.4411870" lon="12.1245260">
    <ele>2009.4</ele>
    <time>2024-06-02T11:11:34Z</time>
    <extensions>
     <gpxtpx:TrackPointExtension>
      <gpxtpx:atemp>24</gpxtpx:atemp>
      <gpxtpx:hr>96</gpxtpx:hr>
      <gpxtpx:cad>56</gpxtpx:cad>
     </gpxtpx:TrackPointExtension>
    </extensions>
   </trkpt>
   <trkpt lat="46.4411790" lon="12.1245120">
    <ele>2009.4</ele>
    <time>2024-06-02T11:11:35Z</time>
    <extensions>
     <gpxtpx:TrackPointExtension>
      <gpxtpx:atemp>24</gpxtpx:atemp>
      <gpxtpx:hr>96</gpxtpx:hr>
      <gpxtpx:cad>56</gpxtpx:cad>
     </gpxtpx:TrackPointExtension>
    </extensions>
   </trkpt>
   <trkpt lat="46.4411290" lon="12.1244490">
    <ele>2009.2</ele>
    <time>2024-06-02T11:11:40Z</time>
    <extensions>
     <gpxtpx:TrackPointExtension>
      <gpxtpx:atemp>24</gpxtpx:atemp>
      <gpxtpx:hr>97</gpxtpx:hr>
      <gpxtpx:cad>55</gpxtpx:cad>
     </gpxtpx:TrackPointExtension>
    </extensions>
   </trkpt>
   <trkpt lat="46.4410390" lon="12.1244220">
    <ele>2009.0</ele>
    <time>2024-06-02T11:11:47Z</time>
    <extensions>
     <gpxtpx:TrackPointExtension>
      <gpxtpx:atemp>24</gpxtpx:atemp>
      <gpxtpx:hr>99</gpxtpx:hr>
      <gpxtpx:cad>55</gpxtpx:cad>
     </gpxtpx:TrackPointExtension>
    </extensions>
   </trkpt>
   <trkpt lat="46.4410290" lon="12.1244130">
    <ele>2009.0</ele>
    <time>2024-06-02T11:11:48Z</time>
    <extensions>
     <gpxtpx:TrackPointExtension>
      <gpxtpx:atemp>24</gpxtpx:atemp>
      <gpxtpx:hr>100</gpxtpx:hr>
      <gpxtpx:cad>55</gpxtpx:cad>
     </gpxtpx:TrackPointExtension>
    </extensions>
   </trkpt>
   <trkpt lat="46.4410100" lon="12.1244070">
    <ele>2009.0</ele>
    <time>2024-06-02T11:11:49Z</time>
    <extensions>
     <gpxtpx:TrackPointExtension>
      <gpxtpx:atemp>24</gpxtpx:atemp>
      <gpxtpx:hr>101</gpxtpx:hr>
      <gpxtpx:cad>55</gpxtpx:cad>
     </gpxtpx:TrackPointExtension>
    </extensions>
   </trkpt>
   <trkpt lat="46.4409670" lon="12.1243740">
    <ele>2008.8</ele>
    <time>2024-06-02T11:11:52Z</time>
    <extensions>
     <gpxtpx:TrackPointExtension>
      <gpxtpx:atemp>24</gpxtpx:atemp>
      <gpxtpx:hr>103</gpxtpx:hr>
      <gpxtpx:cad>56</gpxtpx:cad>
     </gpxtpx:TrackPointExtension>
    </extensions>
   </trkpt>
   <trkpt lat="46.4409450" lon="12.1243320">
    <ele>2008.8</ele>
    <time>2024-06-02T11:11:54Z</time>
    <extensions>
     <gpxtpx:TrackPointExtension>
      <gpxtpx:atemp>24</gpxtpx:atemp>
      <gpxtpx:hr>103</gpxtpx:hr>
      <gpxtpx:cad>57</gpxtpx:cad>
     </gpxtpx:TrackPointExtension>
    </extensions>
   </trkpt>
   <trkpt lat="46.4408710" lon="12.1241450">
    <ele>2008.2</ele>
    <time>2024-06-02T11:12:04Z</time>
    <extensions>
     <gpxtpx:TrackPointExtension>
      <gpxtpx:atemp>24</gpxtpx:atemp>
      <gpxtpx:hr>105</gpxtpx:hr>
      <gpxtpx:cad>56</gpxtpx:cad>
     </gpxtpx:TrackPointExtension>
    </extensions>
   </trkpt>
   <trkpt lat="46.4408630" lon="12.1240610">
    <ele>2008.0</ele>
    <time>2024-06-02T11:12:07Z</time>
    <extensions>
     <gpxtpx:TrackPointExtension>
      <gpxtpx:atemp>24</gpxtpx:atemp>
      <gpxtpx:hr>108</gpxtpx:hr>
      <gpxtpx:cad>56</gpxtpx:cad>
     </gpxtpx:TrackPointExtension>
    </extensions>
   </trkpt>
   <trkpt lat="46.4408570" lon="12.1240340">
    <ele>2008.0</ele>
    <time>2024-06-02T11:12:08Z</time>
    <extensions>
     <gpxtpx:TrackPointExtension>
      <gpxtpx:atemp>24</gpxtpx:atemp>
      <gpxtpx:hr>105</gpxtpx:hr>
      <gpxtpx:cad>55</gpxtpx:cad>
     </gpxtpx:TrackPointExtension>
    </extensions>
   </trkpt>
   <trkpt lat="46.4408460" lon="12.1240120">
    <ele>2008.0</ele>
    <time>2024-06-02T11:12:09Z</time>
    <extensions>
     <gpxtpx:TrackPointExtension>
      <gpxtpx:atemp>24</gpxtpx:atemp>
      <gpxtpx:hr>105</gpxtpx:hr>
      <gpxtpx:cad>55</gpxtpx:cad>
     </gpxtpx:TrackPointExtension>
    </extensions>
   </trkpt>
   <trkpt lat="46.4408330" lon="12.1239770">
    <ele>2008.0</ele>
    <time>2024-06-02T11:12:11Z</time>
    <extensions>
     <gpxtpx:TrackPointExtension>
      <gpxtpx:atemp>24</gpxtpx:atemp>
      <gpxtpx:hr>105</gpxtpx:hr>
      <gpxtpx:cad>55</gpxtpx:cad>
     </gpxtpx:TrackPointExtension>
    </extensions>
   </trkpt>
   <trkpt lat="46.4408160" lon="12.1239500">
    <ele>2008.0</ele>
    <time>2024-06-02T11:12:13Z</time>
    <extensions>
     <gpxtpx:TrackPointExtension>
      <gpxtpx:atemp>24</gpxtpx:atemp>
      <gpxtpx:hr>104</gpxtpx:hr>
      <gpxtpx:cad>55</gpxtpx:cad>
     </gpxtpx:TrackPointExtension>
    </extensions>
   </trkpt>
   <trkpt lat="46.4407750" lon="12.1238480">
    <ele>2007.6</ele>
    <time>2024-06-02T11:12:19Z</time>
    <extensions>
     <gpxtpx:TrackPointExtension>
      <gpxtpx:atemp>24</gpxtpx:atemp>
      <gpxtpx:hr>101</gpxtpx:hr>
      <gpxtpx:cad>54</gpxtpx:cad>
     </gpxtpx:TrackPointExtension>
    </extensions>
   </trkpt>
   <trkpt lat="46.4407590" lon="12.1237970">
    <ele>2007.6</ele>
    <time>2024-06-02T11:12:20Z</time>
    <extensions>
     <gpxtpx:TrackPointExtension>
      <gpxtpx:atemp>24</gpxtpx:atemp>
      <gpxtpx:hr>101</gpxtpx:hr>
      <gpxtpx:cad>54</gpxtpx:cad>
     </gpxtpx:TrackPointExtension>
    </extensions>
   </trkpt>
   <trkpt lat="46.4406850" lon="12.1236810">
    <ele>2007.0</ele>
    <time>2024-06-02T11:12:27Z</time>
    <extensions>
     <gpxtpx:TrackPointExtension>
      <gpxtpx:atemp>24</gpxtpx:atemp>
      <gpxtpx:hr>101</gpxtpx:hr>
      <gpxtpx:cad>55</gpxtpx:cad>
     </gpxtpx:TrackPointExtension>
    </extensions>
   </trkpt>
   <trkpt lat="46.4406780" lon="12.1236710">
    <ele>2006.8</ele>
    <time>2024-06-02T11:12:28Z</time>
    <extensions>
     <gpxtpx:TrackPointExtension>
      <gpxtpx:atemp>24</gpxtpx:atemp>
      <gpxtpx:hr>100</gpxtpx:hr>
      <gpxtpx:cad>55</gpxtpx:cad>
     </gpxtpx:TrackPointExtension>
    </extensions>
   </trkpt>
   <trkpt lat="46.4406290" lon="12.1235890">
    <ele>2006.4</ele>
    <time>2024-06-02T11:12:35Z</time>
    <extensions>
     <gpxtpx:TrackPointExtension>
      <gpxtpx:atemp>24</gpxtpx:atemp>
      <gpxtpx:hr>99</gpxtpx:hr>
      <gpxtpx:cad>54</gpxtpx:cad>
     </gpxtpx:TrackPointExtension>
    </extensions>
   </trkpt>
   <trkpt lat="46.4405890" lon="12.1234990">
    <ele>2006.2</ele>
    <time>2024-06-02T11:12:41Z</time>
    <extensions>
     <gpxtpx:TrackPointExtension>
      <gpxtpx:atemp>24</gpxtpx:atemp>
      <gpxtpx:hr>98</gpxtpx:hr>
      <gpxtpx:cad>53</gpxtpx:cad>
     </gpxtpx:TrackPointExtension>
    </extensions>
   </trkpt>
   <trkpt lat="46.4404550" lon="12.1233610">
    <ele>2005.8</ele>
    <time>2024-06-02T11:12:50Z</time>
    <extensions>
     <gpxtpx:TrackPointExtension>
      <gpxtpx:atemp>24</gpxtpx:atemp>
      <gpxtpx:hr>98</gpxtpx:hr>
      <gpxtpx:cad>54</gpxtpx:cad>
     </gpxtpx:TrackPointExtension>
    </extensions>
   </trkpt>
   <trkpt lat="46.4403320" lon="12.1232400">
    <ele>2005.6</ele>
    <time>2024-06-02T11:13:00Z</time>
    <extensions>
     <gpxtpx:TrackPointExtension>
      <gpxtpx:atemp>24</gpxtpx:atemp>
      <gpxtpx:hr>98</gpxtpx:hr>
      <gpxtpx:cad>55</gpxtpx:cad>
     </gpxtpx:TrackPointExtension>
    </extensions>
   </trkpt>
   <trkpt lat="46.4402440" lon="12.1230740">
    <ele>2006.0</ele>
    <time>2024-06-02T11:13:11Z</time>
    <extensions>
     <gpxtpx:TrackPointExtension>
      <gpxtpx:atemp>24</gpxtpx:atemp>
      <gpxtpx:hr>94</gpxtpx:hr>
      <gpxtpx:cad>53</gpxtpx:cad>
     </gpxtpx:TrackPointExtension>
    </extensions>
   </trkpt>
   <trkpt lat="46.4402390" lon="12.1230590">
    <ele>2006.0</ele>
    <time>2024-06-02T11:13:12Z</time>
    <extensions>
     <gpxtpx:TrackPointExtension>
      <gpxtpx:atemp>24</gpxtpx:atemp>
      <gpxtpx:hr>97</gpxtpx:hr>
      <gpxtpx:cad>53</gpxtpx:cad>
     </gpxtpx:TrackPointExtension>
    </extensions>
   </trkpt>
   <trkpt lat="46.4401700" lon="12.1229800">
    <ele>2005.6</ele>
    <time>2024-06-02T11:13:20Z</time>
    <extensions>
     <gpxtpx:TrackPointExtension>
      <gpxtpx:atemp>24</gpxtpx:atemp>
      <gpxtpx:hr>98</gpxtpx:hr>
      <gpxtpx:cad>54</gpxtpx:cad>
     </gpxtpx:TrackPointExtension>
    </extensions>
   </trkpt>
   <trkpt lat="46.4401210" lon="12.1229190">
    <ele>2005.2</ele>
    <time>2024-06-02T11:13:25Z</time>
    <extensions>
     <gpxtpx:TrackPointExtension>
      <gpxtpx:atemp>24</gpxtpx:atemp>
      <gpxtpx:hr>101</gpxtpx:hr>
      <gpxtpx:cad>55</gpxtpx:cad>
     </gpxtpx:TrackPointExtension>
    </extensions>
   </trkpt>
   <trkpt lat="46.4400960" lon="12.1228940">
    <ele>2005.2</ele>
    <time>2024-06-02T11:13:27Z</time>
    <extensions>
     <gpxtpx:TrackPointExtension>
      <gpxtpx:atemp>24</gpxtpx:atemp>
      <gpxtpx:hr>101</gpxtpx:hr>
      <gpxtpx:cad>55</gpxtpx:cad>
     </gpxtpx:TrackPointExtension>
    </extensions>
   </trkpt>
   <trkpt lat="46.4399910" lon="12.1228290">
    <ele>2004.8</ele>
    <time>2024-06-02T11:13:34Z</time>
    <extensions>
     <gpxtpx:TrackPointExtension>
      <gpxtpx:atemp>24</gpxtpx:atemp>
      <gpxtpx:hr>98</gpxtpx:hr>
      <gpxtpx:cad>55</gpxtpx:cad>
     </gpxtpx:TrackPointExtension>
    </extensions>
   </trkpt>
   <trkpt lat="46.4399780" lon="12.1228210">
    <ele>2004.6</ele>
    <time>2024-06-02T11:13:35Z</time>
    <extensions>
     <gpxtpx:TrackPointExtension>
      <gpxtpx:atemp>24</gpxtpx:atemp>
      <gpxtpx:hr>98</gpxtpx:hr>
      <gpxtpx:cad>55</gpxtpx:cad>
     </gpxtpx:TrackPointExtension>
    </extensions>
   </trkpt>
   <trkpt lat="46.4398990" lon="12.1227350">
    <ele>2004.2</ele>
    <time>2024-06-02T11:13:42Z</time>
    <extensions>
     <gpxtpx:TrackPointExtension>
      <gpxtpx:atemp>24</gpxtpx:atemp>
      <gpxtpx:hr>98</gpxtpx:hr>
      <gpxtpx:cad>56</gpxtpx:cad>
     </gpxtpx:TrackPointExtension>
    </extensions>
   </trkpt>
   <trkpt lat="46.4398490" lon="12.1226730">
    <ele>2003.6</ele>
    <time>2024-06-02T11:13:47Z</time>
    <extensions>
     <gpxtpx:TrackPointExtension>
      <gpxtpx:atemp>24</gpxtpx:atemp>
      <gpxtpx:hr>97</gpxtpx:hr>
      <gpxtpx:cad>55</gpxtpx:cad>
     </gpxtpx:TrackPointExtension>
    </extensions>
   </trkpt>
   <trkpt lat="46.4397920" lon="12.1226280">
    <ele>2003.0</ele>
    <time>2024-06-02T11:13:52Z</time>
    <extensions>
     <gpxtpx:TrackPointExtension>
      <gpxtpx:atemp>24</gpxtpx:atemp>
      <gpxtpx:hr>95</gpxtpx:hr>
      <gpxtpx:cad>55</gpxtpx:cad>
     </gpxtpx:TrackPointExtension>
    </extensions>
   </trkpt>
   <trkpt lat="46.4397630" lon="12.1226060">
    <ele>2002.2</ele>
    <time>2024-06-02T11:13:54Z</time>
    <extensions>
     <gpxtpx:TrackPointExtension>
      <gpxtpx:atemp>24</gpxtpx:atemp>
      <gpxtpx:hr>96</gpxtpx:hr>
      <gpxtpx:cad>56</gpxtpx:cad>
     </gpxtpx:TrackPointExtension>
    </extensions>
   </trkpt>
   <trkpt lat="46.4397290" lon="12.1225670">
    <ele>2001.6</ele>
    <time>2024-06-02T11:13:57Z</time>
    <extensions>
     <gpxtpx:TrackPointExtension>
      <gpxtpx:atemp>24</gpxtpx:atemp>
      <gpxtpx:hr>99</gpxtpx:hr>
      <gpxtpx:cad>57</gpxtpx:cad>
     </gpxtpx:TrackPointExtension>
    </extensions>
   </trkpt>
   <trkpt lat="46.4397070" lon="12.1225500">
    <ele>2001.4</ele>
    <time>2024-06-02T11:13:59Z</time>
    <extensions>
     <gpxtpx:TrackPointExtension>
      <gpxtpx:atemp>24</gpxtpx:atemp>
      <gpxtpx:hr>98</gpxtpx:hr>
      <gpxtpx:cad>57</gpxtpx:cad>
     </gpxtpx:TrackPointExtension>
    </extensions>
   </trkpt>
   <trkpt lat="46.4396940" lon="12.1225410">
    <ele>2001.2</ele>
    <time>2024-06-02T11:14:00Z</time>
    <extensions>
     <gpxtpx:TrackPointExtension>
      <gpxtpx:atemp>24</gpxtpx:atemp>
      <gpxtpx:hr>99</gpxtpx:hr>
      <gpxtpx:cad>57</gpxtpx:cad>
     </gpxtpx:TrackPointExtension>
    </extensions>
   </trkpt>
   <trkpt lat="46.4396760" lon="12.1225210">
    <ele>2001.0</ele>
    <time>2024-06-02T11:14:02Z</time>
    <extensions>
     <gpxtpx:TrackPointExtension>
      <gpxtpx:atemp>24</gpxtpx:atemp>
      <gpxtpx:hr>96</gpxtpx:hr>
      <gpxtpx:cad>57</gpxtpx:cad>
     </gpxtpx:TrackPointExtension>
    </extensions>
   </trkpt>
   <trkpt lat="46.4396290" lon="12.1224750">
    <ele>2000.2</ele>
    <time>2024-06-02T11:14:06Z</time>
    <extensions>
     <gpxtpx:TrackPointExtension>
      <gpxtpx:atemp>24</gpxtpx:atemp>
      <gpxtpx:hr>97</gpxtpx:hr>
      <gpxtpx:cad>55</gpxtpx:cad>
     </gpxtpx:TrackPointExtension>
    </extensions>
   </trkpt>
   <trkpt lat="46.4396200" lon="12.1224630">
    <ele>2000.0</ele>
    <time>2024-06-02T11:14:07Z</time>
    <extensions>
     <gpxtpx:TrackPointExtension>
      <gpxtpx:atemp>24</gpxtpx:atemp>
      <gpxtpx:hr>98</gpxtpx:hr>
      <gpxtpx:cad>56</gpxtpx:cad>
     </gpxtpx:TrackPointExtension>
    </extensions>
   </trkpt>
   <trkpt lat="46.4395350" lon="12.1223770">
    <ele>1999.4</ele>
    <time>2024-06-02T11:14:14Z</time>
    <extensions>
     <gpxtpx:TrackPointExtension>
      <gpxtpx:atemp>24</gpxtpx:atemp>
      <gpxtpx:hr>98</gpxtpx:hr>
      <gpxtpx:cad>56</gpxtpx:cad>
     </gpxtpx:TrackPointExtension>
    </extensions>
   </trkpt>
   <trkpt lat="46.4395270" lon="12.1223590">
    <ele>1999.4</ele>
    <time>2024-06-02T11:14:15Z</time>
    <extensions>
     <gpxtpx:TrackPointExtension>
      <gpxtpx:atemp>24</gpxtpx:atemp>
      <gpxtpx:hr>95</gpxtpx:hr>
      <gpxtpx:cad>55</gpxtpx:cad>
     </gpxtpx:TrackPointExtension>
    </extensions>
   </trkpt>
   <trkpt lat="46.4395200" lon="12.1223470">
    <ele>1999.2</ele>
    <time>2024-06-02T11:14:16Z</time>
    <extensions>
     <gpxtpx:TrackPointExtension>
      <gpxtpx:atemp>24</gpxtpx:atemp>
      <gpxtpx:hr>98</gpxtpx:hr>
      <gpxtpx:cad>55</gpxtpx:cad>
     </gpxtpx:TrackPointExtension>
    </extensions>
   </trkpt>
   <trkpt lat="46.4395030" lon="12.1223250">
    <ele>1999.0</ele>
    <time>2024-06-02T11:14:17Z</time>
    <extensions>
     <gpxtpx:TrackPointExtension>
      <gpxtpx:atemp>24</gpxtpx:atemp>
      <gpxtpx:hr>98</gpxtpx:hr>
      <gpxtpx:cad>56</gpxtpx:cad>
     </gpxtpx:TrackPointExtension>
    </extensions>
   </trkpt>
   <trkpt lat="46.4394920" lon="12.1223060">
    <ele>1998.8</ele>
    <time>2024-06-02T11:14:18Z</time>
    <extensions>
     <gpxtpx:TrackPointExtension>
      <gpxtpx:atemp>24</gpxtpx:atemp>
      <gpxtpx:hr>98</gpxtpx:hr>
      <gpxtpx:cad>56</gpxtpx:cad>
     </gpxtpx:TrackPointExtension>
    </extensions>
   </trkpt>
   <trkpt lat="46.4394460" lon="12.1222360">
    <ele>1998.6</ele>
    <time>2024-06-02T11:14:22Z</time>
    <extensions>
     <gpxtpx:TrackPointExtension>
      <gpxtpx:atemp>24</gpxtpx:atemp>
      <gpxtpx:hr>97</gpxtpx:hr>
      <gpxtpx:cad>56</gpxtpx:cad>
     </gpxtpx:TrackPointExtension>
    </extensions>
   </trkpt>
   <trkpt lat="46.4393880" lon="12.1221760">
    <ele>1997.8</ele>
    <time>2024-06-02T11:14:27Z</time>
    <extensions>
     <gpxtpx:TrackPointExtension>
      <gpxtpx:atemp>24</gpxtpx:atemp>
      <gpxtpx:hr>98</gpxtpx:hr>
      <gpxtpx:cad>57</gpxtpx:cad>
     </gpxtpx:TrackPointExtension>
    </extensions>
   </trkpt>
   <trkpt lat="46.4393460" lon="12.1221500">
    <ele>1997.2</ele>
    <time>2024-06-02T11:14:31Z</time>
    <extensions>
     <gpxtpx:TrackPointExtension>
      <gpxtpx:atemp>24</gpxtpx:atemp>
      <gpxtpx:hr>98</gpxtpx:hr>
      <gpxtpx:cad>56</gpxtpx:cad>
     </gpxtpx:TrackPointExtension>
    </extensions>
   </trkpt>
   <trkpt lat="46.4393180" lon="12.1221390">
    <ele>1997.0</ele>
    <time>2024-06-02T11:14:33Z</time>
    <extensions>
     <gpxtpx:TrackPointExtension>
      <gpxtpx:atemp>24</gpxtpx:atemp>
      <gpxtpx:hr>92</gpxtpx:hr>
      <gpxtpx:cad>56</gpxtpx:cad>
     </gpxtpx:TrackPointExtension>
    </extensions>
   </trkpt>
   <trkpt lat="46.4393050" lon="12.1221280">
    <ele>1997.0</ele>
    <time>2024-06-02T11:14:34Z</time>
    <extensions>
     <gpxtpx:TrackPointExtension>
      <gpxtpx:atemp>24</gpxtpx:atemp>
      <gpxtpx:hr>96</gpxtpx:hr>
      <gpxtpx:cad>56</gpxtpx:cad>
     </gpxtpx:TrackPointExtension>
    </extensions>
   </trkpt>
   <trkpt lat="46.4392660" lon="12.1220760">
    <ele>1996.8</ele>
    <time>2024-06-02T11:14:37Z</time>
    <extensions>
     <gpxtpx:TrackPointExtension>
      <gpxtpx:atemp>24</gpxtpx:atemp>
      <gpxtpx:hr>94</gpxtpx:hr>
      <gpxtpx:cad>55</gpxtpx:cad>
     </gpxtpx:TrackPointExtension>
    </extensions>
   </trkpt>
   <trkpt lat="46.4392330" lon="12.1220210">
    <ele>1996.2</ele>
    <time>2024-06-02T11:14:40Z</time>
    <extensions>
     <gpxtpx:TrackPointExtension>
      <gpxtpx:atemp>24</gpxtpx:atemp>
      <gpxtpx:hr>93</gpxtpx:hr>
      <gpxtpx:cad>55</gpxtpx:cad>
     </gpxtpx:TrackPointExtension>
    </extensions>
   </trkpt>
   <trkpt lat="46.4392020" lon="12.1219820">
    <ele>1995.8</ele>
    <time>2024-06-02T11:14:43Z</time>
    <extensions>
     <gpxtpx:TrackPointExtension>
      <gpxtpx:atemp>24</gpxtpx:atemp>
      <gpxtpx:hr>93</gpxtpx:hr>
      <gpxtpx:cad>56</gpxtpx:cad>
     </gpxtpx:TrackPointExtension>
    </extensions>
   </trkpt>
   <trkpt lat="46.4391910" lon="12.1219580">
    <ele>1995.6</ele>
    <time>2024-06-02T11:14:44Z</time>
    <extensions>
     <gpxtpx:TrackPointExtension>
      <gpxtpx:atemp>24</gpxtpx:atemp>
      <gpxtpx:hr>92</gpxtpx:hr>
      <gpxtpx:cad>56</gpxtpx:cad>
     </gpxtpx:TrackPointExtension>
    </extensions>
   </trkpt>
   <trkpt lat="46.4391440" lon="12.1219060">
    <ele>1994.8</ele>
    <time>2024-06-02T11:14:48Z</time>
    <extensions>
     <gpxtpx:TrackPointExtension>
      <gpxtpx:atemp>24</gpxtpx:atemp>
      <gpxtpx:hr>91</gpxtpx:hr>
      <gpxtpx:cad>56</gpxtpx:cad>
     </gpxtpx:TrackPointExtension>
    </extensions>
   </trkpt>
   <trkpt lat="46.4391320" lon="12.1218940">
    <ele>1994.6</ele>
    <time>2024-06-02T11:14:49Z</time>
    <extensions>
     <gpxtpx:TrackPointExtension>
      <gpxtpx:atemp>24</gpxtpx:atemp>
      <gpxtpx:hr>90</gpxtpx:hr>
      <gpxtpx:cad>56</gpxtpx:cad>
     </gpxtpx:TrackPointExtension>
    </extensions>
   </trkpt>
   <trkpt lat="46.4390490" lon="12.1218280">
    <ele>1993.6</ele>
    <time>2024-06-02T11:14:56Z</time>
    <extensions>
     <gpxtpx:TrackPointExtension>
      <gpxtpx:atemp>24</gpxtpx:atemp>
      <gpxtpx:hr>89</gpxtpx:hr>
      <gpxtpx:cad>57</gpxtpx:cad>
     </gpxtpx:TrackPointExtension>
    </extensions>
   </trkpt>
   <trkpt lat="46.4390360" lon="12.1218150">
    <ele>1993.2</ele>
    <time>2024-06-02T11:14:57Z</time>
    <extensions>
     <gpxtpx:TrackPointExtension>
      <gpxtpx:atemp>24</gpxtpx:atemp>
      <gpxtpx:hr>88</gpxtpx:hr>
      <gpxtpx:cad>57</gpxtpx:cad>
     </gpxtpx:TrackPointExtension>
    </extensions>
   </trkpt>
   <trkpt lat="46.4389770" lon="12.1217270">
    <ele>1992.2</ele>
    <time>2024-06-02T11:15:03Z</time>
    <extensions>
     <gpxtpx:TrackPointExtension>
      <gpxtpx:atemp>24</gpxtpx:atemp>
      <gpxtpx:hr>87</gpxtpx:hr>
      <gpxtpx:cad>58</gpxtpx:cad>
     </gpxtpx:TrackPointExtension>
    </extensions>
   </trkpt>
   <trkpt lat="46.4389370" lon="12.1217030">
    <ele>1991.2</ele>
    <time>2024-06-02T11:15:06Z</time>
    <extensions>
     <gpxtpx:TrackPointExtension>
      <gpxtpx:atemp>24</gpxtpx:atemp>
      <gpxtpx:hr>87</gpxtpx:hr>
      <gpxtpx:cad>59</gpxtpx:cad>
     </gpxtpx:TrackPointExtension>
    </extensions>
   </trkpt>
   <trkpt lat="46.4388450" lon="12.1216570">
    <ele>1990.0</ele>
    <time>2024-06-02T11:15:12Z</time>
    <extensions>
     <gpxtpx:TrackPointExtension>
      <gpxtpx:atemp>23</gpxtpx:atemp>
      <gpxtpx:hr>88</gpxtpx:hr>
      <gpxtpx:cad>112</gpxtpx:cad>
     </gpxtpx:TrackPointExtension>
    </extensions>
   </trkpt>
   <trkpt lat="46.4387660" lon="12.1216290">
    <ele>1988.6</ele>
    <time>2024-06-02T11:15:18Z</time>
    <extensions>
     <gpxtpx:TrackPointExtension>
      <gpxtpx:atemp>24</gpxtpx:atemp>
      <gpxtpx:hr>87</gpxtpx:hr>
      <gpxtpx:cad>57</gpxtpx:cad>
     </gpxtpx:TrackPointExtension>
    </extensions>
   </trkpt>
   <trkpt lat="46.4387130" lon="12.1216520">
    <ele>1987.6</ele>
    <time>2024-06-02T11:15:21Z</time>
    <extensions>
     <gpxtpx:TrackPointExtension>
      <gpxtpx:atemp>23</gpxtpx:atemp>
      <gpxtpx:hr>87</gpxtpx:hr>
      <gpxtpx:cad>58</gpxtpx:cad>
     </gpxtpx:TrackPointExtension>
    </extensions>
   </trkpt>
   <trkpt lat="46.4386600" lon="12.1216510">
    <ele>1986.2</ele>
    <time>2024-06-02T11:15:25Z</time>
    <extensions>
     <gpxtpx:TrackPointExtension>
      <gpxtpx:atemp>24</gpxtpx:atemp>
      <gpxtpx:hr>89</gpxtpx:hr>
      <gpxtpx:cad>58</gpxtpx:cad>
     </gpxtpx:TrackPointExtension>
    </extensions>
   </trkpt>
   <trkpt lat="46.4386410" lon="12.1216580">
    <ele>1986.0</ele>
    <time>2024-06-02T11:15:26Z</time>
    <extensions>
     <gpxtpx:TrackPointExtension>
      <gpxtpx:atemp>24</gpxtpx:atemp>
      <gpxtpx:hr>89</gpxtpx:hr>
      <gpxtpx:cad>58</gpxtpx:cad>
     </gpxtpx:TrackPointExtension>
    </extensions>
   </trkpt>
   <trkpt lat="46.4385830" lon="12.1216750">
    <ele>1985.2</ele>
    <time>2024-06-02T11:15:29Z</time>
    <extensions>
     <gpxtpx:TrackPointExtension>
      <gpxtpx:atemp>24</gpxtpx:atemp>
      <gpxtpx:hr>90</gpxtpx:hr>
      <gpxtpx:cad>57</gpxtpx:cad>
     </gpxtpx:TrackPointExtension>
    </extensions>
   </trkpt>
   <trkpt lat="46.4385680" lon="12.1216740">
    <ele>1985.0</ele>
    <time>2024-06-02T11:15:30Z</time>
    <extensions>
     <gpxtpx:TrackPointExtension>
      <gpxtpx:atemp>24</gpxtpx:atemp>
      <gpxtpx:hr>91</gpxtpx:hr>
      <gpxtpx:cad>58</gpxtpx:cad>
     </gpxtpx:TrackPointExtension>
    </extensions>
   </trkpt>
   <trkpt lat="46.4385160" lon="12.1216210">
    <ele>1983.8</ele>
    <time>2024-06-02T11:15:35Z</time>
    <extensions>
     <gpxtpx:TrackPointExtension>
      <gpxtpx:atemp>23</gpxtpx:atemp>
      <gpxtpx:hr>91</gpxtpx:hr>
      <gpxtpx:cad>58</gpxtpx:cad>
     </gpxtpx:TrackPointExtension>
    </extensions>
   </trkpt>
   <trkpt lat="46.4384900" lon="12.1216160">
    <ele>1983.2</ele>
    <time>2024-06-02T11:15:37Z</time>
    <extensions>
     <gpxtpx:TrackPointExtension>
      <gpxtpx:atemp>24</gpxtpx:atemp>
      <gpxtpx:hr>92</gpxtpx:hr>
      <gpxtpx:cad>58</gpxtpx:cad>
     </gpxtpx:TrackPointExtension>
    </extensions>
   </trkpt>
   <trkpt lat="46.4384580" lon="12.1216160">
    <ele>1982.6</ele>
    <time>2024-06-02T11:15:39Z</time>
    <extensions>
     <gpxtpx:TrackPointExtension>
      <gpxtpx:atemp>24</gpxtpx:atemp>
      <gpxtpx:hr>92</gpxtpx:hr>
      <gpxtpx:cad>58</gpxtpx:cad>
     </gpxtpx:TrackPointExtension>
    </extensions>
   </trkpt>
   <trkpt lat="46.4383800" lon="12.1216620">
    <ele>1981.8</ele>
    <time>2024-06-02T11:15:43Z</time>
    <extensions>
     <gpxtpx:TrackPointExtension>
      <gpxtpx:atemp>24</gpxtpx:atemp>
      <gpxtpx:hr>89</gpxtpx:hr>
      <gpxtpx:cad>57</gpxtpx:cad>
     </gpxtpx:TrackPointExtension>
    </extensions>
   </trkpt>
   <trkpt lat="46.4383670" lon="12.1216680">
    <ele>1981.6</ele>
    <time>2024-06-02T11:15:44Z</time>
    <extensions>
     <gpxtpx:TrackPointExtension>
      <gpxtpx:atemp>24</gpxtpx:atemp>
      <gpxtpx:hr>90</gpxtpx:hr>
      <gpxtpx:cad>58</gpxtpx:cad>
     </gpxtpx:TrackPointExtension>
    </extensions>
   </trkpt>
   <trkpt lat="46.4383470" lon="12.1216740">
    <ele>1981.2</ele>
    <time>2024-06-02T11:15:45Z</time>
    <extensions>
     <gpxtpx:TrackPointExtension>
      <gpxtpx:atemp>23</gpxtpx:atemp>
      <gpxtpx:hr>92</gpxtpx:hr>
      <gpxtpx:cad>58</gpxtpx:cad>
     </gpxtpx:TrackPointExtension>
    </extensions>
   </trkpt>
   <trkpt lat="46.4382660" lon="12.1217030">
    <ele>1980.2</ele>
    <time>2024-06-02T11:15:51Z</time>
    <extensions>
     <gpxtpx:TrackPointExtension>
      <gpxtpx:atemp>24</gpxtpx:atemp>
      <gpxtpx:hr>91</gpxtpx:hr>
      <gpxtpx:cad>58</gpxtpx:cad>
     </gpxtpx:TrackPointExtension>
    </extensions>
   </trkpt>
   <trkpt lat="46.4382450" lon="12.1217140">
    <ele>1979.4</ele>
    <time>2024-06-02T11:15:53Z</time>
    <extensions>
     <gpxtpx:TrackPointExtension>
      <gpxtpx:atemp>24</gpxtpx:atemp>
      <gpxtpx:hr>89</gpxtpx:hr>
      <gpxtpx:cad>58</gpxtpx:cad>
     </gpxtpx:TrackPointExtension>
    </extensions>
   </trkpt>
   <trkpt lat="46.4382240" lon="12.1217170">
    <ele>1979.0</ele>
    <time>2024-06-02T11:15:55Z</time>
    <extensions>
     <gpxtpx:TrackPointExtension>
      <gpxtpx:atemp>24</gpxtpx:atemp>
      <gpxtpx:hr>91</gpxtpx:hr>
      <gpxtpx:cad>58</gpxtpx:cad>
     </gpxtpx:TrackPointExtension>
    </extensions>
   </trkpt>
   <trkpt lat="46.4381860" lon="12.1217380">
    <ele>1977.8</ele>
    <time>2024-06-02T11:15:59Z</time>
    <extensions>
     <gpxtpx:TrackPointExtension>
      <gpxtpx:atemp>24</gpxtpx:atemp>
      <gpxtpx:hr>91</gpxtpx:hr>
      <gpxtpx:cad>58</gpxtpx:cad>
     </gpxtpx:TrackPointExtension>
    </extensions>
   </trkpt>
   <trkpt lat="46.4381220" lon="12.1217740">
    <ele>1976.8</ele>
    <time>2024-06-02T11:16:03Z</time>
    <extensions>
     <gpxtpx:TrackPointExtension>
      <gpxtpx:atemp>24</gpxtpx:atemp>
      <gpxtpx:hr>92</gpxtpx:hr>
      <gpxtpx:cad>57</gpxtpx:cad>
     </gpxtpx:TrackPointExtension>
    </extensions>
   </trkpt>
   <trkpt lat="46.4380860" lon="12.1218070">
    <ele>1976.0</ele>
    <time>2024-06-02T11:16:06Z</time>
    <extensions>
     <gpxtpx:TrackPointExtension>
      <gpxtpx:atemp>24</gpxtpx:atemp>
      <gpxtpx:hr>95</gpxtpx:hr>
      <gpxtpx:cad>58</gpxtpx:cad>
     </gpxtpx:TrackPointExtension>
    </extensions>
   </trkpt>
   <trkpt lat="46.4380800" lon="12.1218190">
    <ele>1975.8</ele>
    <time>2024-06-02T11:16:07Z</time>
    <extensions>
     <gpxtpx:TrackPointExtension>
      <gpxtpx:atemp>24</gpxtpx:atemp>
      <gpxtpx:hr>96</gpxtpx:hr>
      <gpxtpx:cad>58</gpxtpx:cad>
     </gpxtpx:TrackPointExtension>
    </extensions>
   </trkpt>
   <trkpt lat="46.4380720" lon="12.1218280">
    <ele>1975.6</ele>
    <time>2024-06-02T11:16:08Z</time>
    <extensions>
     <gpxtpx:TrackPointExtension>
      <gpxtpx:atemp>24</gpxtpx:atemp>
      <gpxtpx:hr>97</gpxtpx:hr>
      <gpxtpx:cad>58</gpxtpx:cad>
     </gpxtpx:TrackPointExtension>
    </extensions>
   </trkpt>
   <trkpt lat="46.4380370" lon="12.1218640">
    <ele>1974.4</ele>
    <time>2024-06-02T11:16:11Z</time>
    <extensions>
     <gpxtpx:TrackPointExtension>
      <gpxtpx:atemp>24</gpxtpx:atemp>
      <gpxtpx:hr>98</gpxtpx:hr>
      <gpxtpx:cad>59</gpxtpx:cad>
     </gpxtpx:TrackPointExtension>
    </extensions>
   </trkpt>
   <trkpt lat="46.4380280" lon="12.1218750">
    <ele>1974.4</ele>
    <time>2024-06-02T11:16:12Z</time>
    <extensions>
     <gpxtpx:TrackPointExtension>
      <gpxtpx:atemp>24</gpxtpx:atemp>
      <gpxtpx:hr>101</gpxtpx:hr>
      <gpxtpx:cad>59</gpxtpx:cad>
     </gpxtpx:TrackPointExtension>
    </extensions>
   </trkpt>
   <trkpt lat="46.4380250" lon="12.1218870">
    <ele>1974.2</ele>
    <time>2024-06-02T11:16:13Z</time>
    <extensions>
     <gpxtpx:TrackPointExtension>
      <gpxtpx:atemp>24</gpxtpx:atemp>
      <gpxtpx:hr>98</gpxtpx:hr>
      <gpxtpx:cad>59</gpxtpx:cad>
     </gpxtpx:TrackPointExtension>
    </extensions>
   </trkpt>
   <trkpt lat="46.4380210" lon="12.1219000">
    <ele>1974.0</ele>
    <time>2024-06-02T11:16:14Z</time>
    <extensions>
     <gpxtpx:TrackPointExtension>
      <gpxtpx:atemp>24</gpxtpx:atemp>
      <gpxtpx:hr>99</gpxtpx:hr>
      <gpxtpx:cad>58</gpxtpx:cad>
     </gpxtpx:TrackPointExtension>
    </extensions>
   </trkpt>
   <trkpt lat="46.4380050" lon="12.1219340">
    <ele>1973.4</ele>
    <time>2024-06-02T11:16:16Z</time>
    <extensions>
     <gpxtpx:TrackPointExtension>
      <gpxtpx:atemp>24</gpxtpx:atemp>
      <gpxtpx:hr>98</gpxtpx:hr>
      <gpxtpx:cad>57</gpxtpx:cad>
     </gpxtpx:TrackPointExtension>
    </extensions>
   </trkpt>
   <trkpt lat="46.4379630" lon="12.1220260">
    <ele>1972.0</ele>
    <time>2024-06-02T11:16:21Z</time>
    <extensions>
     <gpxtpx:TrackPointExtension>
      <gpxtpx:atemp>24</gpxtpx:atemp>
      <gpxtpx:hr>99</gpxtpx:hr>
      <gpxtpx:cad>58</gpxtpx:cad>
     </gpxtpx:TrackPointExtension>
    </extensions>
   </trkpt>
   <trkpt lat="46.4379670" lon="12.1220620">
    <ele>1971.8</ele>
    <time>2024-06-02T11:16:23Z</time>
    <extensions>
     <gpxtpx:TrackPointExtension>
      <gpxtpx:atemp>24</gpxtpx:atemp>
      <gpxtpx:hr>100</gpxtpx:hr>
      <gpxtpx:cad>58</gpxtpx:cad>
     </gpxtpx:TrackPointExtension>
    </extensions>
   </trkpt>
   <trkpt lat="46.4379570" lon="12.1221190">
    <ele>1971.0</ele>
    <time>2024-06-02T11:16:26Z</time>
    <extensions>
     <gpxtpx:TrackPointExtension>
      <gpxtpx:atemp>24</gpxtpx:atemp>
      <gpxtpx:hr>100</gpxtpx:hr>
      <gpxtpx:cad>58</gpxtpx:cad>
     </gpxtpx:TrackPointExtension>
    </extensions>
   </trkpt>
   <trkpt lat="46.4379680" lon="12.1221850">
    <ele>1969.8</ele>
    <time>2024-06-02T11:16:30Z</time>
    <extensions>
     <gpxtpx:TrackPointExtension>
      <gpxtpx:atemp>24</gpxtpx:atemp>
      <gpxtpx:hr>100</gpxtpx:hr>
      <gpxtpx:cad>57</gpxtpx:cad>
     </gpxtpx:TrackPointExtension>
    </extensions>
   </trkpt>
   <trkpt lat="46.4379730" lon="12.1222020">
    <ele>1969.6</ele>
    <time>2024-06-02T11:16:31Z</time>
    <extensions>
     <gpxtpx:TrackPointExtension>
      <gpxtpx:atemp>24</gpxtpx:atemp>
      <gpxtpx:hr>99</gpxtpx:hr>
      <gpxtpx:cad>57</gpxtpx:cad>
     </gpxtpx:TrackPointExtension>
    </extensions>
   </trkpt>
   <trkpt lat="46.4379760" lon="12.1222810">
    <ele>1968.8</ele>
    <time>2024-06-02T11:16:35Z</time>
    <extensions>
     <gpxtpx:TrackPointExtension>
      <gpxtpx:atemp>24</gpxtpx:atemp>
      <gpxtpx:hr>99</gpxtpx:hr>
      <gpxtpx:cad>56</gpxtpx:cad>
     </gpxtpx:TrackPointExtension>
    </extensions>
   </trkpt>
   <trkpt lat="46.4379700" lon="12.1223050">
    <ele>1968.4</ele>
    <time>2024-06-02T11:16:36Z</time>
    <extensions>
     <gpxtpx:TrackPointExtension>
      <gpxtpx:atemp>24</gpxtpx:atemp>
      <gpxtpx:hr>96</gpxtpx:hr>
      <gpxtpx:cad>56</gpxtpx:cad>
     </gpxtpx:TrackPointExtension>
    </extensions>
   </trkpt>
   <trkpt lat="46.4379710" lon="12.1223480">
    <ele>1967.8</ele>
    <time>2024-06-02T11:16:38Z</time>
    <extensions>
     <gpxtpx:TrackPointExtension>
      <gpxtpx:atemp>24</gpxtpx:atemp>
      <gpxtpx:hr>97</gpxtpx:hr>
      <gpxtpx:cad>58</gpxtpx:cad>
     </gpxtpx:TrackPointExtension>
    </extensions>
   </trkpt>
   <trkpt lat="46.4379700" lon="12.1223700">
    <ele>1967.6</ele>
    <time>2024-06-02T11:16:39Z</time>
    <extensions>
     <gpxtpx:TrackPointExtension>
      <gpxtpx:atemp>24</gpxtpx:atemp>
      <gpxtpx:hr>98</gpxtpx:hr>
      <gpxtpx:cad>58</gpxtpx:cad>
     </gpxtpx:TrackPointExtension>
    </extensions>
   </trkpt>
   <trkpt lat="46.4379810" lon="12.1224290">
    <ele>1966.6</ele>
    <time>2024-06-02T11:16:42Z</time>
    <extensions>
     <gpxtpx:TrackPointExtension>
      <gpxtpx:atemp>24</gpxtpx:atemp>
      <gpxtpx:hr>97</gpxtpx:hr>
      <gpxtpx:cad>58</gpxtpx:cad>
     </gpxtpx:TrackPointExtension>
    </extensions>
   </trkpt>
   <trkpt lat="46.4379920" lon="12.1225160">
    <ele>1965.8</ele>
    <time>2024-06-02T11:16:46Z</time>
    <extensions>
     <gpxtpx:TrackPointExtension>
      <gpxtpx:atemp>24</gpxtpx:atemp>
      <gpxtpx:hr>98</gpxtpx:hr>
      <gpxtpx:cad>58</gpxtpx:cad>
     </gpxtpx:TrackPointExtension>
    </extensions>
   </trkpt>
   <trkpt lat="46.4379900" lon="12.1225530">
    <ele>1965.4</ele>
    <time>2024-06-02T11:16:48Z</time>
    <extensions>
     <gpxtpx:TrackPointExtension>
      <gpxtpx:atemp>24</gpxtpx:atemp>
      <gpxtpx:hr>97</gpxtpx:hr>
      <gpxtpx:cad>56</gpxtpx:cad>
     </gpxtpx:TrackPointExtension>
    </extensions>
   </trkpt>
   <trkpt lat="46.4379450" lon="12.1226600">
    <ele>1964.2</ele>
    <time>2024-06-02T11:16:53Z</time>
    <extensions>
     <gpxtpx:TrackPointExtension>
      <gpxtpx:atemp>24</gpxtpx:atemp>
      <gpxtpx:hr>96</gpxtpx:hr>
      <gpxtpx:cad>57</gpxtpx:cad>
     </gpxtpx:TrackPointExtension>
    </extensions>
   </trkpt>
   <trkpt lat="46.4379070" lon="12.1227600">
    <ele>1963.2</ele>
    <time>2024-06-02T11:16:58Z</time>
    <extensions>
     <gpxtpx:TrackPointExtension>
      <gpxtpx:atemp>24</gpxtpx:atemp>
      <gpxtpx:hr>96</gpxtpx:hr>
      <gpxtpx:cad>58</gpxtpx:cad>
     </gpxtpx:TrackPointExtension>
    </extensions>
   </trkpt>
   <trkpt lat="46.4379020" lon="12.1228190">
    <ele>1962.0</ele>
    <time>2024-06-02T11:17:01Z</time>
    <extensions>
     <gpxtpx:TrackPointExtension>
      <gpxtpx:atemp>24</gpxtpx:atemp>
      <gpxtpx:hr>96</gpxtpx:hr>
      <gpxtpx:cad>57</gpxtpx:cad>
     </gpxtpx:TrackPointExtension>
    </extensions>
   </trkpt>
   <trkpt lat="46.4378860" lon="12.1229040">
    <ele>1961.0</ele>
    <time>2024-06-02T11:17:06Z</time>
    <extensions>
     <gpxtpx:TrackPointExtension>
      <gpxtpx:atemp>24</gpxtpx:atemp>
      <gpxtpx:hr>97</gpxtpx:hr>
      <gpxtpx:cad>56</gpxtpx:cad>
     </gpxtpx:TrackPointExtension>
    </extensions>
   </trkpt>
   <trkpt lat="46.4378790" lon="12.1229580">
    <ele>1960.0</ele>
    <time>2024-06-02T11:17:09Z</time>
    <extensions>
     <gpxtpx:TrackPointExtension>
      <gpxtpx:atemp>24</gpxtpx:atemp>
      <gpxtpx:hr>95</gpxtpx:hr>
      <gpxtpx:cad>58</gpxtpx:cad>
     </gpxtpx:TrackPointExtension>
    </extensions>
   </trkpt>
   <trkpt lat="46.4378720" lon="12.1229780">
    <ele>1959.8</ele>
    <time>2024-06-02T11:17:10Z</time>
    <extensions>
     <gpxtpx:TrackPointExtension>
      <gpxtpx:atemp>24</gpxtpx:atemp>
      <gpxtpx:hr>98</gpxtpx:hr>
      <gpxtpx:cad>58</gpxtpx:cad>
     </gpxtpx:TrackPointExtension>
    </extensions>
   </trkpt>
   <trkpt lat="46.4378520" lon="12.1230580">
    <ele>1958.4</ele>
    <time>2024-06-02T11:17:15Z</time>
    <extensions>
     <gpxtpx:TrackPointExtension>
      <gpxtpx:atemp>24</gpxtpx:atemp>
      <gpxtpx:hr>98</gpxtpx:hr>
      <gpxtpx:cad>57</gpxtpx:cad>
     </gpxtpx:TrackPointExtension>
    </extensions>
   </trkpt>
   <trkpt lat="46.4378440" lon="12.1231100">
    <ele>1957.8</ele>
    <time>2024-06-02T11:17:18Z</time>
    <extensions>
     <gpxtpx:TrackPointExtension>
      <gpxtpx:atemp>24</gpxtpx:atemp>
      <gpxtpx:hr>95</gpxtpx:hr>
      <gpxtpx:cad>57</gpxtpx:cad>
     </gpxtpx:TrackPointExtension>
    </extensions>
   </trkpt>
   <trkpt lat="46.4378420" lon="12.1231350">
    <ele>1957.4</ele>
    <time>2024-06-02T11:17:19Z</time>
    <extensions>
     <gpxtpx:TrackPointExtension>
      <gpxtpx:atemp>24</gpxtpx:atemp>
      <gpxtpx:hr>96</gpxtpx:hr>
      <gpxtpx:cad>57</gpxtpx:cad>
     </gpxtpx:TrackPointExtension>
    </extensions>
   </trkpt>
   <trkpt lat="46.4378380" lon="12.1231520">
    <ele>1957.0</ele>
    <time>2024-06-02T11:17:20Z</time>
    <extensions>
     <gpxtpx:TrackPointExtension>
      <gpxtpx:atemp>24</gpxtpx:atemp>
      <gpxtpx:hr>94</gpxtpx:hr>
      <gpxtpx:cad>57</gpxtpx:cad>
     </gpxtpx:TrackPointExtension>
    </extensions>
   </trkpt>
   <trkpt lat="46.4378300" lon="12.1231760">
    <ele>1956.8</ele>
    <time>2024-06-02T11:17:21Z</time>
    <extensions>
     <gpxtpx:TrackPointExtension>
      <gpxtpx:atemp>24</gpxtpx:atemp>
      <gpxtpx:hr>98</gpxtpx:hr>
      <gpxtpx:cad>57</gpxtpx:cad>
     </gpxtpx:TrackPointExtension>
    </extensions>
   </trkpt>
   <trkpt lat="46.4378100" lon="12.1232160">
    <ele>1956.4</ele>
    <time>2024-06-02T11:17:23Z</time>
    <extensions>
     <gpxtpx:TrackPointExtension>
      <gpxtpx:atemp>24</gpxtpx:atemp>
      <gpxtpx:hr>98</gpxtpx:hr>
      <gpxtpx:cad>57</gpxtpx:cad>
     </gpxtpx:TrackPointExtension>
    </extensions>
   </trkpt>
   <trkpt lat="46.4377780" lon="12.1233000">
    <ele>1955.4</ele>
    <time>2024-06-02T11:17:29Z</time>
    <extensions>
     <gpxtpx:TrackPointExtension>
      <gpxtpx:atemp>24</gpxtpx:atemp>
      <gpxtpx:hr>99</gpxtpx:hr>
      <gpxtpx:cad>55</gpxtpx:cad>
     </gpxtpx:TrackPointExtension>
    </extensions>
   </trkpt>
   <trkpt lat="46.4377770" lon="12.1233120">
    <ele>1955.0</ele>
    <time>2024-06-02T11:17:30Z</time>
    <extensions>
     <gpxtpx:TrackPointExtension>
      <gpxtpx:atemp>24</gpxtpx:atemp>
      <gpxtpx:hr>96</gpxtpx:hr>
      <gpxtpx:cad>55</gpxtpx:cad>
     </gpxtpx:TrackPointExtension>
    </extensions>
   </trkpt>
   <trkpt lat="46.4377400" lon="12.1233900">
    <ele>1953.8</ele>
    <time>2024-06-02T11:17:34Z</time>
    <extensions>
     <gpxtpx:TrackPointExtension>
      <gpxtpx:atemp>24</gpxtpx:atemp>
      <gpxtpx:hr>96</gpxtpx:hr>
      <gpxtpx:cad>55</gpxtpx:cad>
     </gpxtpx:TrackPointExtension>
    </extensions>
   </trkpt>
   <trkpt lat="46.4377250" lon="12.1234360">
    <ele>1953.4</ele>
    <time>2024-06-02T11:17:37Z</time>
    <extensions>
     <gpxtpx:TrackPointExtension>
      <gpxtpx:atemp>24</gpxtpx:atemp>
      <gpxtpx:hr>97</gpxtpx:hr>
      <gpxtpx:cad>56</gpxtpx:cad>
     </gpxtpx:TrackPointExtension>
    </extensions>
   </trkpt>
   <trkpt lat="46.4377090" lon="12.1234820">
    <ele>1952.8</ele>
    <time>2024-06-02T11:17:40Z</time>
    <extensions>
     <gpxtpx:TrackPointExtension>
      <gpxtpx:atemp>24</gpxtpx:atemp>
      <gpxtpx:hr>97</gpxtpx:hr>
      <gpxtpx:cad>56</gpxtpx:cad>
     </gpxtpx:TrackPointExtension>
    </extensions>
   </trkpt>
   <trkpt lat="46.4376910" lon="12.1235440">
    <ele>1952.2</ele>
    <time>2024-06-02T11:17:43Z</time>
    <extensions>
     <gpxtpx:TrackPointExtension>
      <gpxtpx:atemp>24</gpxtpx:atemp>
      <gpxtpx:hr>94</gpxtpx:hr>
      <gpxtpx:cad>55</gpxtpx:cad>
     </gpxtpx:TrackPointExtension>
    </extensions>
   </trkpt>
   <trkpt lat="46.4376720" lon="12.1235840">
    <ele>1951.8</ele>
    <time>2024-06-02T11:17:45Z</time>
    <extensions>
     <gpxtpx:TrackPointExtension>
      <gpxtpx:atemp>24</gpxtpx:atemp>
      <gpxtpx:hr>93</gpxtpx:hr>
      <gpxtpx:cad>56</gpxtpx:cad>
     </gpxtpx:TrackPointExtension>
    </extensions>
   </trkpt>
   <trkpt lat="46.4376090" lon="12.1237100">
    <ele>1950.6</ele>
    <time>2024-06-02T11:17:51Z</time>
    <extensions>
     <gpxtpx:TrackPointExtension>
      <gpxtpx:atemp>24</gpxtpx:atemp>
      <gpxtpx:hr>92</gpxtpx:hr>
      <gpxtpx:cad>56</gpxtpx:cad>
     </gpxtpx:TrackPointExtension>
    </extensions>
   </trkpt>
   <trkpt lat="46.4375870" lon="12.1237570">
    <ele>1950.2</ele>
    <time>2024-06-02T11:17:53Z</time>
    <extensions>
     <gpxtpx:TrackPointExtension>
      <gpxtpx:atemp>24</gpxtpx:atemp>
      <gpxtpx:hr>92</gpxtpx:hr>
      <gpxtpx:cad>57</gpxtpx:cad>
     </gpxtpx:TrackPointExtension>
    </extensions>
   </trkpt>
   <trkpt lat="46.4375760" lon="12.1238390">
    <ele>1949.2</ele>
    <time>2024-06-02T11:17:58Z</time>
    <extensions>
     <gpxtpx:TrackPointExtension>
      <gpxtpx:atemp>24</gpxtpx:atemp>
      <gpxtpx:hr>92</gpxtpx:hr>
      <gpxtpx:cad>56</gpxtpx:cad>
     </gpxtpx:TrackPointExtension>
    </extensions>
   </trkpt>
   <trkpt lat="46.4375740" lon="12.1238540">
    <ele>1949.0</ele>
    <time>2024-06-02T11:17:59Z</time>
    <extensions>
     <gpxtpx:TrackPointExtension>
      <gpxtpx:atemp>24</gpxtpx:atemp>
      <gpxtpx:hr>92</gpxtpx:hr>
      <gpxtpx:cad>56</gpxtpx:cad>
     </gpxtpx:TrackPointExtension>
    </extensions>
   </trkpt>
   <trkpt lat="46.4375690" lon="12.1238680">
    <ele>1949.0</ele>
    <time>2024-06-02T11:18:00Z</time>
    <extensions>
     <gpxtpx:TrackPointExtension>
      <gpxtpx:atemp>24</gpxtpx:atemp>
      <gpxtpx:hr>91</gpxtpx:hr>
      <gpxtpx:cad>56</gpxtpx:cad>
     </gpxtpx:TrackPointExtension>
    </extensions>
   </trkpt>
   <trkpt lat="46.4375600" lon="12.1239190">
    <ele>1948.4</ele>
    <time>2024-06-02T11:18:03Z</time>
    <extensions>
     <gpxtpx:TrackPointExtension>
      <gpxtpx:atemp>24</gpxtpx:atemp>
      <gpxtpx:hr>92</gpxtpx:hr>
      <gpxtpx:cad>56</gpxtpx:cad>
     </gpxtpx:TrackPointExtension>
    </extensions>
   </trkpt>
   <trkpt lat="46.4375490" lon="12.1239620">
    <ele>1948.0</ele>
    <time>2024-06-02T11:18:05Z</time>
    <extensions>
     <gpxtpx:TrackPointExtension>
      <gpxtpx:atemp>24</gpxtpx:atemp>
      <gpxtpx:hr>93</gpxtpx:hr>
      <gpxtpx:cad>58</gpxtpx:cad>
     </gpxtpx:TrackPointExtension>
    </extensions>
   </trkpt>
   <trkpt lat="46.4375140" lon="12.1241080">
    <ele>1947.0</ele>
    <time>2024-06-02T11:18:11Z</time>
    <extensions>
     <gpxtpx:TrackPointExtension>
      <gpxtpx:atemp>24</gpxtpx:atemp>
      <gpxtpx:hr>94</gpxtpx:hr>
      <gpxtpx:cad>114</gpxtpx:cad>
     </gpxtpx:TrackPointExtension>
    </extensions>
   </trkpt>
   <trkpt lat="46.4375060" lon="12.1241940">
    <ele>1946.0</ele>
    <time>2024-06-02T11:18:15Z</time>
    <extensions>
     <gpxtpx:TrackPointExtension>
      <gpxtpx:atemp>24</gpxtpx:atemp>
      <gpxtpx:hr>94</gpxtpx:hr>
      <gpxtpx:cad>56</gpxtpx:cad>
     </gpxtpx:TrackPointExtension>
    </extensions>
   </trkpt>
   <trkpt lat="46.4375080" lon="12.1242600">
    <ele>1945.0</ele>
    <time>2024-06-02T11:18:19Z</time>
    <extensions>
     <gpxtpx:TrackPointExtension>
      <gpxtpx:atemp>24</gpxtpx:atemp>
      <gpxtpx:hr>97</gpxtpx:hr>
      <gpxtpx:cad>56</gpxtpx:cad>
     </gpxtpx:TrackPointExtension>
    </extensions>
   </trkpt>
   <trkpt lat="46.4374990" lon="12.1242880">
    <ele>1945.0</ele>
    <time>2024-06-02T11:18:21Z</time>
    <extensions>
     <gpxtpx:TrackPointExtension>
      <gpxtpx:atemp>24</gpxtpx:atemp>
      <gpxtpx:hr>96</gpxtpx:hr>
      <gpxtpx:cad>113</gpxtpx:cad>
     </gpxtpx:TrackPointExtension>
    </extensions>
   </trkpt>
   <trkpt lat="46.4374730" lon="12.1243020">
    <ele>1944.8</ele>
    <time>2024-06-02T11:18:23Z</time>
    <extensions>
     <gpxtpx:TrackPointExtension>
      <gpxtpx:atemp>24</gpxtpx:atemp>
      <gpxtpx:hr>97</gpxtpx:hr>
      <gpxtpx:cad>113</gpxtpx:cad>
     </gpxtpx:TrackPointExtension>
    </extensions>
   </trkpt>
   <trkpt lat="46.4374550" lon="12.1243090">
    <ele>1944.8</ele>
    <time>2024-06-02T11:18:24Z</time>
    <extensions>
     <gpxtpx:TrackPointExtension>
      <gpxtpx:atemp>24</gpxtpx:atemp>
      <gpxtpx:hr>100</gpxtpx:hr>
      <gpxtpx:cad>113</gpxtpx:cad>
     </gpxtpx:TrackPointExtension>
    </extensions>
   </trkpt>
   <trkpt lat="46.4374230" lon="12.1243050">
    <ele>1944.4</ele>
    <time>2024-06-02T11:18:26Z</time>
    <extensions>
     <gpxtpx:TrackPointExtension>
      <gpxtpx:atemp>24</gpxtpx:atemp>
      <gpxtpx:hr>97</gpxtpx:hr>
      <gpxtpx:cad>121</gpxtpx:cad>
     </gpxtpx:TrackPointExtension>
    </extensions>
   </trkpt>
   <trkpt lat="46.4373870" lon="12.1242960">
    <ele>1943.8</ele>
    <time>2024-06-02T11:18:28Z</time>
    <extensions>
     <gpxtpx:TrackPointExtension>
      <gpxtpx:atemp>24</gpxtpx:atemp>
      <gpxtpx:hr>99</gpxtpx:hr>
      <gpxtpx:cad>117</gpxtpx:cad>
     </gpxtpx:TrackPointExtension>
    </extensions>
   </trkpt>
   <trkpt lat="46.4373690" lon="12.1242880">
    <ele>1943.4</ele>
    <time>2024-06-02T11:18:29Z</time>
    <extensions>
     <gpxtpx:TrackPointExtension>
      <gpxtpx:atemp>24</gpxtpx:atemp>
      <gpxtpx:hr>100</gpxtpx:hr>
      <gpxtpx:cad>117</gpxtpx:cad>
     </gpxtpx:TrackPointExtension>
    </extensions>
   </trkpt>
   <trkpt lat="46.4373370" lon="12.1242670">
    <ele>1942.8</ele>
    <time>2024-06-02T11:18:31Z</time>
    <extensions>
     <gpxtpx:TrackPointExtension>
      <gpxtpx:atemp>24</gpxtpx:atemp>
      <gpxtpx:hr>101</gpxtpx:hr>
      <gpxtpx:cad>115</gpxtpx:cad>
     </gpxtpx:TrackPointExtension>
    </extensions>
   </trkpt>
   <trkpt lat="46.4373090" lon="12.1242350">
    <ele>1942.0</ele>
    <time>2024-06-02T11:18:33Z</time>
    <extensions>
     <gpxtpx:TrackPointExtension>
      <gpxtpx:atemp>24</gpxtpx:atemp>
      <gpxtpx:hr>104</gpxtpx:hr>
      <gpxtpx:cad>116</gpxtpx:cad>
     </gpxtpx:TrackPointExtension>
    </extensions>
   </trkpt>
   <trkpt lat="46.4373010" lon="12.1242220">
    <ele>1941.6</ele>
    <time>2024-06-02T11:18:34Z</time>
    <extensions>
     <gpxtpx:TrackPointExtension>
      <gpxtpx:atemp>24</gpxtpx:atemp>
      <gpxtpx:hr>105</gpxtpx:hr>
      <gpxtpx:cad>120</gpxtpx:cad>
     </gpxtpx:TrackPointExtension>
    </extensions>
   </trkpt>
   <trkpt lat="46.4372670" lon="12.1241680">
    <ele>1940.6</ele>
    <time>2024-06-02T11:18:37Z</time>
    <extensions>
     <gpxtpx:TrackPointExtension>
      <gpxtpx:atemp>24</gpxtpx:atemp>
      <gpxtpx:hr>107</gpxtpx:hr>
      <gpxtpx:cad>59</gpxtpx:cad>
     </gpxtpx:TrackPointExtension>
    </extensions>
   </trkpt>
   <trkpt lat="46.4372540" lon="12.1241510">
    <ele>1939.4</ele>
    <time>2024-06-02T11:18:38Z</time>
    <extensions>
     <gpxtpx:TrackPointExtension>
      <gpxtpx:atemp>24</gpxtpx:atemp>
      <gpxtpx:hr>107</gpxtpx:hr>
      <gpxtpx:cad>59</gpxtpx:cad>
     </gpxtpx:TrackPointExtension>
    </extensions>
   </trkpt>
   <trkpt lat="46.4371870" lon="12.1240910">
    <ele>1938.0</ele>
    <time>2024-06-02T11:18:43Z</time>
    <extensions>
     <gpxtpx:TrackPointExtension>
      <gpxtpx:atemp>24</gpxtpx:atemp>
      <gpxtpx:hr>104</gpxtpx:hr>
      <gpxtpx:cad>56</gpxtpx:cad>
     </gpxtpx:TrackPointExtension>
    </extensions>
   </trkpt>
   <trkpt lat="46.4371570" lon="12.1240530">
    <ele>1936.4</ele>
    <time>2024-06-02T11:18:46Z</time>
    <extensions>
     <gpxtpx:TrackPointExtension>
      <gpxtpx:atemp>24</gpxtpx:atemp>
      <gpxtpx:hr>105</gpxtpx:hr>
      <gpxtpx:cad>57</gpxtpx:cad>
     </gpxtpx:TrackPointExtension>
    </extensions>
   </trkpt>
   <trkpt lat="46.4371090" lon="12.1239900">
    <ele>1935.4</ele>
    <time>2024-06-02T11:18:51Z</time>
    <extensions>
     <gpxtpx:TrackPointExtension>
      <gpxtpx:atemp>24</gpxtpx:atemp>
      <gpxtpx:hr>103</gpxtpx:hr>
      <gpxtpx:cad>55</gpxtpx:cad>
     </gpxtpx:TrackPointExtension>
    </extensions>
   </trkpt>
   <trkpt lat="46.4370740" lon="12.1239580">
    <ele>1934.4</ele>
    <time>2024-06-02T11:18:54Z</time>
    <extensions>
     <gpxtpx:TrackPointExtension>
      <gpxtpx:atemp>24</gpxtpx:atemp>
      <gpxtpx:hr>102</gpxtpx:hr>
      <gpxtpx:cad>56</gpxtpx:cad>
     </gpxtpx:TrackPointExtension>
    </extensions>
   </trkpt>
   <trkpt lat="46.4370660" lon="12.1239470">
    <ele>1934.2</ele>
    <time>2024-06-02T11:18:55Z</time>
    <extensions>
     <gpxtpx:TrackPointExtension>
      <gpxtpx:atemp>24</gpxtpx:atemp>
      <gpxtpx:hr>101</gpxtpx:hr>
      <gpxtpx:cad>56</gpxtpx:cad>
     </gpxtpx:TrackPointExtension>
    </extensions>
   </trkpt>
   <trkpt lat="46.4370040" lon="12.1239950">
    <ele>1933.8</ele>
    <time>2024-06-02T11:19:00Z</time>
    <extensions>
     <gpxtpx:TrackPointExtension>
      <gpxtpx:atemp>24</gpxtpx:atemp>
      <gpxtpx:hr>101</gpxtpx:hr>
      <gpxtpx:cad>55</gpxtpx:cad>
     </gpxtpx:TrackPointExtension>
    </extensions>
   </trkpt>
   <trkpt lat="46.4369910" lon="12.1240160">
    <ele>1933.8</ele>
    <time>2024-06-02T11:19:01Z</time>
    <extensions>
     <gpxtpx:TrackPointExtension>
      <gpxtpx:atemp>24</gpxtpx:atemp>
      <gpxtpx:hr>98</gpxtpx:hr>
      <gpxtpx:cad>54</gpxtpx:cad>
     </gpxtpx:TrackPointExtension>
    </extensions>
   </trkpt>
   <trkpt lat="46.4369760" lon="12.1240440">
    <ele>1933.8</ele>
    <time>2024-06-02T11:19:02Z</time>
    <extensions>
     <gpxtpx:TrackPointExtension>
      <gpxtpx:atemp>24</gpxtpx:atemp>
      <gpxtpx:hr>98</gpxtpx:hr>
      <gpxtpx:cad>54</gpxtpx:cad>
     </gpxtpx:TrackPointExtension>
    </extensions>
   </trkpt>
   <trkpt lat="46.4369620" lon="12.1240750">
    <ele>1933.6</ele>
    <time>2024-06-02T11:19:04Z</time>
    <extensions>
     <gpxtpx:TrackPointExtension>
      <gpxtpx:atemp>24</gpxtpx:atemp>
      <gpxtpx:hr>100</gpxtpx:hr>
      <gpxtpx:cad>55</gpxtpx:cad>
     </gpxtpx:TrackPointExtension>
    </extensions>
   </trkpt>
   <trkpt lat="46.4369730" lon="12.1240860">
    <ele>1933.6</ele>
    <time>2024-06-02T11:19:06Z</time>
    <extensions>
     <gpxtpx:TrackPointExtension>
      <gpxtpx:atemp>24</gpxtpx:atemp>
      <gpxtpx:hr>99</gpxtpx:hr>
      <gpxtpx:cad>56</gpxtpx:cad>
     </gpxtpx:TrackPointExtension>
    </extensions>
   </trkpt>
   <trkpt lat="46.4369720" lon="12.1241400">
    <ele>1933.2</ele>
    <time>2024-06-02T11:19:10Z</time>
    <extensions>
     <gpxtpx:TrackPointExtension>
      <gpxtpx:atemp>24</gpxtpx:atemp>
      <gpxtpx:hr>98</gpxtpx:hr>
      <gpxtpx:cad>57</gpxtpx:cad>
     </gpxtpx:TrackPointExtension>
    </extensions>
   </trkpt>
   <trkpt lat="46.4369900" lon="12.1241600">
    <ele>1932.6</ele>
    <time>2024-06-02T11:19:12Z</time>
    <extensions>
     <gpxtpx:TrackPointExtension>
      <gpxtpx:atemp>24</gpxtpx:atemp>
      <gpxtpx:hr>99</gpxtpx:hr>
      <gpxtpx:cad>57</gpxtpx:cad>
     </gpxtpx:TrackPointExtension>
    </extensions>
   </trkpt>
   <trkpt lat="46.4369950" lon="12.1241940">
    <ele>1932.0</ele>
    <time>2024-06-02T11:19:14Z</time>
    <extensions>
     <gpxtpx:TrackPointExtension>
      <gpxtpx:atemp>24</gpxtpx:atemp>
      <gpxtpx:hr>99</gpxtpx:hr>
      <gpxtpx:cad>58</gpxtpx:cad>
     </gpxtpx:TrackPointExtension>
    </extensions>
   </trkpt>
   <trkpt lat="46.4370310" lon="12.1243200">
    <ele>1930.8</ele>
    <time>2024-06-02T11:19:21Z</time>
    <extensions>
     <gpxtpx:TrackPointExtension>
      <gpxtpx:atemp>24</gpxtpx:atemp>
      <gpxtpx:hr>99</gpxtpx:hr>
      <gpxtpx:cad>57</gpxtpx:cad>
     </gpxtpx:TrackPointExtension>
    </extensions>
   </trkpt>
   <trkpt lat="46.4370420" lon="12.1243720">
    <ele>1930.4</ele>
    <time>2024-06-02T11:19:24Z</time>
    <extensions>
     <gpxtpx:TrackPointExtension>
      <gpxtpx:atemp>24</gpxtpx:atemp>
      <gpxtpx:hr>99</gpxtpx:hr>
      <gpxtpx:cad>57</gpxtpx:cad>
     </gpxtpx:TrackPointExtension>
    </extensions>
   </trkpt>
   <trkpt lat="46.4370110" lon="12.1244590">
    <ele>1930.2</ele>
    <time>2024-06-02T11:19:29Z</time>
    <extensions>
     <gpxtpx:TrackPointExtension>
      <gpxtpx:atemp>24</gpxtpx:atemp>
      <gpxtpx:hr>99</gpxtpx:hr>
      <gpxtpx:cad>117</gpxtpx:cad>
     </gpxtpx:TrackPointExtension>
    </extensions>
   </trkpt>
   <trkpt lat="46.4369770" lon="12.1244960">
    <ele>1929.8</ele>
    <time>2024-06-02T11:19:31Z</time>
    <extensions>
     <gpxtpx:TrackPointExtension>
      <gpxtpx:atemp>24</gpxtpx:atemp>
      <gpxtpx:hr>99</gpxtpx:hr>
      <gpxtpx:cad>117</gpxtpx:cad>
     </gpxtpx:TrackPointExtension>
    </extensions>
   </trkpt>
   <trkpt lat="46.4369550" lon="12.1245120">
    <ele>1929.4</ele>
    <time>2024-06-02T11:19:32Z</time>
    <extensions>
     <gpxtpx:TrackPointExtension>
      <gpxtpx:atemp>24</gpxtpx:atemp>
      <gpxtpx:hr>99</gpxtpx:hr>
      <gpxtpx:cad>117</gpxtpx:cad>
     </gpxtpx:TrackPointExtension>
    </extensions>
   </trkpt>
   <trkpt lat="46.4368750" lon="12.1245650">
    <ele>1928.8</ele>
    <time>2024-06-02T11:19:35Z</time>
    <extensions>
     <gpxtpx:TrackPointExtension>
      <gpxtpx:atemp>24</gpxtpx:atemp>
      <gpxtpx:hr>99</gpxtpx:hr>
      <gpxtpx:cad>117</gpxtpx:cad>
     </gpxtpx:TrackPointExtension>
    </extensions>
   </trkpt>
   <trkpt lat="46.4368300" lon="12.1245660">
    <ele>1927.8</ele>
    <time>2024-06-02T11:19:37Z</time>
    <extensions>
     <gpxtpx:TrackPointExtension>
      <gpxtpx:atemp>24</gpxtpx:atemp>
      <gpxtpx:hr>96</gpxtpx:hr>
      <gpxtpx:cad>58</gpxtpx:cad>
     </gpxtpx:TrackPointExtension>
    </extensions>
   </trkpt>
   <trkpt lat="46.4368160" lon="12.1245540">
    <ele>1927.4</ele>
    <time>2024-06-02T11:19:38Z</time>
    <extensions>
     <gpxtpx:TrackPointExtension>
      <gpxtpx:atemp>24</gpxtpx:atemp>
      <gpxtpx:hr>96</gpxtpx:hr>
      <gpxtpx:cad>58</gpxtpx:cad>
     </gpxtpx:TrackPointExtension>
    </extensions>
   </trkpt>
   <trkpt lat="46.4367630" lon="12.1244760">
    <ele>1926.4</ele>
    <time>2024-06-02T11:19:42Z</time>
    <extensions>
     <gpxtpx:TrackPointExtension>
      <gpxtpx:atemp>24</gpxtpx:atemp>
      <gpxtpx:hr>95</gpxtpx:hr>
      <gpxtpx:cad>113</gpxtpx:cad>
     </gpxtpx:TrackPointExtension>
    </extensions>
   </trkpt>
   <trkpt lat="46.4367490" lon="12.1244700">
    <ele>1926.2</ele>
    <time>2024-06-02T11:19:43Z</time>
    <extensions>
     <gpxtpx:TrackPointExtension>
      <gpxtpx:atemp>24</gpxtpx:atemp>
      <gpxtpx:hr>95</gpxtpx:hr>
      <gpxtpx:cad>57</gpxtpx:cad>
     </gpxtpx:TrackPointExtension>
    </extensions>
   </trkpt>
   <trkpt lat="46.4367140" lon="12.1244410">
    <ele>1925.0</ele>
    <time>2024-06-02T11:19:46Z</time>
    <extensions>
     <gpxtpx:TrackPointExtension>
      <gpxtpx:atemp>24</gpxtpx:atemp>
      <gpxtpx:hr>94</gpxtpx:hr>
      <gpxtpx:cad>57</gpxtpx:cad>
     </gpxtpx:TrackPointExtension>
    </extensions>
   </trkpt>
   <trkpt lat="46.4367070" lon="12.1244330">
    <ele>1924.8</ele>
    <time>2024-06-02T11:19:47Z</time>
    <extensions>
     <gpxtpx:TrackPointExtension>
      <gpxtpx:atemp>24</gpxtpx:atemp>
      <gpxtpx:hr>95</gpxtpx:hr>
      <gpxtpx:cad>57</gpxtpx:cad>
     </gpxtpx:TrackPointExtension>
    </extensions>
   </trkpt>
   <trkpt lat="46.4366900" lon="12.1243840">
    <ele>1924.6</ele>
    <time>2024-06-02T11:19:49Z</time>
    <extensions>
     <gpxtpx:TrackPointExtension>
      <gpxtpx:atemp>24</gpxtpx:atemp>
      <gpxtpx:hr>95</gpxtpx:hr>
      <gpxtpx:cad>58</gpxtpx:cad>
     </gpxtpx:TrackPointExtension>
    </extensions>
   </trkpt>
   <trkpt lat="46.4366690" lon="12.1243240">
    <ele>1924.4</ele>
    <time>2024-06-02T11:19:52Z</time>
    <extensions>
     <gpxtpx:TrackPointExtension>
      <gpxtpx:atemp>24</gpxtpx:atemp>
      <gpxtpx:hr>92</gpxtpx:hr>
      <gpxtpx:cad>109</gpxtpx:cad>
     </gpxtpx:TrackPointExtension>
    </extensions>
   </trkpt>
   <trkpt lat="46.4366510" lon="12.1242920">
    <ele>1924.0</ele>
    <time>2024-06-02T11:19:54Z</time>
    <extensions>
     <gpxtpx:TrackPointExtension>
      <gpxtpx:atemp>24</gpxtpx:atemp>
      <gpxtpx:hr>94</gpxtpx:hr>
      <gpxtpx:cad>109</gpxtpx:cad>
     </gpxtpx:TrackPointExtension>
    </extensions>
   </trkpt>
   <trkpt lat="46.4366240" lon="12.1242500">
    <ele>1923.4</ele>
    <time>2024-06-02T11:19:57Z</time>
    <extensions>
     <gpxtpx:TrackPointExtension>
      <gpxtpx:atemp>24</gpxtpx:atemp>
      <gpxtpx:hr>94</gpxtpx:hr>
      <gpxtpx:cad>115</gpxtpx:cad>
     </gpxtpx:TrackPointExtension>
    </extensions>
   </trkpt>
   <trkpt lat="46.4366140" lon="12.1242390">
    <ele>1923.4</ele>
    <time>2024-06-02T11:19:58Z</time>
    <extensions>
     <gpxtpx:TrackPointExtension>
      <gpxtpx:atemp>24</gpxtpx:atemp>
      <gpxtpx:hr>94</gpxtpx:hr>
      <gpxtpx:cad>59</gpxtpx:cad>
     </gpxtpx:TrackPointExtension>
    </extensions>
   </trkpt>
   <trkpt lat="46.4366040" lon="12.1242120">
    <ele>1922.8</ele>
    <time>2024-06-02T11:20:00Z</time>
    <extensions>
     <gpxtpx:TrackPointExtension>
      <gpxtpx:atemp>24</gpxtpx:atemp>
      <gpxtpx:hr>95</gpxtpx:hr>
      <gpxtpx:cad>60</gpxtpx:cad>
     </gpxtpx:TrackPointExtension>
    </extensions>
   </trkpt>
   <trkpt lat="46.4365990" lon="12.1241920">
    <ele>1922.8</ele>
    <time>2024-06-02T11:20:01Z</time>
    <extensions>
     <gpxtpx:TrackPointExtension>
      <gpxtpx:atemp>24</gpxtpx:atemp>
      <gpxtpx:hr>96</gpxtpx:hr>
      <gpxtpx:cad>60</gpxtpx:cad>
     </gpxtpx:TrackPointExtension>
    </extensions>
   </trkpt>
   <trkpt lat="46.4365690" lon="12.1240410">
    <ele>1921.6</ele>
    <time>2024-06-02T11:20:06Z</time>
    <extensions>
     <gpxtpx:TrackPointExtension>
      <gpxtpx:atemp>24</gpxtpx:atemp>
      <gpxtpx:hr>94</gpxtpx:hr>
      <gpxtpx:cad>57</gpxtpx:cad>
     </gpxtpx:TrackPointExtension>
    </extensions>
   </trkpt>
   <trkpt lat="46.4365410" lon="12.1239760">
    <ele>1921.2</ele>
    <time>2024-06-02T11:20:09Z</time>
    <extensions>
     <gpxtpx:TrackPointExtension>
      <gpxtpx:atemp>24</gpxtpx:atemp>
      <gpxtpx:hr>95</gpxtpx:hr>
      <gpxtpx:cad>56</gpxtpx:cad>
     </gpxtpx:TrackPointExtension>
    </extensions>
   </trkpt>
   <trkpt lat="46.4365120" lon="12.1239160">
    <ele>1920.6</ele>
    <time>2024-06-02T11:20:12Z</time>
    <extensions>
     <gpxtpx:TrackPointExtension>
      <gpxtpx:atemp>24</gpxtpx:atemp>
      <gpxtpx:hr>95</gpxtpx:hr>
      <gpxtpx:cad>56</gpxtpx:cad>
     </gpxtpx:TrackPointExtension>
    </extensions>
   </trkpt>
   <trkpt lat="46.4364980" lon="12.1237690">
    <ele>1919.8</ele>
    <time>2024-06-02T11:20:17Z</time>
    <extensions>
     <gpxtpx:TrackPointExtension>
      <gpxtpx:atemp>24</gpxtpx:atemp>
      <gpxtpx:hr>94</gpxtpx:hr>
      <gpxtpx:cad>59</gpxtpx:cad>
     </gpxtpx:TrackPointExtension>
    </extensions>
   </trkpt>
   <trkpt lat="46.4364980" lon="12.1237520">
    <ele>1919.6</ele>
    <time>2024-06-02T11:20:18Z</time>
    <extensions>
     <gpxtpx:TrackPointExtension>
      <gpxtpx:atemp>24</gpxtpx:atemp>
      <gpxtpx:hr>94</gpxtpx:hr>
      <gpxtpx:cad>58</gpxtpx:cad>
     </gpxtpx:TrackPointExtension>
    </extensions>
   </trkpt>
   <trkpt lat="46.4364910" lon="12.1237190">
    <ele>1919.2</ele>
    <time>2024-06-02T11:20:20Z</time>
    <extensions>
     <gpxtpx:TrackPointExtension>
      <gpxtpx:atemp>24</gpxtpx:atemp>
      <gpxtpx:hr>90</gpxtpx:hr>
      <gpxtpx:cad>58</gpxtpx:cad>
     </gpxtpx:TrackPointExtension>
    </extensions>
   </trkpt>
   <trkpt lat="46.4364830" lon="12.1236910">
    <ele>1918.8</ele>
    <time>2024-06-02T11:20:22Z</time>
    <extensions>
     <gpxtpx:TrackPointExtension>
      <gpxtpx:atemp>24</gpxtpx:atemp>
      <gpxtpx:hr>95</gpxtpx:hr>
      <gpxtpx:cad>57</gpxtpx:cad>
     </gpxtpx:TrackPointExtension>
    </extensions>
   </trkpt>
   <trkpt lat="46.4364620" lon="12.1236570">
    <ele>1918.8</ele>
    <time>2024-06-02T11:20:24Z</time>
    <extensions>
     <gpxtpx:TrackPointExtension>
      <gpxtpx:atemp>24</gpxtpx:atemp>
      <gpxtpx:hr>94</gpxtpx:hr>
      <gpxtpx:cad>57</gpxtpx:cad>
     </gpxtpx:TrackPointExtension>
    </extensions>
   </trkpt>
   <trkpt lat="46.4364150" lon="12.1235850">
    <ele>1918.6</ele>
    <time>2024-06-02T11:20:28Z</time>
    <extensions>
     <gpxtpx:TrackPointExtension>
      <gpxtpx:atemp>24</gpxtpx:atemp>
      <gpxtpx:hr>97</gpxtpx:hr>
      <gpxtpx:cad>56</gpxtpx:cad>
     </gpxtpx:TrackPointExtension>
    </extensions>
   </trkpt>
   <trkpt lat="46.4364080" lon="12.1235590">
    <ele>1918.4</ele>
    <time>2024-06-02T11:20:29Z</time>
    <extensions>
     <gpxtpx:TrackPointExtension>
      <gpxtpx:atemp>24</gpxtpx:atemp>
      <gpxtpx:hr>95</gpxtpx:hr>
      <gpxtpx:cad>56</gpxtpx:cad>
     </gpxtpx:TrackPointExtension>
    </extensions>
   </trkpt>
   <trkpt lat="46.4364170" lon="12.1234670">
    <ele>1918.0</ele>
    <time>2024-06-02T11:20:32Z</time>
    <extensions>
     <gpxtpx:TrackPointExtension>
      <gpxtpx:atemp>24</gpxtpx:atemp>
      <gpxtpx:hr>96</gpxtpx:hr>
      <gpxtpx:cad>57</gpxtpx:cad>
     </gpxtpx:TrackPointExtension>
    </extensions>
   </trkpt>
   <trkpt lat="46.4364320" lon="12.1234470">
    <ele>1917.4</ele>
    <time>2024-06-02T11:20:33Z</time>
    <extensions>
     <gpxtpx:TrackPointExtension>
      <gpxtpx:atemp>24</gpxtpx:atemp>
      <gpxtpx:hr>97</gpxtpx:hr>
      <gpxtpx:cad>57</gpxtpx:cad>
     </gpxtpx:TrackPointExtension>
    </extensions>
   </trkpt>
   <trkpt lat="46.4364910" lon="12.1234250">
    <ele>1916.8</ele>
    <time>2024-06-02T11:20:37Z</time>
    <extensions>
     <gpxtpx:TrackPointExtension>
      <gpxtpx:atemp>24</gpxtpx:atemp>
      <gpxtpx:hr>99</gpxtpx:hr>
      <gpxtpx:cad>57</gpxtpx:cad>
     </gpxtpx:TrackPointExtension>
    </extensions>
   </trkpt>
   <trkpt lat="46.4365910" lon="12.1233920">
    <ele>1917.4</ele>
    <time>2024-06-02T11:20:44Z</time>
    <extensions>
     <gpxtpx:TrackPointExtension>
      <gpxtpx:atemp>24</gpxtpx:atemp>
      <gpxtpx:hr>98</gpxtpx:hr>
      <gpxtpx:cad>52</gpxtpx:cad>
     </gpxtpx:TrackPointExtension>
    </extensions>
   </trkpt>
   <trkpt lat="46.4366820" lon="12.1232580">
    <ele>1918.0</ele>
    <time>2024-06-02T11:20:53Z</time>
    <extensions>
     <gpxtpx:TrackPointExtension>
      <gpxtpx:atemp>24</gpxtpx:atemp>
      <gpxtpx:hr>98</gpxtpx:hr>
      <gpxtpx:cad>54</gpxtpx:cad>
     </gpxtpx:TrackPointExtension>
    </extensions>
   </trkpt>
   <trkpt lat="46.4367130" lon="12.1231920">
    <ele>1918.4</ele>
    <time>2024-06-02T11:20:57Z</time>
    <extensions>
     <gpxtpx:TrackPointExtension>
      <gpxtpx:atemp>24</gpxtpx:atemp>
      <gpxtpx:hr>98</gpxtpx:hr>
      <gpxtpx:cad>53</gpxtpx:cad>
     </gpxtpx:TrackPointExtension>
    </extensions>
   </trkpt>
   <trkpt lat="46.4367220" lon="12.1231700">
    <ele>1918.6</ele>
    <time>2024-06-02T11:20:58Z</time>
    <extensions>
     <gpxtpx:TrackPointExtension>
      <gpxtpx:atemp>24</gpxtpx:atemp>
      <gpxtpx:hr>102</gpxtpx:hr>
      <gpxtpx:cad>53</gpxtpx:cad>
     </gpxtpx:TrackPointExtension>
    </extensions>
   </trkpt>
   <trkpt lat="46.4367580" lon="12.1230970">
    <ele>1919.2</ele>
    <time>2024-06-02T11:21:02Z</time>
    <extensions>
     <gpxtpx:TrackPointExtension>
      <gpxtpx:atemp>24</gpxtpx:atemp>
      <gpxtpx:hr>104</gpxtpx:hr>
      <gpxtpx:cad>53</gpxtpx:cad>
     </gpxtpx:TrackPointExtension>
    </extensions>
   </trkpt>
   <trkpt lat="46.4367680" lon="12.1230320">
    <ele>1919.6</ele>
    <time>2024-06-02T11:21:05Z</time>
    <extensions>
     <gpxtpx:TrackPointExtension>
      <gpxtpx:atemp>24</gpxtpx:atemp>
      <gpxtpx:hr>106</gpxtpx:hr>
      <gpxtpx:cad>53</gpxtpx:cad>
     </gpxtpx:TrackPointExtension>
    </extensions>
   </trkpt>
   <trkpt lat="46.4367880" lon="12.1229800">
    <ele>1919.8</ele>
    <time>2024-06-02T11:21:08Z</time>
    <extensions>
     <gpxtpx:TrackPointExtension>
      <gpxtpx:atemp>24</gpxtpx:atemp>
      <gpxtpx:hr>109</gpxtpx:hr>
      <gpxtpx:cad>51</gpxtpx:cad>
     </gpxtpx:TrackPointExtension>
    </extensions>
   </trkpt>
   <trkpt lat="46.4368030" lon="12.1229420">
    <ele>1920.4</ele>
    <time>2024-06-02T11:21:10Z</time>
    <extensions>
     <gpxtpx:TrackPointExtension>
      <gpxtpx:atemp>24</gpxtpx:atemp>
      <gpxtpx:hr>111</gpxtpx:hr>
      <gpxtpx:cad>51</gpxtpx:cad>
     </gpxtpx:TrackPointExtension>
    </extensions>
   </trkpt>
   <trkpt lat="46.4368070" lon="12.1229250">
    <ele>1920.6</ele>
    <time>2024-06-02T11:21:11Z</time>
    <extensions>
     <gpxtpx:TrackPointExtension>
      <gpxtpx:atemp>24</gpxtpx:atemp>
      <gpxtpx:hr>112</gpxtpx:hr>
      <gpxtpx:cad>53</gpxtpx:cad>
     </gpxtpx:TrackPointExtension>
    </extensions>
   </trkpt>
   <trkpt lat="46.4368140" lon="12.1228910">
    <ele>1921.2</ele>
    <time>2024-06-02T11:21:13Z</time>
    <extensions>
     <gpxtpx:TrackPointExtension>
      <gpxtpx:atemp>24</gpxtpx:atemp>
      <gpxtpx:hr>115</gpxtpx:hr>
      <gpxtpx:cad>52</gpxtpx:cad>
     </gpxtpx:TrackPointExtension>
    </extensions>
   </trkpt>
   <trkpt lat="46.4368280" lon="12.1228440">
    <ele>1921.6</ele>
    <time>2024-06-02T11:21:16Z</time>
    <extensions>
     <gpxtpx:TrackPointExtension>
      <gpxtpx:atemp>24</gpxtpx:atemp>
      <gpxtpx:hr>118</gpxtpx:hr>
      <gpxtpx:cad>53</gpxtpx:cad>
     </gpxtpx:TrackPointExtension>
    </extensions>
   </trkpt>
   <trkpt lat="46.4368320" lon="12.1228220">
    <ele>1921.8</ele>
    <time>2024-06-02T11:21:17Z</time>
    <extensions>
     <gpxtpx:TrackPointExtension>
      <gpxtpx:atemp>24</gpxtpx:atemp>
      <gpxtpx:hr>118</gpxtpx:hr>
      <gpxtpx:cad>53</gpxtpx:cad>
     </gpxtpx:TrackPointExtension>
    </extensions>
   </trkpt>
   <trkpt lat="46.4368360" lon="12.1227540">
    <ele>1922.2</ele>
    <time>2024-06-02T11:21:21Z</time>
    <extensions>
     <gpxtpx:TrackPointExtension>
      <gpxtpx:atemp>24</gpxtpx:atemp>
      <gpxtpx:hr>119</gpxtpx:hr>
      <gpxtpx:cad>51</gpxtpx:cad>
     </gpxtpx:TrackPointExtension>
    </extensions>
   </trkpt>
   <trkpt lat="46.4368400" lon="12.1227410">
    <ele>1922.2</ele>
    <time>2024-06-02T11:21:22Z</time>
    <extensions>
     <gpxtpx:TrackPointExtension>
      <gpxtpx:atemp>24</gpxtpx:atemp>
      <gpxtpx:hr>119</gpxtpx:hr>
      <gpxtpx:cad>51</gpxtpx:cad>
     </gpxtpx:TrackPointExtension>
    </extensions>
   </trkpt>
   <trkpt lat="46.4368560" lon="12.1226820">
    <ele>1922.4</ele>
    <time>2024-06-02T11:21:26Z</time>
    <extensions>
     <gpxtpx:TrackPointExtension>
      <gpxtpx:atemp>24</gpxtpx:atemp>
      <gpxtpx:hr>120</gpxtpx:hr>
      <gpxtpx:cad>46</gpxtpx:cad>
     </gpxtpx:TrackPointExtension>
    </extensions>
   </trkpt>
   <trkpt lat="46.4368560" lon="12.1226820">
    <ele>1928.6</ele>
    <time>2024-06-02T13:35:49Z</time>
    <extensions>
     <gpxtpx:TrackPointExtension>
      <gpxtpx:atemp>31</gpxtpx:atemp>
      <gpxtpx:hr>96</gpxtpx:hr>
      <gpxtpx:cad>0</gpxtpx:cad>
     </gpxtpx:TrackPointExtension>
    </extensions>
   </trkpt>
   <trkpt lat="46.4368560" lon="12.1226820">
    <ele>1858.2</ele>
    <time>2024-06-02T13:35:50Z</time>
    <extensions>
     <gpxtpx:TrackPointExtension>
      <gpxtpx:atemp>31</gpxtpx:atemp>
      <gpxtpx:hr>97</gpxtpx:hr>
      <gpxtpx:cad>0</gpxtpx:cad>
     </gpxtpx:TrackPointExtension>
    </extensions>
   </trkpt>
   <trkpt lat="46.4368560" lon="12.1226820">
    <ele>2175.4</ele>
    <time>2024-06-02T13:35:51Z</time>
    <extensions>
     <gpxtpx:TrackPointExtension>
      <gpxtpx:atemp>31</gpxtpx:atemp>
      <gpxtpx:hr>97</gpxtpx:hr>
      <gpxtpx:cad>0</gpxtpx:cad>
     </gpxtpx:TrackPointExtension>
    </extensions>
   </trkpt>
   <trkpt lat="46.4368560" lon="12.1226820">
    <ele>2056.8</ele>
    <time>2024-06-02T13:35:52Z</time>
    <extensions>
     <gpxtpx:TrackPointExtension>
      <gpxtpx:atemp>31</gpxtpx:atemp>
      <gpxtpx:hr>97</gpxtpx:hr>
      <gpxtpx:cad>0</gpxtpx:cad>
     </gpxtpx:TrackPointExtension>
    </extensions>
   </trkpt>
   <trkpt lat="46.4368560" lon="12.1226820">
    <ele>1983.0</ele>
    <time>2024-06-02T13:35:53Z</time>
    <extensions>
     <gpxtpx:TrackPointExtension>
      <gpxtpx:atemp>31</gpxtpx:atemp>
      <gpxtpx:hr>97</gpxtpx:hr>
      <gpxtpx:cad>0</gpxtpx:cad>
     </gpxtpx:TrackPointExtension>
    </extensions>
   </trkpt>
   <trkpt lat="46.4368560" lon="12.1226820">
    <ele>1937.0</ele>
    <time>2024-06-02T13:35:54Z</time>
    <extensions>
     <gpxtpx:TrackPointExtension>
      <gpxtpx:atemp>31</gpxtpx:atemp>
      <gpxtpx:hr>98</gpxtpx:hr>
      <gpxtpx:cad>0</gpxtpx:cad>
     </gpxtpx:TrackPointExtension>
    </extensions>
   </trkpt>
   <trkpt lat="46.4368560" lon="12.1226820">
    <ele>1908.4</ele>
    <time>2024-06-02T13:35:55Z</time>
    <extensions>
     <gpxtpx:TrackPointExtension>
      <gpxtpx:atemp>31</gpxtpx:atemp>
      <gpxtpx:hr>97</gpxtpx:hr>
      <gpxtpx:cad>0</gpxtpx:cad>
     </gpxtpx:TrackPointExtension>
    </extensions>
   </trkpt>
   <trkpt lat="46.4369370" lon="12.1228160">
    <ele>1961.4</ele>
    <time>2024-06-02T13:35:56Z</time>
    <extensions>
     <gpxtpx:TrackPointExtension>
      <gpxtpx:atemp>31</gpxtpx:atemp>
      <gpxtpx:hr>96</gpxtpx:hr>
      <gpxtpx:cad>0</gpxtpx:cad>
     </gpxtpx:TrackPointExtension>
    </extensions>
   </trkpt>
   <trkpt lat="46.4369390" lon="12.1226850">
    <ele>1939.8</ele>
    <time>2024-06-02T13:35:57Z</time>
    <extensions>
     <gpxtpx:TrackPointExtension>
      <gpxtpx:atemp>31</gpxtpx:atemp>
      <gpxtpx:hr>96</gpxtpx:hr>
      <gpxtpx:cad>0</gpxtpx:cad>
     </gpxtpx:TrackPointExtension>
    </extensions>
   </trkpt>
   <trkpt lat="46.4369090" lon="12.1226790">
    <ele>1927.0</ele>
    <time>2024-06-02T13:35:58Z</time>
    <extensions>
     <gpxtpx:TrackPointExtension>
      <gpxtpx:atemp>31</gpxtpx:atemp>
      <gpxtpx:hr>97</gpxtpx:hr>
      <gpxtpx:cad>0</gpxtpx:cad>
     </gpxtpx:TrackPointExtension>
    </extensions>
   </trkpt>
   <trkpt lat="46.4369310" lon="12.1225630">
    <ele>1922.4</ele>
    <time>2024-06-02T13:35:59Z</time>
    <extensions>
     <gpxtpx:TrackPointExtension>
      <gpxtpx:atemp>31</gpxtpx:atemp>
      <gpxtpx:hr>96</gpxtpx:hr>
      <gpxtpx:cad>0</gpxtpx:cad>
     </gpxtpx:TrackPointExtension>
    </extensions>
   </trkpt>
   <trkpt lat="46.4368960" lon="12.1225810">
    <ele>1919.6</ele>
    <time>2024-06-02T13:36:00Z</time>
    <extensions>
     <gpxtpx:TrackPointExtension>
      <gpxtpx:atemp>31</gpxtpx:atemp>
      <gpxtpx:hr>97</gpxtpx:hr>
      <gpxtpx:cad>0</gpxtpx:cad>
     </gpxtpx:TrackPointExtension>
    </extensions>
   </trkpt>
   <trkpt lat="46.4367020" lon="12.1226330">
    <ele>1918.6</ele>
    <time>2024-06-02T13:36:02Z</time>
    <extensions>
     <gpxtpx:TrackPointExtension>
      <gpxtpx:atemp>31</gpxtpx:atemp>
      <gpxtpx:hr>97</gpxtpx:hr>
      <gpxtpx:cad>0</gpxtpx:cad>
     </gpxtpx:TrackPointExtension>
    </extensions>
   </trkpt>
   <trkpt lat="46.4366560" lon="12.1227220">
    <ele>1917.6</ele>
    <time>2024-06-02T13:36:04Z</time>
    <extensions>
     <gpxtpx:TrackPointExtension>
      <gpxtpx:atemp>31</gpxtpx:atemp>
      <gpxtpx:hr>99</gpxtpx:hr>
      <gpxtpx:cad>0</gpxtpx:cad>
     </gpxtpx:TrackPointExtension>
    </extensions>
   </trkpt>
   <trkpt lat="46.4366110" lon="12.1227080">
    <ele>1917.0</ele>
    <time>2024-06-02T13:36:06Z</time>
    <extensions>
     <gpxtpx:TrackPointExtension>
      <gpxtpx:atemp>31</gpxtpx:atemp>
      <gpxtpx:hr>104</gpxtpx:hr>
      <gpxtpx:cad>0</gpxtpx:cad>
     </gpxtpx:TrackPointExtension>
    </extensions>
   </trkpt>
   <trkpt lat="46.4365850" lon="12.1227050">
    <ele>1916.8</ele>
    <time>2024-06-02T13:36:07Z</time>
    <extensions>
     <gpxtpx:TrackPointExtension>
      <gpxtpx:atemp>31</gpxtpx:atemp>
      <gpxtpx:hr>107</gpxtpx:hr>
      <gpxtpx:cad>0</gpxtpx:cad>
     </gpxtpx:TrackPointExtension>
    </extensions>
   </trkpt>
   <trkpt lat="46.4365590" lon="12.1227090">
    <ele>1916.4</ele>
    <time>2024-06-02T13:36:08Z</time>
    <extensions>
     <gpxtpx:TrackPointExtension>
      <gpxtpx:atemp>31</gpxtpx:atemp>
      <gpxtpx:hr>110</gpxtpx:hr>
      <gpxtpx:cad>0</gpxtpx:cad>
     </gpxtpx:TrackPointExtension>
    </extensions>
   </trkpt>
   <trkpt lat="46.4365790" lon="12.1226870">
    <ele>1915.6</ele>
    <time>2024-06-02T13:36:10Z</time>
    <extensions>
     <gpxtpx:TrackPointExtension>
      <gpxtpx:atemp>31</gpxtpx:atemp>
      <gpxtpx:hr>114</gpxtpx:hr>
      <gpxtpx:cad>0</gpxtpx:cad>
     </gpxtpx:TrackPointExtension>
    </extensions>
   </trkpt>
   <trkpt lat="46.4365790" lon="12.1226850">
    <ele>1915.4</ele>
    <time>2024-06-02T13:36:11Z</time>
    <extensions>
     <gpxtpx:TrackPointExtension>
      <gpxtpx:atemp>31</gpxtpx:atemp>
      <gpxtpx:hr>116</gpxtpx:hr>
      <gpxtpx:cad>0</gpxtpx:cad>
     </gpxtpx:TrackPointExtension>
    </extensions>
   </trkpt>
   <trkpt lat="46.4365940" lon="12.1226650">
    <ele>1915.2</ele>
    <time>2024-06-02T13:36:13Z</time>
    <extensions>
     <gpxtpx:TrackPointExtension>
      <gpxtpx:atemp>30</gpxtpx:atemp>
      <gpxtpx:hr>116</gpxtpx:hr>
      <gpxtpx:cad>0</gpxtpx:cad>
     </gpxtpx:TrackPointExtension>
    </extensions>
   </trkpt>
   <trkpt lat="46.4366160" lon="12.1226550">
    <ele>1915.0</ele>
    <time>2024-06-02T13:36:14Z</time>
    <extensions>
     <gpxtpx:TrackPointExtension>
      <gpxtpx:atemp>30</gpxtpx:atemp>
      <gpxtpx:hr>117</gpxtpx:hr>
      <gpxtpx:cad>0</gpxtpx:cad>
     </gpxtpx:TrackPointExtension>
    </extensions>
   </trkpt>
   <trkpt lat="46.4366270" lon="12.1226510">
    <ele>1914.8</ele>
    <time>2024-06-02T13:36:15Z</time>
    <extensions>
     <gpxtpx:TrackPointExtension>
      <gpxtpx:atemp>31</gpxtpx:atemp>
      <gpxtpx:hr>117</gpxtpx:hr>
      <gpxtpx:cad>0</gpxtpx:cad>
     </gpxtpx:TrackPointExtension>
    </extensions>
   </trkpt>
   <trkpt lat="46.4367150" lon="12.1225680">
    <ele>1914.4</ele>
    <time>2024-06-02T13:36:21Z</time>
    <extensions>
     <gpxtpx:TrackPointExtension>
      <gpxtpx:atemp>30</gpxtpx:atemp>
      <gpxtpx:hr>117</gpxtpx:hr>
      <gpxtpx:cad>0</gpxtpx:cad>
     </gpxtpx:TrackPointExtension>
    </extensions>
   </trkpt>
   <trkpt lat="46.4367380" lon="12.1225590">
    <ele>1914.2</ele>
    <time>2024-06-02T13:36:23Z</time>
    <extensions>
     <gpxtpx:TrackPointExtension>
      <gpxtpx:atemp>31</gpxtpx:atemp>
      <gpxtpx:hr>117</gpxtpx:hr>
      <gpxtpx:cad>0</gpxtpx:cad>
     </gpxtpx:TrackPointExtension>
    </extensions>
   </trkpt>
   <trkpt lat="46.4367570" lon="12.1225650">
    <ele>1914.2</ele>
    <time>2024-06-02T13:36:25Z</time>
    <extensions>
     <gpxtpx:TrackPointExtension>
      <gpxtpx:atemp>30</gpxtpx:atemp>
      <gpxtpx:hr>118</gpxtpx:hr>
      <gpxtpx:cad>0</gpxtpx:cad>
     </gpxtpx:TrackPointExtension>
    </extensions>
   </trkpt>
   <trkpt lat="46.4367920" lon="12.1226070">
    <ele>1914.4</ele>
    <time>2024-06-02T13:36:31Z</time>
    <extensions>
     <gpxtpx:TrackPointExtension>
      <gpxtpx:atemp>30</gpxtpx:atemp>
      <gpxtpx:hr>117</gpxtpx:hr>
      <gpxtpx:cad>0</gpxtpx:cad>
     </gpxtpx:TrackPointExtension>
    </extensions>
   </trkpt>
   <trkpt lat="46.4367940" lon="12.1226380">
    <ele>1914.4</ele>
    <time>2024-06-02T13:36:34Z</time>
    <extensions>
     <gpxtpx:TrackPointExtension>
      <gpxtpx:atemp>30</gpxtpx:atemp>
      <gpxtpx:hr>114</gpxtpx:hr>
      <gpxtpx:cad>0</gpxtpx:cad>
     </gpxtpx:TrackPointExtension>
    </extensions>
   </trkpt>
   <trkpt lat="46.4367940" lon="12.1226400">
    <ele>1914.6</ele>
    <time>2024-06-02T13:36:36Z</time>
    <extensions>
     <gpxtpx:TrackPointExtension>
      <gpxtpx:atemp>30</gpxtpx:atemp>
      <gpxtpx:hr>111</gpxtpx:hr>
      <gpxtpx:cad>0</gpxtpx:cad>
     </gpxtpx:TrackPointExtension>
    </extensions>
   </trkpt>
   <trkpt lat="46.4367950" lon="12.1226400">
    <ele>1914.6</ele>
    <time>2024-06-02T13:36:38Z</time>
    <extensions>
     <gpxtpx:TrackPointExtension>
      <gpxtpx:atemp>30</gpxtpx:atemp>
      <gpxtpx:hr>108</gpxtpx:hr>
      <gpxtpx:cad>0</gpxtpx:cad>
     </gpxtpx:TrackPointExtension>
    </extensions>
   </trkpt>
   <trkpt lat="46.4367930" lon="12.1226440">
    <ele>1915.0</ele>
    <time>2024-06-02T13:36:43Z</time>
    <extensions>
     <gpxtpx:TrackPointExtension>
      <gpxtpx:atemp>30</gpxtpx:atemp>
      <gpxtpx:hr>105</gpxtpx:hr>
      <gpxtpx:cad>0</gpxtpx:cad>
     </gpxtpx:TrackPointExtension>
    </extensions>
   </trkpt>
   <trkpt lat="46.4367930" lon="12.1226440">
    <ele>1915.0</ele>
    <time>2024-06-02T13:36:46Z</time>
    <extensions>
     <gpxtpx:TrackPointExtension>
      <gpxtpx:atemp>30</gpxtpx:atemp>
      <gpxtpx:hr>102</gpxtpx:hr>
      <gpxtpx:cad>0</gpxtpx:cad>
     </gpxtpx:TrackPointExtension>
    </extensions>
   </trkpt>
   <trkpt lat="46.4367930" lon="12.1226440">
    <ele>1914.8</ele>
    <time>2024-06-02T13:36:50Z</time>
    <extensions>
     <gpxtpx:TrackPointExtension>
      <gpxtpx:atemp>30</gpxtpx:atemp>
      <gpxtpx:hr>98</gpxtpx:hr>
      <gpxtpx:cad>0</gpxtpx:cad>
     </gpxtpx:TrackPointExtension>
    </extensions>
   </trkpt>
   <trkpt lat="46.4367940" lon="12.1226440">
    <ele>1914.8</ele>
    <time>2024-06-02T13:36:53Z</time>
    <extensions>
     <gpxtpx:TrackPointExtension>
      <gpxtpx:atemp>30</gpxtpx:atemp>
      <gpxtpx:hr>94</gpxtpx:hr>
      <gpxtpx:cad>0</gpxtpx:cad>
     </gpxtpx:TrackPointExtension>
    </extensions>
   </trkpt>
   <trkpt lat="46.4367950" lon="12.1226440">
    <ele>1915.0</ele>
    <time>2024-06-02T13:36:57Z</time>
    <extensions>
     <gpxtpx:TrackPointExtension>
      <gpxtpx:atemp>30</gpxtpx:atemp>
      <gpxtpx:hr>91</gpxtpx:hr>
      <gpxtpx:cad>0</gpxtpx:cad>
     </gpxtpx:TrackPointExtension>
    </extensions>
   </trkpt>
   <trkpt lat="46.4368000" lon="12.1226460">
    <ele>1915.0</ele>
    <time>2024-06-02T13:37:04Z</time>
    <extensions>
     <gpxtpx:TrackPointExtension>
      <gpxtpx:atemp>30</gpxtpx:atemp>
      <gpxtpx:hr>88</gpxtpx:hr>
      <gpxtpx:cad>0</gpxtpx:cad>
     </gpxtpx:TrackPointExtension>
    </extensions>
   </trkpt>
   <trkpt lat="46.4368280" lon="12.1227790">
    <ele>1914.6</ele>
    <time>2024-06-02T13:37:21Z</time>
    <extensions>
     <gpxtpx:TrackPointExtension>
      <gpxtpx:atemp>30</gpxtpx:atemp>
      <gpxtpx:hr>90</gpxtpx:hr>
      <gpxtpx:cad>48</gpxtpx:cad>
     </gpxtpx:TrackPointExtension>
    </extensions>
   </trkpt>
   <trkpt lat="46.4368340" lon="12.1228270">
    <ele>1914.4</ele>
    <time>2024-06-02T13:37:23Z</time>
    <extensions>
     <gpxtpx:TrackPointExtension>
      <gpxtpx:atemp>30</gpxtpx:atemp>
      <gpxtpx:hr>93</gpxtpx:hr>
      <gpxtpx:cad>49</gpxtpx:cad>
     </gpxtpx:TrackPointExtension>
    </extensions>
   </trkpt>
   <trkpt lat="46.4368220" lon="12.1229360">
    <ele>1914.0</ele>
    <time>2024-06-02T13:37:28Z</time>
    <extensions>
     <gpxtpx:TrackPointExtension>
      <gpxtpx:atemp>30</gpxtpx:atemp>
      <gpxtpx:hr>94</gpxtpx:hr>
      <gpxtpx:cad>49</gpxtpx:cad>
     </gpxtpx:TrackPointExtension>
    </extensions>
   </trkpt>
   <trkpt lat="46.4368230" lon="12.1229660">
    <ele>1913.8</ele>
    <time>2024-06-02T13:37:30Z</time>
    <extensions>
     <gpxtpx:TrackPointExtension>
      <gpxtpx:atemp>30</gpxtpx:atemp>
      <gpxtpx:hr>93</gpxtpx:hr>
      <gpxtpx:cad>50</gpxtpx:cad>
     </gpxtpx:TrackPointExtension>
    </extensions>
   </trkpt>
   <trkpt lat="46.4368050" lon="12.1231020">
    <ele>1913.4</ele>
    <time>2024-06-02T13:37:39Z</time>
    <extensions>
     <gpxtpx:TrackPointExtension>
      <gpxtpx:atemp>30</gpxtpx:atemp>
      <gpxtpx:hr>94</gpxtpx:hr>
      <gpxtpx:cad>50</gpxtpx:cad>
     </gpxtpx:TrackPointExtension>
    </extensions>
   </trkpt>
   <trkpt lat="46.4367600" lon="12.1232170">
    <ele>1913.2</ele>
    <time>2024-06-02T13:37:46Z</time>
    <extensions>
     <gpxtpx:TrackPointExtension>
      <gpxtpx:atemp>30</gpxtpx:atemp>
      <gpxtpx:hr>96</gpxtpx:hr>
      <gpxtpx:cad>56</gpxtpx:cad>
     </gpxtpx:TrackPointExtension>
    </extensions>
   </trkpt>
   <trkpt lat="46.4367410" lon="12.1232420">
    <ele>1913.0</ele>
    <time>2024-06-02T13:37:49Z</time>
    <extensions>
     <gpxtpx:TrackPointExtension>
      <gpxtpx:atemp>29</gpxtpx:atemp>
      <gpxtpx:hr>95</gpxtpx:hr>
      <gpxtpx:cad>53</gpxtpx:cad>
     </gpxtpx:TrackPointExtension>
    </extensions>
   </trkpt>
   <trkpt lat="46.4366820" lon="12.1233140">
    <ele>1912.4</ele>
    <time>2024-06-02T13:37:56Z</time>
    <extensions>
     <gpxtpx:TrackPointExtension>
      <gpxtpx:atemp>29</gpxtpx:atemp>
      <gpxtpx:hr>95</gpxtpx:hr>
      <gpxtpx:cad>51</gpxtpx:cad>
     </gpxtpx:TrackPointExtension>
    </extensions>
   </trkpt>
   <trkpt lat="46.4366510" lon="12.1233590">
    <ele>1912.2</ele>
    <time>2024-06-02T13:38:00Z</time>
    <extensions>
     <gpxtpx:TrackPointExtension>
      <gpxtpx:atemp>29</gpxtpx:atemp>
      <gpxtpx:hr>95</gpxtpx:hr>
      <gpxtpx:cad>50</gpxtpx:cad>
     </gpxtpx:TrackPointExtension>
    </extensions>
   </trkpt>
   <trkpt lat="46.4366280" lon="12.1233930">
    <ele>1912.0</ele>
    <time>2024-06-02T13:38:05Z</time>
    <extensions>
     <gpxtpx:TrackPointExtension>
      <gpxtpx:atemp>29</gpxtpx:atemp>
      <gpxtpx:hr>94</gpxtpx:hr>
      <gpxtpx:cad>0</gpxtpx:cad>
     </gpxtpx:TrackPointExtension>
    </extensions>
   </trkpt>
   <trkpt lat="46.4366200" lon="12.1234040">
    <ele>1912.0</ele>
    <time>2024-06-02T13:38:08Z</time>
    <extensions>
     <gpxtpx:TrackPointExtension>
      <gpxtpx:atemp>29</gpxtpx:atemp>
      <gpxtpx:hr>94</gpxtpx:hr>
      <gpxtpx:cad>0</gpxtpx:cad>
     </gpxtpx:TrackPointExtension>
    </extensions>
   </trkpt>
   <trkpt lat="46.4365390" lon="12.1234640">
    <ele>1912.0</ele>
    <time>2024-06-02T13:38:16Z</time>
    <extensions>
     <gpxtpx:TrackPointExtension>
      <gpxtpx:atemp>29</gpxtpx:atemp>
      <gpxtpx:hr>95</gpxtpx:hr>
      <gpxtpx:cad>50</gpxtpx:cad>
     </gpxtpx:TrackPointExtension>
    </extensions>
   </trkpt>
   <trkpt lat="46.4364540" lon="12.1234400">
    <ele>1912.0</ele>
    <time>2024-06-02T13:38:23Z</time>
    <extensions>
     <gpxtpx:TrackPointExtension>
      <gpxtpx:atemp>29</gpxtpx:atemp>
      <gpxtpx:hr>95</gpxtpx:hr>
      <gpxtpx:cad>52</gpxtpx:cad>
     </gpxtpx:TrackPointExtension>
    </extensions>
   </trkpt>
   <trkpt lat="46.4364070" lon="12.1233590">
    <ele>1911.2</ele>
    <time>2024-06-02T13:38:29Z</time>
    <extensions>
     <gpxtpx:TrackPointExtension>
      <gpxtpx:atemp>29</gpxtpx:atemp>
      <gpxtpx:hr>96</gpxtpx:hr>
      <gpxtpx:cad>54</gpxtpx:cad>
     </gpxtpx:TrackPointExtension>
    </extensions>
   </trkpt>
   <trkpt lat="46.4364040" lon="12.1233420">
    <ele>1910.8</ele>
    <time>2024-06-02T13:38:30Z</time>
    <extensions>
     <gpxtpx:TrackPointExtension>
      <gpxtpx:atemp>29</gpxtpx:atemp>
      <gpxtpx:hr>96</gpxtpx:hr>
      <gpxtpx:cad>54</gpxtpx:cad>
     </gpxtpx:TrackPointExtension>
    </extensions>
   </trkpt>
   <trkpt lat="46.4364060" lon="12.1232350">
    <ele>1910.0</ele>
    <time>2024-06-02T13:38:36Z</time>
    <extensions>
     <gpxtpx:TrackPointExtension>
      <gpxtpx:atemp>29</gpxtpx:atemp>
      <gpxtpx:hr>96</gpxtpx:hr>
      <gpxtpx:cad>52</gpxtpx:cad>
     </gpxtpx:TrackPointExtension>
    </extensions>
   </trkpt>
   <trkpt lat="46.4364130" lon="12.1231730">
    <ele>1909.8</ele>
    <time>2024-06-02T13:38:40Z</time>
    <extensions>
     <gpxtpx:TrackPointExtension>
      <gpxtpx:atemp>29</gpxtpx:atemp>
      <gpxtpx:hr>96</gpxtpx:hr>
      <gpxtpx:cad>52</gpxtpx:cad>
     </gpxtpx:TrackPointExtension>
    </extensions>
   </trkpt>
   <trkpt lat="46.4364190" lon="12.1230960">
    <ele>1909.4</ele>
    <time>2024-06-02T13:38:45Z</time>
    <extensions>
     <gpxtpx:TrackPointExtension>
      <gpxtpx:atemp>29</gpxtpx:atemp>
      <gpxtpx:hr>98</gpxtpx:hr>
      <gpxtpx:cad>52</gpxtpx:cad>
     </gpxtpx:TrackPointExtension>
    </extensions>
   </trkpt>
   <trkpt lat="46.4364230" lon="12.1230010">
    <ele>1908.8</ele>
    <time>2024-06-02T13:38:50Z</time>
    <extensions>
     <gpxtpx:TrackPointExtension>
      <gpxtpx:atemp>29</gpxtpx:atemp>
      <gpxtpx:hr>97</gpxtpx:hr>
      <gpxtpx:cad>52</gpxtpx:cad>
     </gpxtpx:TrackPointExtension>
    </extensions>
   </trkpt>
   <trkpt lat="46.4364230" lon="12.1229420">
    <ele>1908.2</ele>
    <time>2024-06-02T13:38:54Z</time>
    <extensions>
     <gpxtpx:TrackPointExtension>
      <gpxtpx:atemp>29</gpxtpx:atemp>
      <gpxtpx:hr>95</gpxtpx:hr>
      <gpxtpx:cad>53</gpxtpx:cad>
     </gpxtpx:TrackPointExtension>
    </extensions>
   </trkpt>
   <trkpt lat="46.4364130" lon="12.1228700">
    <ele>1907.6</ele>
    <time>2024-06-02T13:38:58Z</time>
    <extensions>
     <gpxtpx:TrackPointExtension>
      <gpxtpx:atemp>29</gpxtpx:atemp>
      <gpxtpx:hr>93</gpxtpx:hr>
      <gpxtpx:cad>53</gpxtpx:cad>
     </gpxtpx:TrackPointExtension>
    </extensions>
   </trkpt>
   <trkpt lat="46.4364060" lon="12.1228490">
    <ele>1907.2</ele>
    <time>2024-06-02T13:39:00Z</time>
    <extensions>
     <gpxtpx:TrackPointExtension>
      <gpxtpx:atemp>29</gpxtpx:atemp>
      <gpxtpx:hr>93</gpxtpx:hr>
      <gpxtpx:cad>54</gpxtpx:cad>
     </gpxtpx:TrackPointExtension>
    </extensions>
   </trkpt>
   <trkpt lat="46.4363980" lon="12.1228260">
    <ele>1907.2</ele>
    <time>2024-06-02T13:39:02Z</time>
    <extensions>
     <gpxtpx:TrackPointExtension>
      <gpxtpx:atemp>29</gpxtpx:atemp>
      <gpxtpx:hr>95</gpxtpx:hr>
      <gpxtpx:cad>54</gpxtpx:cad>
     </gpxtpx:TrackPointExtension>
    </extensions>
   </trkpt>
   <trkpt lat="46.4363690" lon="12.1227790">
    <ele>1906.6</ele>
    <time>2024-06-02T13:39:06Z</time>
    <extensions>
     <gpxtpx:TrackPointExtension>
      <gpxtpx:atemp>29</gpxtpx:atemp>
      <gpxtpx:hr>96</gpxtpx:hr>
      <gpxtpx:cad>52</gpxtpx:cad>
     </gpxtpx:TrackPointExtension>
    </extensions>
   </trkpt>
   <trkpt lat="46.4363200" lon="12.1227350">
    <ele>1906.4</ele>
    <time>2024-06-02T13:39:11Z</time>
    <extensions>
     <gpxtpx:TrackPointExtension>
      <gpxtpx:atemp>29</gpxtpx:atemp>
      <gpxtpx:hr>97</gpxtpx:hr>
      <gpxtpx:cad>51</gpxtpx:cad>
     </gpxtpx:TrackPointExtension>
    </extensions>
   </trkpt>
   <trkpt lat="46.4362630" lon="12.1226520">
    <ele>1905.2</ele>
    <time>2024-06-02T13:39:18Z</time>
    <extensions>
     <gpxtpx:TrackPointExtension>
      <gpxtpx:atemp>29</gpxtpx:atemp>
      <gpxtpx:hr>99</gpxtpx:hr>
      <gpxtpx:cad>51</gpxtpx:cad>
     </gpxtpx:TrackPointExtension>
    </extensions>
   </trkpt>
   <trkpt lat="46.4362410" lon="12.1226080">
    <ele>1904.8</ele>
    <time>2024-06-02T13:39:20Z</time>
    <extensions>
     <gpxtpx:TrackPointExtension>
      <gpxtpx:atemp>29</gpxtpx:atemp>
      <gpxtpx:hr>99</gpxtpx:hr>
      <gpxtpx:cad>53</gpxtpx:cad>
     </gpxtpx:TrackPointExtension>
    </extensions>
   </trkpt>
   <trkpt lat="46.4361970" lon="12.1225230">
    <ele>1904.0</ele>
    <time>2024-06-02T13:39:24Z</time>
    <extensions>
     <gpxtpx:TrackPointExtension>
      <gpxtpx:atemp>29</gpxtpx:atemp>
      <gpxtpx:hr>97</gpxtpx:hr>
      <gpxtpx:cad>53</gpxtpx:cad>
     </gpxtpx:TrackPointExtension>
    </extensions>
   </trkpt>
   <trkpt lat="46.4362000" lon="12.1224480">
    <ele>1903.2</ele>
    <time>2024-06-02T13:39:28Z</time>
    <extensions>
     <gpxtpx:TrackPointExtension>
      <gpxtpx:atemp>29</gpxtpx:atemp>
      <gpxtpx:hr>96</gpxtpx:hr>
      <gpxtpx:cad>54</gpxtpx:cad>
     </gpxtpx:TrackPointExtension>
    </extensions>
   </trkpt>
   <trkpt lat="46.4362120" lon="12.1223890">
    <ele>1903.0</ele>
    <time>2024-06-02T13:39:31Z</time>
    <extensions>
     <gpxtpx:TrackPointExtension>
      <gpxtpx:atemp>28</gpxtpx:atemp>
      <gpxtpx:hr>95</gpxtpx:hr>
      <gpxtpx:cad>54</gpxtpx:cad>
     </gpxtpx:TrackPointExtension>
    </extensions>
   </trkpt>
   <trkpt lat="46.4362150" lon="12.1223030">
    <ele>1903.0</ele>
    <time>2024-06-02T13:39:36Z</time>
    <extensions>
     <gpxtpx:TrackPointExtension>
      <gpxtpx:atemp>28</gpxtpx:atemp>
      <gpxtpx:hr>94</gpxtpx:hr>
      <gpxtpx:cad>52</gpxtpx:cad>
     </gpxtpx:TrackPointExtension>
    </extensions>
   </trkpt>
   <trkpt lat="46.4362250" lon="12.1222460">
    <ele>1903.0</ele>
    <time>2024-06-02T13:39:39Z</time>
    <extensions>
     <gpxtpx:TrackPointExtension>
      <gpxtpx:atemp>28</gpxtpx:atemp>
      <gpxtpx:hr>93</gpxtpx:hr>
      <gpxtpx:cad>53</gpxtpx:cad>
     </gpxtpx:TrackPointExtension>
    </extensions>
   </trkpt>
   <trkpt lat="46.4362350" lon="12.1221270">
    <ele>1902.0</ele>
    <time>2024-06-02T13:39:45Z</time>
    <extensions>
     <gpxtpx:TrackPointExtension>
      <gpxtpx:atemp>28</gpxtpx:atemp>
      <gpxtpx:hr>92</gpxtpx:hr>
      <gpxtpx:cad>54</gpxtpx:cad>
     </gpxtpx:TrackPointExtension>
    </extensions>
   </trkpt>
   <trkpt lat="46.4362450" lon="12.1220590">
    <ele>1902.0</ele>
    <time>2024-06-02T13:39:50Z</time>
    <extensions>
     <gpxtpx:TrackPointExtension>
      <gpxtpx:atemp>28</gpxtpx:atemp>
      <gpxtpx:hr>91</gpxtpx:hr>
      <gpxtpx:cad>53</gpxtpx:cad>
     </gpxtpx:TrackPointExtension>
    </extensions>
   </trkpt>
   <trkpt lat="46.4362510" lon="12.1220260">
    <ele>1902.0</ele>
    <time>2024-06-02T13:39:52Z</time>
    <extensions>
     <gpxtpx:TrackPointExtension>
      <gpxtpx:atemp>28</gpxtpx:atemp>
      <gpxtpx:hr>90</gpxtpx:hr>
      <gpxtpx:cad>54</gpxtpx:cad>
     </gpxtpx:TrackPointExtension>
    </extensions>
   </trkpt>
   <trkpt lat="46.4362630" lon="12.1219460">
    <ele>1901.6</ele>
    <time>2024-06-02T13:39:58Z</time>
    <extensions>
     <gpxtpx:TrackPointExtension>
      <gpxtpx:atemp>28</gpxtpx:atemp>
      <gpxtpx:hr>93</gpxtpx:hr>
      <gpxtpx:cad>51</gpxtpx:cad>
     </gpxtpx:TrackPointExtension>
    </extensions>
   </trkpt>
   <trkpt lat="46.4362670" lon="12.1219120">
    <ele>1901.4</ele>
    <time>2024-06-02T13:40:00Z</time>
    <extensions>
     <gpxtpx:TrackPointExtension>
      <gpxtpx:atemp>27</gpxtpx:atemp>
      <gpxtpx:hr>93</gpxtpx:hr>
      <gpxtpx:cad>51</gpxtpx:cad>
     </gpxtpx:TrackPointExtension>
    </extensions>
   </trkpt>
   <trkpt lat="46.4362710" lon="12.1218800">
    <ele>1901.0</ele>
    <time>2024-06-02T13:40:02Z</time>
    <extensions>
     <gpxtpx:TrackPointExtension>
      <gpxtpx:atemp>27</gpxtpx:atemp>
      <gpxtpx:hr>94</gpxtpx:hr>
      <gpxtpx:cad>52</gpxtpx:cad>
     </gpxtpx:TrackPointExtension>
    </extensions>
   </trkpt>
   <trkpt lat="46.4362810" lon="12.1218030">
    <ele>1900.4</ele>
    <time>2024-06-02T13:40:07Z</time>
    <extensions>
     <gpxtpx:TrackPointExtension>
      <gpxtpx:atemp>27</gpxtpx:atemp>
      <gpxtpx:hr>93</gpxtpx:hr>
      <gpxtpx:cad>54</gpxtpx:cad>
     </gpxtpx:TrackPointExtension>
    </extensions>
   </trkpt>
   <trkpt lat="46.4362910" lon="12.1217840">
    <ele>1900.2</ele>
    <time>2024-06-02T13:40:08Z</time>
    <extensions>
     <gpxtpx:TrackPointExtension>
      <gpxtpx:atemp>27</gpxtpx:atemp>
      <gpxtpx:hr>93</gpxtpx:hr>
      <gpxtpx:cad>54</gpxtpx:cad>
     </gpxtpx:TrackPointExtension>
    </extensions>
   </trkpt>
   <trkpt lat="46.4362930" lon="12.1217660">
    <ele>1900.2</ele>
    <time>2024-06-02T13:40:09Z</time>
    <extensions>
     <gpxtpx:TrackPointExtension>
      <gpxtpx:atemp>27</gpxtpx:atemp>
      <gpxtpx:hr>93</gpxtpx:hr>
      <gpxtpx:cad>54</gpxtpx:cad>
     </gpxtpx:TrackPointExtension>
    </extensions>
   </trkpt>
   <trkpt lat="46.4363020" lon="12.1217170">
    <ele>1899.8</ele>
    <time>2024-06-02T13:40:12Z</time>
    <extensions>
     <gpxtpx:TrackPointExtension>
      <gpxtpx:atemp>27</gpxtpx:atemp>
      <gpxtpx:hr>93</gpxtpx:hr>
      <gpxtpx:cad>53</gpxtpx:cad>
     </gpxtpx:TrackPointExtension>
    </extensions>
   </trkpt>
   <trkpt lat="46.4363040" lon="12.1216770">
    <ele>1899.2</ele>
    <time>2024-06-02T13:40:14Z</time>
    <extensions>
     <gpxtpx:TrackPointExtension>
      <gpxtpx:atemp>27</gpxtpx:atemp>
      <gpxtpx:hr>94</gpxtpx:hr>
      <gpxtpx:cad>54</gpxtpx:cad>
     </gpxtpx:TrackPointExtension>
    </extensions>
   </trkpt>
   <trkpt lat="46.4363030" lon="12.1216270">
    <ele>1898.8</ele>
    <time>2024-06-02T13:40:17Z</time>
    <extensions>
     <gpxtpx:TrackPointExtension>
      <gpxtpx:atemp>27</gpxtpx:atemp>
      <gpxtpx:hr>96</gpxtpx:hr>
      <gpxtpx:cad>54</gpxtpx:cad>
     </gpxtpx:TrackPointExtension>
    </extensions>
   </trkpt>
   <trkpt lat="46.4363150" lon="12.1215290">
    <ele>1897.6</ele>
    <time>2024-06-02T13:40:23Z</time>
    <extensions>
     <gpxtpx:TrackPointExtension>
      <gpxtpx:atemp>27</gpxtpx:atemp>
      <gpxtpx:hr>96</gpxtpx:hr>
      <gpxtpx:cad>54</gpxtpx:cad>
     </gpxtpx:TrackPointExtension>
    </extensions>
   </trkpt>
   <trkpt lat="46.4363340" lon="12.1214970">
    <ele>1896.8</ele>
    <time>2024-06-02T13:40:25Z</time>
    <extensions>
     <gpxtpx:TrackPointExtension>
      <gpxtpx:atemp>27</gpxtpx:atemp>
      <gpxtpx:hr>93</gpxtpx:hr>
      <gpxtpx:cad>53</gpxtpx:cad>
     </gpxtpx:TrackPointExtension>
    </extensions>
   </trkpt>
   <trkpt lat="46.4363420" lon="12.1214850">
    <ele>1896.4</ele>
    <time>2024-06-02T13:40:26Z</time>
    <extensions>
     <gpxtpx:TrackPointExtension>
      <gpxtpx:atemp>27</gpxtpx:atemp>
      <gpxtpx:hr>93</gpxtpx:hr>
      <gpxtpx:cad>53</gpxtpx:cad>
     </gpxtpx:TrackPointExtension>
    </extensions>
   </trkpt>
   <trkpt lat="46.4363490" lon="12.1214700">
    <ele>1896.4</ele>
    <time>2024-06-02T13:40:27Z</time>
    <extensions>
     <gpxtpx:TrackPointExtension>
      <gpxtpx:atemp>27</gpxtpx:atemp>
      <gpxtpx:hr>93</gpxtpx:hr>
      <gpxtpx:cad>54</gpxtpx:cad>
     </gpxtpx:TrackPointExtension>
    </extensions>
   </trkpt>
   <trkpt lat="46.4363690" lon="12.1213880">
    <ele>1895.6</ele>
    <time>2024-06-02T13:40:32Z</time>
    <extensions>
     <gpxtpx:TrackPointExtension>
      <gpxtpx:atemp>27</gpxtpx:atemp>
      <gpxtpx:hr>96</gpxtpx:hr>
      <gpxtpx:cad>55</gpxtpx:cad>
     </gpxtpx:TrackPointExtension>
    </extensions>
   </trkpt>
   <trkpt lat="46.4363790" lon="12.1213830">
    <ele>1895.8</ele>
    <time>2024-06-02T13:40:33Z</time>
    <extensions>
     <gpxtpx:TrackPointExtension>
      <gpxtpx:atemp>27</gpxtpx:atemp>
      <gpxtpx:hr>96</gpxtpx:hr>
      <gpxtpx:cad>55</gpxtpx:cad>
     </gpxtpx:TrackPointExtension>
    </extensions>
   </trkpt>
   <trkpt lat="46.4364340" lon="12.1213330">
    <ele>1896.4</ele>
    <time>2024-06-02T13:40:37Z</time>
    <extensions>
     <gpxtpx:TrackPointExtension>
      <gpxtpx:atemp>27</gpxtpx:atemp>
      <gpxtpx:hr>98</gpxtpx:hr>
      <gpxtpx:cad>54</gpxtpx:cad>
     </gpxtpx:TrackPointExtension>
    </extensions>
   </trkpt>
   <trkpt lat="46.4364710" lon="12.1212920">
    <ele>1895.4</ele>
    <time>2024-06-02T13:40:40Z</time>
    <extensions>
     <gpxtpx:TrackPointExtension>
      <gpxtpx:atemp>26</gpxtpx:atemp>
      <gpxtpx:hr>98</gpxtpx:hr>
      <gpxtpx:cad>52</gpxtpx:cad>
     </gpxtpx:TrackPointExtension>
    </extensions>
   </trkpt>
   <trkpt lat="46.4364920" lon="12.1212770">
    <ele>1894.2</ele>
    <time>2024-06-02T13:40:42Z</time>
    <extensions>
     <gpxtpx:TrackPointExtension>
      <gpxtpx:atemp>26</gpxtpx:atemp>
      <gpxtpx:hr>98</gpxtpx:hr>
      <gpxtpx:cad>53</gpxtpx:cad>
     </gpxtpx:TrackPointExtension>
    </extensions>
   </trkpt>
   <trkpt lat="46.4365640" lon="12.1211720">
    <ele>1893.0</ele>
    <time>2024-06-02T13:40:49Z</time>
    <extensions>
     <gpxtpx:TrackPointExtension>
      <gpxtpx:atemp>26</gpxtpx:atemp>
      <gpxtpx:hr>98</gpxtpx:hr>
      <gpxtpx:cad>53</gpxtpx:cad>
     </gpxtpx:TrackPointExtension>
    </extensions>
   </trkpt>
   <trkpt lat="46.4365880" lon="12.1211290">
    <ele>1893.0</ele>
    <time>2024-06-02T13:40:52Z</time>
    <extensions>
     <gpxtpx:TrackPointExtension>
      <gpxtpx:atemp>26</gpxtpx:atemp>
      <gpxtpx:hr>99</gpxtpx:hr>
      <gpxtpx:cad>54</gpxtpx:cad>
     </gpxtpx:TrackPointExtension>
    </extensions>
   </trkpt>
   <trkpt lat="46.4366190" lon="12.1210560">
    <ele>1893.2</ele>
    <time>2024-06-02T13:40:57Z</time>
    <extensions>
     <gpxtpx:TrackPointExtension>
      <gpxtpx:atemp>26</gpxtpx:atemp>
      <gpxtpx:hr>95</gpxtpx:hr>
      <gpxtpx:cad>52</gpxtpx:cad>
     </gpxtpx:TrackPointExtension>
    </extensions>
   </trkpt>
   <trkpt lat="46.4366270" lon="12.1210390">
    <ele>1892.8</ele>
    <time>2024-06-02T13:40:59Z</time>
    <extensions>
     <gpxtpx:TrackPointExtension>
      <gpxtpx:atemp>27</gpxtpx:atemp>
      <gpxtpx:hr>92</gpxtpx:hr>
      <gpxtpx:cad>52</gpxtpx:cad>
     </gpxtpx:TrackPointExtension>
    </extensions>
   </trkpt>
   <trkpt lat="46.4366400" lon="12.1210020">
    <ele>1892.2</ele>
    <time>2024-06-02T13:41:02Z</time>
    <extensions>
     <gpxtpx:TrackPointExtension>
      <gpxtpx:atemp>27</gpxtpx:atemp>
      <gpxtpx:hr>92</gpxtpx:hr>
      <gpxtpx:cad>54</gpxtpx:cad>
     </gpxtpx:TrackPointExtension>
    </extensions>
   </trkpt>
   <trkpt lat="46.4366460" lon="12.1209900">
    <ele>1892.0</ele>
    <time>2024-06-02T13:41:03Z</time>
    <extensions>
     <gpxtpx:TrackPointExtension>
      <gpxtpx:atemp>27</gpxtpx:atemp>
      <gpxtpx:hr>92</gpxtpx:hr>
      <gpxtpx:cad>52</gpxtpx:cad>
     </gpxtpx:TrackPointExtension>
    </extensions>
   </trkpt>
   <trkpt lat="46.4366660" lon="12.1209290">
    <ele>1890.4</ele>
    <time>2024-06-02T13:41:07Z</time>
    <extensions>
     <gpxtpx:TrackPointExtension>
      <gpxtpx:atemp>27</gpxtpx:atemp>
      <gpxtpx:hr>93</gpxtpx:hr>
      <gpxtpx:cad>51</gpxtpx:cad>
     </gpxtpx:TrackPointExtension>
    </extensions>
   </trkpt>
   <trkpt lat="46.4366910" lon="12.1208430">
    <ele>1889.8</ele>
    <time>2024-06-02T13:41:12Z</time>
    <extensions>
     <gpxtpx:TrackPointExtension>
      <gpxtpx:atemp>27</gpxtpx:atemp>
      <gpxtpx:hr>94</gpxtpx:hr>
      <gpxtpx:cad>53</gpxtpx:cad>
     </gpxtpx:TrackPointExtension>
    </extensions>
   </trkpt>
   <trkpt lat="46.4367130" lon="12.1207700">
    <ele>1889.4</ele>
    <time>2024-06-02T13:41:17Z</time>
    <extensions>
     <gpxtpx:TrackPointExtension>
      <gpxtpx:atemp>27</gpxtpx:atemp>
      <gpxtpx:hr>95</gpxtpx:hr>
      <gpxtpx:cad>54</gpxtpx:cad>
     </gpxtpx:TrackPointExtension>
    </extensions>
   </trkpt>
   <trkpt lat="46.4367240" lon="12.1206850">
    <ele>1888.4</ele>
    <time>2024-06-02T13:41:23Z</time>
    <extensions>
     <gpxtpx:TrackPointExtension>
      <gpxtpx:atemp>27</gpxtpx:atemp>
      <gpxtpx:hr>96</gpxtpx:hr>
      <gpxtpx:cad>54</gpxtpx:cad>
     </gpxtpx:TrackPointExtension>
    </extensions>
   </trkpt>
   <trkpt lat="46.4367240" lon="12.1206700">
    <ele>1888.4</ele>
    <time>2024-06-02T13:41:24Z</time>
    <extensions>
     <gpxtpx:TrackPointExtension>
      <gpxtpx:atemp>27</gpxtpx:atemp>
      <gpxtpx:hr>96</gpxtpx:hr>
      <gpxtpx:cad>54</gpxtpx:cad>
     </gpxtpx:TrackPointExtension>
    </extensions>
   </trkpt>
   <trkpt lat="46.4367240" lon="12.1206570">
    <ele>1888.4</ele>
    <time>2024-06-02T13:41:25Z</time>
    <extensions>
     <gpxtpx:TrackPointExtension>
      <gpxtpx:atemp>27</gpxtpx:atemp>
      <gpxtpx:hr>97</gpxtpx:hr>
      <gpxtpx:cad>54</gpxtpx:cad>
     </gpxtpx:TrackPointExtension>
    </extensions>
   </trkpt>
   <trkpt lat="46.4367420" lon="12.1205550">
    <ele>1887.6</ele>
    <time>2024-06-02T13:41:32Z</time>
    <extensions>
     <gpxtpx:TrackPointExtension>
      <gpxtpx:atemp>27</gpxtpx:atemp>
      <gpxtpx:hr>100</gpxtpx:hr>
      <gpxtpx:cad>54</gpxtpx:cad>
     </gpxtpx:TrackPointExtension>
    </extensions>
   </trkpt>
   <trkpt lat="46.4367290" lon="12.1204770">
    <ele>1887.2</ele>
    <time>2024-06-02T13:41:37Z</time>
    <extensions>
     <gpxtpx:TrackPointExtension>
      <gpxtpx:atemp>27</gpxtpx:atemp>
      <gpxtpx:hr>101</gpxtpx:hr>
      <gpxtpx:cad>54</gpxtpx:cad>
     </gpxtpx:TrackPointExtension>
    </extensions>
   </trkpt>
   <trkpt lat="46.4367390" lon="12.1204430">
    <ele>1886.8</ele>
    <time>2024-06-02T13:41:40Z</time>
    <extensions>
     <gpxtpx:TrackPointExtension>
      <gpxtpx:atemp>27</gpxtpx:atemp>
      <gpxtpx:hr>103</gpxtpx:hr>
      <gpxtpx:cad>54</gpxtpx:cad>
     </gpxtpx:TrackPointExtension>
    </extensions>
   </trkpt>
   <trkpt lat="46.4367390" lon="12.1204230">
    <ele>1886.6</ele>
    <time>2024-06-02T13:41:41Z</time>
    <extensions>
     <gpxtpx:TrackPointExtension>
      <gpxtpx:atemp>27</gpxtpx:atemp>
      <gpxtpx:hr>104</gpxtpx:hr>
      <gpxtpx:cad>54</gpxtpx:cad>
     </gpxtpx:TrackPointExtension>
    </extensions>
   </trkpt>
   <trkpt lat="46.4367490" lon="12.1202800">
    <ele>1885.8</ele>
    <time>2024-06-02T13:41:50Z</time>
    <extensions>
     <gpxtpx:TrackPointExtension>
      <gpxtpx:atemp>28</gpxtpx:atemp>
      <gpxtpx:hr>106</gpxtpx:hr>
      <gpxtpx:cad>52</gpxtpx:cad>
     </gpxtpx:TrackPointExtension>
    </extensions>
   </trkpt>
   <trkpt lat="46.4367680" lon="12.1202270">
    <ele>1885.6</ele>
    <time>2024-06-02T13:41:55Z</time>
    <extensions>
     <gpxtpx:TrackPointExtension>
      <gpxtpx:atemp>28</gpxtpx:atemp>
      <gpxtpx:hr>104</gpxtpx:hr>
      <gpxtpx:cad>50</gpxtpx:cad>
     </gpxtpx:TrackPointExtension>
    </extensions>
   </trkpt>
   <trkpt lat="46.4367730" lon="12.1201710">
    <ele>1885.0</ele>
    <time>2024-06-02T13:41:59Z</time>
    <extensions>
     <gpxtpx:TrackPointExtension>
      <gpxtpx:atemp>28</gpxtpx:atemp>
      <gpxtpx:hr>102</gpxtpx:hr>
      <gpxtpx:cad>55</gpxtpx:cad>
     </gpxtpx:TrackPointExtension>
    </extensions>
   </trkpt>
   <trkpt lat="46.4367670" lon="12.1201260">
    <ele>1884.8</ele>
    <time>2024-06-02T13:42:01Z</time>
    <extensions>
     <gpxtpx:TrackPointExtension>
      <gpxtpx:atemp>28</gpxtpx:atemp>
      <gpxtpx:hr>103</gpxtpx:hr>
      <gpxtpx:cad>55</gpxtpx:cad>
     </gpxtpx:TrackPointExtension>
    </extensions>
   </trkpt>
   <trkpt lat="46.4367780" lon="12.1200780">
    <ele>1884.2</ele>
    <time>2024-06-02T13:42:03Z</time>
    <extensions>
     <gpxtpx:TrackPointExtension>
      <gpxtpx:atemp>28</gpxtpx:atemp>
      <gpxtpx:hr>103</gpxtpx:hr>
      <gpxtpx:cad>56</gpxtpx:cad>
     </gpxtpx:TrackPointExtension>
    </extensions>
   </trkpt>
   <trkpt lat="46.4368080" lon="12.1200090">
    <ele>1883.8</ele>
    <time>2024-06-02T13:42:08Z</time>
    <extensions>
     <gpxtpx:TrackPointExtension>
      <gpxtpx:atemp>28</gpxtpx:atemp>
      <gpxtpx:hr>100</gpxtpx:hr>
      <gpxtpx:cad>106</gpxtpx:cad>
     </gpxtpx:TrackPointExtension>
    </extensions>
   </trkpt>
   <trkpt lat="46.4368160" lon="12.1199930">
    <ele>1883.6</ele>
    <time>2024-06-02T13:42:09Z</time>
    <extensions>
     <gpxtpx:TrackPointExtension>
      <gpxtpx:atemp>28</gpxtpx:atemp>
      <gpxtpx:hr>98</gpxtpx:hr>
      <gpxtpx:cad>55</gpxtpx:cad>
     </gpxtpx:TrackPointExtension>
    </extensions>
   </trkpt>
   <trkpt lat="46.4368230" lon="12.1199430">
    <ele>1883.0</ele>
    <time>2024-06-02T13:42:12Z</time>
    <extensions>
     <gpxtpx:TrackPointExtension>
      <gpxtpx:atemp>28</gpxtpx:atemp>
      <gpxtpx:hr>96</gpxtpx:hr>
      <gpxtpx:cad>56</gpxtpx:cad>
     </gpxtpx:TrackPointExtension>
    </extensions>
   </trkpt>
   <trkpt lat="46.4368260" lon="12.1198800">
    <ele>1882.6</ele>
    <time>2024-06-02T13:42:16Z</time>
    <extensions>
     <gpxtpx:TrackPointExtension>
      <gpxtpx:atemp>28</gpxtpx:atemp>
      <gpxtpx:hr>95</gpxtpx:hr>
      <gpxtpx:cad>52</gpxtpx:cad>
     </gpxtpx:TrackPointExtension>
    </extensions>
   </trkpt>
   <trkpt lat="46.4368380" lon="12.1198410">
    <ele>1882.0</ele>
    <time>2024-06-02T13:42:18Z</time>
    <extensions>
     <gpxtpx:TrackPointExtension>
      <gpxtpx:atemp>28</gpxtpx:atemp>
      <gpxtpx:hr>96</gpxtpx:hr>
      <gpxtpx:cad>53</gpxtpx:cad>
     </gpxtpx:TrackPointExtension>
    </extensions>
   </trkpt>
   <trkpt lat="46.4368660" lon="12.1197700">
    <ele>1881.0</ele>
    <time>2024-06-02T13:42:23Z</time>
    <extensions>
     <gpxtpx:TrackPointExtension>
      <gpxtpx:atemp>28</gpxtpx:atemp>
      <gpxtpx:hr>96</gpxtpx:hr>
      <gpxtpx:cad>55</gpxtpx:cad>
     </gpxtpx:TrackPointExtension>
    </extensions>
   </trkpt>
   <trkpt lat="46.4368710" lon="12.1197570">
    <ele>1880.8</ele>
    <time>2024-06-02T13:42:24Z</time>
    <extensions>
     <gpxtpx:TrackPointExtension>
      <gpxtpx:atemp>27</gpxtpx:atemp>
      <gpxtpx:hr>96</gpxtpx:hr>
      <gpxtpx:cad>55</gpxtpx:cad>
     </gpxtpx:TrackPointExtension>
    </extensions>
   </trkpt>
   <trkpt lat="46.4368870" lon="12.1196550">
    <ele>1880.0</ele>
    <time>2024-06-02T13:42:31Z</time>
    <extensions>
     <gpxtpx:TrackPointExtension>
      <gpxtpx:atemp>27</gpxtpx:atemp>
      <gpxtpx:hr>96</gpxtpx:hr>
      <gpxtpx:cad>54</gpxtpx:cad>
     </gpxtpx:TrackPointExtension>
    </extensions>
   </trkpt>
   <trkpt lat="46.4368900" lon="12.1196230">
    <ele>1879.4</ele>
    <time>2024-06-02T13:42:33Z</time>
    <extensions>
     <gpxtpx:TrackPointExtension>
      <gpxtpx:atemp>27</gpxtpx:atemp>
      <gpxtpx:hr>96</gpxtpx:hr>
      <gpxtpx:cad>55</gpxtpx:cad>
     </gpxtpx:TrackPointExtension>
    </extensions>
   </trkpt>
   <trkpt lat="46.4369010" lon="12.1195590">
    <ele>1878.8</ele>
    <time>2024-06-02T13:42:36Z</time>
    <extensions>
     <gpxtpx:TrackPointExtension>
      <gpxtpx:atemp>27</gpxtpx:atemp>
      <gpxtpx:hr>97</gpxtpx:hr>
      <gpxtpx:cad>56</gpxtpx:cad>
     </gpxtpx:TrackPointExtension>
    </extensions>
   </trkpt>
   <trkpt lat="46.4368980" lon="12.1195200">
    <ele>1878.0</ele>
    <time>2024-06-02T13:42:39Z</time>
    <extensions>
     <gpxtpx:TrackPointExtension>
      <gpxtpx:atemp>27</gpxtpx:atemp>
      <gpxtpx:hr>98</gpxtpx:hr>
      <gpxtpx:cad>56</gpxtpx:cad>
     </gpxtpx:TrackPointExtension>
    </extensions>
   </trkpt>
   <trkpt lat="46.4369130" lon="12.1194500">
    <ele>1877.6</ele>
    <time>2024-06-02T13:42:44Z</time>
    <extensions>
     <gpxtpx:TrackPointExtension>
      <gpxtpx:atemp>27</gpxtpx:atemp>
      <gpxtpx:hr>99</gpxtpx:hr>
      <gpxtpx:cad>54</gpxtpx:cad>
     </gpxtpx:TrackPointExtension>
    </extensions>
   </trkpt>
   <trkpt lat="46.4369150" lon="12.1194340">
    <ele>1877.6</ele>
    <time>2024-06-02T13:42:45Z</time>
    <extensions>
     <gpxtpx:TrackPointExtension>
      <gpxtpx:atemp>27</gpxtpx:atemp>
      <gpxtpx:hr>99</gpxtpx:hr>
      <gpxtpx:cad>54</gpxtpx:cad>
     </gpxtpx:TrackPointExtension>
    </extensions>
   </trkpt>
   <trkpt lat="46.4369160" lon="12.1194090">
    <ele>1877.6</ele>
    <time>2024-06-02T13:42:47Z</time>
    <extensions>
     <gpxtpx:TrackPointExtension>
      <gpxtpx:atemp>27</gpxtpx:atemp>
      <gpxtpx:hr>99</gpxtpx:hr>
      <gpxtpx:cad>55</gpxtpx:cad>
     </gpxtpx:TrackPointExtension>
    </extensions>
   </trkpt>
   <trkpt lat="46.4369210" lon="12.1192830">
    <ele>1876.6</ele>
    <time>2024-06-02T13:42:55Z</time>
    <extensions>
     <gpxtpx:TrackPointExtension>
      <gpxtpx:atemp>27</gpxtpx:atemp>
      <gpxtpx:hr>96</gpxtpx:hr>
      <gpxtpx:cad>54</gpxtpx:cad>
     </gpxtpx:TrackPointExtension>
    </extensions>
   </trkpt>
   <trkpt lat="46.4369220" lon="12.1192660">
    <ele>1876.2</ele>
    <time>2024-06-02T13:42:56Z</time>
    <extensions>
     <gpxtpx:TrackPointExtension>
      <gpxtpx:atemp>27</gpxtpx:atemp>
      <gpxtpx:hr>96</gpxtpx:hr>
      <gpxtpx:cad>54</gpxtpx:cad>
     </gpxtpx:TrackPointExtension>
    </extensions>
   </trkpt>
   <trkpt lat="46.4369240" lon="12.1192110">
    <ele>1875.4</ele>
    <time>2024-06-02T13:42:59Z</time>
    <extensions>
     <gpxtpx:TrackPointExtension>
      <gpxtpx:atemp>27</gpxtpx:atemp>
      <gpxtpx:hr>96</gpxtpx:hr>
      <gpxtpx:cad>54</gpxtpx:cad>
     </gpxtpx:TrackPointExtension>
    </extensions>
   </trkpt>
   <trkpt lat="46.4369220" lon="12.1191360">
    <ele>1874.4</ele>
    <time>2024-06-02T13:43:04Z</time>
    <extensions>
     <gpxtpx:TrackPointExtension>
      <gpxtpx:atemp>27</gpxtpx:atemp>
      <gpxtpx:hr>99</gpxtpx:hr>
      <gpxtpx:cad>54</gpxtpx:cad>
     </gpxtpx:TrackPointExtension>
    </extensions>
   </trkpt>
   <trkpt lat="46.4369230" lon="12.1191140">
    <ele>1874.2</ele>
    <time>2024-06-02T13:43:05Z</time>
    <extensions>
     <gpxtpx:TrackPointExtension>
      <gpxtpx:atemp>27</gpxtpx:atemp>
      <gpxtpx:hr>100</gpxtpx:hr>
      <gpxtpx:cad>53</gpxtpx:cad>
     </gpxtpx:TrackPointExtension>
    </extensions>
   </trkpt>
   <trkpt lat="46.4369240" lon="12.1190820">
    <ele>1874.0</ele>
    <time>2024-06-02T13:43:08Z</time>
    <extensions>
     <gpxtpx:TrackPointExtension>
      <gpxtpx:atemp>27</gpxtpx:atemp>
      <gpxtpx:hr>103</gpxtpx:hr>
      <gpxtpx:cad>0</gpxtpx:cad>
     </gpxtpx:TrackPointExtension>
    </extensions>
   </trkpt>
   <trkpt lat="46.4369260" lon="12.1190720">
    <ele>1874.0</ele>
    <time>2024-06-02T13:43:09Z</time>
    <extensions>
     <gpxtpx:TrackPointExtension>
      <gpxtpx:atemp>27</gpxtpx:atemp>
      <gpxtpx:hr>102</gpxtpx:hr>
      <gpxtpx:cad>0</gpxtpx:cad>
     </gpxtpx:TrackPointExtension>
    </extensions>
   </trkpt>
   <trkpt lat="46.4369140" lon="12.1189420">
    <ele>1873.8</ele>
    <time>2024-06-02T13:43:16Z</time>
    <extensions>
     <gpxtpx:TrackPointExtension>
      <gpxtpx:atemp>27</gpxtpx:atemp>
      <gpxtpx:hr>101</gpxtpx:hr>
      <gpxtpx:cad>49</gpxtpx:cad>
     </gpxtpx:TrackPointExtension>
    </extensions>
   </trkpt>
   <trkpt lat="46.4369190" lon="12.1188240">
    <ele>1873.4</ele>
    <time>2024-06-02T13:43:22Z</time>
    <extensions>
     <gpxtpx:TrackPointExtension>
      <gpxtpx:atemp>27</gpxtpx:atemp>
      <gpxtpx:hr>99</gpxtpx:hr>
      <gpxtpx:cad>51</gpxtpx:cad>
     </gpxtpx:TrackPointExtension>
    </extensions>
   </trkpt>
   <trkpt lat="46.4369170" lon="12.1187850">
    <ele>1873.2</ele>
    <time>2024-06-02T13:43:25Z</time>
    <extensions>
     <gpxtpx:TrackPointExtension>
      <gpxtpx:atemp>27</gpxtpx:atemp>
      <gpxtpx:hr>98</gpxtpx:hr>
      <gpxtpx:cad>52</gpxtpx:cad>
     </gpxtpx:TrackPointExtension>
    </extensions>
   </trkpt>
   <trkpt lat="46.4369000" lon="12.1186940">
    <ele>1872.8</ele>
    <time>2024-06-02T13:43:31Z</time>
    <extensions>
     <gpxtpx:TrackPointExtension>
      <gpxtpx:atemp>27</gpxtpx:atemp>
      <gpxtpx:hr>96</gpxtpx:hr>
      <gpxtpx:cad>53</gpxtpx:cad>
     </gpxtpx:TrackPointExtension>
    </extensions>
   </trkpt>
   <trkpt lat="46.4368950" lon="12.1186650">
    <ele>1872.4</ele>
    <time>2024-06-02T13:43:34Z</time>
    <extensions>
     <gpxtpx:TrackPointExtension>
      <gpxtpx:atemp>27</gpxtpx:atemp>
      <gpxtpx:hr>93</gpxtpx:hr>
      <gpxtpx:cad>52</gpxtpx:cad>
     </gpxtpx:TrackPointExtension>
    </extensions>
   </trkpt>
   <trkpt lat="46.4368970" lon="12.1186320">
    <ele>1872.0</ele>
    <time>2024-06-02T13:43:36Z</time>
    <extensions>
     <gpxtpx:TrackPointExtension>
      <gpxtpx:atemp>27</gpxtpx:atemp>
      <gpxtpx:hr>93</gpxtpx:hr>
      <gpxtpx:cad>52</gpxtpx:cad>
     </gpxtpx:TrackPointExtension>
    </extensions>
   </trkpt>
   <trkpt lat="46.4368920" lon="12.1185330">
    <ele>1871.4</ele>
    <time>2024-06-02T13:43:41Z</time>
    <extensions>
     <gpxtpx:TrackPointExtension>
      <gpxtpx:atemp>27</gpxtpx:atemp>
      <gpxtpx:hr>95</gpxtpx:hr>
      <gpxtpx:cad>54</gpxtpx:cad>
     </gpxtpx:TrackPointExtension>
    </extensions>
   </trkpt>
   <trkpt lat="46.4368920" lon="12.1185230">
    <ele>1871.2</ele>
    <time>2024-06-02T13:43:42Z</time>
    <extensions>
     <gpxtpx:TrackPointExtension>
      <gpxtpx:atemp>27</gpxtpx:atemp>
      <gpxtpx:hr>98</gpxtpx:hr>
      <gpxtpx:cad>54</gpxtpx:cad>
     </gpxtpx:TrackPointExtension>
    </extensions>
   </trkpt>
   <trkpt lat="46.4368920" lon="12.1184770">
    <ele>1870.8</ele>
    <time>2024-06-02T13:43:45Z</time>
    <extensions>
     <gpxtpx:TrackPointExtension>
      <gpxtpx:atemp>27</gpxtpx:atemp>
      <gpxtpx:hr>96</gpxtpx:hr>
      <gpxtpx:cad>52</gpxtpx:cad>
     </gpxtpx:TrackPointExtension>
    </extensions>
   </trkpt>
   <trkpt lat="46.4368900" lon="12.1184020">
    <ele>1870.0</ele>
    <time>2024-06-02T13:43:49Z</time>
    <extensions>
     <gpxtpx:TrackPointExtension>
      <gpxtpx:atemp>27</gpxtpx:atemp>
      <gpxtpx:hr>97</gpxtpx:hr>
      <gpxtpx:cad>54</gpxtpx:cad>
     </gpxtpx:TrackPointExtension>
    </extensions>
   </trkpt>
   <trkpt lat="46.4369060" lon="12.1183810">
    <ele>1869.6</ele>
    <time>2024-06-02T13:43:51Z</time>
    <extensions>
     <gpxtpx:TrackPointExtension>
      <gpxtpx:atemp>27</gpxtpx:atemp>
      <gpxtpx:hr>96</gpxtpx:hr>
      <gpxtpx:cad>54</gpxtpx:cad>
     </gpxtpx:TrackPointExtension>
    </extensions>
   </trkpt>
   <trkpt lat="46.4369070" lon="12.1183630">
    <ele>1869.4</ele>
    <time>2024-06-02T13:43:52Z</time>
    <extensions>
     <gpxtpx:TrackPointExtension>
      <gpxtpx:atemp>27</gpxtpx:atemp>
      <gpxtpx:hr>97</gpxtpx:hr>
      <gpxtpx:cad>54</gpxtpx:cad>
     </gpxtpx:TrackPointExtension>
    </extensions>
   </trkpt>
   <trkpt lat="46.4369110" lon="12.1182970">
    <ele>1869.0</ele>
    <time>2024-06-02T13:43:56Z</time>
    <extensions>
     <gpxtpx:TrackPointExtension>
      <gpxtpx:atemp>27</gpxtpx:atemp>
      <gpxtpx:hr>96</gpxtpx:hr>
      <gpxtpx:cad>54</gpxtpx:cad>
     </gpxtpx:TrackPointExtension>
    </extensions>
   </trkpt>
   <trkpt lat="46.4369150" lon="12.1182770">
    <ele>1868.6</ele>
    <time>2024-06-02T13:43:57Z</time>
    <extensions>
     <gpxtpx:TrackPointExtension>
      <gpxtpx:atemp>26</gpxtpx:atemp>
      <gpxtpx:hr>96</gpxtpx:hr>
      <gpxtpx:cad>53</gpxtpx:cad>
     </gpxtpx:TrackPointExtension>
    </extensions>
   </trkpt>
   <trkpt lat="46.4369160" lon="12.1182610">
    <ele>1868.6</ele>
    <time>2024-06-02T13:43:58Z</time>
    <extensions>
     <gpxtpx:TrackPointExtension>
      <gpxtpx:atemp>27</gpxtpx:atemp>
      <gpxtpx:hr>97</gpxtpx:hr>
      <gpxtpx:cad>53</gpxtpx:cad>
     </gpxtpx:TrackPointExtension>
    </extensions>
   </trkpt>
   <trkpt lat="46.4369220" lon="12.1181690">
    <ele>1867.8</ele>
    <time>2024-06-02T13:44:04Z</time>
    <extensions>
     <gpxtpx:TrackPointExtension>
      <gpxtpx:atemp>27</gpxtpx:atemp>
      <gpxtpx:hr>96</gpxtpx:hr>
      <gpxtpx:cad>54</gpxtpx:cad>
     </gpxtpx:TrackPointExtension>
    </extensions>
   </trkpt>
   <trkpt lat="46.4369130" lon="12.1181480">
    <ele>1867.4</ele>
    <time>2024-06-02T13:44:06Z</time>
    <extensions>
     <gpxtpx:TrackPointExtension>
      <gpxtpx:atemp>26</gpxtpx:atemp>
      <gpxtpx:hr>96</gpxtpx:hr>
      <gpxtpx:cad>53</gpxtpx:cad>
     </gpxtpx:TrackPointExtension>
    </extensions>
   </trkpt>
   <trkpt lat="46.4369030" lon="12.1180630">
    <ele>1866.4</ele>
    <time>2024-06-02T13:44:11Z</time>
    <extensions>
     <gpxtpx:TrackPointExtension>
      <gpxtpx:atemp>26</gpxtpx:atemp>
      <gpxtpx:hr>96</gpxtpx:hr>
      <gpxtpx:cad>55</gpxtpx:cad>
     </gpxtpx:TrackPointExtension>
    </extensions>
   </trkpt>
   <trkpt lat="46.4368950" lon="12.1180290">
    <ele>1866.2</ele>
    <time>2024-06-02T13:44:13Z</time>
    <extensions>
     <gpxtpx:TrackPointExtension>
      <gpxtpx:atemp>26</gpxtpx:atemp>
      <gpxtpx:hr>96</gpxtpx:hr>
      <gpxtpx:cad>54</gpxtpx:cad>
     </gpxtpx:TrackPointExtension>
    </extensions>
   </trkpt>
   <trkpt lat="46.4368940" lon="12.1179630">
    <ele>1865.4</ele>
    <time>2024-06-02T13:44:18Z</time>
    <extensions>
     <gpxtpx:TrackPointExtension>
      <gpxtpx:atemp>26</gpxtpx:atemp>
      <gpxtpx:hr>96</gpxtpx:hr>
      <gpxtpx:cad>55</gpxtpx:cad>
     </gpxtpx:TrackPointExtension>
    </extensions>
   </trkpt>
   <trkpt lat="46.4368920" lon="12.1179450">
    <ele>1865.2</ele>
    <time>2024-06-02T13:44:19Z</time>
    <extensions>
     <gpxtpx:TrackPointExtension>
      <gpxtpx:atemp>26</gpxtpx:atemp>
      <gpxtpx:hr>96</gpxtpx:hr>
      <gpxtpx:cad>55</gpxtpx:cad>
     </gpxtpx:TrackPointExtension>
    </extensions>
   </trkpt>
   <trkpt lat="46.4368650" lon="12.1178220">
    <ele>1863.8</ele>
    <time>2024-06-02T13:44:27Z</time>
    <extensions>
     <gpxtpx:TrackPointExtension>
      <gpxtpx:atemp>26</gpxtpx:atemp>
      <gpxtpx:hr>97</gpxtpx:hr>
      <gpxtpx:cad>55</gpxtpx:cad>
     </gpxtpx:TrackPointExtension>
    </extensions>
   </trkpt>
   <trkpt lat="46.4368310" lon="12.1177140">
    <ele>1862.8</ele>
    <time>2024-06-02T13:44:35Z</time>
    <extensions>
     <gpxtpx:TrackPointExtension>
      <gpxtpx:atemp>26</gpxtpx:atemp>
      <gpxtpx:hr>98</gpxtpx:hr>
      <gpxtpx:cad>56</gpxtpx:cad>
     </gpxtpx:TrackPointExtension>
    </extensions>
   </trkpt>
   <trkpt lat="46.4368240" lon="12.1176840">
    <ele>1862.4</ele>
    <time>2024-06-02T13:44:37Z</time>
    <extensions>
     <gpxtpx:TrackPointExtension>
      <gpxtpx:atemp>26</gpxtpx:atemp>
      <gpxtpx:hr>98</gpxtpx:hr>
      <gpxtpx:cad>56</gpxtpx:cad>
     </gpxtpx:TrackPointExtension>
    </extensions>
   </trkpt>
   <trkpt lat="46.4368220" lon="12.1176430">
    <ele>1861.6</ele>
    <time>2024-06-02T13:44:40Z</time>
    <extensions>
     <gpxtpx:TrackPointExtension>
      <gpxtpx:atemp>26</gpxtpx:atemp>
      <gpxtpx:hr>98</gpxtpx:hr>
      <gpxtpx:cad>57</gpxtpx:cad>
     </gpxtpx:TrackPointExtension>
    </extensions>
   </trkpt>
   <trkpt lat="46.4368230" lon="12.1175310">
    <ele>1860.4</ele>
    <time>2024-06-02T13:44:45Z</time>
    <extensions>
     <gpxtpx:TrackPointExtension>
      <gpxtpx:atemp>26</gpxtpx:atemp>
      <gpxtpx:hr>98</gpxtpx:hr>
      <gpxtpx:cad>57</gpxtpx:cad>
     </gpxtpx:TrackPointExtension>
    </extensions>
   </trkpt>
   <trkpt lat="46.4368240" lon="12.1173960">
    <ele>1859.8</ele>
    <time>2024-06-02T13:44:52Z</time>
    <extensions>
     <gpxtpx:TrackPointExtension>
      <gpxtpx:atemp>25</gpxtpx:atemp>
      <gpxtpx:hr>101</gpxtpx:hr>
      <gpxtpx:cad>56</gpxtpx:cad>
     </gpxtpx:TrackPointExtension>
    </extensions>
   </trkpt>
   <trkpt lat="46.4368280" lon="12.1173650">
    <ele>1859.4</ele>
    <time>2024-06-02T13:44:54Z</time>
    <extensions>
     <gpxtpx:TrackPointExtension>
      <gpxtpx:atemp>25</gpxtpx:atemp>
      <gpxtpx:hr>101</gpxtpx:hr>
      <gpxtpx:cad>56</gpxtpx:cad>
     </gpxtpx:TrackPointExtension>
    </extensions>
   </trkpt>
   <trkpt lat="46.4368290" lon="12.1172480">
    <ele>1858.8</ele>
    <time>2024-06-02T13:45:00Z</time>
    <extensions>
     <gpxtpx:TrackPointExtension>
      <gpxtpx:atemp>25</gpxtpx:atemp>
      <gpxtpx:hr>100</gpxtpx:hr>
      <gpxtpx:cad>57</gpxtpx:cad>
     </gpxtpx:TrackPointExtension>
    </extensions>
   </trkpt>
   <trkpt lat="46.4368310" lon="12.1171850">
    <ele>1858.0</ele>
    <time>2024-06-02T13:45:03Z</time>
    <extensions>
     <gpxtpx:TrackPointExtension>
      <gpxtpx:atemp>25</gpxtpx:atemp>
      <gpxtpx:hr>100</gpxtpx:hr>
      <gpxtpx:cad>57</gpxtpx:cad>
     </gpxtpx:TrackPointExtension>
    </extensions>
   </trkpt>
   <trkpt lat="46.4368310" lon="12.1171640">
    <ele>1857.8</ele>
    <time>2024-06-02T13:45:04Z</time>
    <extensions>
     <gpxtpx:TrackPointExtension>
      <gpxtpx:atemp>25</gpxtpx:atemp>
      <gpxtpx:hr>99</gpxtpx:hr>
      <gpxtpx:cad>57</gpxtpx:cad>
     </gpxtpx:TrackPointExtension>
    </extensions>
   </trkpt>
   <trkpt lat="46.4368410" lon="12.1170560">
    <ele>1857.0</ele>
    <time>2024-06-02T13:45:11Z</time>
    <extensions>
     <gpxtpx:TrackPointExtension>
      <gpxtpx:atemp>25</gpxtpx:atemp>
      <gpxtpx:hr>100</gpxtpx:hr>
      <gpxtpx:cad>56</gpxtpx:cad>
     </gpxtpx:TrackPointExtension>
    </extensions>
   </trkpt>
   <trkpt lat="46.4368570" lon="12.1170060">
    <ele>1856.4</ele>
    <time>2024-06-02T13:45:12Z</time>
    <extensions>
     <gpxtpx:TrackPointExtension>
      <gpxtpx:atemp>25</gpxtpx:atemp>
      <gpxtpx:hr>101</gpxtpx:hr>
      <gpxtpx:cad>56</gpxtpx:cad>
     </gpxtpx:TrackPointExtension>
    </extensions>
   </trkpt>
   <trkpt lat="46.4368610" lon="12.1169830">
    <ele>1856.0</ele>
    <time>2024-06-02T13:45:13Z</time>
    <extensions>
     <gpxtpx:TrackPointExtension>
      <gpxtpx:atemp>25</gpxtpx:atemp>
      <gpxtpx:hr>101</gpxtpx:hr>
      <gpxtpx:cad>56</gpxtpx:cad>
     </gpxtpx:TrackPointExtension>
    </extensions>
   </trkpt>
   <trkpt lat="46.4368500" lon="12.1168300">
    <ele>1855.6</ele>
    <time>2024-06-02T13:45:20Z</time>
    <extensions>
     <gpxtpx:TrackPointExtension>
      <gpxtpx:atemp>25</gpxtpx:atemp>
      <gpxtpx:hr>100</gpxtpx:hr>
      <gpxtpx:cad>55</gpxtpx:cad>
     </gpxtpx:TrackPointExtension>
    </extensions>
   </trkpt>
   <trkpt lat="46.4368640" lon="12.1167640">
    <ele>1855.0</ele>
    <time>2024-06-02T13:45:22Z</time>
    <extensions>
     <gpxtpx:TrackPointExtension>
      <gpxtpx:atemp>25</gpxtpx:atemp>
      <gpxtpx:hr>101</gpxtpx:hr>
      <gpxtpx:cad>55</gpxtpx:cad>
     </gpxtpx:TrackPointExtension>
    </extensions>
   </trkpt>
   <trkpt lat="46.4368590" lon="12.1166900">
    <ele>1853.8</ele>
    <time>2024-06-02T13:45:27Z</time>
    <extensions>
     <gpxtpx:TrackPointExtension>
      <gpxtpx:atemp>25</gpxtpx:atemp>
      <gpxtpx:hr>101</gpxtpx:hr>
      <gpxtpx:cad>57</gpxtpx:cad>
     </gpxtpx:TrackPointExtension>
    </extensions>
   </trkpt>
   <trkpt lat="46.4368710" lon="12.1166720">
    <ele>1853.2</ele>
    <time>2024-06-02T13:45:30Z</time>
    <extensions>
     <gpxtpx:TrackPointExtension>
      <gpxtpx:atemp>25</gpxtpx:atemp>
      <gpxtpx:hr>101</gpxtpx:hr>
      <gpxtpx:cad>56</gpxtpx:cad>
     </gpxtpx:TrackPointExtension>
    </extensions>
   </trkpt>
   <trkpt lat="46.4368830" lon="12.1166230">
    <ele>1852.8</ele>
    <time>2024-06-02T13:45:34Z</time>
    <extensions>
     <gpxtpx:TrackPointExtension>
      <gpxtpx:atemp>25</gpxtpx:atemp>
      <gpxtpx:hr>100</gpxtpx:hr>
      <gpxtpx:cad>55</gpxtpx:cad>
     </gpxtpx:TrackPointExtension>
    </extensions>
   </trkpt>
   <trkpt lat="46.4369090" lon="12.1165900">
    <ele>1851.8</ele>
    <time>2024-06-02T13:45:39Z</time>
    <extensions>
     <gpxtpx:TrackPointExtension>
      <gpxtpx:atemp>25</gpxtpx:atemp>
      <gpxtpx:hr>100</gpxtpx:hr>
      <gpxtpx:cad>55</gpxtpx:cad>
     </gpxtpx:TrackPointExtension>
    </extensions>
   </trkpt>
   <trkpt lat="46.4369140" lon="12.1165750">
    <ele>1851.6</ele>
    <time>2024-06-02T13:45:40Z</time>
    <extensions>
     <gpxtpx:TrackPointExtension>
      <gpxtpx:atemp>25</gpxtpx:atemp>
      <gpxtpx:hr>99</gpxtpx:hr>
      <gpxtpx:cad>56</gpxtpx:cad>
     </gpxtpx:TrackPointExtension>
    </extensions>
   </trkpt>
   <trkpt lat="46.4369380" lon="12.1164990">
    <ele>1850.6</ele>
    <time>2024-06-02T13:45:45Z</time>
    <extensions>
     <gpxtpx:TrackPointExtension>
      <gpxtpx:atemp>25</gpxtpx:atemp>
      <gpxtpx:hr>98</gpxtpx:hr>
      <gpxtpx:cad>55</gpxtpx:cad>
     </gpxtpx:TrackPointExtension>
    </extensions>
   </trkpt>
   <trkpt lat="46.4369420" lon="12.1164850">
    <ele>1850.4</ele>
    <time>2024-06-02T13:45:46Z</time>
    <extensions>
     <gpxtpx:TrackPointExtension>
      <gpxtpx:atemp>25</gpxtpx:atemp>
      <gpxtpx:hr>98</gpxtpx:hr>
      <gpxtpx:cad>55</gpxtpx:cad>
     </gpxtpx:TrackPointExtension>
    </extensions>
   </trkpt>
   <trkpt lat="46.4369410" lon="12.1163940">
    <ele>1849.6</ele>
    <time>2024-06-02T13:45:51Z</time>
    <extensions>
     <gpxtpx:TrackPointExtension>
      <gpxtpx:atemp>25</gpxtpx:atemp>
      <gpxtpx:hr>98</gpxtpx:hr>
      <gpxtpx:cad>56</gpxtpx:cad>
     </gpxtpx:TrackPointExtension>
    </extensions>
   </trkpt>
   <trkpt lat="46.4369310" lon="12.1163360">
    <ele>1849.0</ele>
    <time>2024-06-02T13:45:54Z</time>
    <extensions>
     <gpxtpx:TrackPointExtension>
      <gpxtpx:atemp>25</gpxtpx:atemp>
      <gpxtpx:hr>98</gpxtpx:hr>
      <gpxtpx:cad>55</gpxtpx:cad>
     </gpxtpx:TrackPointExtension>
    </extensions>
   </trkpt>
   <trkpt lat="46.4369400" lon="12.1162540">
    <ele>1848.6</ele>
    <time>2024-06-02T13:45:59Z</time>
    <extensions>
     <gpxtpx:TrackPointExtension>
      <gpxtpx:atemp>25</gpxtpx:atemp>
      <gpxtpx:hr>98</gpxtpx:hr>
      <gpxtpx:cad>54</gpxtpx:cad>
     </gpxtpx:TrackPointExtension>
    </extensions>
   </trkpt>
   <trkpt lat="46.4369390" lon="12.1162360">
    <ele>1848.4</ele>
    <time>2024-06-02T13:46:00Z</time>
    <extensions>
     <gpxtpx:TrackPointExtension>
      <gpxtpx:atemp>25</gpxtpx:atemp>
      <gpxtpx:hr>98</gpxtpx:hr>
      <gpxtpx:cad>54</gpxtpx:cad>
     </gpxtpx:TrackPointExtension>
    </extensions>
   </trkpt>
   <trkpt lat="46.4369280" lon="12.1161580">
    <ele>1847.4</ele>
    <time>2024-06-02T13:46:05Z</time>
    <extensions>
     <gpxtpx:TrackPointExtension>
      <gpxtpx:atemp>25</gpxtpx:atemp>
      <gpxtpx:hr>99</gpxtpx:hr>
      <gpxtpx:cad>55</gpxtpx:cad>
     </gpxtpx:TrackPointExtension>
    </extensions>
   </trkpt>
   <trkpt lat="46.4369290" lon="12.1160940">
    <ele>1846.6</ele>
    <time>2024-06-02T13:46:09Z</time>
    <extensions>
     <gpxtpx:TrackPointExtension>
      <gpxtpx:atemp>25</gpxtpx:atemp>
      <gpxtpx:hr>96</gpxtpx:hr>
      <gpxtpx:cad>55</gpxtpx:cad>
     </gpxtpx:TrackPointExtension>
    </extensions>
   </trkpt>
   <trkpt lat="46.4369300" lon="12.1160770">
    <ele>1846.6</ele>
    <time>2024-06-02T13:46:10Z</time>
    <extensions>
     <gpxtpx:TrackPointExtension>
      <gpxtpx:atemp>25</gpxtpx:atemp>
      <gpxtpx:hr>96</gpxtpx:hr>
      <gpxtpx:cad>55</gpxtpx:cad>
     </gpxtpx:TrackPointExtension>
    </extensions>
   </trkpt>
   <trkpt lat="46.4369400" lon="12.1160470">
    <ele>1846.2</ele>
    <time>2024-06-02T13:46:12Z</time>
    <extensions>
     <gpxtpx:TrackPointExtension>
      <gpxtpx:atemp>25</gpxtpx:atemp>
      <gpxtpx:hr>95</gpxtpx:hr>
      <gpxtpx:cad>55</gpxtpx:cad>
     </gpxtpx:TrackPointExtension>
    </extensions>
   </trkpt>
   <trkpt lat="46.4369580" lon="12.1159520">
    <ele>1845.0</ele>
    <time>2024-06-02T13:46:17Z</time>
    <extensions>
     <gpxtpx:TrackPointExtension>
      <gpxtpx:atemp>25</gpxtpx:atemp>
      <gpxtpx:hr>97</gpxtpx:hr>
      <gpxtpx:cad>54</gpxtpx:cad>
     </gpxtpx:TrackPointExtension>
    </extensions>
   </trkpt>
   <trkpt lat="46.4369540" lon="12.1159410">
    <ele>1844.8</ele>
    <time>2024-06-02T13:46:18Z</time>
    <extensions>
     <gpxtpx:TrackPointExtension>
      <gpxtpx:atemp>24</gpxtpx:atemp>
      <gpxtpx:hr>97</gpxtpx:hr>
      <gpxtpx:cad>54</gpxtpx:cad>
     </gpxtpx:TrackPointExtension>
    </extensions>
   </trkpt>
   <trkpt lat="46.4369690" lon="12.1158680">
    <ele>1844.0</ele>
    <time>2024-06-02T13:46:23Z</time>
    <extensions>
     <gpxtpx:TrackPointExtension>
      <gpxtpx:atemp>24</gpxtpx:atemp>
      <gpxtpx:hr>98</gpxtpx:hr>
      <gpxtpx:cad>54</gpxtpx:cad>
     </gpxtpx:TrackPointExtension>
    </extensions>
   </trkpt>
   <trkpt lat="46.4369860" lon="12.1158290">
    <ele>1843.6</ele>
    <time>2024-06-02T13:46:25Z</time>
    <extensions>
     <gpxtpx:TrackPointExtension>
      <gpxtpx:atemp>24</gpxtpx:atemp>
      <gpxtpx:hr>98</gpxtpx:hr>
      <gpxtpx:cad>54</gpxtpx:cad>
     </gpxtpx:TrackPointExtension>
    </extensions>
   </trkpt>
   <trkpt lat="46.4370190" lon="12.1157740">
    <ele>1843.0</ele>
    <time>2024-06-02T13:46:29Z</time>
    <extensions>
     <gpxtpx:TrackPointExtension>
      <gpxtpx:atemp>25</gpxtpx:atemp>
      <gpxtpx:hr>98</gpxtpx:hr>
      <gpxtpx:cad>54</gpxtpx:cad>
     </gpxtpx:TrackPointExtension>
    </extensions>
   </trkpt>
   <trkpt lat="46.4370260" lon="12.1157020">
    <ele>1842.0</ele>
    <time>2024-06-02T13:46:32Z</time>
    <extensions>
     <gpxtpx:TrackPointExtension>
      <gpxtpx:atemp>24</gpxtpx:atemp>
      <gpxtpx:hr>98</gpxtpx:hr>
      <gpxtpx:cad>55</gpxtpx:cad>
     </gpxtpx:TrackPointExtension>
    </extensions>
   </trkpt>
   <trkpt lat="46.4370290" lon="12.1156760">
    <ele>1841.8</ele>
    <time>2024-06-02T13:46:33Z</time>
    <extensions>
     <gpxtpx:TrackPointExtension>
      <gpxtpx:atemp>25</gpxtpx:atemp>
      <gpxtpx:hr>98</gpxtpx:hr>
      <gpxtpx:cad>55</gpxtpx:cad>
     </gpxtpx:TrackPointExtension>
    </extensions>
   </trkpt>
   <trkpt lat="46.4370300" lon="12.1156550">
    <ele>1841.6</ele>
    <time>2024-06-02T13:46:34Z</time>
    <extensions>
     <gpxtpx:TrackPointExtension>
      <gpxtpx:atemp>24</gpxtpx:atemp>
      <gpxtpx:hr>98</gpxtpx:hr>
      <gpxtpx:cad>56</gpxtpx:cad>
     </gpxtpx:TrackPointExtension>
    </extensions>
   </trkpt>
   <trkpt lat="46.4370420" lon="12.1156090">
    <ele>1840.8</ele>
    <time>2024-06-02T13:46:36Z</time>
    <extensions>
     <gpxtpx:TrackPointExtension>
      <gpxtpx:atemp>24</gpxtpx:atemp>
      <gpxtpx:hr>98</gpxtpx:hr>
      <gpxtpx:cad>57</gpxtpx:cad>
     </gpxtpx:TrackPointExtension>
    </extensions>
   </trkpt>
   <trkpt lat="46.4370410" lon="12.1155810">
    <ele>1840.6</ele>
    <time>2024-06-02T13:46:37Z</time>
    <extensions>
     <gpxtpx:TrackPointExtension>
      <gpxtpx:atemp>24</gpxtpx:atemp>
      <gpxtpx:hr>98</gpxtpx:hr>
      <gpxtpx:cad>57</gpxtpx:cad>
     </gpxtpx:TrackPointExtension>
    </extensions>
   </trkpt>
   <trkpt lat="46.4370500" lon="12.1155600">
    <ele>1840.0</ele>
    <time>2024-06-02T13:46:39Z</time>
    <extensions>
     <gpxtpx:TrackPointExtension>
      <gpxtpx:atemp>24</gpxtpx:atemp>
      <gpxtpx:hr>101</gpxtpx:hr>
      <gpxtpx:cad>56</gpxtpx:cad>
     </gpxtpx:TrackPointExtension>
    </extensions>
   </trkpt>
   <trkpt lat="46.4370560" lon="12.1155490">
    <ele>1839.8</ele>
    <time>2024-06-02T13:46:40Z</time>
    <extensions>
     <gpxtpx:TrackPointExtension>
      <gpxtpx:atemp>24</gpxtpx:atemp>
      <gpxtpx:hr>98</gpxtpx:hr>
      <gpxtpx:cad>55</gpxtpx:cad>
     </gpxtpx:TrackPointExtension>
    </extensions>
   </trkpt>
   <trkpt lat="46.4370850" lon="12.1155190">
    <ele>1839.6</ele>
    <time>2024-06-02T13:46:42Z</time>
    <extensions>
     <gpxtpx:TrackPointExtension>
      <gpxtpx:atemp>24</gpxtpx:atemp>
      <gpxtpx:hr>99</gpxtpx:hr>
      <gpxtpx:cad>54</gpxtpx:cad>
     </gpxtpx:TrackPointExtension>
    </extensions>
   </trkpt>
   <trkpt lat="46.4371230" lon="12.1154520">
    <ele>1839.0</ele>
    <time>2024-06-02T13:46:44Z</time>
    <extensions>
     <gpxtpx:TrackPointExtension>
      <gpxtpx:atemp>24</gpxtpx:atemp>
      <gpxtpx:hr>100</gpxtpx:hr>
      <gpxtpx:cad>55</gpxtpx:cad>
     </gpxtpx:TrackPointExtension>
    </extensions>
   </trkpt>
   <trkpt lat="46.4371570" lon="12.1154390">
    <ele>1838.2</ele>
    <time>2024-06-02T13:46:47Z</time>
    <extensions>
     <gpxtpx:TrackPointExtension>
      <gpxtpx:atemp>24</gpxtpx:atemp>
      <gpxtpx:hr>102</gpxtpx:hr>
      <gpxtpx:cad>56</gpxtpx:cad>
     </gpxtpx:TrackPointExtension>
    </extensions>
   </trkpt>
   <trkpt lat="46.4371850" lon="12.1153790">
    <ele>1837.4</ele>
    <time>2024-06-02T13:46:51Z</time>
    <extensions>
     <gpxtpx:TrackPointExtension>
      <gpxtpx:atemp>24</gpxtpx:atemp>
      <gpxtpx:hr>102</gpxtpx:hr>
      <gpxtpx:cad>55</gpxtpx:cad>
     </gpxtpx:TrackPointExtension>
    </extensions>
   </trkpt>
   <trkpt lat="46.4371970" lon="12.1153890">
    <ele>1837.0</ele>
    <time>2024-06-02T13:46:52Z</time>
    <extensions>
     <gpxtpx:TrackPointExtension>
      <gpxtpx:atemp>24</gpxtpx:atemp>
      <gpxtpx:hr>102</gpxtpx:hr>
      <gpxtpx:cad>55</gpxtpx:cad>
     </gpxtpx:TrackPointExtension>
    </extensions>
   </trkpt>
   <trkpt lat="46.4372570" lon="12.1153970">
    <ele>1836.0</ele>
    <time>2024-06-02T13:46:56Z</time>
    <extensions>
     <gpxtpx:TrackPointExtension>
      <gpxtpx:atemp>24</gpxtpx:atemp>
      <gpxtpx:hr>101</gpxtpx:hr>
      <gpxtpx:cad>57</gpxtpx:cad>
     </gpxtpx:TrackPointExtension>
    </extensions>
   </trkpt>
   <trkpt lat="46.4372920" lon="12.1153870">
    <ele>1835.4</ele>
    <time>2024-06-02T13:46:59Z</time>
    <extensions>
     <gpxtpx:TrackPointExtension>
      <gpxtpx:atemp>24</gpxtpx:atemp>
      <gpxtpx:hr>101</gpxtpx:hr>
      <gpxtpx:cad>55</gpxtpx:cad>
     </gpxtpx:TrackPointExtension>
    </extensions>
   </trkpt>
   <trkpt lat="46.4373240" lon="12.1153780">
    <ele>1835.0</ele>
    <time>2024-06-02T13:47:01Z</time>
    <extensions>
     <gpxtpx:TrackPointExtension>
      <gpxtpx:atemp>24</gpxtpx:atemp>
      <gpxtpx:hr>101</gpxtpx:hr>
      <gpxtpx:cad>56</gpxtpx:cad>
     </gpxtpx:TrackPointExtension>
    </extensions>
   </trkpt>
   <trkpt lat="46.4373320" lon="12.1153440">
    <ele>1833.8</ele>
    <time>2024-06-02T13:47:05Z</time>
    <extensions>
     <gpxtpx:TrackPointExtension>
      <gpxtpx:atemp>24</gpxtpx:atemp>
      <gpxtpx:hr>102</gpxtpx:hr>
      <gpxtpx:cad>57</gpxtpx:cad>
     </gpxtpx:TrackPointExtension>
    </extensions>
   </trkpt>
   <trkpt lat="46.4373430" lon="12.1153120">
    <ele>1833.4</ele>
    <time>2024-06-02T13:47:07Z</time>
    <extensions>
     <gpxtpx:TrackPointExtension>
      <gpxtpx:atemp>24</gpxtpx:atemp>
      <gpxtpx:hr>103</gpxtpx:hr>
      <gpxtpx:cad>56</gpxtpx:cad>
     </gpxtpx:TrackPointExtension>
    </extensions>
   </trkpt>
   <trkpt lat="46.4373380" lon="12.1152920">
    <ele>1832.8</ele>
    <time>2024-06-02T13:47:10Z</time>
    <extensions>
     <gpxtpx:TrackPointExtension>
      <gpxtpx:atemp>24</gpxtpx:atemp>
      <gpxtpx:hr>103</gpxtpx:hr>
      <gpxtpx:cad>56</gpxtpx:cad>
     </gpxtpx:TrackPointExtension>
    </extensions>
   </trkpt>
   <trkpt lat="46.4373350" lon="12.1152750">
    <ele>1832.0</ele>
    <time>2024-06-02T13:47:13Z</time>
    <extensions>
     <gpxtpx:TrackPointExtension>
      <gpxtpx:atemp>24</gpxtpx:atemp>
      <gpxtpx:hr>104</gpxtpx:hr>
      <gpxtpx:cad>55</gpxtpx:cad>
     </gpxtpx:TrackPointExtension>
    </extensions>
   </trkpt>
   <trkpt lat="46.4373310" lon="12.1152760">
    <ele>1831.6</ele>
    <time>2024-06-02T13:47:15Z</time>
    <extensions>
     <gpxtpx:TrackPointExtension>
      <gpxtpx:atemp>24</gpxtpx:atemp>
      <gpxtpx:hr>103</gpxtpx:hr>
      <gpxtpx:cad>55</gpxtpx:cad>
     </gpxtpx:TrackPointExtension>
    </extensions>
   </trkpt>
   <trkpt lat="46.4373130" lon="12.1152850">
    <ele>1830.6</ele>
    <time>2024-06-02T13:47:20Z</time>
    <extensions>
     <gpxtpx:TrackPointExtension>
      <gpxtpx:atemp>24</gpxtpx:atemp>
      <gpxtpx:hr>104</gpxtpx:hr>
      <gpxtpx:cad>56</gpxtpx:cad>
     </gpxtpx:TrackPointExtension>
    </extensions>
   </trkpt>
   <trkpt lat="46.4372590" lon="12.1152560">
    <ele>1829.6</ele>
    <time>2024-06-02T13:47:24Z</time>
    <extensions>
     <gpxtpx:TrackPointExtension>
      <gpxtpx:atemp>24</gpxtpx:atemp>
      <gpxtpx:hr>101</gpxtpx:hr>
      <gpxtpx:cad>58</gpxtpx:cad>
     </gpxtpx:TrackPointExtension>
    </extensions>
   </trkpt>
   <trkpt lat="46.4372280" lon="12.1151830">
    <ele>1828.6</ele>
    <time>2024-06-02T13:47:27Z</time>
    <extensions>
     <gpxtpx:TrackPointExtension>
      <gpxtpx:atemp>24</gpxtpx:atemp>
      <gpxtpx:hr>100</gpxtpx:hr>
      <gpxtpx:cad>58</gpxtpx:cad>
     </gpxtpx:TrackPointExtension>
    </extensions>
   </trkpt>
   <trkpt lat="46.4371910" lon="12.1150930">
    <ele>1827.0</ele>
    <time>2024-06-02T13:47:31Z</time>
    <extensions>
     <gpxtpx:TrackPointExtension>
      <gpxtpx:atemp>24</gpxtpx:atemp>
      <gpxtpx:hr>100</gpxtpx:hr>
      <gpxtpx:cad>56</gpxtpx:cad>
     </gpxtpx:TrackPointExtension>
    </extensions>
   </trkpt>
   <trkpt lat="46.4371200" lon="12.1149620">
    <ele>1825.8</ele>
    <time>2024-06-02T13:47:37Z</time>
    <extensions>
     <gpxtpx:TrackPointExtension>
      <gpxtpx:atemp>24</gpxtpx:atemp>
      <gpxtpx:hr>102</gpxtpx:hr>
      <gpxtpx:cad>58</gpxtpx:cad>
     </gpxtpx:TrackPointExtension>
    </extensions>
   </trkpt>
   <trkpt lat="46.4371110" lon="12.1149500">
    <ele>1825.6</ele>
    <time>2024-06-02T13:47:38Z</time>
    <extensions>
     <gpxtpx:TrackPointExtension>
      <gpxtpx:atemp>24</gpxtpx:atemp>
      <gpxtpx:hr>103</gpxtpx:hr>
      <gpxtpx:cad>58</gpxtpx:cad>
     </gpxtpx:TrackPointExtension>
    </extensions>
   </trkpt>
   <trkpt lat="46.4370650" lon="12.1148680">
    <ele>1825.2</ele>
    <time>2024-06-02T13:47:42Z</time>
    <extensions>
     <gpxtpx:TrackPointExtension>
      <gpxtpx:atemp>24</gpxtpx:atemp>
      <gpxtpx:hr>106</gpxtpx:hr>
      <gpxtpx:cad>56</gpxtpx:cad>
     </gpxtpx:TrackPointExtension>
    </extensions>
   </trkpt>
   <trkpt lat="46.4370510" lon="12.1148460">
    <ele>1824.6</ele>
    <time>2024-06-02T13:47:45Z</time>
    <extensions>
     <gpxtpx:TrackPointExtension>
      <gpxtpx:atemp>24</gpxtpx:atemp>
      <gpxtpx:hr>104</gpxtpx:hr>
      <gpxtpx:cad>55</gpxtpx:cad>
     </gpxtpx:TrackPointExtension>
    </extensions>
   </trkpt>
   <trkpt lat="46.4370280" lon="12.1148520">
    <ele>1824.2</ele>
    <time>2024-06-02T13:47:47Z</time>
    <extensions>
     <gpxtpx:TrackPointExtension>
      <gpxtpx:atemp>24</gpxtpx:atemp>
      <gpxtpx:hr>103</gpxtpx:hr>
      <gpxtpx:cad>56</gpxtpx:cad>
     </gpxtpx:TrackPointExtension>
    </extensions>
   </trkpt>
   <trkpt lat="46.4369960" lon="12.1148410">
    <ele>1823.6</ele>
    <time>2024-06-02T13:47:49Z</time>
    <extensions>
     <gpxtpx:TrackPointExtension>
      <gpxtpx:atemp>24</gpxtpx:atemp>
      <gpxtpx:hr>101</gpxtpx:hr>
      <gpxtpx:cad>56</gpxtpx:cad>
     </gpxtpx:TrackPointExtension>
    </extensions>
   </trkpt>
   <trkpt lat="46.4369830" lon="12.1148120">
    <ele>1823.4</ele>
    <time>2024-06-02T13:47:51Z</time>
    <extensions>
     <gpxtpx:TrackPointExtension>
      <gpxtpx:atemp>24</gpxtpx:atemp>
      <gpxtpx:hr>98</gpxtpx:hr>
      <gpxtpx:cad>56</gpxtpx:cad>
     </gpxtpx:TrackPointExtension>
    </extensions>
   </trkpt>
   <trkpt lat="46.4369550" lon="12.1147310">
    <ele>1822.6</ele>
    <time>2024-06-02T13:47:55Z</time>
    <extensions>
     <gpxtpx:TrackPointExtension>
      <gpxtpx:atemp>24</gpxtpx:atemp>
      <gpxtpx:hr>99</gpxtpx:hr>
      <gpxtpx:cad>54</gpxtpx:cad>
     </gpxtpx:TrackPointExtension>
    </extensions>
   </trkpt>
   <trkpt lat="46.4369440" lon="12.1147090">
    <ele>1822.4</ele>
    <time>2024-06-02T13:47:56Z</time>
    <extensions>
     <gpxtpx:TrackPointExtension>
      <gpxtpx:atemp>24</gpxtpx:atemp>
      <gpxtpx:hr>100</gpxtpx:hr>
      <gpxtpx:cad>54</gpxtpx:cad>
     </gpxtpx:TrackPointExtension>
    </extensions>
   </trkpt>
   <trkpt lat="46.4369560" lon="12.1146230">
    <ele>1821.6</ele>
    <time>2024-06-02T13:47:59Z</time>
    <extensions>
     <gpxtpx:TrackPointExtension>
      <gpxtpx:atemp>24</gpxtpx:atemp>
      <gpxtpx:hr>103</gpxtpx:hr>
      <gpxtpx:cad>56</gpxtpx:cad>
     </gpxtpx:TrackPointExtension>
    </extensions>
   </trkpt>
   <trkpt lat="46.4369540" lon="12.1145920">
    <ele>1821.4</ele>
    <time>2024-06-02T13:48:00Z</time>
    <extensions>
     <gpxtpx:TrackPointExtension>
      <gpxtpx:atemp>24</gpxtpx:atemp>
      <gpxtpx:hr>103</gpxtpx:hr>
      <gpxtpx:cad>56</gpxtpx:cad>
     </gpxtpx:TrackPointExtension>
    </extensions>
   </trkpt>
   <trkpt lat="46.4369220" lon="12.1144940">
    <ele>1820.8</ele>
    <time>2024-06-02T13:48:04Z</time>
    <extensions>
     <gpxtpx:TrackPointExtension>
      <gpxtpx:atemp>24</gpxtpx:atemp>
      <gpxtpx:hr>103</gpxtpx:hr>
      <gpxtpx:cad>56</gpxtpx:cad>
     </gpxtpx:TrackPointExtension>
    </extensions>
   </trkpt>
   <trkpt lat="46.4369200" lon="12.1144760">
    <ele>1820.4</ele>
    <time>2024-06-02T13:48:05Z</time>
    <extensions>
     <gpxtpx:TrackPointExtension>
      <gpxtpx:atemp>24</gpxtpx:atemp>
      <gpxtpx:hr>103</gpxtpx:hr>
      <gpxtpx:cad>55</gpxtpx:cad>
     </gpxtpx:TrackPointExtension>
    </extensions>
   </trkpt>
   <trkpt lat="46.4369260" lon="12.1143540">
    <ele>1819.2</ele>
    <time>2024-06-02T13:48:10Z</time>
    <extensions>
     <gpxtpx:TrackPointExtension>
      <gpxtpx:atemp>24</gpxtpx:atemp>
      <gpxtpx:hr>103</gpxtpx:hr>
      <gpxtpx:cad>56</gpxtpx:cad>
     </gpxtpx:TrackPointExtension>
    </extensions>
   </trkpt>
   <trkpt lat="46.4369160" lon="12.1143230">
    <ele>1818.6</ele>
    <time>2024-06-02T13:48:12Z</time>
    <extensions>
     <gpxtpx:TrackPointExtension>
      <gpxtpx:atemp>24</gpxtpx:atemp>
      <gpxtpx:hr>104</gpxtpx:hr>
      <gpxtpx:cad>56</gpxtpx:cad>
     </gpxtpx:TrackPointExtension>
    </extensions>
   </trkpt>
   <trkpt lat="46.4369080" lon="12.1143020">
    <ele>1818.2</ele>
    <time>2024-06-02T13:48:14Z</time>
    <extensions>
     <gpxtpx:TrackPointExtension>
      <gpxtpx:atemp>24</gpxtpx:atemp>
      <gpxtpx:hr>104</gpxtpx:hr>
      <gpxtpx:cad>56</gpxtpx:cad>
     </gpxtpx:TrackPointExtension>
    </extensions>
   </trkpt>
   <trkpt lat="46.4369050" lon="12.1142900">
    <ele>1817.6</ele>
    <time>2024-06-02T13:48:17Z</time>
    <extensions>
     <gpxtpx:TrackPointExtension>
      <gpxtpx:atemp>24</gpxtpx:atemp>
      <gpxtpx:hr>107</gpxtpx:hr>
      <gpxtpx:cad>55</gpxtpx:cad>
     </gpxtpx:TrackPointExtension>
    </extensions>
   </trkpt>
   <trkpt lat="46.4368920" lon="12.1142830">
    <ele>1816.8</ele>
    <time>2024-06-02T13:48:20Z</time>
    <extensions>
     <gpxtpx:TrackPointExtension>
      <gpxtpx:atemp>24</gpxtpx:atemp>
      <gpxtpx:hr>109</gpxtpx:hr>
      <gpxtpx:cad>58</gpxtpx:cad>
     </gpxtpx:TrackPointExtension>
    </extensions>
   </trkpt>
   <trkpt lat="46.4368830" lon="12.1142820">
    <ele>1816.4</ele>
    <time>2024-06-02T13:48:21Z</time>
    <extensions>
     <gpxtpx:TrackPointExtension>
      <gpxtpx:atemp>24</gpxtpx:atemp>
      <gpxtpx:hr>109</gpxtpx:hr>
      <gpxtpx:cad>58</gpxtpx:cad>
     </gpxtpx:TrackPointExtension>
    </extensions>
   </trkpt>
   <trkpt lat="46.4368620" lon="12.1142820">
    <ele>1815.8</ele>
    <time>2024-06-02T13:48:23Z</time>
    <extensions>
     <gpxtpx:TrackPointExtension>
      <gpxtpx:atemp>25</gpxtpx:atemp>
      <gpxtpx:hr>109</gpxtpx:hr>
      <gpxtpx:cad>58</gpxtpx:cad>
     </gpxtpx:TrackPointExtension>
    </extensions>
   </trkpt>
   <trkpt lat="46.4368300" lon="12.1142090">
    <ele>1814.4</ele>
    <time>2024-06-02T13:48:27Z</time>
    <extensions>
     <gpxtpx:TrackPointExtension>
      <gpxtpx:atemp>25</gpxtpx:atemp>
      <gpxtpx:hr>109</gpxtpx:hr>
      <gpxtpx:cad>58</gpxtpx:cad>
     </gpxtpx:TrackPointExtension>
    </extensions>
   </trkpt>
   <trkpt lat="46.4367930" lon="12.1141380">
    <ele>1813.6</ele>
    <time>2024-06-02T13:48:30Z</time>
    <extensions>
     <gpxtpx:TrackPointExtension>
      <gpxtpx:atemp>25</gpxtpx:atemp>
      <gpxtpx:hr>109</gpxtpx:hr>
      <gpxtpx:cad>57</gpxtpx:cad>
     </gpxtpx:TrackPointExtension>
    </extensions>
   </trkpt>
   <trkpt lat="46.4367820" lon="12.1141320">
    <ele>1813.4</ele>
    <time>2024-06-02T13:48:31Z</time>
    <extensions>
     <gpxtpx:TrackPointExtension>
      <gpxtpx:atemp>25</gpxtpx:atemp>
      <gpxtpx:hr>109</gpxtpx:hr>
      <gpxtpx:cad>57</gpxtpx:cad>
     </gpxtpx:TrackPointExtension>
    </extensions>
   </trkpt>
   <trkpt lat="46.4367470" lon="12.1140970">
    <ele>1812.4</ele>
    <time>2024-06-02T13:48:35Z</time>
    <extensions>
     <gpxtpx:TrackPointExtension>
      <gpxtpx:atemp>25</gpxtpx:atemp>
      <gpxtpx:hr>106</gpxtpx:hr>
      <gpxtpx:cad>56</gpxtpx:cad>
     </gpxtpx:TrackPointExtension>
    </extensions>
   </trkpt>
   <trkpt lat="46.4367350" lon="12.1140890">
    <ele>1812.2</ele>
    <time>2024-06-02T13:48:36Z</time>
    <extensions>
     <gpxtpx:TrackPointExtension>
      <gpxtpx:atemp>25</gpxtpx:atemp>
      <gpxtpx:hr>105</gpxtpx:hr>
      <gpxtpx:cad>59</gpxtpx:cad>
     </gpxtpx:TrackPointExtension>
    </extensions>
   </trkpt>
   <trkpt lat="46.4367210" lon="12.1140670">
    <ele>1811.2</ele>
    <time>2024-06-02T13:48:40Z</time>
    <extensions>
     <gpxtpx:TrackPointExtension>
      <gpxtpx:atemp>25</gpxtpx:atemp>
      <gpxtpx:hr>103</gpxtpx:hr>
      <gpxtpx:cad>58</gpxtpx:cad>
     </gpxtpx:TrackPointExtension>
    </extensions>
   </trkpt>
   <trkpt lat="46.4366840" lon="12.1140260">
    <ele>1810.4</ele>
    <time>2024-06-02T13:48:45Z</time>
    <extensions>
     <gpxtpx:TrackPointExtension>
      <gpxtpx:atemp>25</gpxtpx:atemp>
      <gpxtpx:hr>99</gpxtpx:hr>
      <gpxtpx:cad>51</gpxtpx:cad>
     </gpxtpx:TrackPointExtension>
    </extensions>
   </trkpt>
   <trkpt lat="46.4366810" lon="12.1140170">
    <ele>1810.2</ele>
    <time>2024-06-02T13:48:46Z</time>
    <extensions>
     <gpxtpx:TrackPointExtension>
      <gpxtpx:atemp>25</gpxtpx:atemp>
      <gpxtpx:hr>101</gpxtpx:hr>
      <gpxtpx:cad>50</gpxtpx:cad>
     </gpxtpx:TrackPointExtension>
    </extensions>
   </trkpt>
   <trkpt lat="46.4366750" lon="12.1140120">
    <ele>1810.0</ele>
    <time>2024-06-02T13:48:47Z</time>
    <extensions>
     <gpxtpx:TrackPointExtension>
      <gpxtpx:atemp>25</gpxtpx:atemp>
      <gpxtpx:hr>101</gpxtpx:hr>
      <gpxtpx:cad>50</gpxtpx:cad>
     </gpxtpx:TrackPointExtension>
    </extensions>
   </trkpt>
   <trkpt lat="46.4366710" lon="12.1140100">
    <ele>1810.0</ele>
    <time>2024-06-02T13:48:48Z</time>
    <extensions>
     <gpxtpx:TrackPointExtension>
      <gpxtpx:atemp>25</gpxtpx:atemp>
      <gpxtpx:hr>101</gpxtpx:hr>
      <gpxtpx:cad>50</gpxtpx:cad>
     </gpxtpx:TrackPointExtension>
    </extensions>
   </trkpt>
   <trkpt lat="46.4366310" lon="12.1140350">
    <ele>1809.2</ele>
    <time>2024-06-02T13:48:53Z</time>
    <extensions>
     <gpxtpx:TrackPointExtension>
      <gpxtpx:atemp>25</gpxtpx:atemp>
      <gpxtpx:hr>103</gpxtpx:hr>
      <gpxtpx:cad>50</gpxtpx:cad>
     </gpxtpx:TrackPointExtension>
    </extensions>
   </trkpt>
   <trkpt lat="46.4366120" lon="12.1140650">
    <ele>1808.6</ele>
    <time>2024-06-02T13:48:56Z</time>
    <extensions>
     <gpxtpx:TrackPointExtension>
      <gpxtpx:atemp>25</gpxtpx:atemp>
      <gpxtpx:hr>101</gpxtpx:hr>
      <gpxtpx:cad>54</gpxtpx:cad>
     </gpxtpx:TrackPointExtension>
    </extensions>
   </trkpt>
   <trkpt lat="46.4365930" lon="12.1141070">
    <ele>1808.0</ele>
    <time>2024-06-02T13:48:59Z</time>
    <extensions>
     <gpxtpx:TrackPointExtension>
      <gpxtpx:atemp>25</gpxtpx:atemp>
      <gpxtpx:hr>100</gpxtpx:hr>
      <gpxtpx:cad>56</gpxtpx:cad>
     </gpxtpx:TrackPointExtension>
    </extensions>
   </trkpt>
   <trkpt lat="46.4365710" lon="12.1141160">
    <ele>1807.8</ele>
    <time>2024-06-02T13:49:02Z</time>
    <extensions>
     <gpxtpx:TrackPointExtension>
      <gpxtpx:atemp>25</gpxtpx:atemp>
      <gpxtpx:hr>97</gpxtpx:hr>
      <gpxtpx:cad>55</gpxtpx:cad>
     </gpxtpx:TrackPointExtension>
    </extensions>
   </trkpt>
   <trkpt lat="46.4365570" lon="12.1141070">
    <ele>1807.8</ele>
    <time>2024-06-02T13:49:03Z</time>
    <extensions>
     <gpxtpx:TrackPointExtension>
      <gpxtpx:atemp>25</gpxtpx:atemp>
      <gpxtpx:hr>97</gpxtpx:hr>
      <gpxtpx:cad>55</gpxtpx:cad>
     </gpxtpx:TrackPointExtension>
    </extensions>
   </trkpt>
   <trkpt lat="46.4365470" lon="12.1140930">
    <ele>1807.8</ele>
    <time>2024-06-02T13:49:04Z</time>
    <extensions>
     <gpxtpx:TrackPointExtension>
      <gpxtpx:atemp>25</gpxtpx:atemp>
      <gpxtpx:hr>97</gpxtpx:hr>
      <gpxtpx:cad>110</gpxtpx:cad>
     </gpxtpx:TrackPointExtension>
    </extensions>
   </trkpt>
   <trkpt lat="46.4365090" lon="12.1140750">
    <ele>1809.0</ele>
    <time>2024-06-02T13:49:07Z</time>
    <extensions>
     <gpxtpx:TrackPointExtension>
      <gpxtpx:atemp>25</gpxtpx:atemp>
      <gpxtpx:hr>98</gpxtpx:hr>
      <gpxtpx:cad>57</gpxtpx:cad>
     </gpxtpx:TrackPointExtension>
    </extensions>
   </trkpt>
   <trkpt lat="46.4364620" lon="12.1140360">
    <ele>1810.2</ele>
    <time>2024-06-02T13:49:12Z</time>
    <extensions>
     <gpxtpx:TrackPointExtension>
      <gpxtpx:atemp>25</gpxtpx:atemp>
      <gpxtpx:hr>100</gpxtpx:hr>
      <gpxtpx:cad>0</gpxtpx:cad>
     </gpxtpx:TrackPointExtension>
    </extensions>
   </trkpt>
   <trkpt lat="46.4364510" lon="12.1140310">
    <ele>1810.2</ele>
    <time>2024-06-02T13:49:13Z</time>
    <extensions>
     <gpxtpx:TrackPointExtension>
      <gpxtpx:atemp>25</gpxtpx:atemp>
      <gpxtpx:hr>100</gpxtpx:hr>
      <gpxtpx:cad>49</gpxtpx:cad>
     </gpxtpx:TrackPointExtension>
    </extensions>
   </trkpt>
   <trkpt lat="46.4364100" lon="12.1140510">
    <ele>1810.6</ele>
    <time>2024-06-02T13:49:17Z</time>
    <extensions>
     <gpxtpx:TrackPointExtension>
      <gpxtpx:atemp>25</gpxtpx:atemp>
      <gpxtpx:hr>101</gpxtpx:hr>
      <gpxtpx:cad>57</gpxtpx:cad>
     </gpxtpx:TrackPointExtension>
    </extensions>
   </trkpt>
   <trkpt lat="46.4363950" lon="12.1140610">
    <ele>1810.6</ele>
    <time>2024-06-02T13:49:18Z</time>
    <extensions>
     <gpxtpx:TrackPointExtension>
      <gpxtpx:atemp>25</gpxtpx:atemp>
      <gpxtpx:hr>104</gpxtpx:hr>
      <gpxtpx:cad>57</gpxtpx:cad>
     </gpxtpx:TrackPointExtension>
    </extensions>
   </trkpt>
   <trkpt lat="46.4363650" lon="12.1140620">
    <ele>1810.4</ele>
    <time>2024-06-02T13:49:21Z</time>
    <extensions>
     <gpxtpx:TrackPointExtension>
      <gpxtpx:atemp>25</gpxtpx:atemp>
      <gpxtpx:hr>107</gpxtpx:hr>
      <gpxtpx:cad>51</gpxtpx:cad>
     </gpxtpx:TrackPointExtension>
    </extensions>
   </trkpt>
   <trkpt lat="46.4363550" lon="12.1140450">
    <ele>1810.4</ele>
    <time>2024-06-02T13:49:23Z</time>
    <extensions>
     <gpxtpx:TrackPointExtension>
      <gpxtpx:atemp>25</gpxtpx:atemp>
      <gpxtpx:hr>108</gpxtpx:hr>
      <gpxtpx:cad>50</gpxtpx:cad>
     </gpxtpx:TrackPointExtension>
    </extensions>
   </trkpt>
   <trkpt lat="46.4363340" lon="12.1140290">
    <ele>1811.4</ele>
    <time>2024-06-02T13:49:27Z</time>
    <extensions>
     <gpxtpx:TrackPointExtension>
      <gpxtpx:atemp>25</gpxtpx:atemp>
      <gpxtpx:hr>109</gpxtpx:hr>
      <gpxtpx:cad>0</gpxtpx:cad>
     </gpxtpx:TrackPointExtension>
    </extensions>
   </trkpt>
   <trkpt lat="46.4363330" lon="12.1140220">
    <ele>1811.8</ele>
    <time>2024-06-02T13:49:30Z</time>
    <extensions>
     <gpxtpx:TrackPointExtension>
      <gpxtpx:atemp>25</gpxtpx:atemp>
      <gpxtpx:hr>112</gpxtpx:hr>
      <gpxtpx:cad>0</gpxtpx:cad>
     </gpxtpx:TrackPointExtension>
    </extensions>
   </trkpt>
   <trkpt lat="46.4363310" lon="12.1140000">
    <ele>1811.8</ele>
    <time>2024-06-02T13:49:33Z</time>
    <extensions>
     <gpxtpx:TrackPointExtension>
      <gpxtpx:atemp>25</gpxtpx:atemp>
      <gpxtpx:hr>115</gpxtpx:hr>
      <gpxtpx:cad>0</gpxtpx:cad>
     </gpxtpx:TrackPointExtension>
    </extensions>
   </trkpt>
   <trkpt lat="46.4363330" lon="12.1139990">
    <ele>1811.8</ele>
    <time>2024-06-02T13:49:35Z</time>
    <extensions>
     <gpxtpx:TrackPointExtension>
      <gpxtpx:atemp>25</gpxtpx:atemp>
      <gpxtpx:hr>119</gpxtpx:hr>
      <gpxtpx:cad>0</gpxtpx:cad>
     </gpxtpx:TrackPointExtension>
    </extensions>
   </trkpt>
   <trkpt lat="46.4363360" lon="12.1139970">
    <ele>1811.8</ele>
    <time>2024-06-02T13:49:38Z</time>
    <extensions>
     <gpxtpx:TrackPointExtension>
      <gpxtpx:atemp>25</gpxtpx:atemp>
      <gpxtpx:hr>123</gpxtpx:hr>
      <gpxtpx:cad>0</gpxtpx:cad>
     </gpxtpx:TrackPointExtension>
    </extensions>
   </trkpt>
   <trkpt lat="46.4363370" lon="12.1139980">
    <ele>1810.8</ele>
    <time>2024-06-02T13:49:43Z</time>
    <extensions>
     <gpxtpx:TrackPointExtension>
      <gpxtpx:atemp>25</gpxtpx:atemp>
      <gpxtpx:hr>129</gpxtpx:hr>
      <gpxtpx:cad>0</gpxtpx:cad>
     </gpxtpx:TrackPointExtension>
    </extensions>
   </trkpt>
   <trkpt lat="46.4363370" lon="12.1139980">
    <ele>1810.6</ele>
    <time>2024-06-02T13:49:44Z</time>
    <extensions>
     <gpxtpx:TrackPointExtension>
      <gpxtpx:atemp>25</gpxtpx:atemp>
      <gpxtpx:hr>133</gpxtpx:hr>
      <gpxtpx:cad>0</gpxtpx:cad>
     </gpxtpx:TrackPointExtension>
    </extensions>
   </trkpt>
   <trkpt lat="46.4363370" lon="12.1139980">
    <ele>1810.6</ele>
    <time>2024-06-02T13:49:45Z</time>
    <extensions>
     <gpxtpx:TrackPointExtension>
      <gpxtpx:atemp>25</gpxtpx:atemp>
      <gpxtpx:hr>136</gpxtpx:hr>
      <gpxtpx:cad>0</gpxtpx:cad>
     </gpxtpx:TrackPointExtension>
    </extensions>
   </trkpt>
   <trkpt lat="46.4363370" lon="12.1139980">
    <ele>1810.4</ele>
    <time>2024-06-02T13:49:47Z</time>
    <extensions>
     <gpxtpx:TrackPointExtension>
      <gpxtpx:atemp>25</gpxtpx:atemp>
      <gpxtpx:hr>137</gpxtpx:hr>
      <gpxtpx:cad>0</gpxtpx:cad>
     </gpxtpx:TrackPointExtension>
    </extensions>
   </trkpt>
   <trkpt lat="46.4363370" lon="12.1139970">
    <ele>1810.8</ele>
    <time>2024-06-02T13:49:55Z</time>
    <extensions>
     <gpxtpx:TrackPointExtension>
      <gpxtpx:atemp>25</gpxtpx:atemp>
      <gpxtpx:hr>134</gpxtpx:hr>
      <gpxtpx:cad>0</gpxtpx:cad>
     </gpxtpx:TrackPointExtension>
    </extensions>
   </trkpt>
   <trkpt lat="46.4363370" lon="12.1139940">
    <ele>1811.2</ele>
    <time>2024-06-02T13:50:00Z</time>
    <extensions>
     <gpxtpx:TrackPointExtension>
      <gpxtpx:atemp>25</gpxtpx:atemp>
      <gpxtpx:hr>131</gpxtpx:hr>
      <gpxtpx:cad>0</gpxtpx:cad>
     </gpxtpx:TrackPointExtension>
    </extensions>
   </trkpt>
   <trkpt lat="46.4363370" lon="12.1139930">
    <ele>1811.2</ele>
    <time>2024-06-02T13:50:05Z</time>
    <extensions>
     <gpxtpx:TrackPointExtension>
      <gpxtpx:atemp>25</gpxtpx:atemp>
      <gpxtpx:hr>128</gpxtpx:hr>
      <gpxtpx:cad>0</gpxtpx:cad>
     </gpxtpx:TrackPointExtension>
    </extensions>
   </trkpt>
   <trkpt lat="46.4363370" lon="12.1139920">
    <ele>1811.0</ele>
    <time>2024-06-02T13:50:07Z</time>
    <extensions>
     <gpxtpx:TrackPointExtension>
      <gpxtpx:atemp>25</gpxtpx:atemp>
      <gpxtpx:hr>124</gpxtpx:hr>
      <gpxtpx:cad>0</gpxtpx:cad>
     </gpxtpx:TrackPointExtension>
    </extensions>
   </trkpt>
   <trkpt lat="46.4363370" lon="12.1139920">
    <ele>1810.8</ele>
    <time>2024-06-02T13:50:09Z</time>
    <extensions>
     <gpxtpx:TrackPointExtension>
      <gpxtpx:atemp>25</gpxtpx:atemp>
      <gpxtpx:hr>121</gpxtpx:hr>
      <gpxtpx:cad>0</gpxtpx:cad>
     </gpxtpx:TrackPointExtension>
    </extensions>
   </trkpt>
   <trkpt lat="46.4363370" lon="12.1139910">
    <ele>1810.8</ele>
    <time>2024-06-02T13:50:12Z</time>
    <extensions>
     <gpxtpx:TrackPointExtension>
      <gpxtpx:atemp>25</gpxtpx:atemp>
      <gpxtpx:hr>118</gpxtpx:hr>
      <gpxtpx:cad>0</gpxtpx:cad>
     </gpxtpx:TrackPointExtension>
    </extensions>
   </trkpt>
   <trkpt lat="46.4363370" lon="12.1139900">
    <ele>1810.6</ele>
    <time>2024-06-02T13:50:16Z</time>
    <extensions>
     <gpxtpx:TrackPointExtension>
      <gpxtpx:atemp>25</gpxtpx:atemp>
      <gpxtpx:hr>115</gpxtpx:hr>
      <gpxtpx:cad>0</gpxtpx:cad>
     </gpxtpx:TrackPointExtension>
    </extensions>
   </trkpt>
   <trkpt lat="46.4363370" lon="12.1139900">
    <ele>1810.4</ele>
    <time>2024-06-02T13:50:18Z</time>
    <extensions>
     <gpxtpx:TrackPointExtension>
      <gpxtpx:atemp>25</gpxtpx:atemp>
      <gpxtpx:hr>111</gpxtpx:hr>
      <gpxtpx:cad>0</gpxtpx:cad>
     </gpxtpx:TrackPointExtension>
    </extensions>
   </trkpt>
   <trkpt lat="46.4363370" lon="12.1139900">
    <ele>1810.2</ele>
    <time>2024-06-02T13:50:19Z</time>
    <extensions>
     <gpxtpx:TrackPointExtension>
      <gpxtpx:atemp>25</gpxtpx:atemp>
      <gpxtpx:hr>110</gpxtpx:hr>
      <gpxtpx:cad>0</gpxtpx:cad>
     </gpxtpx:TrackPointExtension>
    </extensions>
   </trkpt>
   <trkpt lat="46.4363370" lon="12.1139900">
    <ele>1810.4</ele>
    <time>2024-06-02T13:50:34Z</time>
    <extensions>
     <gpxtpx:TrackPointExtension>
      <gpxtpx:atemp>25</gpxtpx:atemp>
      <gpxtpx:hr>109</gpxtpx:hr>
      <gpxtpx:cad>0</gpxtpx:cad>
     </gpxtpx:TrackPointExtension>
    </extensions>
   </trkpt>
   <trkpt lat="46.4363370" lon="12.1139920">
    <ele>1810.4</ele>
    <time>2024-06-02T13:50:44Z</time>
    <extensions>
     <gpxtpx:TrackPointExtension>
      <gpxtpx:atemp>25</gpxtpx:atemp>
      <gpxtpx:hr>106</gpxtpx:hr>
      <gpxtpx:cad>0</gpxtpx:cad>
     </gpxtpx:TrackPointExtension>
    </extensions>
   </trkpt>
   <trkpt lat="46.4363370" lon="12.1139920">
    <ele>1810.4</ele>
    <time>2024-06-02T13:50:48Z</time>
    <extensions>
     <gpxtpx:TrackPointExtension>
      <gpxtpx:atemp>26</gpxtpx:atemp>
      <gpxtpx:hr>103</gpxtpx:hr>
      <gpxtpx:cad>0</gpxtpx:cad>
     </gpxtpx:TrackPointExtension>
    </extensions>
   </trkpt>
   <trkpt lat="46.4363340" lon="12.1139890">
    <ele>1810.4</ele>
    <time>2024-06-02T13:50:58Z</time>
    <extensions>
     <gpxtpx:TrackPointExtension>
      <gpxtpx:atemp>26</gpxtpx:atemp>
      <gpxtpx:hr>100</gpxtpx:hr>
      <gpxtpx:cad>0</gpxtpx:cad>
     </gpxtpx:TrackPointExtension>
    </extensions>
   </trkpt>
   <trkpt lat="46.4363320" lon="12.1139860">
    <ele>1810.4</ele>
    <time>2024-06-02T13:51:02Z</time>
    <extensions>
     <gpxtpx:TrackPointExtension>
      <gpxtpx:atemp>26</gpxtpx:atemp>
      <gpxtpx:hr>97</gpxtpx:hr>
      <gpxtpx:cad>0</gpxtpx:cad>
     </gpxtpx:TrackPointExtension>
    </extensions>
   </trkpt>
   <trkpt lat="46.4363310" lon="12.1139820">
    <ele>1809.8</ele>
    <time>2024-06-02T13:51:09Z</time>
    <extensions>
     <gpxtpx:TrackPointExtension>
      <gpxtpx:atemp>26</gpxtpx:atemp>
      <gpxtpx:hr>97</gpxtpx:hr>
      <gpxtpx:cad>0</gpxtpx:cad>
     </gpxtpx:TrackPointExtension>
    </extensions>
   </trkpt>
   <trkpt lat="46.4363340" lon="12.1139810">
    <ele>1810.6</ele>
    <time>2024-06-02T13:51:24Z</time>
    <extensions>
     <gpxtpx:TrackPointExtension>
      <gpxtpx:atemp>26</gpxtpx:atemp>
      <gpxtpx:hr>100</gpxtpx:hr>
      <gpxtpx:cad>0</gpxtpx:cad>
     </gpxtpx:TrackPointExtension>
    </extensions>
   </trkpt>
   <trkpt lat="46.4363340" lon="12.1139800">
    <ele>1810.2</ele>
    <time>2024-06-02T13:51:30Z</time>
    <extensions>
     <gpxtpx:TrackPointExtension>
      <gpxtpx:atemp>26</gpxtpx:atemp>
      <gpxtpx:hr>103</gpxtpx:hr>
      <gpxtpx:cad>0</gpxtpx:cad>
     </gpxtpx:TrackPointExtension>
    </extensions>
   </trkpt>
   <trkpt lat="46.4363410" lon="12.1139600">
    <ele>1809.0</ele>
    <time>2024-06-02T13:51:49Z</time>
    <extensions>
     <gpxtpx:TrackPointExtension>
      <gpxtpx:atemp>26</gpxtpx:atemp>
      <gpxtpx:hr>102</gpxtpx:hr>
      <gpxtpx:cad>0</gpxtpx:cad>
     </gpxtpx:TrackPointExtension>
    </extensions>
   </trkpt>
   <trkpt lat="46.4362900" lon="12.1139760">
    <ele>1808.6</ele>
    <time>2024-06-02T13:51:54Z</time>
    <extensions>
     <gpxtpx:TrackPointExtension>
      <gpxtpx:atemp>26</gpxtpx:atemp>
      <gpxtpx:hr>102</gpxtpx:hr>
      <gpxtpx:cad>0</gpxtpx:cad>
     </gpxtpx:TrackPointExtension>
    </extensions>
   </trkpt>
   <trkpt lat="46.4362840" lon="12.1139790">
    <ele>1808.4</ele>
    <time>2024-06-02T13:51:55Z</time>
    <extensions>
     <gpxtpx:TrackPointExtension>
      <gpxtpx:atemp>26</gpxtpx:atemp>
      <gpxtpx:hr>101</gpxtpx:hr>
      <gpxtpx:cad>0</gpxtpx:cad>
     </gpxtpx:TrackPointExtension>
    </extensions>
   </trkpt>
   <trkpt lat="46.4362600" lon="12.1139840">
    <ele>1808.6</ele>
    <time>2024-06-02T13:52:07Z</time>
    <extensions>
     <gpxtpx:TrackPointExtension>
      <gpxtpx:atemp>26</gpxtpx:atemp>
      <gpxtpx:hr>100</gpxtpx:hr>
      <gpxtpx:cad>0</gpxtpx:cad>
     </gpxtpx:TrackPointExtension>
    </extensions>
   </trkpt>
   <trkpt lat="46.4362600" lon="12.1139840">
    <ele>1808.6</ele>
    <time>2024-06-02T13:52:12Z</time>
    <extensions>
     <gpxtpx:TrackPointExtension>
      <gpxtpx:atemp>27</gpxtpx:atemp>
      <gpxtpx:hr>97</gpxtpx:hr>
      <gpxtpx:cad>0</gpxtpx:cad>
     </gpxtpx:TrackPointExtension>
    </extensions>
   </trkpt>
   <trkpt lat="46.4362600" lon="12.1139840">
    <ele>1808.6</ele>
    <time>2024-06-02T13:52:14Z</time>
    <extensions>
     <gpxtpx:TrackPointExtension>
      <gpxtpx:atemp>27</gpxtpx:atemp>
      <gpxtpx:hr>93</gpxtpx:hr>
      <gpxtpx:cad>0</gpxtpx:cad>
     </gpxtpx:TrackPointExtension>
    </extensions>
   </trkpt>
   <trkpt lat="46.4362600" lon="12.1139840">
    <ele>1808.6</ele>
    <time>2024-06-02T13:52:16Z</time>
    <extensions>
     <gpxtpx:TrackPointExtension>
      <gpxtpx:atemp>27</gpxtpx:atemp>
      <gpxtpx:hr>90</gpxtpx:hr>
      <gpxtpx:cad>0</gpxtpx:cad>
     </gpxtpx:TrackPointExtension>
    </extensions>
   </trkpt>
   <trkpt lat="46.4362600" lon="12.1139900">
    <ele>1808.0</ele>
    <time>2024-06-02T13:52:36Z</time>
    <extensions>
     <gpxtpx:TrackPointExtension>
      <gpxtpx:atemp>26</gpxtpx:atemp>
      <gpxtpx:hr>92</gpxtpx:hr>
      <gpxtpx:cad>0</gpxtpx:cad>
     </gpxtpx:TrackPointExtension>
    </extensions>
   </trkpt>
   <trkpt lat="46.4362600" lon="12.1139960">
    <ele>1808.0</ele>
    <time>2024-06-02T13:52:44Z</time>
    <extensions>
     <gpxtpx:TrackPointExtension>
      <gpxtpx:atemp>26</gpxtpx:atemp>
      <gpxtpx:hr>89</gpxtpx:hr>
      <gpxtpx:cad>0</gpxtpx:cad>
     </gpxtpx:TrackPointExtension>
    </extensions>
   </trkpt>
   <trkpt lat="46.4362900" lon="12.1139840">
    <ele>1808.0</ele>
    <time>2024-06-02T13:53:12Z</time>
    <extensions>
     <gpxtpx:TrackPointExtension>
      <gpxtpx:atemp>27</gpxtpx:atemp>
      <gpxtpx:hr>92</gpxtpx:hr>
      <gpxtpx:cad>0</gpxtpx:cad>
     </gpxtpx:TrackPointExtension>
    </extensions>
   </trkpt>
   <trkpt lat="46.4363140" lon="12.1140200">
    <ele>1807.8</ele>
    <time>2024-06-02T13:53:16Z</time>
    <extensions>
     <gpxtpx:TrackPointExtension>
      <gpxtpx:atemp>27</gpxtpx:atemp>
      <gpxtpx:hr>95</gpxtpx:hr>
      <gpxtpx:cad>75</gpxtpx:cad>
     </gpxtpx:TrackPointExtension>
    </extensions>
   </trkpt>
   <trkpt lat="46.4363300" lon="12.1140670">
    <ele>1807.6</ele>
    <time>2024-06-02T13:53:19Z</time>
    <extensions>
     <gpxtpx:TrackPointExtension>
      <gpxtpx:atemp>27</gpxtpx:atemp>
      <gpxtpx:hr>98</gpxtpx:hr>
      <gpxtpx:cad>75</gpxtpx:cad>
     </gpxtpx:TrackPointExtension>
    </extensions>
   </trkpt>
   <trkpt lat="46.4363390" lon="12.1140940">
    <ele>1807.4</ele>
    <time>2024-06-02T13:53:21Z</time>
    <extensions>
     <gpxtpx:TrackPointExtension>
      <gpxtpx:atemp>27</gpxtpx:atemp>
      <gpxtpx:hr>101</gpxtpx:hr>
      <gpxtpx:cad>49</gpxtpx:cad>
     </gpxtpx:TrackPointExtension>
    </extensions>
   </trkpt>
   <trkpt lat="46.4363520" lon="12.1141290">
    <ele>1807.0</ele>
    <time>2024-06-02T13:53:24Z</time>
    <extensions>
     <gpxtpx:TrackPointExtension>
      <gpxtpx:atemp>27</gpxtpx:atemp>
      <gpxtpx:hr>105</gpxtpx:hr>
      <gpxtpx:cad>49</gpxtpx:cad>
     </gpxtpx:TrackPointExtension>
    </extensions>
   </trkpt>
   <trkpt lat="46.4363570" lon="12.1141700">
    <ele>1806.8</ele>
    <time>2024-06-02T13:53:27Z</time>
    <extensions>
     <gpxtpx:TrackPointExtension>
      <gpxtpx:atemp>27</gpxtpx:atemp>
      <gpxtpx:hr>107</gpxtpx:hr>
      <gpxtpx:cad>48</gpxtpx:cad>
     </gpxtpx:TrackPointExtension>
    </extensions>
   </trkpt>
   <trkpt lat="46.4363660" lon="12.1142240">
    <ele>1805.8</ele>
    <time>2024-06-02T13:53:31Z</time>
    <extensions>
     <gpxtpx:TrackPointExtension>
      <gpxtpx:atemp>27</gpxtpx:atemp>
      <gpxtpx:hr>109</gpxtpx:hr>
      <gpxtpx:cad>54</gpxtpx:cad>
     </gpxtpx:TrackPointExtension>
    </extensions>
   </trkpt>
   <trkpt lat="46.4363910" lon="12.1142710">
    <ele>1804.8</ele>
    <time>2024-06-02T13:53:34Z</time>
    <extensions>
     <gpxtpx:TrackPointExtension>
      <gpxtpx:atemp>26</gpxtpx:atemp>
      <gpxtpx:hr>109</gpxtpx:hr>
      <gpxtpx:cad>53</gpxtpx:cad>
     </gpxtpx:TrackPointExtension>
    </extensions>
   </trkpt>
   <trkpt lat="46.4364040" lon="12.1142830">
    <ele>1804.4</ele>
    <time>2024-06-02T13:53:35Z</time>
    <extensions>
     <gpxtpx:TrackPointExtension>
      <gpxtpx:atemp>26</gpxtpx:atemp>
      <gpxtpx:hr>109</gpxtpx:hr>
      <gpxtpx:cad>53</gpxtpx:cad>
     </gpxtpx:TrackPointExtension>
    </extensions>
   </trkpt>
   <trkpt lat="46.4364220" lon="12.1143070">
    <ele>1803.8</ele>
    <time>2024-06-02T13:53:37Z</time>
    <extensions>
     <gpxtpx:TrackPointExtension>
      <gpxtpx:atemp>26</gpxtpx:atemp>
      <gpxtpx:hr>109</gpxtpx:hr>
      <gpxtpx:cad>54</gpxtpx:cad>
     </gpxtpx:TrackPointExtension>
    </extensions>
   </trkpt>
   <trkpt lat="46.4364300" lon="12.1143540">
    <ele>1803.6</ele>
    <time>2024-06-02T13:53:40Z</time>
    <extensions>
     <gpxtpx:TrackPointExtension>
      <gpxtpx:atemp>26</gpxtpx:atemp>
      <gpxtpx:hr>109</gpxtpx:hr>
      <gpxtpx:cad>52</gpxtpx:cad>
     </gpxtpx:TrackPointExtension>
    </extensions>
   </trkpt>
   <trkpt lat="46.4364380" lon="12.1143630">
    <ele>1803.4</ele>
    <time>2024-06-02T13:53:41Z</time>
    <extensions>
     <gpxtpx:TrackPointExtension>
      <gpxtpx:atemp>26</gpxtpx:atemp>
      <gpxtpx:hr>109</gpxtpx:hr>
      <gpxtpx:cad>53</gpxtpx:cad>
     </gpxtpx:TrackPointExtension>
    </extensions>
   </trkpt>
   <trkpt lat="46.4364700" lon="12.1143840">
    <ele>1803.4</ele>
    <time>2024-06-02T13:53:45Z</time>
    <extensions>
     <gpxtpx:TrackPointExtension>
      <gpxtpx:atemp>26</gpxtpx:atemp>
      <gpxtpx:hr>108</gpxtpx:hr>
      <gpxtpx:cad>52</gpxtpx:cad>
     </gpxtpx:TrackPointExtension>
    </extensions>
   </trkpt>
   <trkpt lat="46.4364810" lon="12.1143760">
    <ele>1803.4</ele>
    <time>2024-06-02T13:53:46Z</time>
    <extensions>
     <gpxtpx:TrackPointExtension>
      <gpxtpx:atemp>26</gpxtpx:atemp>
      <gpxtpx:hr>108</gpxtpx:hr>
      <gpxtpx:cad>51</gpxtpx:cad>
     </gpxtpx:TrackPointExtension>
    </extensions>
   </trkpt>
   <trkpt lat="46.4364950" lon="12.1143760">
    <ele>1803.4</ele>
    <time>2024-06-02T13:53:47Z</time>
    <extensions>
     <gpxtpx:TrackPointExtension>
      <gpxtpx:atemp>26</gpxtpx:atemp>
      <gpxtpx:hr>109</gpxtpx:hr>
      <gpxtpx:cad>48</gpxtpx:cad>
     </gpxtpx:TrackPointExtension>
    </extensions>
   </trkpt>
   <trkpt lat="46.4365260" lon="12.1143830">
    <ele>1803.6</ele>
    <time>2024-06-02T13:53:49Z</time>
    <extensions>
     <gpxtpx:TrackPointExtension>
      <gpxtpx:atemp>26</gpxtpx:atemp>
      <gpxtpx:hr>107</gpxtpx:hr>
      <gpxtpx:cad>47</gpxtpx:cad>
     </gpxtpx:TrackPointExtension>
    </extensions>
   </trkpt>
   <trkpt lat="46.4365400" lon="12.1144340">
    <ele>1803.6</ele>
    <time>2024-06-02T13:53:52Z</time>
    <extensions>
     <gpxtpx:TrackPointExtension>
      <gpxtpx:atemp>26</gpxtpx:atemp>
      <gpxtpx:hr>109</gpxtpx:hr>
      <gpxtpx:cad>46</gpxtpx:cad>
     </gpxtpx:TrackPointExtension>
    </extensions>
   </trkpt>
   <trkpt lat="46.4365720" lon="12.1144860">
    <ele>1803.2</ele>
    <time>2024-06-02T13:53:58Z</time>
    <extensions>
     <gpxtpx:TrackPointExtension>
      <gpxtpx:atemp>26</gpxtpx:atemp>
      <gpxtpx:hr>111</gpxtpx:hr>
      <gpxtpx:cad>0</gpxtpx:cad>
     </gpxtpx:TrackPointExtension>
    </extensions>
   </trkpt>
   <trkpt lat="46.4365470" lon="12.1144630">
    <ele>1803.4</ele>
    <time>2024-06-02T13:54:03Z</time>
    <extensions>
     <gpxtpx:TrackPointExtension>
      <gpxtpx:atemp>26</gpxtpx:atemp>
      <gpxtpx:hr>112</gpxtpx:hr>
      <gpxtpx:cad>0</gpxtpx:cad>
     </gpxtpx:TrackPointExtension>
    </extensions>
   </trkpt>
   <trkpt lat="46.4365530" lon="12.1144710">
    <ele>1803.4</ele>
    <time>2024-06-02T13:54:09Z</time>
    <extensions>
     <gpxtpx:TrackPointExtension>
      <gpxtpx:atemp>26</gpxtpx:atemp>
      <gpxtpx:hr>110</gpxtpx:hr>
      <gpxtpx:cad>0</gpxtpx:cad>
     </gpxtpx:TrackPointExtension>
    </extensions>
   </trkpt>
   <trkpt lat="46.4365530" lon="12.1144710">
    <ele>1804.0</ele>
    <time>2024-06-02T13:54:21Z</time>
    <extensions>
     <gpxtpx:TrackPointExtension>
      <gpxtpx:atemp>26</gpxtpx:atemp>
      <gpxtpx:hr>108</gpxtpx:hr>
      <gpxtpx:cad>0</gpxtpx:cad>
     </gpxtpx:TrackPointExtension>
    </extensions>
   </trkpt>
   <trkpt lat="46.4365530" lon="12.1144740">
    <ele>1803.8</ele>
    <time>2024-06-02T13:54:33Z</time>
    <extensions>
     <gpxtpx:TrackPointExtension>
      <gpxtpx:atemp>26</gpxtpx:atemp>
      <gpxtpx:hr>105</gpxtpx:hr>
      <gpxtpx:cad>0</gpxtpx:cad>
     </gpxtpx:TrackPointExtension>
    </extensions>
   </trkpt>
   <trkpt lat="46.4365550" lon="12.1144740">
    <ele>1803.6</ele>
    <time>2024-06-02T13:54:39Z</time>
    <extensions>
     <gpxtpx:TrackPointExtension>
      <gpxtpx:atemp>26</gpxtpx:atemp>
      <gpxtpx:hr>102</gpxtpx:hr>
      <gpxtpx:cad>0</gpxtpx:cad>
     </gpxtpx:TrackPointExtension>
    </extensions>
   </trkpt>
   <trkpt lat="46.4365800" lon="12.1145670">
    <ele>1803.8</ele>
    <time>2024-06-02T13:54:55Z</time>
    <extensions>
     <gpxtpx:TrackPointExtension>
      <gpxtpx:atemp>26</gpxtpx:atemp>
      <gpxtpx:hr>102</gpxtpx:hr>
      <gpxtpx:cad>45</gpxtpx:cad>
     </gpxtpx:TrackPointExtension>
    </extensions>
   </trkpt>
   <trkpt lat="46.4365820" lon="12.1146810">
    <ele>1803.2</ele>
    <time>2024-06-02T13:55:02Z</time>
    <extensions>
     <gpxtpx:TrackPointExtension>
      <gpxtpx:atemp>25</gpxtpx:atemp>
      <gpxtpx:hr>102</gpxtpx:hr>
      <gpxtpx:cad>0</gpxtpx:cad>
     </gpxtpx:TrackPointExtension>
    </extensions>
   </trkpt>
   <trkpt lat="46.4365820" lon="12.1146850">
    <ele>1802.8</ele>
    <time>2024-06-02T13:55:03Z</time>
    <extensions>
     <gpxtpx:TrackPointExtension>
      <gpxtpx:atemp>25</gpxtpx:atemp>
      <gpxtpx:hr>102</gpxtpx:hr>
      <gpxtpx:cad>0</gpxtpx:cad>
     </gpxtpx:TrackPointExtension>
    </extensions>
   </trkpt>
   <trkpt lat="46.4365810" lon="12.1146920">
    <ele>1802.8</ele>
    <time>2024-06-02T13:55:08Z</time>
    <extensions>
     <gpxtpx:TrackPointExtension>
      <gpxtpx:atemp>25</gpxtpx:atemp>
      <gpxtpx:hr>105</gpxtpx:hr>
      <gpxtpx:cad>0</gpxtpx:cad>
     </gpxtpx:TrackPointExtension>
    </extensions>
   </trkpt>
   <trkpt lat="46.4365800" lon="12.1146940">
    <ele>1802.8</ele>
    <time>2024-06-02T13:55:09Z</time>
    <extensions>
     <gpxtpx:TrackPointExtension>
      <gpxtpx:atemp>25</gpxtpx:atemp>
      <gpxtpx:hr>109</gpxtpx:hr>
      <gpxtpx:cad>0</gpxtpx:cad>
     </gpxtpx:TrackPointExtension>
    </extensions>
   </trkpt>
   <trkpt lat="46.4365810" lon="12.1146950">
    <ele>1802.8</ele>
    <time>2024-06-02T13:55:11Z</time>
    <extensions>
     <gpxtpx:TrackPointExtension>
      <gpxtpx:atemp>25</gpxtpx:atemp>
      <gpxtpx:hr>110</gpxtpx:hr>
      <gpxtpx:cad>0</gpxtpx:cad>
     </gpxtpx:TrackPointExtension>
    </extensions>
   </trkpt>
   <trkpt lat="46.4365750" lon="12.1147040">
    <ele>1802.8</ele>
    <time>2024-06-02T13:55:13Z</time>
    <extensions>
     <gpxtpx:TrackPointExtension>
      <gpxtpx:atemp>25</gpxtpx:atemp>
      <gpxtpx:hr>107</gpxtpx:hr>
      <gpxtpx:cad>0</gpxtpx:cad>
     </gpxtpx:TrackPointExtension>
    </extensions>
   </trkpt>
   <trkpt lat="46.4365650" lon="12.1147550">
    <ele>1803.2</ele>
    <time>2024-06-02T13:55:18Z</time>
    <extensions>
     <gpxtpx:TrackPointExtension>
      <gpxtpx:atemp>25</gpxtpx:atemp>
      <gpxtpx:hr>104</gpxtpx:hr>
      <gpxtpx:cad>0</gpxtpx:cad>
     </gpxtpx:TrackPointExtension>
    </extensions>
   </trkpt>
   <trkpt lat="46.4365660" lon="12.1148140">
    <ele>1803.0</ele>
    <time>2024-06-02T13:55:24Z</time>
    <extensions>
     <gpxtpx:TrackPointExtension>
      <gpxtpx:atemp>25</gpxtpx:atemp>
      <gpxtpx:hr>102</gpxtpx:hr>
      <gpxtpx:cad>46</gpxtpx:cad>
     </gpxtpx:TrackPointExtension>
    </extensions>
   </trkpt>
   <trkpt lat="46.4365670" lon="12.1148470">
    <ele>1802.8</ele>
    <time>2024-06-02T13:55:26Z</time>
    <extensions>
     <gpxtpx:TrackPointExtension>
      <gpxtpx:atemp>25</gpxtpx:atemp>
      <gpxtpx:hr>101</gpxtpx:hr>
      <gpxtpx:cad>46</gpxtpx:cad>
     </gpxtpx:TrackPointExtension>
    </extensions>
   </trkpt>
   <trkpt lat="46.4365700" lon="12.1149060">
    <ele>1802.8</ele>
    <time>2024-06-02T13:55:29Z</time>
    <extensions>
     <gpxtpx:TrackPointExtension>
      <gpxtpx:atemp>25</gpxtpx:atemp>
      <gpxtpx:hr>102</gpxtpx:hr>
      <gpxtpx:cad>48</gpxtpx:cad>
     </gpxtpx:TrackPointExtension>
    </extensions>
   </trkpt>
   <trkpt lat="46.4365710" lon="12.1149630">
    <ele>1802.4</ele>
    <time>2024-06-02T13:55:34Z</time>
    <extensions>
     <gpxtpx:TrackPointExtension>
      <gpxtpx:atemp>25</gpxtpx:atemp>
      <gpxtpx:hr>101</gpxtpx:hr>
      <gpxtpx:cad>0</gpxtpx:cad>
     </gpxtpx:TrackPointExtension>
    </extensions>
   </trkpt>
   <trkpt lat="46.4365830" lon="12.1150170">
    <ele>1802.2</ele>
    <time>2024-06-02T13:55:40Z</time>
    <extensions>
     <gpxtpx:TrackPointExtension>
      <gpxtpx:atemp>25</gpxtpx:atemp>
      <gpxtpx:hr>100</gpxtpx:hr>
      <gpxtpx:cad>0</gpxtpx:cad>
     </gpxtpx:TrackPointExtension>
    </extensions>
   </trkpt>
   <trkpt lat="46.4365630" lon="12.1150650">
    <ele>1801.8</ele>
    <time>2024-06-02T13:55:50Z</time>
    <extensions>
     <gpxtpx:TrackPointExtension>
      <gpxtpx:atemp>25</gpxtpx:atemp>
      <gpxtpx:hr>99</gpxtpx:hr>
      <gpxtpx:cad>0</gpxtpx:cad>
     </gpxtpx:TrackPointExtension>
    </extensions>
   </trkpt>
   <trkpt lat="46.4365810" lon="12.1150850">
    <ele>1801.6</ele>
    <time>2024-06-02T13:55:53Z</time>
    <extensions>
     <gpxtpx:TrackPointExtension>
      <gpxtpx:atemp>25</gpxtpx:atemp>
      <gpxtpx:hr>103</gpxtpx:hr>
      <gpxtpx:cad>0</gpxtpx:cad>
     </gpxtpx:TrackPointExtension>
    </extensions>
   </trkpt>
   <trkpt lat="46.4365810" lon="12.1150900">
    <ele>1801.6</ele>
    <time>2024-06-02T13:55:54Z</time>
    <extensions>
     <gpxtpx:TrackPointExtension>
      <gpxtpx:atemp>25</gpxtpx:atemp>
      <gpxtpx:hr>100</gpxtpx:hr>
      <gpxtpx:cad>0</gpxtpx:cad>
     </gpxtpx:TrackPointExtension>
    </extensions>
   </trkpt>
   <trkpt lat="46.4365740" lon="12.1151140">
    <ele>1801.4</ele>
    <time>2024-06-02T13:55:57Z</time>
    <extensions>
     <gpxtpx:TrackPointExtension>
      <gpxtpx:atemp>25</gpxtpx:atemp>
      <gpxtpx:hr>100</gpxtpx:hr>
      <gpxtpx:cad>42</gpxtpx:cad>
     </gpxtpx:TrackPointExtension>
    </extensions>
   </trkpt>
   <trkpt lat="46.4365670" lon="12.1151770">
    <ele>1801.2</ele>
    <time>2024-06-02T13:56:03Z</time>
    <extensions>
     <gpxtpx:TrackPointExtension>
      <gpxtpx:atemp>25</gpxtpx:atemp>
      <gpxtpx:hr>100</gpxtpx:hr>
      <gpxtpx:cad>0</gpxtpx:cad>
     </gpxtpx:TrackPointExtension>
    </extensions>
   </trkpt>
   <trkpt lat="46.4365640" lon="12.1151810">
    <ele>1801.0</ele>
    <time>2024-06-02T13:56:04Z</time>
    <extensions>
     <gpxtpx:TrackPointExtension>
      <gpxtpx:atemp>25</gpxtpx:atemp>
      <gpxtpx:hr>100</gpxtpx:hr>
      <gpxtpx:cad>0</gpxtpx:cad>
     </gpxtpx:TrackPointExtension>
    </extensions>
   </trkpt>
   <trkpt lat="46.4365580" lon="12.1151900">
    <ele>1801.0</ele>
    <time>2024-06-02T13:56:07Z</time>
    <extensions>
     <gpxtpx:TrackPointExtension>
      <gpxtpx:atemp>25</gpxtpx:atemp>
      <gpxtpx:hr>97</gpxtpx:hr>
      <gpxtpx:cad>44</gpxtpx:cad>
     </gpxtpx:TrackPointExtension>
    </extensions>
   </trkpt>
   <trkpt lat="46.4365550" lon="12.1152040">
    <ele>1800.8</ele>
    <time>2024-06-02T13:56:09Z</time>
    <extensions>
     <gpxtpx:TrackPointExtension>
      <gpxtpx:atemp>25</gpxtpx:atemp>
      <gpxtpx:hr>100</gpxtpx:hr>
      <gpxtpx:cad>44</gpxtpx:cad>
     </gpxtpx:TrackPointExtension>
    </extensions>
   </trkpt>
   <trkpt lat="46.4365380" lon="12.1152320">
    <ele>1800.6</ele>
    <time>2024-06-02T13:56:15Z</time>
    <extensions>
     <gpxtpx:TrackPointExtension>
      <gpxtpx:atemp>25</gpxtpx:atemp>
      <gpxtpx:hr>106</gpxtpx:hr>
      <gpxtpx:cad>49</gpxtpx:cad>
     </gpxtpx:TrackPointExtension>
    </extensions>
   </trkpt>
   <trkpt lat="46.4365340" lon="12.1152440">
    <ele>1800.6</ele>
    <time>2024-06-02T13:56:16Z</time>
    <extensions>
     <gpxtpx:TrackPointExtension>
      <gpxtpx:atemp>25</gpxtpx:atemp>
      <gpxtpx:hr>104</gpxtpx:hr>
      <gpxtpx:cad>48</gpxtpx:cad>
     </gpxtpx:TrackPointExtension>
    </extensions>
   </trkpt>
   <trkpt lat="46.4365350" lon="12.1152520">
    <ele>1800.6</ele>
    <time>2024-06-02T13:56:17Z</time>
    <extensions>
     <gpxtpx:TrackPointExtension>
      <gpxtpx:atemp>25</gpxtpx:atemp>
      <gpxtpx:hr>110</gpxtpx:hr>
      <gpxtpx:cad>48</gpxtpx:cad>
     </gpxtpx:TrackPointExtension>
    </extensions>
   </trkpt>
   <trkpt lat="46.4365350" lon="12.1152540">
    <ele>1800.6</ele>
    <time>2024-06-02T13:56:18Z</time>
    <extensions>
     <gpxtpx:TrackPointExtension>
      <gpxtpx:atemp>25</gpxtpx:atemp>
      <gpxtpx:hr>113</gpxtpx:hr>
      <gpxtpx:cad>46</gpxtpx:cad>
     </gpxtpx:TrackPointExtension>
    </extensions>
   </trkpt>
   <trkpt lat="46.4365320" lon="12.1152480">
    <ele>1800.4</ele>
    <time>2024-06-02T13:56:19Z</time>
    <extensions>
     <gpxtpx:TrackPointExtension>
      <gpxtpx:atemp>25</gpxtpx:atemp>
      <gpxtpx:hr>113</gpxtpx:hr>
      <gpxtpx:cad>46</gpxtpx:cad>
     </gpxtpx:TrackPointExtension>
    </extensions>
   </trkpt>
   <trkpt lat="46.4365160" lon="12.1152540">
    <ele>1800.2</ele>
    <time>2024-06-02T13:56:21Z</time>
    <extensions>
     <gpxtpx:TrackPointExtension>
      <gpxtpx:atemp>25</gpxtpx:atemp>
      <gpxtpx:hr>115</gpxtpx:hr>
      <gpxtpx:cad>47</gpxtpx:cad>
     </gpxtpx:TrackPointExtension>
    </extensions>
   </trkpt>
   <trkpt lat="46.4365030" lon="12.1152680">
    <ele>1800.2</ele>
    <time>2024-06-02T13:56:23Z</time>
    <extensions>
     <gpxtpx:TrackPointExtension>
      <gpxtpx:atemp>25</gpxtpx:atemp>
      <gpxtpx:hr>112</gpxtpx:hr>
      <gpxtpx:cad>47</gpxtpx:cad>
     </gpxtpx:TrackPointExtension>
    </extensions>
   </trkpt>
   <trkpt lat="46.4364940" lon="12.1152670">
    <ele>1800.0</ele>
    <time>2024-06-02T13:56:25Z</time>
    <extensions>
     <gpxtpx:TrackPointExtension>
      <gpxtpx:atemp>25</gpxtpx:atemp>
      <gpxtpx:hr>111</gpxtpx:hr>
      <gpxtpx:cad>47</gpxtpx:cad>
     </gpxtpx:TrackPointExtension>
    </extensions>
   </trkpt>
   <trkpt lat="46.4364730" lon="12.1153070">
    <ele>1799.8</ele>
    <time>2024-06-02T13:56:31Z</time>
    <extensions>
     <gpxtpx:TrackPointExtension>
      <gpxtpx:atemp>25</gpxtpx:atemp>
      <gpxtpx:hr>115</gpxtpx:hr>
      <gpxtpx:cad>49</gpxtpx:cad>
     </gpxtpx:TrackPointExtension>
    </extensions>
   </trkpt>
   <trkpt lat="46.4364520" lon="12.1153860">
    <ele>1799.4</ele>
    <time>2024-06-02T13:56:36Z</time>
    <extensions>
     <gpxtpx:TrackPointExtension>
      <gpxtpx:atemp>25</gpxtpx:atemp>
      <gpxtpx:hr>112</gpxtpx:hr>
      <gpxtpx:cad>48</gpxtpx:cad>
     </gpxtpx:TrackPointExtension>
    </extensions>
   </trkpt>
   <trkpt lat="46.4364440" lon="12.1153940">
    <ele>1799.2</ele>
    <time>2024-06-02T13:56:38Z</time>
    <extensions>
     <gpxtpx:TrackPointExtension>
      <gpxtpx:atemp>25</gpxtpx:atemp>
      <gpxtpx:hr>113</gpxtpx:hr>
      <gpxtpx:cad>48</gpxtpx:cad>
     </gpxtpx:TrackPointExtension>
    </extensions>
   </trkpt>
   <trkpt lat="46.4364380" lon="12.1154050">
    <ele>1798.8</ele>
    <time>2024-06-02T13:56:39Z</time>
    <extensions>
     <gpxtpx:TrackPointExtension>
      <gpxtpx:atemp>25</gpxtpx:atemp>
      <gpxtpx:hr>112</gpxtpx:hr>
      <gpxtpx:cad>47</gpxtpx:cad>
     </gpxtpx:TrackPointExtension>
    </extensions>
   </trkpt>
   <trkpt lat="46.4364110" lon="12.1154400">
    <ele>1798.6</ele>
    <time>2024-06-02T13:56:44Z</time>
    <extensions>
     <gpxtpx:TrackPointExtension>
      <gpxtpx:atemp>25</gpxtpx:atemp>
      <gpxtpx:hr>111</gpxtpx:hr>
      <gpxtpx:cad>43</gpxtpx:cad>
     </gpxtpx:TrackPointExtension>
    </extensions>
   </trkpt>
   <trkpt lat="46.4363890" lon="12.1154900">
    <ele>1798.0</ele>
    <time>2024-06-02T13:56:49Z</time>
    <extensions>
     <gpxtpx:TrackPointExtension>
      <gpxtpx:atemp>25</gpxtpx:atemp>
      <gpxtpx:hr>107</gpxtpx:hr>
      <gpxtpx:cad>42</gpxtpx:cad>
     </gpxtpx:TrackPointExtension>
    </extensions>
   </trkpt>
   <trkpt lat="46.4363810" lon="12.1155060">
    <ele>1797.8</ele>
    <time>2024-06-02T13:56:51Z</time>
    <extensions>
     <gpxtpx:TrackPointExtension>
      <gpxtpx:atemp>25</gpxtpx:atemp>
      <gpxtpx:hr>108</gpxtpx:hr>
      <gpxtpx:cad>42</gpxtpx:cad>
     </gpxtpx:TrackPointExtension>
    </extensions>
   </trkpt>
   <trkpt lat="46.4363720" lon="12.1155870">
    <ele>1797.8</ele>
    <time>2024-06-02T13:56:59Z</time>
    <extensions>
     <gpxtpx:TrackPointExtension>
      <gpxtpx:atemp>25</gpxtpx:atemp>
      <gpxtpx:hr>105</gpxtpx:hr>
      <gpxtpx:cad>46</gpxtpx:cad>
     </gpxtpx:TrackPointExtension>
    </extensions>
   </trkpt>
   <trkpt lat="46.4363810" lon="12.1156510">
    <ele>1797.8</ele>
    <time>2024-06-02T13:57:05Z</time>
    <extensions>
     <gpxtpx:TrackPointExtension>
      <gpxtpx:atemp>25</gpxtpx:atemp>
      <gpxtpx:hr>104</gpxtpx:hr>
      <gpxtpx:cad>0</gpxtpx:cad>
     </gpxtpx:TrackPointExtension>
    </extensions>
   </trkpt>
   <trkpt lat="46.4363880" lon="12.1156770">
    <ele>1797.6</ele>
    <time>2024-06-02T13:57:06Z</time>
    <extensions>
     <gpxtpx:TrackPointExtension>
      <gpxtpx:atemp>24</gpxtpx:atemp>
      <gpxtpx:hr>104</gpxtpx:hr>
      <gpxtpx:cad>0</gpxtpx:cad>
     </gpxtpx:TrackPointExtension>
    </extensions>
   </trkpt>
   <trkpt lat="46.4363740" lon="12.1157670">
    <ele>1797.2</ele>
    <time>2024-06-02T13:57:13Z</time>
    <extensions>
     <gpxtpx:TrackPointExtension>
      <gpxtpx:atemp>25</gpxtpx:atemp>
      <gpxtpx:hr>104</gpxtpx:hr>
      <gpxtpx:cad>47</gpxtpx:cad>
     </gpxtpx:TrackPointExtension>
    </extensions>
   </trkpt>
   <trkpt lat="46.4363450" lon="12.1158100">
    <ele>1797.0</ele>
    <time>2024-06-02T13:57:19Z</time>
    <extensions>
     <gpxtpx:TrackPointExtension>
      <gpxtpx:atemp>24</gpxtpx:atemp>
      <gpxtpx:hr>103</gpxtpx:hr>
      <gpxtpx:cad>0</gpxtpx:cad>
     </gpxtpx:TrackPointExtension>
    </extensions>
   </trkpt>
   <trkpt lat="46.4363360" lon="12.1158400">
    <ele>1796.8</ele>
    <time>2024-06-02T13:57:23Z</time>
    <extensions>
     <gpxtpx:TrackPointExtension>
      <gpxtpx:atemp>24</gpxtpx:atemp>
      <gpxtpx:hr>103</gpxtpx:hr>
      <gpxtpx:cad>0</gpxtpx:cad>
     </gpxtpx:TrackPointExtension>
    </extensions>
   </trkpt>
   <trkpt lat="46.4363360" lon="12.1158850">
    <ele>1796.8</ele>
    <time>2024-06-02T13:57:28Z</time>
    <extensions>
     <gpxtpx:TrackPointExtension>
      <gpxtpx:atemp>24</gpxtpx:atemp>
      <gpxtpx:hr>102</gpxtpx:hr>
      <gpxtpx:cad>0</gpxtpx:cad>
     </gpxtpx:TrackPointExtension>
    </extensions>
   </trkpt>
   <trkpt lat="46.4363320" lon="12.1158970">
    <ele>1796.6</ele>
    <time>2024-06-02T13:57:29Z</time>
    <extensions>
     <gpxtpx:TrackPointExtension>
      <gpxtpx:atemp>24</gpxtpx:atemp>
      <gpxtpx:hr>102</gpxtpx:hr>
      <gpxtpx:cad>0</gpxtpx:cad>
     </gpxtpx:TrackPointExtension>
    </extensions>
   </trkpt>
   <trkpt lat="46.4362820" lon="12.1159790">
    <ele>1796.4</ele>
    <time>2024-06-02T13:57:37Z</time>
    <extensions>
     <gpxtpx:TrackPointExtension>
      <gpxtpx:atemp>24</gpxtpx:atemp>
      <gpxtpx:hr>100</gpxtpx:hr>
      <gpxtpx:cad>0</gpxtpx:cad>
     </gpxtpx:TrackPointExtension>
    </extensions>
   </trkpt>
   <trkpt lat="46.4362770" lon="12.1160070">
    <ele>1796.2</ele>
    <time>2024-06-02T13:57:42Z</time>
    <extensions>
     <gpxtpx:TrackPointExtension>
      <gpxtpx:atemp>24</gpxtpx:atemp>
      <gpxtpx:hr>96</gpxtpx:hr>
      <gpxtpx:cad>0</gpxtpx:cad>
     </gpxtpx:TrackPointExtension>
    </extensions>
   </trkpt>
   <trkpt lat="46.4362670" lon="12.1160050">
    <ele>1796.2</ele>
    <time>2024-06-02T13:57:44Z</time>
    <extensions>
     <gpxtpx:TrackPointExtension>
      <gpxtpx:atemp>24</gpxtpx:atemp>
      <gpxtpx:hr>98</gpxtpx:hr>
      <gpxtpx:cad>0</gpxtpx:cad>
     </gpxtpx:TrackPointExtension>
    </extensions>
   </trkpt>
   <trkpt lat="46.4362460" lon="12.1160350">
    <ele>1796.2</ele>
    <time>2024-06-02T13:57:48Z</time>
    <extensions>
     <gpxtpx:TrackPointExtension>
      <gpxtpx:atemp>25</gpxtpx:atemp>
      <gpxtpx:hr>95</gpxtpx:hr>
      <gpxtpx:cad>0</gpxtpx:cad>
     </gpxtpx:TrackPointExtension>
    </extensions>
   </trkpt>
   <trkpt lat="46.4362300" lon="12.1160540">
    <ele>1796.2</ele>
    <time>2024-06-02T13:57:50Z</time>
    <extensions>
     <gpxtpx:TrackPointExtension>
      <gpxtpx:atemp>24</gpxtpx:atemp>
      <gpxtpx:hr>92</gpxtpx:hr>
      <gpxtpx:cad>0</gpxtpx:cad>
     </gpxtpx:TrackPointExtension>
    </extensions>
   </trkpt>
   <trkpt lat="46.4362210" lon="12.1160740">
    <ele>1796.2</ele>
    <time>2024-06-02T13:57:53Z</time>
    <extensions>
     <gpxtpx:TrackPointExtension>
      <gpxtpx:atemp>24</gpxtpx:atemp>
      <gpxtpx:hr>89</gpxtpx:hr>
      <gpxtpx:cad>47</gpxtpx:cad>
     </gpxtpx:TrackPointExtension>
    </extensions>
   </trkpt>
   <trkpt lat="46.4362000" lon="12.1160670">
    <ele>1796.2</ele>
    <time>2024-06-02T13:57:57Z</time>
    <extensions>
     <gpxtpx:TrackPointExtension>
      <gpxtpx:atemp>24</gpxtpx:atemp>
      <gpxtpx:hr>88</gpxtpx:hr>
      <gpxtpx:cad>43</gpxtpx:cad>
     </gpxtpx:TrackPointExtension>
    </extensions>
   </trkpt>
   <trkpt lat="46.4361610" lon="12.1160870">
    <ele>1795.6</ele>
    <time>2024-06-02T13:58:03Z</time>
    <extensions>
     <gpxtpx:TrackPointExtension>
      <gpxtpx:atemp>24</gpxtpx:atemp>
      <gpxtpx:hr>89</gpxtpx:hr>
      <gpxtpx:cad>46</gpxtpx:cad>
     </gpxtpx:TrackPointExtension>
    </extensions>
   </trkpt>
   <trkpt lat="46.4361540" lon="12.1161010">
    <ele>1795.4</ele>
    <time>2024-06-02T13:58:04Z</time>
    <extensions>
     <gpxtpx:TrackPointExtension>
      <gpxtpx:atemp>24</gpxtpx:atemp>
      <gpxtpx:hr>89</gpxtpx:hr>
      <gpxtpx:cad>46</gpxtpx:cad>
     </gpxtpx:TrackPointExtension>
    </extensions>
   </trkpt>
   <trkpt lat="46.4361330" lon="12.1161440">
    <ele>1795.0</ele>
    <time>2024-06-02T13:58:11Z</time>
    <extensions>
     <gpxtpx:TrackPointExtension>
      <gpxtpx:atemp>24</gpxtpx:atemp>
      <gpxtpx:hr>92</gpxtpx:hr>
      <gpxtpx:cad>0</gpxtpx:cad>
     </gpxtpx:TrackPointExtension>
    </extensions>
   </trkpt>
   <trkpt lat="46.4361340" lon="12.1161430">
    <ele>1795.0</ele>
    <time>2024-06-02T13:58:12Z</time>
    <extensions>
     <gpxtpx:TrackPointExtension>
      <gpxtpx:atemp>24</gpxtpx:atemp>
      <gpxtpx:hr>92</gpxtpx:hr>
      <gpxtpx:cad>0</gpxtpx:cad>
     </gpxtpx:TrackPointExtension>
    </extensions>
   </trkpt>
   <trkpt lat="46.4361460" lon="12.1161510">
    <ele>1795.2</ele>
    <time>2024-06-02T13:58:18Z</time>
    <extensions>
     <gpxtpx:TrackPointExtension>
      <gpxtpx:atemp>24</gpxtpx:atemp>
      <gpxtpx:hr>94</gpxtpx:hr>
      <gpxtpx:cad>0</gpxtpx:cad>
     </gpxtpx:TrackPointExtension>
    </extensions>
   </trkpt>
   <trkpt lat="46.4361400" lon="12.1161770">
    <ele>1795.4</ele>
    <time>2024-06-02T13:58:23Z</time>
    <extensions>
     <gpxtpx:TrackPointExtension>
      <gpxtpx:atemp>24</gpxtpx:atemp>
      <gpxtpx:hr>93</gpxtpx:hr>
      <gpxtpx:cad>0</gpxtpx:cad>
     </gpxtpx:TrackPointExtension>
    </extensions>
   </trkpt>
   <trkpt lat="46.4361110" lon="12.1162140">
    <ele>1795.2</ele>
    <time>2024-06-02T13:58:30Z</time>
    <extensions>
     <gpxtpx:TrackPointExtension>
      <gpxtpx:atemp>24</gpxtpx:atemp>
      <gpxtpx:hr>93</gpxtpx:hr>
      <gpxtpx:cad>49</gpxtpx:cad>
     </gpxtpx:TrackPointExtension>
    </extensions>
   </trkpt>
   <trkpt lat="46.4360740" lon="12.1163240">
    <ele>1794.8</ele>
    <time>2024-06-02T13:58:37Z</time>
    <extensions>
     <gpxtpx:TrackPointExtension>
      <gpxtpx:atemp>24</gpxtpx:atemp>
      <gpxtpx:hr>93</gpxtpx:hr>
      <gpxtpx:cad>50</gpxtpx:cad>
     </gpxtpx:TrackPointExtension>
    </extensions>
   </trkpt>
   <trkpt lat="46.4360560" lon="12.1163660">
    <ele>1794.4</ele>
    <time>2024-06-02T13:58:39Z</time>
    <extensions>
     <gpxtpx:TrackPointExtension>
      <gpxtpx:atemp>24</gpxtpx:atemp>
      <gpxtpx:hr>93</gpxtpx:hr>
      <gpxtpx:cad>52</gpxtpx:cad>
     </gpxtpx:TrackPointExtension>
    </extensions>
   </trkpt>
   <trkpt lat="46.4360270" lon="12.1163910">
    <ele>1794.4</ele>
    <time>2024-06-02T13:58:42Z</time>
    <extensions>
     <gpxtpx:TrackPointExtension>
      <gpxtpx:atemp>24</gpxtpx:atemp>
      <gpxtpx:hr>90</gpxtpx:hr>
      <gpxtpx:cad>52</gpxtpx:cad>
     </gpxtpx:TrackPointExtension>
    </extensions>
   </trkpt>
   <trkpt lat="46.4360180" lon="12.1163940">
    <ele>1794.2</ele>
    <time>2024-06-02T13:58:43Z</time>
    <extensions>
     <gpxtpx:TrackPointExtension>
      <gpxtpx:atemp>25</gpxtpx:atemp>
      <gpxtpx:hr>89</gpxtpx:hr>
      <gpxtpx:cad>51</gpxtpx:cad>
     </gpxtpx:TrackPointExtension>
    </extensions>
   </trkpt>
   <trkpt lat="46.4359860" lon="12.1164360">
    <ele>1794.0</ele>
    <time>2024-06-02T13:58:47Z</time>
    <extensions>
     <gpxtpx:TrackPointExtension>
      <gpxtpx:atemp>25</gpxtpx:atemp>
      <gpxtpx:hr>88</gpxtpx:hr>
      <gpxtpx:cad>49</gpxtpx:cad>
     </gpxtpx:TrackPointExtension>
    </extensions>
   </trkpt>
   <trkpt lat="46.4359880" lon="12.1164520">
    <ele>1793.8</ele>
    <time>2024-06-02T13:58:48Z</time>
    <extensions>
     <gpxtpx:TrackPointExtension>
      <gpxtpx:atemp>25</gpxtpx:atemp>
      <gpxtpx:hr>88</gpxtpx:hr>
      <gpxtpx:cad>49</gpxtpx:cad>
     </gpxtpx:TrackPointExtension>
    </extensions>
   </trkpt>
   <trkpt lat="46.4360120" lon="12.1164700">
    <ele>1793.4</ele>
    <time>2024-06-02T13:58:50Z</time>
    <extensions>
     <gpxtpx:TrackPointExtension>
      <gpxtpx:atemp>25</gpxtpx:atemp>
      <gpxtpx:hr>88</gpxtpx:hr>
      <gpxtpx:cad>49</gpxtpx:cad>
     </gpxtpx:TrackPointExtension>
    </extensions>
   </trkpt>
   <trkpt lat="46.4360110" lon="12.1164930">
    <ele>1793.4</ele>
    <time>2024-06-02T13:58:51Z</time>
    <extensions>
     <gpxtpx:TrackPointExtension>
      <gpxtpx:atemp>25</gpxtpx:atemp>
      <gpxtpx:hr>89</gpxtpx:hr>
      <gpxtpx:cad>49</gpxtpx:cad>
     </gpxtpx:TrackPointExtension>
    </extensions>
   </trkpt>
   <trkpt lat="46.4359930" lon="12.1165190">
    <ele>1793.2</ele>
    <time>2024-06-02T13:58:53Z</time>
    <extensions>
     <gpxtpx:TrackPointExtension>
      <gpxtpx:atemp>25</gpxtpx:atemp>
      <gpxtpx:hr>89</gpxtpx:hr>
      <gpxtpx:cad>49</gpxtpx:cad>
     </gpxtpx:TrackPointExtension>
    </extensions>
   </trkpt>
   <trkpt lat="46.4359720" lon="12.1165370">
    <ele>1793.0</ele>
    <time>2024-06-02T13:58:55Z</time>
    <extensions>
     <gpxtpx:TrackPointExtension>
      <gpxtpx:atemp>25</gpxtpx:atemp>
      <gpxtpx:hr>89</gpxtpx:hr>
      <gpxtpx:cad>50</gpxtpx:cad>
     </gpxtpx:TrackPointExtension>
    </extensions>
   </trkpt>
   <trkpt lat="46.4359280" lon="12.1166180">
    <ele>1792.6</ele>
    <time>2024-06-02T13:59:01Z</time>
    <extensions>
     <gpxtpx:TrackPointExtension>
      <gpxtpx:atemp>25</gpxtpx:atemp>
      <gpxtpx:hr>92</gpxtpx:hr>
      <gpxtpx:cad>49</gpxtpx:cad>
     </gpxtpx:TrackPointExtension>
    </extensions>
   </trkpt>
   <trkpt lat="46.4359200" lon="12.1166290">
    <ele>1792.6</ele>
    <time>2024-06-02T13:59:02Z</time>
    <extensions>
     <gpxtpx:TrackPointExtension>
      <gpxtpx:atemp>25</gpxtpx:atemp>
      <gpxtpx:hr>93</gpxtpx:hr>
      <gpxtpx:cad>49</gpxtpx:cad>
     </gpxtpx:TrackPointExtension>
    </extensions>
   </trkpt>
   <trkpt lat="46.4358920" lon="12.1166600">
    <ele>1792.4</ele>
    <time>2024-06-02T13:59:05Z</time>
    <extensions>
     <gpxtpx:TrackPointExtension>
      <gpxtpx:atemp>25</gpxtpx:atemp>
      <gpxtpx:hr>94</gpxtpx:hr>
      <gpxtpx:cad>48</gpxtpx:cad>
     </gpxtpx:TrackPointExtension>
    </extensions>
   </trkpt>
   <trkpt lat="46.4358580" lon="12.1167080">
    <ele>1792.0</ele>
    <time>2024-06-02T13:59:10Z</time>
    <extensions>
     <gpxtpx:TrackPointExtension>
      <gpxtpx:atemp>25</gpxtpx:atemp>
      <gpxtpx:hr>95</gpxtpx:hr>
      <gpxtpx:cad>48</gpxtpx:cad>
     </gpxtpx:TrackPointExtension>
    </extensions>
   </trkpt>
   <trkpt lat="46.4358400" lon="12.1167220">
    <ele>1792.0</ele>
    <time>2024-06-02T13:59:13Z</time>
    <extensions>
     <gpxtpx:TrackPointExtension>
      <gpxtpx:atemp>25</gpxtpx:atemp>
      <gpxtpx:hr>94</gpxtpx:hr>
      <gpxtpx:cad>46</gpxtpx:cad>
     </gpxtpx:TrackPointExtension>
    </extensions>
   </trkpt>
   <trkpt lat="46.4358090" lon="12.1167490">
    <ele>1791.8</ele>
    <time>2024-06-02T13:59:17Z</time>
    <extensions>
     <gpxtpx:TrackPointExtension>
      <gpxtpx:atemp>25</gpxtpx:atemp>
      <gpxtpx:hr>92</gpxtpx:hr>
      <gpxtpx:cad>49</gpxtpx:cad>
     </gpxtpx:TrackPointExtension>
    </extensions>
   </trkpt>
   <trkpt lat="46.4358020" lon="12.1167490">
    <ele>1791.8</ele>
    <time>2024-06-02T13:59:18Z</time>
    <extensions>
     <gpxtpx:TrackPointExtension>
      <gpxtpx:atemp>25</gpxtpx:atemp>
      <gpxtpx:hr>91</gpxtpx:hr>
      <gpxtpx:cad>49</gpxtpx:cad>
     </gpxtpx:TrackPointExtension>
    </extensions>
   </trkpt>
   <trkpt lat="46.4357730" lon="12.1167950">
    <ele>1791.6</ele>
    <time>2024-06-02T13:59:23Z</time>
    <extensions>
     <gpxtpx:TrackPointExtension>
      <gpxtpx:atemp>25</gpxtpx:atemp>
      <gpxtpx:hr>91</gpxtpx:hr>
      <gpxtpx:cad>50</gpxtpx:cad>
     </gpxtpx:TrackPointExtension>
    </extensions>
   </trkpt>
   <trkpt lat="46.4357430" lon="12.1168670">
    <ele>1791.4</ele>
    <time>2024-06-02T13:59:29Z</time>
    <extensions>
     <gpxtpx:TrackPointExtension>
      <gpxtpx:atemp>25</gpxtpx:atemp>
      <gpxtpx:hr>91</gpxtpx:hr>
      <gpxtpx:cad>50</gpxtpx:cad>
     </gpxtpx:TrackPointExtension>
    </extensions>
   </trkpt>
   <trkpt lat="46.4357440" lon="12.1168520">
    <ele>1791.2</ele>
    <time>2024-06-02T13:59:35Z</time>
    <extensions>
     <gpxtpx:TrackPointExtension>
      <gpxtpx:atemp>25</gpxtpx:atemp>
      <gpxtpx:hr>92</gpxtpx:hr>
      <gpxtpx:cad>0</gpxtpx:cad>
     </gpxtpx:TrackPointExtension>
    </extensions>
   </trkpt>
   <trkpt lat="46.4357390" lon="12.1168490">
    <ele>1791.2</ele>
    <time>2024-06-02T13:59:40Z</time>
    <extensions>
     <gpxtpx:TrackPointExtension>
      <gpxtpx:atemp>25</gpxtpx:atemp>
      <gpxtpx:hr>92</gpxtpx:hr>
      <gpxtpx:cad>0</gpxtpx:cad>
     </gpxtpx:TrackPointExtension>
    </extensions>
   </trkpt>
   <trkpt lat="46.4357390" lon="12.1168490">
    <ele>1791.2</ele>
    <time>2024-06-02T13:59:47Z</time>
    <extensions>
     <gpxtpx:TrackPointExtension>
      <gpxtpx:atemp>25</gpxtpx:atemp>
      <gpxtpx:hr>89</gpxtpx:hr>
      <gpxtpx:cad>0</gpxtpx:cad>
     </gpxtpx:TrackPointExtension>
    </extensions>
   </trkpt>
   <trkpt lat="46.4357160" lon="12.1168740">
    <ele>1791.2</ele>
    <time>2024-06-02T13:59:55Z</time>
    <extensions>
     <gpxtpx:TrackPointExtension>
      <gpxtpx:atemp>25</gpxtpx:atemp>
      <gpxtpx:hr>87</gpxtpx:hr>
      <gpxtpx:cad>49</gpxtpx:cad>
     </gpxtpx:TrackPointExtension>
    </extensions>
   </trkpt>
   <trkpt lat="46.4356550" lon="12.1169340">
    <ele>1790.8</ele>
    <time>2024-06-02T13:59:59Z</time>
    <extensions>
     <gpxtpx:TrackPointExtension>
      <gpxtpx:atemp>25</gpxtpx:atemp>
      <gpxtpx:hr>87</gpxtpx:hr>
      <gpxtpx:cad>50</gpxtpx:cad>
     </gpxtpx:TrackPointExtension>
    </extensions>
   </trkpt>
   <trkpt lat="46.4356090" lon="12.1169770">
    <ele>1790.4</ele>
    <time>2024-06-02T14:00:03Z</time>
    <extensions>
     <gpxtpx:TrackPointExtension>
      <gpxtpx:atemp>25</gpxtpx:atemp>
      <gpxtpx:hr>86</gpxtpx:hr>
      <gpxtpx:cad>52</gpxtpx:cad>
     </gpxtpx:TrackPointExtension>
    </extensions>
   </trkpt>
   <trkpt lat="46.4355870" lon="12.1170440">
    <ele>1789.8</ele>
    <time>2024-06-02T14:00:08Z</time>
    <extensions>
     <gpxtpx:TrackPointExtension>
      <gpxtpx:atemp>25</gpxtpx:atemp>
      <gpxtpx:hr>86</gpxtpx:hr>
      <gpxtpx:cad>51</gpxtpx:cad>
     </gpxtpx:TrackPointExtension>
    </extensions>
   </trkpt>
   <trkpt lat="46.4355810" lon="12.1170540">
    <ele>1789.6</ele>
    <time>2024-06-02T14:00:09Z</time>
    <extensions>
     <gpxtpx:TrackPointExtension>
      <gpxtpx:atemp>25</gpxtpx:atemp>
      <gpxtpx:hr>86</gpxtpx:hr>
      <gpxtpx:cad>52</gpxtpx:cad>
     </gpxtpx:TrackPointExtension>
    </extensions>
   </trkpt>
   <trkpt lat="46.4355630" lon="12.1170760">
    <ele>1789.4</ele>
    <time>2024-06-02T14:00:11Z</time>
    <extensions>
     <gpxtpx:TrackPointExtension>
      <gpxtpx:atemp>25</gpxtpx:atemp>
      <gpxtpx:hr>86</gpxtpx:hr>
      <gpxtpx:cad>52</gpxtpx:cad>
     </gpxtpx:TrackPointExtension>
    </extensions>
   </trkpt>
   <trkpt lat="46.4355490" lon="12.1170840">
    <ele>1789.4</ele>
    <time>2024-06-02T14:00:12Z</time>
    <extensions>
     <gpxtpx:TrackPointExtension>
      <gpxtpx:atemp>25</gpxtpx:atemp>
      <gpxtpx:hr>86</gpxtpx:hr>
      <gpxtpx:cad>51</gpxtpx:cad>
     </gpxtpx:TrackPointExtension>
    </extensions>
   </trkpt>
   <trkpt lat="46.4355320" lon="12.1171150">
    <ele>1789.2</ele>
    <time>2024-06-02T14:00:15Z</time>
    <extensions>
     <gpxtpx:TrackPointExtension>
      <gpxtpx:atemp>25</gpxtpx:atemp>
      <gpxtpx:hr>84</gpxtpx:hr>
      <gpxtpx:cad>49</gpxtpx:cad>
     </gpxtpx:TrackPointExtension>
    </extensions>
   </trkpt>
   <trkpt lat="46.4355200" lon="12.1171230">
    <ele>1789.0</ele>
    <time>2024-06-02T14:00:16Z</time>
    <extensions>
     <gpxtpx:TrackPointExtension>
      <gpxtpx:atemp>25</gpxtpx:atemp>
      <gpxtpx:hr>85</gpxtpx:hr>
      <gpxtpx:cad>49</gpxtpx:cad>
     </gpxtpx:TrackPointExtension>
    </extensions>
   </trkpt>
   <trkpt lat="46.4355110" lon="12.1171770">
    <ele>1789.0</ele>
    <time>2024-06-02T14:00:19Z</time>
    <extensions>
     <gpxtpx:TrackPointExtension>
      <gpxtpx:atemp>25</gpxtpx:atemp>
      <gpxtpx:hr>84</gpxtpx:hr>
      <gpxtpx:cad>49</gpxtpx:cad>
     </gpxtpx:TrackPointExtension>
    </extensions>
   </trkpt>
   <trkpt lat="46.4354990" lon="12.1172360">
    <ele>1788.6</ele>
    <time>2024-06-02T14:00:24Z</time>
    <extensions>
     <gpxtpx:TrackPointExtension>
      <gpxtpx:atemp>25</gpxtpx:atemp>
      <gpxtpx:hr>84</gpxtpx:hr>
      <gpxtpx:cad>50</gpxtpx:cad>
     </gpxtpx:TrackPointExtension>
    </extensions>
   </trkpt>
   <trkpt lat="46.4354690" lon="12.1172950">
    <ele>1788.2</ele>
    <time>2024-06-02T14:00:28Z</time>
    <extensions>
     <gpxtpx:TrackPointExtension>
      <gpxtpx:atemp>25</gpxtpx:atemp>
      <gpxtpx:hr>86</gpxtpx:hr>
      <gpxtpx:cad>51</gpxtpx:cad>
     </gpxtpx:TrackPointExtension>
    </extensions>
   </trkpt>
   <trkpt lat="46.4354350" lon="12.1173750">
    <ele>1788.0</ele>
    <time>2024-06-02T14:00:32Z</time>
    <extensions>
     <gpxtpx:TrackPointExtension>
      <gpxtpx:atemp>25</gpxtpx:atemp>
      <gpxtpx:hr>89</gpxtpx:hr>
      <gpxtpx:cad>50</gpxtpx:cad>
     </gpxtpx:TrackPointExtension>
    </extensions>
   </trkpt>
   <trkpt lat="46.4354200" lon="12.1173810">
    <ele>1787.8</ele>
    <time>2024-06-02T14:00:35Z</time>
    <extensions>
     <gpxtpx:TrackPointExtension>
      <gpxtpx:atemp>25</gpxtpx:atemp>
      <gpxtpx:hr>90</gpxtpx:hr>
      <gpxtpx:cad>50</gpxtpx:cad>
     </gpxtpx:TrackPointExtension>
    </extensions>
   </trkpt>
   <trkpt lat="46.4353820" lon="12.1174220">
    <ele>1787.8</ele>
    <time>2024-06-02T14:00:39Z</time>
    <extensions>
     <gpxtpx:TrackPointExtension>
      <gpxtpx:atemp>25</gpxtpx:atemp>
      <gpxtpx:hr>91</gpxtpx:hr>
      <gpxtpx:cad>49</gpxtpx:cad>
     </gpxtpx:TrackPointExtension>
    </extensions>
   </trkpt>
   <trkpt lat="46.4353350" lon="12.1174700">
    <ele>1787.6</ele>
    <time>2024-06-02T14:00:44Z</time>
    <extensions>
     <gpxtpx:TrackPointExtension>
      <gpxtpx:atemp>25</gpxtpx:atemp>
      <gpxtpx:hr>94</gpxtpx:hr>
      <gpxtpx:cad>48</gpxtpx:cad>
     </gpxtpx:TrackPointExtension>
    </extensions>
   </trkpt>
   <trkpt lat="46.4352860" lon="12.1174950">
    <ele>1787.4</ele>
    <time>2024-06-02T14:00:49Z</time>
    <extensions>
     <gpxtpx:TrackPointExtension>
      <gpxtpx:atemp>25</gpxtpx:atemp>
      <gpxtpx:hr>93</gpxtpx:hr>
      <gpxtpx:cad>48</gpxtpx:cad>
     </gpxtpx:TrackPointExtension>
    </extensions>
   </trkpt>
   <trkpt lat="46.4352700" lon="12.1174980">
    <ele>1787.4</ele>
    <time>2024-06-02T14:00:50Z</time>
    <extensions>
     <gpxtpx:TrackPointExtension>
      <gpxtpx:atemp>25</gpxtpx:atemp>
      <gpxtpx:hr>93</gpxtpx:hr>
      <gpxtpx:cad>48</gpxtpx:cad>
     </gpxtpx:TrackPointExtension>
    </extensions>
   </trkpt>
   <trkpt lat="46.4352570" lon="12.1175050">
    <ele>1787.2</ele>
    <time>2024-06-02T14:00:51Z</time>
    <extensions>
     <gpxtpx:TrackPointExtension>
      <gpxtpx:atemp>25</gpxtpx:atemp>
      <gpxtpx:hr>93</gpxtpx:hr>
      <gpxtpx:cad>49</gpxtpx:cad>
     </gpxtpx:TrackPointExtension>
    </extensions>
   </trkpt>
   <trkpt lat="46.4351760" lon="12.1175330">
    <ele>1786.6</ele>
    <time>2024-06-02T14:00:57Z</time>
    <extensions>
     <gpxtpx:TrackPointExtension>
      <gpxtpx:atemp>25</gpxtpx:atemp>
      <gpxtpx:hr>92</gpxtpx:hr>
      <gpxtpx:cad>49</gpxtpx:cad>
     </gpxtpx:TrackPointExtension>
    </extensions>
   </trkpt>
   <trkpt lat="46.4351550" lon="12.1175290">
    <ele>1786.4</ele>
    <time>2024-06-02T14:00:59Z</time>
    <extensions>
     <gpxtpx:TrackPointExtension>
      <gpxtpx:atemp>25</gpxtpx:atemp>
      <gpxtpx:hr>92</gpxtpx:hr>
      <gpxtpx:cad>50</gpxtpx:cad>
     </gpxtpx:TrackPointExtension>
    </extensions>
   </trkpt>
   <trkpt lat="46.4351360" lon="12.1175240">
    <ele>1786.2</ele>
    <time>2024-06-02T14:01:01Z</time>
    <extensions>
     <gpxtpx:TrackPointExtension>
      <gpxtpx:atemp>25</gpxtpx:atemp>
      <gpxtpx:hr>93</gpxtpx:hr>
      <gpxtpx:cad>50</gpxtpx:cad>
     </gpxtpx:TrackPointExtension>
    </extensions>
   </trkpt>
   <trkpt lat="46.4351220" lon="12.1175210">
    <ele>1786.2</ele>
    <time>2024-06-02T14:01:02Z</time>
    <extensions>
     <gpxtpx:TrackPointExtension>
      <gpxtpx:atemp>25</gpxtpx:atemp>
      <gpxtpx:hr>93</gpxtpx:hr>
      <gpxtpx:cad>50</gpxtpx:cad>
     </gpxtpx:TrackPointExtension>
    </extensions>
   </trkpt>
   <trkpt lat="46.4351090" lon="12.1175200">
    <ele>1786.0</ele>
    <time>2024-06-02T14:01:03Z</time>
    <extensions>
     <gpxtpx:TrackPointExtension>
      <gpxtpx:atemp>25</gpxtpx:atemp>
      <gpxtpx:hr>93</gpxtpx:hr>
      <gpxtpx:cad>50</gpxtpx:cad>
     </gpxtpx:TrackPointExtension>
    </extensions>
   </trkpt>
   <trkpt lat="46.4350820" lon="12.1175040">
    <ele>1785.8</ele>
    <time>2024-06-02T14:01:06Z</time>
    <extensions>
     <gpxtpx:TrackPointExtension>
      <gpxtpx:atemp>25</gpxtpx:atemp>
      <gpxtpx:hr>90</gpxtpx:hr>
      <gpxtpx:cad>50</gpxtpx:cad>
     </gpxtpx:TrackPointExtension>
    </extensions>
   </trkpt>
   <trkpt lat="46.4350750" lon="12.1174940">
    <ele>1785.6</ele>
    <time>2024-06-02T14:01:07Z</time>
    <extensions>
     <gpxtpx:TrackPointExtension>
      <gpxtpx:atemp>25</gpxtpx:atemp>
      <gpxtpx:hr>93</gpxtpx:hr>
      <gpxtpx:cad>50</gpxtpx:cad>
     </gpxtpx:TrackPointExtension>
    </extensions>
   </trkpt>
   <trkpt lat="46.4350450" lon="12.1174650">
    <ele>1785.4</ele>
    <time>2024-06-02T14:01:10Z</time>
    <extensions>
     <gpxtpx:TrackPointExtension>
      <gpxtpx:atemp>25</gpxtpx:atemp>
      <gpxtpx:hr>94</gpxtpx:hr>
      <gpxtpx:cad>50</gpxtpx:cad>
     </gpxtpx:TrackPointExtension>
    </extensions>
   </trkpt>
   <trkpt lat="46.4350190" lon="12.1174290">
    <ele>1785.0</ele>
    <time>2024-06-02T14:01:13Z</time>
    <extensions>
     <gpxtpx:TrackPointExtension>
      <gpxtpx:atemp>25</gpxtpx:atemp>
      <gpxtpx:hr>93</gpxtpx:hr>
      <gpxtpx:cad>50</gpxtpx:cad>
     </gpxtpx:TrackPointExtension>
    </extensions>
   </trkpt>
   <trkpt lat="46.4349900" lon="12.1174110">
    <ele>1784.8</ele>
    <time>2024-06-02T14:01:16Z</time>
    <extensions>
     <gpxtpx:TrackPointExtension>
      <gpxtpx:atemp>25</gpxtpx:atemp>
      <gpxtpx:hr>93</gpxtpx:hr>
      <gpxtpx:cad>50</gpxtpx:cad>
     </gpxtpx:TrackPointExtension>
    </extensions>
   </trkpt>
   <trkpt lat="46.4349600" lon="12.1173760">
    <ele>1784.0</ele>
    <time>2024-06-02T14:01:21Z</time>
    <extensions>
     <gpxtpx:TrackPointExtension>
      <gpxtpx:atemp>25</gpxtpx:atemp>
      <gpxtpx:hr>93</gpxtpx:hr>
      <gpxtpx:cad>52</gpxtpx:cad>
     </gpxtpx:TrackPointExtension>
    </extensions>
   </trkpt>
   <trkpt lat="46.4349400" lon="12.1173400">
    <ele>1783.8</ele>
    <time>2024-06-02T14:01:25Z</time>
    <extensions>
     <gpxtpx:TrackPointExtension>
      <gpxtpx:atemp>25</gpxtpx:atemp>
      <gpxtpx:hr>91</gpxtpx:hr>
      <gpxtpx:cad>51</gpxtpx:cad>
     </gpxtpx:TrackPointExtension>
    </extensions>
   </trkpt>
   <trkpt lat="46.4348870" lon="12.1172620">
    <ele>1783.0</ele>
    <time>2024-06-02T14:01:32Z</time>
    <extensions>
     <gpxtpx:TrackPointExtension>
      <gpxtpx:atemp>25</gpxtpx:atemp>
      <gpxtpx:hr>91</gpxtpx:hr>
      <gpxtpx:cad>50</gpxtpx:cad>
     </gpxtpx:TrackPointExtension>
    </extensions>
   </trkpt>
   <trkpt lat="46.4348820" lon="12.1172480">
    <ele>1783.0</ele>
    <time>2024-06-02T14:01:33Z</time>
    <extensions>
     <gpxtpx:TrackPointExtension>
      <gpxtpx:atemp>25</gpxtpx:atemp>
      <gpxtpx:hr>92</gpxtpx:hr>
      <gpxtpx:cad>51</gpxtpx:cad>
     </gpxtpx:TrackPointExtension>
    </extensions>
   </trkpt>
   <trkpt lat="46.4348440" lon="12.1171290">
    <ele>1782.0</ele>
    <time>2024-06-02T14:01:42Z</time>
    <extensions>
     <gpxtpx:TrackPointExtension>
      <gpxtpx:atemp>25</gpxtpx:atemp>
      <gpxtpx:hr>91</gpxtpx:hr>
      <gpxtpx:cad>50</gpxtpx:cad>
     </gpxtpx:TrackPointExtension>
    </extensions>
   </trkpt>
   <trkpt lat="46.4348410" lon="12.1171180">
    <ele>1782.0</ele>
    <time>2024-06-02T14:01:43Z</time>
    <extensions>
     <gpxtpx:TrackPointExtension>
      <gpxtpx:atemp>25</gpxtpx:atemp>
      <gpxtpx:hr>89</gpxtpx:hr>
      <gpxtpx:cad>50</gpxtpx:cad>
     </gpxtpx:TrackPointExtension>
    </extensions>
   </trkpt>
   <trkpt lat="46.4348380" lon="12.1171020">
    <ele>1781.8</ele>
    <time>2024-06-02T14:01:44Z</time>
    <extensions>
     <gpxtpx:TrackPointExtension>
      <gpxtpx:atemp>25</gpxtpx:atemp>
      <gpxtpx:hr>91</gpxtpx:hr>
      <gpxtpx:cad>49</gpxtpx:cad>
     </gpxtpx:TrackPointExtension>
    </extensions>
   </trkpt>
   <trkpt lat="46.4348320" lon="12.1170280">
    <ele>1781.2</ele>
    <time>2024-06-02T14:01:49Z</time>
    <extensions>
     <gpxtpx:TrackPointExtension>
      <gpxtpx:atemp>25</gpxtpx:atemp>
      <gpxtpx:hr>91</gpxtpx:hr>
      <gpxtpx:cad>50</gpxtpx:cad>
     </gpxtpx:TrackPointExtension>
    </extensions>
   </trkpt>
   <trkpt lat="46.4348210" lon="12.1169870">
    <ele>1781.0</ele>
    <time>2024-06-02T14:01:52Z</time>
    <extensions>
     <gpxtpx:TrackPointExtension>
      <gpxtpx:atemp>25</gpxtpx:atemp>
      <gpxtpx:hr>91</gpxtpx:hr>
      <gpxtpx:cad>50</gpxtpx:cad>
     </gpxtpx:TrackPointExtension>
    </extensions>
   </trkpt>
   <trkpt lat="46.4347950" lon="12.1169180">
    <ele>1780.4</ele>
    <time>2024-06-02T14:01:58Z</time>
    <extensions>
     <gpxtpx:TrackPointExtension>
      <gpxtpx:atemp>25</gpxtpx:atemp>
      <gpxtpx:hr>88</gpxtpx:hr>
      <gpxtpx:cad>50</gpxtpx:cad>
     </gpxtpx:TrackPointExtension>
    </extensions>
   </trkpt>
   <trkpt lat="46.4347880" lon="12.1169070">
    <ele>1780.2</ele>
    <time>2024-06-02T14:01:59Z</time>
    <extensions>
     <gpxtpx:TrackPointExtension>
      <gpxtpx:atemp>25</gpxtpx:atemp>
      <gpxtpx:hr>88</gpxtpx:hr>
      <gpxtpx:cad>50</gpxtpx:cad>
     </gpxtpx:TrackPointExtension>
    </extensions>
   </trkpt>
   <trkpt lat="46.4347670" lon="12.1168730">
    <ele>1779.8</ele>
    <time>2024-06-02T14:02:04Z</time>
    <extensions>
     <gpxtpx:TrackPointExtension>
      <gpxtpx:atemp>25</gpxtpx:atemp>
      <gpxtpx:hr>88</gpxtpx:hr>
      <gpxtpx:cad>50</gpxtpx:cad>
     </gpxtpx:TrackPointExtension>
    </extensions>
   </trkpt>
   <trkpt lat="46.4347620" lon="12.1168630">
    <ele>1779.8</ele>
    <time>2024-06-02T14:02:05Z</time>
    <extensions>
     <gpxtpx:TrackPointExtension>
      <gpxtpx:atemp>25</gpxtpx:atemp>
      <gpxtpx:hr>88</gpxtpx:hr>
      <gpxtpx:cad>50</gpxtpx:cad>
     </gpxtpx:TrackPointExtension>
    </extensions>
   </trkpt>
   <trkpt lat="46.4347110" lon="12.1167900">
    <ele>1779.0</ele>
    <time>2024-06-02T14:02:13Z</time>
    <extensions>
     <gpxtpx:TrackPointExtension>
      <gpxtpx:atemp>25</gpxtpx:atemp>
      <gpxtpx:hr>88</gpxtpx:hr>
      <gpxtpx:cad>50</gpxtpx:cad>
     </gpxtpx:TrackPointExtension>
    </extensions>
   </trkpt>
   <trkpt lat="46.4347020" lon="12.1167670">
    <ele>1778.8</ele>
    <time>2024-06-02T14:02:15Z</time>
    <extensions>
     <gpxtpx:TrackPointExtension>
      <gpxtpx:atemp>25</gpxtpx:atemp>
      <gpxtpx:hr>88</gpxtpx:hr>
      <gpxtpx:cad>50</gpxtpx:cad>
     </gpxtpx:TrackPointExtension>
    </extensions>
   </trkpt>
   <trkpt lat="46.4346720" lon="12.1167130">
    <ele>1778.4</ele>
    <time>2024-06-02T14:02:20Z</time>
    <extensions>
     <gpxtpx:TrackPointExtension>
      <gpxtpx:atemp>25</gpxtpx:atemp>
      <gpxtpx:hr>88</gpxtpx:hr>
      <gpxtpx:cad>51</gpxtpx:cad>
     </gpxtpx:TrackPointExtension>
    </extensions>
   </trkpt>
   <trkpt lat="46.4346500" lon="12.1166590">
    <ele>1777.8</ele>
    <time>2024-06-02T14:02:25Z</time>
    <extensions>
     <gpxtpx:TrackPointExtension>
      <gpxtpx:atemp>25</gpxtpx:atemp>
      <gpxtpx:hr>89</gpxtpx:hr>
      <gpxtpx:cad>50</gpxtpx:cad>
     </gpxtpx:TrackPointExtension>
    </extensions>
   </trkpt>
   <trkpt lat="46.4346480" lon="12.1166450">
    <ele>1777.6</ele>
    <time>2024-06-02T14:02:26Z</time>
    <extensions>
     <gpxtpx:TrackPointExtension>
      <gpxtpx:atemp>25</gpxtpx:atemp>
      <gpxtpx:hr>89</gpxtpx:hr>
      <gpxtpx:cad>50</gpxtpx:cad>
     </gpxtpx:TrackPointExtension>
    </extensions>
   </trkpt>
   <trkpt lat="46.4346170" lon="12.1165630">
    <ele>1776.8</ele>
    <time>2024-06-02T14:02:34Z</time>
    <extensions>
     <gpxtpx:TrackPointExtension>
      <gpxtpx:atemp>26</gpxtpx:atemp>
      <gpxtpx:hr>89</gpxtpx:hr>
      <gpxtpx:cad>50</gpxtpx:cad>
     </gpxtpx:TrackPointExtension>
    </extensions>
   </trkpt>
   <trkpt lat="46.4346100" lon="12.1165540">
    <ele>1776.6</ele>
    <time>2024-06-02T14:02:35Z</time>
    <extensions>
     <gpxtpx:TrackPointExtension>
      <gpxtpx:atemp>25</gpxtpx:atemp>
      <gpxtpx:hr>88</gpxtpx:hr>
      <gpxtpx:cad>50</gpxtpx:cad>
     </gpxtpx:TrackPointExtension>
    </extensions>
   </trkpt>
   <trkpt lat="46.4345840" lon="12.1165280">
    <ele>1776.0</ele>
    <time>2024-06-02T14:02:40Z</time>
    <extensions>
     <gpxtpx:TrackPointExtension>
      <gpxtpx:atemp>26</gpxtpx:atemp>
      <gpxtpx:hr>87</gpxtpx:hr>
      <gpxtpx:cad>52</gpxtpx:cad>
     </gpxtpx:TrackPointExtension>
    </extensions>
   </trkpt>
   <trkpt lat="46.4345690" lon="12.1165440">
    <ele>1775.8</ele>
    <time>2024-06-02T14:02:42Z</time>
    <extensions>
     <gpxtpx:TrackPointExtension>
      <gpxtpx:atemp>26</gpxtpx:atemp>
      <gpxtpx:hr>87</gpxtpx:hr>
      <gpxtpx:cad>52</gpxtpx:cad>
     </gpxtpx:TrackPointExtension>
    </extensions>
   </trkpt>
   <trkpt lat="46.4345510" lon="12.1165440">
    <ele>1775.6</ele>
    <time>2024-06-02T14:02:44Z</time>
    <extensions>
     <gpxtpx:TrackPointExtension>
      <gpxtpx:atemp>26</gpxtpx:atemp>
      <gpxtpx:hr>87</gpxtpx:hr>
      <gpxtpx:cad>52</gpxtpx:cad>
     </gpxtpx:TrackPointExtension>
    </extensions>
   </trkpt>
   <trkpt lat="46.4344920" lon="12.1165370">
    <ele>1774.8</ele>
    <time>2024-06-02T14:02:52Z</time>
    <extensions>
     <gpxtpx:TrackPointExtension>
      <gpxtpx:atemp>26</gpxtpx:atemp>
      <gpxtpx:hr>86</gpxtpx:hr>
      <gpxtpx:cad>49</gpxtpx:cad>
     </gpxtpx:TrackPointExtension>
    </extensions>
   </trkpt>
   <trkpt lat="46.4344760" lon="12.1165440">
    <ele>1774.6</ele>
    <time>2024-06-02T14:02:54Z</time>
    <extensions>
     <gpxtpx:TrackPointExtension>
      <gpxtpx:atemp>26</gpxtpx:atemp>
      <gpxtpx:hr>87</gpxtpx:hr>
      <gpxtpx:cad>49</gpxtpx:cad>
     </gpxtpx:TrackPointExtension>
    </extensions>
   </trkpt>
   <trkpt lat="46.4344210" lon="12.1165300">
    <ele>1774.0</ele>
    <time>2024-06-02T14:03:00Z</time>
    <extensions>
     <gpxtpx:TrackPointExtension>
      <gpxtpx:atemp>26</gpxtpx:atemp>
      <gpxtpx:hr>88</gpxtpx:hr>
      <gpxtpx:cad>50</gpxtpx:cad>
     </gpxtpx:TrackPointExtension>
    </extensions>
   </trkpt>
   <trkpt lat="46.4343470" lon="12.1164930">
    <ele>1773.8</ele>
    <time>2024-06-02T14:03:08Z</time>
    <extensions>
     <gpxtpx:TrackPointExtension>
      <gpxtpx:atemp>26</gpxtpx:atemp>
      <gpxtpx:hr>86</gpxtpx:hr>
      <gpxtpx:cad>49</gpxtpx:cad>
     </gpxtpx:TrackPointExtension>
    </extensions>
   </trkpt>
   <trkpt lat="46.4342930" lon="12.1164220">
    <ele>1773.6</ele>
    <time>2024-06-02T14:03:15Z</time>
    <extensions>
     <gpxtpx:TrackPointExtension>
      <gpxtpx:atemp>26</gpxtpx:atemp>
      <gpxtpx:hr>85</gpxtpx:hr>
      <gpxtpx:cad>48</gpxtpx:cad>
     </gpxtpx:TrackPointExtension>
    </extensions>
   </trkpt>
   <trkpt lat="46.4342880" lon="12.1164090">
    <ele>1773.4</ele>
    <time>2024-06-02T14:03:16Z</time>
    <extensions>
     <gpxtpx:TrackPointExtension>
      <gpxtpx:atemp>26</gpxtpx:atemp>
      <gpxtpx:hr>86</gpxtpx:hr>
      <gpxtpx:cad>48</gpxtpx:cad>
     </gpxtpx:TrackPointExtension>
    </extensions>
   </trkpt>
   <trkpt lat="46.4342750" lon="12.1163560">
    <ele>1773.2</ele>
    <time>2024-06-02T14:03:20Z</time>
    <extensions>
     <gpxtpx:TrackPointExtension>
      <gpxtpx:atemp>26</gpxtpx:atemp>
      <gpxtpx:hr>84</gpxtpx:hr>
      <gpxtpx:cad>50</gpxtpx:cad>
     </gpxtpx:TrackPointExtension>
    </extensions>
   </trkpt>
   <trkpt lat="46.4342650" lon="12.1162930">
    <ele>1772.6</ele>
    <time>2024-06-02T14:03:25Z</time>
    <extensions>
     <gpxtpx:TrackPointExtension>
      <gpxtpx:atemp>26</gpxtpx:atemp>
      <gpxtpx:hr>84</gpxtpx:hr>
      <gpxtpx:cad>53</gpxtpx:cad>
     </gpxtpx:TrackPointExtension>
    </extensions>
   </trkpt>
   <trkpt lat="46.4342600" lon="12.1162800">
    <ele>1772.4</ele>
    <time>2024-06-02T14:03:26Z</time>
    <extensions>
     <gpxtpx:TrackPointExtension>
      <gpxtpx:atemp>26</gpxtpx:atemp>
      <gpxtpx:hr>83</gpxtpx:hr>
      <gpxtpx:cad>51</gpxtpx:cad>
     </gpxtpx:TrackPointExtension>
    </extensions>
   </trkpt>
   <trkpt lat="46.4342290" lon="12.1162090">
    <ele>1771.8</ele>
    <time>2024-06-02T14:03:32Z</time>
    <extensions>
     <gpxtpx:TrackPointExtension>
      <gpxtpx:atemp>26</gpxtpx:atemp>
      <gpxtpx:hr>83</gpxtpx:hr>
      <gpxtpx:cad>50</gpxtpx:cad>
     </gpxtpx:TrackPointExtension>
    </extensions>
   </trkpt>
   <trkpt lat="46.4342260" lon="12.1161780">
    <ele>1771.6</ele>
    <time>2024-06-02T14:03:34Z</time>
    <extensions>
     <gpxtpx:TrackPointExtension>
      <gpxtpx:atemp>26</gpxtpx:atemp>
      <gpxtpx:hr>84</gpxtpx:hr>
      <gpxtpx:cad>50</gpxtpx:cad>
     </gpxtpx:TrackPointExtension>
    </extensions>
   </trkpt>
   <trkpt lat="46.4342160" lon="12.1161350">
    <ele>1771.4</ele>
    <time>2024-06-02T14:03:37Z</time>
    <extensions>
     <gpxtpx:TrackPointExtension>
      <gpxtpx:atemp>26</gpxtpx:atemp>
      <gpxtpx:hr>84</gpxtpx:hr>
      <gpxtpx:cad>51</gpxtpx:cad>
     </gpxtpx:TrackPointExtension>
    </extensions>
   </trkpt>
   <trkpt lat="46.4341930" lon="12.1160820">
    <ele>1770.8</ele>
    <time>2024-06-02T14:03:42Z</time>
    <extensions>
     <gpxtpx:TrackPointExtension>
      <gpxtpx:atemp>26</gpxtpx:atemp>
      <gpxtpx:hr>84</gpxtpx:hr>
      <gpxtpx:cad>50</gpxtpx:cad>
     </gpxtpx:TrackPointExtension>
    </extensions>
   </trkpt>
   <trkpt lat="46.4341890" lon="12.1160680">
    <ele>1770.6</ele>
    <time>2024-06-02T14:03:43Z</time>
    <extensions>
     <gpxtpx:TrackPointExtension>
      <gpxtpx:atemp>26</gpxtpx:atemp>
      <gpxtpx:hr>81</gpxtpx:hr>
      <gpxtpx:cad>49</gpxtpx:cad>
     </gpxtpx:TrackPointExtension>
    </extensions>
   </trkpt>
   <trkpt lat="46.4341820" lon="12.1160450">
    <ele>1770.4</ele>
    <time>2024-06-02T14:03:45Z</time>
    <extensions>
     <gpxtpx:TrackPointExtension>
      <gpxtpx:atemp>26</gpxtpx:atemp>
      <gpxtpx:hr>84</gpxtpx:hr>
      <gpxtpx:cad>50</gpxtpx:cad>
     </gpxtpx:TrackPointExtension>
    </extensions>
   </trkpt>
   <trkpt lat="46.4341630" lon="12.1159660">
    <ele>1769.8</ele>
    <time>2024-06-02T14:03:53Z</time>
    <extensions>
     <gpxtpx:TrackPointExtension>
      <gpxtpx:atemp>26</gpxtpx:atemp>
      <gpxtpx:hr>84</gpxtpx:hr>
      <gpxtpx:cad>50</gpxtpx:cad>
     </gpxtpx:TrackPointExtension>
    </extensions>
   </trkpt>
   <trkpt lat="46.4341490" lon="12.1159490">
    <ele>1769.4</ele>
    <time>2024-06-02T14:03:57Z</time>
    <extensions>
     <gpxtpx:TrackPointExtension>
      <gpxtpx:atemp>26</gpxtpx:atemp>
      <gpxtpx:hr>88</gpxtpx:hr>
      <gpxtpx:cad>0</gpxtpx:cad>
     </gpxtpx:TrackPointExtension>
    </extensions>
   </trkpt>
   <trkpt lat="46.4341390" lon="12.1159410">
    <ele>1769.2</ele>
    <time>2024-06-02T14:03:58Z</time>
    <extensions>
     <gpxtpx:TrackPointExtension>
      <gpxtpx:atemp>26</gpxtpx:atemp>
      <gpxtpx:hr>88</gpxtpx:hr>
      <gpxtpx:cad>0</gpxtpx:cad>
     </gpxtpx:TrackPointExtension>
    </extensions>
   </trkpt>
   <trkpt lat="46.4341270" lon="12.1159190">
    <ele>1768.8</ele>
    <time>2024-06-02T14:04:01Z</time>
    <extensions>
     <gpxtpx:TrackPointExtension>
      <gpxtpx:atemp>26</gpxtpx:atemp>
      <gpxtpx:hr>85</gpxtpx:hr>
      <gpxtpx:cad>0</gpxtpx:cad>
     </gpxtpx:TrackPointExtension>
    </extensions>
   </trkpt>
   <trkpt lat="46.4341260" lon="12.1159140">
    <ele>1768.6</ele>
    <time>2024-06-02T14:04:04Z</time>
    <extensions>
     <gpxtpx:TrackPointExtension>
      <gpxtpx:atemp>26</gpxtpx:atemp>
      <gpxtpx:hr>87</gpxtpx:hr>
      <gpxtpx:cad>46</gpxtpx:cad>
     </gpxtpx:TrackPointExtension>
    </extensions>
   </trkpt>
   <trkpt lat="46.4340930" lon="12.1158820">
    <ele>1768.4</ele>
    <time>2024-06-02T14:04:08Z</time>
    <extensions>
     <gpxtpx:TrackPointExtension>
      <gpxtpx:atemp>26</gpxtpx:atemp>
      <gpxtpx:hr>88</gpxtpx:hr>
      <gpxtpx:cad>0</gpxtpx:cad>
     </gpxtpx:TrackPointExtension>
    </extensions>
   </trkpt>
   <trkpt lat="46.4340820" lon="12.1158740">
    <ele>1768.0</ele>
    <time>2024-06-02T14:04:10Z</time>
    <extensions>
     <gpxtpx:TrackPointExtension>
      <gpxtpx:atemp>26</gpxtpx:atemp>
      <gpxtpx:hr>90</gpxtpx:hr>
      <gpxtpx:cad>52</gpxtpx:cad>
     </gpxtpx:TrackPointExtension>
    </extensions>
   </trkpt>
   <trkpt lat="46.4340690" lon="12.1158670">
    <ele>1767.6</ele>
    <time>2024-06-02T14:04:13Z</time>
    <extensions>
     <gpxtpx:TrackPointExtension>
      <gpxtpx:atemp>26</gpxtpx:atemp>
      <gpxtpx:hr>93</gpxtpx:hr>
      <gpxtpx:cad>47</gpxtpx:cad>
     </gpxtpx:TrackPointExtension>
    </extensions>
   </trkpt>
   <trkpt lat="46.4340490" lon="12.1158660">
    <ele>1767.2</ele>
    <time>2024-06-02T14:04:16Z</time>
    <extensions>
     <gpxtpx:TrackPointExtension>
      <gpxtpx:atemp>26</gpxtpx:atemp>
      <gpxtpx:hr>94</gpxtpx:hr>
      <gpxtpx:cad>0</gpxtpx:cad>
     </gpxtpx:TrackPointExtension>
    </extensions>
   </trkpt>
   <trkpt lat="46.4340440" lon="12.1158660">
    <ele>1767.2</ele>
    <time>2024-06-02T14:04:17Z</time>
    <extensions>
     <gpxtpx:TrackPointExtension>
      <gpxtpx:atemp>26</gpxtpx:atemp>
      <gpxtpx:hr>94</gpxtpx:hr>
      <gpxtpx:cad>0</gpxtpx:cad>
     </gpxtpx:TrackPointExtension>
    </extensions>
   </trkpt>
   <trkpt lat="46.4339890" lon="12.1158440">
    <ele>1766.4</ele>
    <time>2024-06-02T14:04:23Z</time>
    <extensions>
     <gpxtpx:TrackPointExtension>
      <gpxtpx:atemp>26</gpxtpx:atemp>
      <gpxtpx:hr>96</gpxtpx:hr>
      <gpxtpx:cad>49</gpxtpx:cad>
     </gpxtpx:TrackPointExtension>
    </extensions>
   </trkpt>
   <trkpt lat="46.4339260" lon="12.1158480">
    <ele>1766.2</ele>
    <time>2024-06-02T14:04:28Z</time>
    <extensions>
     <gpxtpx:TrackPointExtension>
      <gpxtpx:atemp>26</gpxtpx:atemp>
      <gpxtpx:hr>95</gpxtpx:hr>
      <gpxtpx:cad>54</gpxtpx:cad>
     </gpxtpx:TrackPointExtension>
    </extensions>
   </trkpt>
   <trkpt lat="46.4339120" lon="12.1158330">
    <ele>1766.0</ele>
    <time>2024-06-02T14:04:30Z</time>
    <extensions>
     <gpxtpx:TrackPointExtension>
      <gpxtpx:atemp>26</gpxtpx:atemp>
      <gpxtpx:hr>93</gpxtpx:hr>
      <gpxtpx:cad>54</gpxtpx:cad>
     </gpxtpx:TrackPointExtension>
    </extensions>
   </trkpt>
   <trkpt lat="46.4338730" lon="12.1157970">
    <ele>1765.2</ele>
    <time>2024-06-02T14:04:34Z</time>
    <extensions>
     <gpxtpx:TrackPointExtension>
      <gpxtpx:atemp>26</gpxtpx:atemp>
      <gpxtpx:hr>93</gpxtpx:hr>
      <gpxtpx:cad>54</gpxtpx:cad>
     </gpxtpx:TrackPointExtension>
    </extensions>
   </trkpt>
   <trkpt lat="46.4338640" lon="12.1157880">
    <ele>1765.0</ele>
    <time>2024-06-02T14:04:35Z</time>
    <extensions>
     <gpxtpx:TrackPointExtension>
      <gpxtpx:atemp>26</gpxtpx:atemp>
      <gpxtpx:hr>94</gpxtpx:hr>
      <gpxtpx:cad>54</gpxtpx:cad>
     </gpxtpx:TrackPointExtension>
    </extensions>
   </trkpt>
   <trkpt lat="46.4338530" lon="12.1157640">
    <ele>1765.0</ele>
    <time>2024-06-02T14:04:36Z</time>
    <extensions>
     <gpxtpx:TrackPointExtension>
      <gpxtpx:atemp>26</gpxtpx:atemp>
      <gpxtpx:hr>95</gpxtpx:hr>
      <gpxtpx:cad>54</gpxtpx:cad>
     </gpxtpx:TrackPointExtension>
    </extensions>
   </trkpt>
   <trkpt lat="46.4338270" lon="12.1157060">
    <ele>1764.4</ele>
    <time>2024-06-02T14:04:39Z</time>
    <extensions>
     <gpxtpx:TrackPointExtension>
      <gpxtpx:atemp>26</gpxtpx:atemp>
      <gpxtpx:hr>96</gpxtpx:hr>
      <gpxtpx:cad>54</gpxtpx:cad>
     </gpxtpx:TrackPointExtension>
    </extensions>
   </trkpt>
   <trkpt lat="46.4338120" lon="12.1156730">
    <ele>1764.2</ele>
    <time>2024-06-02T14:04:41Z</time>
    <extensions>
     <gpxtpx:TrackPointExtension>
      <gpxtpx:atemp>26</gpxtpx:atemp>
      <gpxtpx:hr>96</gpxtpx:hr>
      <gpxtpx:cad>54</gpxtpx:cad>
     </gpxtpx:TrackPointExtension>
    </extensions>
   </trkpt>
   <trkpt lat="46.4337970" lon="12.1156530">
    <ele>1764.0</ele>
    <time>2024-06-02T14:04:43Z</time>
    <extensions>
     <gpxtpx:TrackPointExtension>
      <gpxtpx:atemp>26</gpxtpx:atemp>
      <gpxtpx:hr>97</gpxtpx:hr>
      <gpxtpx:cad>54</gpxtpx:cad>
     </gpxtpx:TrackPointExtension>
    </extensions>
   </trkpt>
   <trkpt lat="46.4337720" lon="12.1156020">
    <ele>1763.2</ele>
    <time>2024-06-02T14:04:48Z</time>
    <extensions>
     <gpxtpx:TrackPointExtension>
      <gpxtpx:atemp>26</gpxtpx:atemp>
      <gpxtpx:hr>99</gpxtpx:hr>
      <gpxtpx:cad>55</gpxtpx:cad>
     </gpxtpx:TrackPointExtension>
    </extensions>
   </trkpt>
   <trkpt lat="46.4337580" lon="12.1155340">
    <ele>1763.0</ele>
    <time>2024-06-02T14:04:53Z</time>
    <extensions>
     <gpxtpx:TrackPointExtension>
      <gpxtpx:atemp>26</gpxtpx:atemp>
      <gpxtpx:hr>97</gpxtpx:hr>
      <gpxtpx:cad>52</gpxtpx:cad>
     </gpxtpx:TrackPointExtension>
    </extensions>
   </trkpt>
   <trkpt lat="46.4337430" lon="12.1155190">
    <ele>1762.8</ele>
    <time>2024-06-02T14:04:55Z</time>
    <extensions>
     <gpxtpx:TrackPointExtension>
      <gpxtpx:atemp>26</gpxtpx:atemp>
      <gpxtpx:hr>95</gpxtpx:hr>
      <gpxtpx:cad>52</gpxtpx:cad>
     </gpxtpx:TrackPointExtension>
    </extensions>
   </trkpt>
   <trkpt lat="46.4337060" lon="12.1154740">
    <ele>1761.8</ele>
    <time>2024-06-02T14:05:01Z</time>
    <extensions>
     <gpxtpx:TrackPointExtension>
      <gpxtpx:atemp>26</gpxtpx:atemp>
      <gpxtpx:hr>95</gpxtpx:hr>
      <gpxtpx:cad>53</gpxtpx:cad>
     </gpxtpx:TrackPointExtension>
    </extensions>
   </trkpt>
   <trkpt lat="46.4336970" lon="12.1154580">
    <ele>1761.6</ele>
    <time>2024-06-02T14:05:03Z</time>
    <extensions>
     <gpxtpx:TrackPointExtension>
      <gpxtpx:atemp>26</gpxtpx:atemp>
      <gpxtpx:hr>95</gpxtpx:hr>
      <gpxtpx:cad>51</gpxtpx:cad>
     </gpxtpx:TrackPointExtension>
    </extensions>
   </trkpt>
   <trkpt lat="46.4336520" lon="12.1154140">
    <ele>1761.0</ele>
    <time>2024-06-02T14:05:09Z</time>
    <extensions>
     <gpxtpx:TrackPointExtension>
      <gpxtpx:atemp>26</gpxtpx:atemp>
      <gpxtpx:hr>95</gpxtpx:hr>
      <gpxtpx:cad>51</gpxtpx:cad>
     </gpxtpx:TrackPointExtension>
    </extensions>
   </trkpt>
   <trkpt lat="46.4336430" lon="12.1154130">
    <ele>1760.6</ele>
    <time>2024-06-02T14:05:10Z</time>
    <extensions>
     <gpxtpx:TrackPointExtension>
      <gpxtpx:atemp>26</gpxtpx:atemp>
      <gpxtpx:hr>96</gpxtpx:hr>
      <gpxtpx:cad>51</gpxtpx:cad>
     </gpxtpx:TrackPointExtension>
    </extensions>
   </trkpt>
   <trkpt lat="46.4335890" lon="12.1153650">
    <ele>1759.6</ele>
    <time>2024-06-02T14:05:16Z</time>
    <extensions>
     <gpxtpx:TrackPointExtension>
      <gpxtpx:atemp>26</gpxtpx:atemp>
      <gpxtpx:hr>95</gpxtpx:hr>
      <gpxtpx:cad>51</gpxtpx:cad>
     </gpxtpx:TrackPointExtension>
    </extensions>
   </trkpt>
   <trkpt lat="46.4335230" lon="12.1153370">
    <ele>1758.4</ele>
    <time>2024-06-02T14:05:23Z</time>
    <extensions>
     <gpxtpx:TrackPointExtension>
      <gpxtpx:atemp>26</gpxtpx:atemp>
      <gpxtpx:hr>94</gpxtpx:hr>
      <gpxtpx:cad>50</gpxtpx:cad>
     </gpxtpx:TrackPointExtension>
    </extensions>
   </trkpt>
   <trkpt lat="46.4335060" lon="12.1153320">
    <ele>1758.0</ele>
    <time>2024-06-02T14:05:25Z</time>
    <extensions>
     <gpxtpx:TrackPointExtension>
      <gpxtpx:atemp>26</gpxtpx:atemp>
      <gpxtpx:hr>94</gpxtpx:hr>
      <gpxtpx:cad>49</gpxtpx:cad>
     </gpxtpx:TrackPointExtension>
    </extensions>
   </trkpt>
   <trkpt lat="46.4334810" lon="12.1153200">
    <ele>1757.2</ele>
    <time>2024-06-02T14:05:29Z</time>
    <extensions>
     <gpxtpx:TrackPointExtension>
      <gpxtpx:atemp>26</gpxtpx:atemp>
      <gpxtpx:hr>93</gpxtpx:hr>
      <gpxtpx:cad>54</gpxtpx:cad>
     </gpxtpx:TrackPointExtension>
    </extensions>
   </trkpt>
   <trkpt lat="46.4334520" lon="12.1153180">
    <ele>1756.8</ele>
    <time>2024-06-02T14:05:32Z</time>
    <extensions>
     <gpxtpx:TrackPointExtension>
      <gpxtpx:atemp>26</gpxtpx:atemp>
      <gpxtpx:hr>90</gpxtpx:hr>
      <gpxtpx:cad>53</gpxtpx:cad>
     </gpxtpx:TrackPointExtension>
    </extensions>
   </trkpt>
   <trkpt lat="46.4334410" lon="12.1153160">
    <ele>1756.6</ele>
    <time>2024-06-02T14:05:33Z</time>
    <extensions>
     <gpxtpx:TrackPointExtension>
      <gpxtpx:atemp>26</gpxtpx:atemp>
      <gpxtpx:hr>91</gpxtpx:hr>
      <gpxtpx:cad>53</gpxtpx:cad>
     </gpxtpx:TrackPointExtension>
    </extensions>
   </trkpt>
   <trkpt lat="46.4334170" lon="12.1153120">
    <ele>1756.0</ele>
    <time>2024-06-02T14:05:35Z</time>
    <extensions>
     <gpxtpx:TrackPointExtension>
      <gpxtpx:atemp>26</gpxtpx:atemp>
      <gpxtpx:hr>90</gpxtpx:hr>
      <gpxtpx:cad>54</gpxtpx:cad>
     </gpxtpx:TrackPointExtension>
    </extensions>
   </trkpt>
   <trkpt lat="46.4333710" lon="12.1153280">
    <ele>1755.2</ele>
    <time>2024-06-02T14:05:39Z</time>
    <extensions>
     <gpxtpx:TrackPointExtension>
      <gpxtpx:atemp>26</gpxtpx:atemp>
      <gpxtpx:hr>95</gpxtpx:hr>
      <gpxtpx:cad>53</gpxtpx:cad>
     </gpxtpx:TrackPointExtension>
    </extensions>
   </trkpt>
   <trkpt lat="46.4333560" lon="12.1153240">
    <ele>1755.0</ele>
    <time>2024-06-02T14:05:40Z</time>
    <extensions>
     <gpxtpx:TrackPointExtension>
      <gpxtpx:atemp>26</gpxtpx:atemp>
      <gpxtpx:hr>92</gpxtpx:hr>
      <gpxtpx:cad>52</gpxtpx:cad>
     </gpxtpx:TrackPointExtension>
    </extensions>
   </trkpt>
   <trkpt lat="46.4333450" lon="12.1153120">
    <ele>1754.8</ele>
    <time>2024-06-02T14:05:41Z</time>
    <extensions>
     <gpxtpx:TrackPointExtension>
      <gpxtpx:atemp>26</gpxtpx:atemp>
      <gpxtpx:hr>92</gpxtpx:hr>
      <gpxtpx:cad>52</gpxtpx:cad>
     </gpxtpx:TrackPointExtension>
    </extensions>
   </trkpt>
   <trkpt lat="46.4333300" lon="12.1152990">
    <ele>1754.6</ele>
    <time>2024-06-02T14:05:43Z</time>
    <extensions>
     <gpxtpx:TrackPointExtension>
      <gpxtpx:atemp>26</gpxtpx:atemp>
      <gpxtpx:hr>89</gpxtpx:hr>
      <gpxtpx:cad>50</gpxtpx:cad>
     </gpxtpx:TrackPointExtension>
    </extensions>
   </trkpt>
   <trkpt lat="46.4333210" lon="12.1153000">
    <ele>1754.6</ele>
    <time>2024-06-02T14:05:44Z</time>
    <extensions>
     <gpxtpx:TrackPointExtension>
      <gpxtpx:atemp>26</gpxtpx:atemp>
      <gpxtpx:hr>92</gpxtpx:hr>
      <gpxtpx:cad>50</gpxtpx:cad>
     </gpxtpx:TrackPointExtension>
    </extensions>
   </trkpt>
   <trkpt lat="46.4332710" lon="12.1153220">
    <ele>1754.4</ele>
    <time>2024-06-02T14:05:48Z</time>
    <extensions>
     <gpxtpx:TrackPointExtension>
      <gpxtpx:atemp>26</gpxtpx:atemp>
      <gpxtpx:hr>93</gpxtpx:hr>
      <gpxtpx:cad>52</gpxtpx:cad>
     </gpxtpx:TrackPointExtension>
    </extensions>
   </trkpt>
   <trkpt lat="46.4332450" lon="12.1153560">
    <ele>1753.6</ele>
    <time>2024-06-02T14:05:51Z</time>
    <extensions>
     <gpxtpx:TrackPointExtension>
      <gpxtpx:atemp>26</gpxtpx:atemp>
      <gpxtpx:hr>94</gpxtpx:hr>
      <gpxtpx:cad>52</gpxtpx:cad>
     </gpxtpx:TrackPointExtension>
    </extensions>
   </trkpt>
   <trkpt lat="46.4332070" lon="12.1153800">
    <ele>1753.0</ele>
    <time>2024-06-02T14:05:55Z</time>
    <extensions>
     <gpxtpx:TrackPointExtension>
      <gpxtpx:atemp>26</gpxtpx:atemp>
      <gpxtpx:hr>96</gpxtpx:hr>
      <gpxtpx:cad>52</gpxtpx:cad>
     </gpxtpx:TrackPointExtension>
    </extensions>
   </trkpt>
   <trkpt lat="46.4331810" lon="12.1153850">
    <ele>1752.4</ele>
    <time>2024-06-02T14:05:57Z</time>
    <extensions>
     <gpxtpx:TrackPointExtension>
      <gpxtpx:atemp>26</gpxtpx:atemp>
      <gpxtpx:hr>97</gpxtpx:hr>
      <gpxtpx:cad>54</gpxtpx:cad>
     </gpxtpx:TrackPointExtension>
    </extensions>
   </trkpt>
   <trkpt lat="46.4331390" lon="12.1153990">
    <ele>1751.6</ele>
    <time>2024-06-02T14:06:02Z</time>
    <extensions>
     <gpxtpx:TrackPointExtension>
      <gpxtpx:atemp>26</gpxtpx:atemp>
      <gpxtpx:hr>97</gpxtpx:hr>
      <gpxtpx:cad>54</gpxtpx:cad>
     </gpxtpx:TrackPointExtension>
    </extensions>
   </trkpt>
   <trkpt lat="46.4331210" lon="12.1154100">
    <ele>1751.2</ele>
    <time>2024-06-02T14:06:04Z</time>
    <extensions>
     <gpxtpx:TrackPointExtension>
      <gpxtpx:atemp>26</gpxtpx:atemp>
      <gpxtpx:hr>97</gpxtpx:hr>
      <gpxtpx:cad>54</gpxtpx:cad>
     </gpxtpx:TrackPointExtension>
    </extensions>
   </trkpt>
   <trkpt lat="46.4330850" lon="12.1154130">
    <ele>1750.6</ele>
    <time>2024-06-02T14:06:09Z</time>
    <extensions>
     <gpxtpx:TrackPointExtension>
      <gpxtpx:atemp>26</gpxtpx:atemp>
      <gpxtpx:hr>101</gpxtpx:hr>
      <gpxtpx:cad>52</gpxtpx:cad>
     </gpxtpx:TrackPointExtension>
    </extensions>
   </trkpt>
   <trkpt lat="46.4330620" lon="12.1154070">
    <ele>1750.2</ele>
    <time>2024-06-02T14:06:11Z</time>
    <extensions>
     <gpxtpx:TrackPointExtension>
      <gpxtpx:atemp>26</gpxtpx:atemp>
      <gpxtpx:hr>98</gpxtpx:hr>
      <gpxtpx:cad>51</gpxtpx:cad>
     </gpxtpx:TrackPointExtension>
    </extensions>
   </trkpt>
   <trkpt lat="46.4330280" lon="12.1154340">
    <ele>1749.2</ele>
    <time>2024-06-02T14:06:18Z</time>
    <extensions>
     <gpxtpx:TrackPointExtension>
      <gpxtpx:atemp>26</gpxtpx:atemp>
      <gpxtpx:hr>97</gpxtpx:hr>
      <gpxtpx:cad>54</gpxtpx:cad>
     </gpxtpx:TrackPointExtension>
    </extensions>
   </trkpt>
   <trkpt lat="46.4329770" lon="12.1154560">
    <ele>1748.6</ele>
    <time>2024-06-02T14:06:23Z</time>
    <extensions>
     <gpxtpx:TrackPointExtension>
      <gpxtpx:atemp>26</gpxtpx:atemp>
      <gpxtpx:hr>94</gpxtpx:hr>
      <gpxtpx:cad>53</gpxtpx:cad>
     </gpxtpx:TrackPointExtension>
    </extensions>
   </trkpt>
   <trkpt lat="46.4329530" lon="12.1154730">
    <ele>1748.2</ele>
    <time>2024-06-02T14:06:25Z</time>
    <extensions>
     <gpxtpx:TrackPointExtension>
      <gpxtpx:atemp>26</gpxtpx:atemp>
      <gpxtpx:hr>94</gpxtpx:hr>
      <gpxtpx:cad>52</gpxtpx:cad>
     </gpxtpx:TrackPointExtension>
    </extensions>
   </trkpt>
   <trkpt lat="46.4329390" lon="12.1154830">
    <ele>1748.0</ele>
    <time>2024-06-02T14:06:26Z</time>
    <extensions>
     <gpxtpx:TrackPointExtension>
      <gpxtpx:atemp>26</gpxtpx:atemp>
      <gpxtpx:hr>94</gpxtpx:hr>
      <gpxtpx:cad>53</gpxtpx:cad>
     </gpxtpx:TrackPointExtension>
    </extensions>
   </trkpt>
   <trkpt lat="46.4329220" lon="12.1154790">
    <ele>1748.0</ele>
    <time>2024-06-02T14:06:27Z</time>
    <extensions>
     <gpxtpx:TrackPointExtension>
      <gpxtpx:atemp>26</gpxtpx:atemp>
      <gpxtpx:hr>94</gpxtpx:hr>
      <gpxtpx:cad>53</gpxtpx:cad>
     </gpxtpx:TrackPointExtension>
    </extensions>
   </trkpt>
   <trkpt lat="46.4328860" lon="12.1154800">
    <ele>1747.4</ele>
    <time>2024-06-02T14:06:30Z</time>
    <extensions>
     <gpxtpx:TrackPointExtension>
      <gpxtpx:atemp>26</gpxtpx:atemp>
      <gpxtpx:hr>94</gpxtpx:hr>
      <gpxtpx:cad>53</gpxtpx:cad>
     </gpxtpx:TrackPointExtension>
    </extensions>
   </trkpt>
   <trkpt lat="46.4328690" lon="12.1154850">
    <ele>1747.0</ele>
    <time>2024-06-02T14:06:32Z</time>
    <extensions>
     <gpxtpx:TrackPointExtension>
      <gpxtpx:atemp>25</gpxtpx:atemp>
      <gpxtpx:hr>94</gpxtpx:hr>
      <gpxtpx:cad>52</gpxtpx:cad>
     </gpxtpx:TrackPointExtension>
    </extensions>
   </trkpt>
   <trkpt lat="46.4328440" lon="12.1155090">
    <ele>1746.2</ele>
    <time>2024-06-02T14:06:36Z</time>
    <extensions>
     <gpxtpx:TrackPointExtension>
      <gpxtpx:atemp>26</gpxtpx:atemp>
      <gpxtpx:hr>94</gpxtpx:hr>
      <gpxtpx:cad>53</gpxtpx:cad>
     </gpxtpx:TrackPointExtension>
    </extensions>
   </trkpt>
   <trkpt lat="46.4328310" lon="12.1155140">
    <ele>1746.0</ele>
    <time>2024-06-02T14:06:37Z</time>
    <extensions>
     <gpxtpx:TrackPointExtension>
      <gpxtpx:atemp>25</gpxtpx:atemp>
      <gpxtpx:hr>94</gpxtpx:hr>
      <gpxtpx:cad>53</gpxtpx:cad>
     </gpxtpx:TrackPointExtension>
    </extensions>
   </trkpt>
   <trkpt lat="46.4328160" lon="12.1155170">
    <ele>1745.8</ele>
    <time>2024-06-02T14:06:39Z</time>
    <extensions>
     <gpxtpx:TrackPointExtension>
      <gpxtpx:atemp>26</gpxtpx:atemp>
      <gpxtpx:hr>95</gpxtpx:hr>
      <gpxtpx:cad>53</gpxtpx:cad>
     </gpxtpx:TrackPointExtension>
    </extensions>
   </trkpt>
   <trkpt lat="46.4327850" lon="12.1155140">
    <ele>1745.6</ele>
    <time>2024-06-02T14:06:41Z</time>
    <extensions>
     <gpxtpx:TrackPointExtension>
      <gpxtpx:atemp>25</gpxtpx:atemp>
      <gpxtpx:hr>96</gpxtpx:hr>
      <gpxtpx:cad>52</gpxtpx:cad>
     </gpxtpx:TrackPointExtension>
    </extensions>
   </trkpt>
   <trkpt lat="46.4327690" lon="12.1155060">
    <ele>1745.4</ele>
    <time>2024-06-02T14:06:42Z</time>
    <extensions>
     <gpxtpx:TrackPointExtension>
      <gpxtpx:atemp>25</gpxtpx:atemp>
      <gpxtpx:hr>96</gpxtpx:hr>
      <gpxtpx:cad>52</gpxtpx:cad>
     </gpxtpx:TrackPointExtension>
    </extensions>
   </trkpt>
   <trkpt lat="46.4327080" lon="12.1155400">
    <ele>1744.8</ele>
    <time>2024-06-02T14:06:46Z</time>
    <extensions>
     <gpxtpx:TrackPointExtension>
      <gpxtpx:atemp>25</gpxtpx:atemp>
      <gpxtpx:hr>96</gpxtpx:hr>
      <gpxtpx:cad>54</gpxtpx:cad>
     </gpxtpx:TrackPointExtension>
    </extensions>
   </trkpt>
   <trkpt lat="46.4326990" lon="12.1155500">
    <ele>1744.6</ele>
    <time>2024-06-02T14:06:47Z</time>
    <extensions>
     <gpxtpx:TrackPointExtension>
      <gpxtpx:atemp>25</gpxtpx:atemp>
      <gpxtpx:hr>96</gpxtpx:hr>
      <gpxtpx:cad>54</gpxtpx:cad>
     </gpxtpx:TrackPointExtension>
    </extensions>
   </trkpt>
   <trkpt lat="46.4326900" lon="12.1155570">
    <ele>1744.6</ele>
    <time>2024-06-02T14:06:48Z</time>
    <extensions>
     <gpxtpx:TrackPointExtension>
      <gpxtpx:atemp>25</gpxtpx:atemp>
      <gpxtpx:hr>97</gpxtpx:hr>
      <gpxtpx:cad>53</gpxtpx:cad>
     </gpxtpx:TrackPointExtension>
    </extensions>
   </trkpt>
   <trkpt lat="46.4326450" lon="12.1155750">
    <ele>1744.0</ele>
    <time>2024-06-02T14:06:52Z</time>
    <extensions>
     <gpxtpx:TrackPointExtension>
      <gpxtpx:atemp>25</gpxtpx:atemp>
      <gpxtpx:hr>97</gpxtpx:hr>
      <gpxtpx:cad>54</gpxtpx:cad>
     </gpxtpx:TrackPointExtension>
    </extensions>
   </trkpt>
   <trkpt lat="46.4326240" lon="12.1155820">
    <ele>1743.6</ele>
    <time>2024-06-02T14:06:54Z</time>
    <extensions>
     <gpxtpx:TrackPointExtension>
      <gpxtpx:atemp>25</gpxtpx:atemp>
      <gpxtpx:hr>97</gpxtpx:hr>
      <gpxtpx:cad>54</gpxtpx:cad>
     </gpxtpx:TrackPointExtension>
    </extensions>
   </trkpt>
   <trkpt lat="46.4325770" lon="12.1156100">
    <ele>1743.0</ele>
    <time>2024-06-02T14:06:58Z</time>
    <extensions>
     <gpxtpx:TrackPointExtension>
      <gpxtpx:atemp>25</gpxtpx:atemp>
      <gpxtpx:hr>96</gpxtpx:hr>
      <gpxtpx:cad>52</gpxtpx:cad>
     </gpxtpx:TrackPointExtension>
    </extensions>
   </trkpt>
   <trkpt lat="46.4325720" lon="12.1156150">
    <ele>1742.8</ele>
    <time>2024-06-02T14:06:59Z</time>
    <extensions>
     <gpxtpx:TrackPointExtension>
      <gpxtpx:atemp>25</gpxtpx:atemp>
      <gpxtpx:hr>96</gpxtpx:hr>
      <gpxtpx:cad>52</gpxtpx:cad>
     </gpxtpx:TrackPointExtension>
    </extensions>
   </trkpt>
   <trkpt lat="46.4325540" lon="12.1156240">
    <ele>1742.6</ele>
    <time>2024-06-02T14:07:01Z</time>
    <extensions>
     <gpxtpx:TrackPointExtension>
      <gpxtpx:atemp>25</gpxtpx:atemp>
      <gpxtpx:hr>95</gpxtpx:hr>
      <gpxtpx:cad>52</gpxtpx:cad>
     </gpxtpx:TrackPointExtension>
    </extensions>
   </trkpt>
   <trkpt lat="46.4325220" lon="12.1156320">
    <ele>1742.2</ele>
    <time>2024-06-02T14:07:04Z</time>
    <extensions>
     <gpxtpx:TrackPointExtension>
      <gpxtpx:atemp>25</gpxtpx:atemp>
      <gpxtpx:hr>92</gpxtpx:hr>
      <gpxtpx:cad>54</gpxtpx:cad>
     </gpxtpx:TrackPointExtension>
    </extensions>
   </trkpt>
   <trkpt lat="46.4325110" lon="12.1156440">
    <ele>1741.8</ele>
    <time>2024-06-02T14:07:06Z</time>
    <extensions>
     <gpxtpx:TrackPointExtension>
      <gpxtpx:atemp>25</gpxtpx:atemp>
      <gpxtpx:hr>91</gpxtpx:hr>
      <gpxtpx:cad>54</gpxtpx:cad>
     </gpxtpx:TrackPointExtension>
    </extensions>
   </trkpt>
   <trkpt lat="46.4325050" lon="12.1156730">
    <ele>1741.6</ele>
    <time>2024-06-02T14:07:09Z</time>
    <extensions>
     <gpxtpx:TrackPointExtension>
      <gpxtpx:atemp>25</gpxtpx:atemp>
      <gpxtpx:hr>88</gpxtpx:hr>
      <gpxtpx:cad>51</gpxtpx:cad>
     </gpxtpx:TrackPointExtension>
    </extensions>
   </trkpt>
   <trkpt lat="46.4325050" lon="12.1157000">
    <ele>1741.6</ele>
    <time>2024-06-02T14:07:11Z</time>
    <extensions>
     <gpxtpx:TrackPointExtension>
      <gpxtpx:atemp>25</gpxtpx:atemp>
      <gpxtpx:hr>89</gpxtpx:hr>
      <gpxtpx:cad>50</gpxtpx:cad>
     </gpxtpx:TrackPointExtension>
    </extensions>
   </trkpt>
   <trkpt lat="46.4325080" lon="12.1157100">
    <ele>1741.2</ele>
    <time>2024-06-02T14:07:13Z</time>
    <extensions>
     <gpxtpx:TrackPointExtension>
      <gpxtpx:atemp>25</gpxtpx:atemp>
      <gpxtpx:hr>90</gpxtpx:hr>
      <gpxtpx:cad>51</gpxtpx:cad>
     </gpxtpx:TrackPointExtension>
    </extensions>
   </trkpt>
   <trkpt lat="46.4325050" lon="12.1157290">
    <ele>1740.6</ele>
    <time>2024-06-02T14:07:16Z</time>
    <extensions>
     <gpxtpx:TrackPointExtension>
      <gpxtpx:atemp>25</gpxtpx:atemp>
      <gpxtpx:hr>91</gpxtpx:hr>
      <gpxtpx:cad>52</gpxtpx:cad>
     </gpxtpx:TrackPointExtension>
    </extensions>
   </trkpt>
   <trkpt lat="46.4324620" lon="12.1157960">
    <ele>1739.8</ele>
    <time>2024-06-02T14:07:21Z</time>
    <extensions>
     <gpxtpx:TrackPointExtension>
      <gpxtpx:atemp>25</gpxtpx:atemp>
      <gpxtpx:hr>92</gpxtpx:hr>
      <gpxtpx:cad>52</gpxtpx:cad>
     </gpxtpx:TrackPointExtension>
    </extensions>
   </trkpt>
   <trkpt lat="46.4324470" lon="12.1158170">
    <ele>1739.6</ele>
    <time>2024-06-02T14:07:23Z</time>
    <extensions>
     <gpxtpx:TrackPointExtension>
      <gpxtpx:atemp>25</gpxtpx:atemp>
      <gpxtpx:hr>92</gpxtpx:hr>
      <gpxtpx:cad>53</gpxtpx:cad>
     </gpxtpx:TrackPointExtension>
    </extensions>
   </trkpt>
   <trkpt lat="46.4323900" lon="12.1158970">
    <ele>1738.6</ele>
    <time>2024-06-02T14:07:28Z</time>
    <extensions>
     <gpxtpx:TrackPointExtension>
      <gpxtpx:atemp>25</gpxtpx:atemp>
      <gpxtpx:hr>92</gpxtpx:hr>
      <gpxtpx:cad>53</gpxtpx:cad>
     </gpxtpx:TrackPointExtension>
    </extensions>
   </trkpt>
   <trkpt lat="46.4323840" lon="12.1159110">
    <ele>1738.4</ele>
    <time>2024-06-02T14:07:29Z</time>
    <extensions>
     <gpxtpx:TrackPointExtension>
      <gpxtpx:atemp>25</gpxtpx:atemp>
      <gpxtpx:hr>92</gpxtpx:hr>
      <gpxtpx:cad>53</gpxtpx:cad>
     </gpxtpx:TrackPointExtension>
    </extensions>
   </trkpt>
   <trkpt lat="46.4323840" lon="12.1159230">
    <ele>1738.2</ele>
    <time>2024-06-02T14:07:30Z</time>
    <extensions>
     <gpxtpx:TrackPointExtension>
      <gpxtpx:atemp>25</gpxtpx:atemp>
      <gpxtpx:hr>93</gpxtpx:hr>
      <gpxtpx:cad>54</gpxtpx:cad>
     </gpxtpx:TrackPointExtension>
    </extensions>
   </trkpt>
   <trkpt lat="46.4324030" lon="12.1159400">
    <ele>1737.4</ele>
    <time>2024-06-02T14:07:35Z</time>
    <extensions>
     <gpxtpx:TrackPointExtension>
      <gpxtpx:atemp>25</gpxtpx:atemp>
      <gpxtpx:hr>94</gpxtpx:hr>
      <gpxtpx:cad>52</gpxtpx:cad>
     </gpxtpx:TrackPointExtension>
    </extensions>
   </trkpt>
   <trkpt lat="46.4324000" lon="12.1159310">
    <ele>1737.2</ele>
    <time>2024-06-02T14:07:36Z</time>
    <extensions>
     <gpxtpx:TrackPointExtension>
      <gpxtpx:atemp>25</gpxtpx:atemp>
      <gpxtpx:hr>94</gpxtpx:hr>
      <gpxtpx:cad>52</gpxtpx:cad>
     </gpxtpx:TrackPointExtension>
    </extensions>
   </trkpt>
   <trkpt lat="46.4323750" lon="12.1160240">
    <ele>1736.2</ele>
    <time>2024-06-02T14:07:42Z</time>
    <extensions>
     <gpxtpx:TrackPointExtension>
      <gpxtpx:atemp>25</gpxtpx:atemp>
      <gpxtpx:hr>94</gpxtpx:hr>
      <gpxtpx:cad>52</gpxtpx:cad>
     </gpxtpx:TrackPointExtension>
    </extensions>
   </trkpt>
   <trkpt lat="46.4323740" lon="12.1160400">
    <ele>1736.0</ele>
    <time>2024-06-02T14:07:43Z</time>
    <extensions>
     <gpxtpx:TrackPointExtension>
      <gpxtpx:atemp>25</gpxtpx:atemp>
      <gpxtpx:hr>94</gpxtpx:hr>
      <gpxtpx:cad>52</gpxtpx:cad>
     </gpxtpx:TrackPointExtension>
    </extensions>
   </trkpt>
   <trkpt lat="46.4323500" lon="12.1161280">
    <ele>1735.0</ele>
    <time>2024-06-02T14:07:48Z</time>
    <extensions>
     <gpxtpx:TrackPointExtension>
      <gpxtpx:atemp>25</gpxtpx:atemp>
      <gpxtpx:hr>96</gpxtpx:hr>
      <gpxtpx:cad>53</gpxtpx:cad>
     </gpxtpx:TrackPointExtension>
    </extensions>
   </trkpt>
   <trkpt lat="46.4323400" lon="12.1161620">
    <ele>1734.8</ele>
    <time>2024-06-02T14:07:50Z</time>
    <extensions>
     <gpxtpx:TrackPointExtension>
      <gpxtpx:atemp>25</gpxtpx:atemp>
      <gpxtpx:hr>97</gpxtpx:hr>
      <gpxtpx:cad>52</gpxtpx:cad>
     </gpxtpx:TrackPointExtension>
    </extensions>
   </trkpt>
   <trkpt lat="46.4323400" lon="12.1161750">
    <ele>1734.8</ele>
    <time>2024-06-02T14:07:51Z</time>
    <extensions>
     <gpxtpx:TrackPointExtension>
      <gpxtpx:atemp>25</gpxtpx:atemp>
      <gpxtpx:hr>97</gpxtpx:hr>
      <gpxtpx:cad>52</gpxtpx:cad>
     </gpxtpx:TrackPointExtension>
    </extensions>
   </trkpt>
   <trkpt lat="46.4323030" lon="12.1162790">
    <ele>1733.8</ele>
    <time>2024-06-02T14:07:57Z</time>
    <extensions>
     <gpxtpx:TrackPointExtension>
      <gpxtpx:atemp>25</gpxtpx:atemp>
      <gpxtpx:hr>99</gpxtpx:hr>
      <gpxtpx:cad>53</gpxtpx:cad>
     </gpxtpx:TrackPointExtension>
    </extensions>
   </trkpt>
   <trkpt lat="46.4322980" lon="12.1163080">
    <ele>1733.4</ele>
    <time>2024-06-02T14:07:59Z</time>
    <extensions>
     <gpxtpx:TrackPointExtension>
      <gpxtpx:atemp>25</gpxtpx:atemp>
      <gpxtpx:hr>100</gpxtpx:hr>
      <gpxtpx:cad>53</gpxtpx:cad>
     </gpxtpx:TrackPointExtension>
    </extensions>
   </trkpt>
   <trkpt lat="46.4322430" lon="12.1163710">
    <ele>1732.8</ele>
    <time>2024-06-02T14:08:03Z</time>
    <extensions>
     <gpxtpx:TrackPointExtension>
      <gpxtpx:atemp>25</gpxtpx:atemp>
      <gpxtpx:hr>100</gpxtpx:hr>
      <gpxtpx:cad>54</gpxtpx:cad>
     </gpxtpx:TrackPointExtension>
    </extensions>
   </trkpt>
   <trkpt lat="46.4322050" lon="12.1164940">
    <ele>1731.8</ele>
    <time>2024-06-02T14:08:09Z</time>
    <extensions>
     <gpxtpx:TrackPointExtension>
      <gpxtpx:atemp>25</gpxtpx:atemp>
      <gpxtpx:hr>102</gpxtpx:hr>
      <gpxtpx:cad>53</gpxtpx:cad>
     </gpxtpx:TrackPointExtension>
    </extensions>
   </trkpt>
   <trkpt lat="46.4321320" lon="12.1165790">
    <ele>1731.0</ele>
    <time>2024-06-02T14:08:17Z</time>
    <extensions>
     <gpxtpx:TrackPointExtension>
      <gpxtpx:atemp>25</gpxtpx:atemp>
      <gpxtpx:hr>103</gpxtpx:hr>
      <gpxtpx:cad>54</gpxtpx:cad>
     </gpxtpx:TrackPointExtension>
    </extensions>
   </trkpt>
   <trkpt lat="46.4321230" lon="12.1165750">
    <ele>1730.6</ele>
    <time>2024-06-02T14:08:19Z</time>
    <extensions>
     <gpxtpx:TrackPointExtension>
      <gpxtpx:atemp>25</gpxtpx:atemp>
      <gpxtpx:hr>103</gpxtpx:hr>
      <gpxtpx:cad>54</gpxtpx:cad>
     </gpxtpx:TrackPointExtension>
    </extensions>
   </trkpt>
   <trkpt lat="46.4320490" lon="12.1166740">
    <ele>1730.2</ele>
    <time>2024-06-02T14:08:25Z</time>
    <extensions>
     <gpxtpx:TrackPointExtension>
      <gpxtpx:atemp>25</gpxtpx:atemp>
      <gpxtpx:hr>103</gpxtpx:hr>
      <gpxtpx:cad>53</gpxtpx:cad>
     </gpxtpx:TrackPointExtension>
    </extensions>
   </trkpt>
   <trkpt lat="46.4320370" lon="12.1166930">
    <ele>1730.0</ele>
    <time>2024-06-02T14:08:27Z</time>
    <extensions>
     <gpxtpx:TrackPointExtension>
      <gpxtpx:atemp>25</gpxtpx:atemp>
      <gpxtpx:hr>102</gpxtpx:hr>
      <gpxtpx:cad>54</gpxtpx:cad>
     </gpxtpx:TrackPointExtension>
    </extensions>
   </trkpt>
   <trkpt lat="46.4320110" lon="12.1167280">
    <ele>1729.6</ele>
    <time>2024-06-02T14:08:32Z</time>
    <extensions>
     <gpxtpx:TrackPointExtension>
      <gpxtpx:atemp>25</gpxtpx:atemp>
      <gpxtpx:hr>102</gpxtpx:hr>
      <gpxtpx:cad>52</gpxtpx:cad>
     </gpxtpx:TrackPointExtension>
    </extensions>
   </trkpt>
   <trkpt lat="46.4320090" lon="12.1167370">
    <ele>1729.6</ele>
    <time>2024-06-02T14:08:33Z</time>
    <extensions>
     <gpxtpx:TrackPointExtension>
      <gpxtpx:atemp>25</gpxtpx:atemp>
      <gpxtpx:hr>102</gpxtpx:hr>
      <gpxtpx:cad>52</gpxtpx:cad>
     </gpxtpx:TrackPointExtension>
    </extensions>
   </trkpt>
   <trkpt lat="46.4319620" lon="12.1168040">
    <ele>1729.0</ele>
    <time>2024-06-02T14:08:38Z</time>
    <extensions>
     <gpxtpx:TrackPointExtension>
      <gpxtpx:atemp>25</gpxtpx:atemp>
      <gpxtpx:hr>100</gpxtpx:hr>
      <gpxtpx:cad>53</gpxtpx:cad>
     </gpxtpx:TrackPointExtension>
    </extensions>
   </trkpt>
   <trkpt lat="46.4319540" lon="12.1168200">
    <ele>1728.6</ele>
    <time>2024-06-02T14:08:40Z</time>
    <extensions>
     <gpxtpx:TrackPointExtension>
      <gpxtpx:atemp>25</gpxtpx:atemp>
      <gpxtpx:hr>100</gpxtpx:hr>
      <gpxtpx:cad>54</gpxtpx:cad>
     </gpxtpx:TrackPointExtension>
    </extensions>
   </trkpt>
   <trkpt lat="46.4319560" lon="12.1168250">
    <ele>1728.4</ele>
    <time>2024-06-02T14:08:41Z</time>
    <extensions>
     <gpxtpx:TrackPointExtension>
      <gpxtpx:atemp>25</gpxtpx:atemp>
      <gpxtpx:hr>100</gpxtpx:hr>
      <gpxtpx:cad>55</gpxtpx:cad>
     </gpxtpx:TrackPointExtension>
    </extensions>
   </trkpt>
   <trkpt lat="46.4319640" lon="12.1168770">
    <ele>1727.4</ele>
    <time>2024-06-02T14:08:46Z</time>
    <extensions>
     <gpxtpx:TrackPointExtension>
      <gpxtpx:atemp>25</gpxtpx:atemp>
      <gpxtpx:hr>98</gpxtpx:hr>
      <gpxtpx:cad>55</gpxtpx:cad>
     </gpxtpx:TrackPointExtension>
    </extensions>
   </trkpt>
   <trkpt lat="46.4319630" lon="12.1168990">
    <ele>1727.2</ele>
    <time>2024-06-02T14:08:47Z</time>
    <extensions>
     <gpxtpx:TrackPointExtension>
      <gpxtpx:atemp>25</gpxtpx:atemp>
      <gpxtpx:hr>98</gpxtpx:hr>
      <gpxtpx:cad>55</gpxtpx:cad>
     </gpxtpx:TrackPointExtension>
    </extensions>
   </trkpt>
   <trkpt lat="46.4319400" lon="12.1169920">
    <ele>1726.4</ele>
    <time>2024-06-02T14:08:52Z</time>
    <extensions>
     <gpxtpx:TrackPointExtension>
      <gpxtpx:atemp>25</gpxtpx:atemp>
      <gpxtpx:hr>98</gpxtpx:hr>
      <gpxtpx:cad>56</gpxtpx:cad>
     </gpxtpx:TrackPointExtension>
    </extensions>
   </trkpt>
   <trkpt lat="46.4318990" lon="12.1170370">
    <ele>1726.0</ele>
    <time>2024-06-02T14:08:54Z</time>
    <extensions>
     <gpxtpx:TrackPointExtension>
      <gpxtpx:atemp>25</gpxtpx:atemp>
      <gpxtpx:hr>98</gpxtpx:hr>
      <gpxtpx:cad>56</gpxtpx:cad>
     </gpxtpx:TrackPointExtension>
    </extensions>
   </trkpt>
   <trkpt lat="46.4318680" lon="12.1170510">
    <ele>1725.8</ele>
    <time>2024-06-02T14:08:56Z</time>
    <extensions>
     <gpxtpx:TrackPointExtension>
      <gpxtpx:atemp>25</gpxtpx:atemp>
      <gpxtpx:hr>95</gpxtpx:hr>
      <gpxtpx:cad>55</gpxtpx:cad>
     </gpxtpx:TrackPointExtension>
    </extensions>
   </trkpt>
   <trkpt lat="46.4318530" lon="12.1170600">
    <ele>1725.6</ele>
    <time>2024-06-02T14:08:57Z</time>
    <extensions>
     <gpxtpx:TrackPointExtension>
      <gpxtpx:atemp>25</gpxtpx:atemp>
      <gpxtpx:hr>98</gpxtpx:hr>
      <gpxtpx:cad>54</gpxtpx:cad>
     </gpxtpx:TrackPointExtension>
    </extensions>
   </trkpt>
   <trkpt lat="46.4318030" lon="12.1170450">
    <ele>1725.4</ele>
    <time>2024-06-02T14:09:00Z</time>
    <extensions>
     <gpxtpx:TrackPointExtension>
      <gpxtpx:atemp>25</gpxtpx:atemp>
      <gpxtpx:hr>98</gpxtpx:hr>
      <gpxtpx:cad>53</gpxtpx:cad>
     </gpxtpx:TrackPointExtension>
    </extensions>
   </trkpt>
   <trkpt lat="46.4317840" lon="12.1170480">
    <ele>1725.2</ele>
    <time>2024-06-02T14:09:01Z</time>
    <extensions>
     <gpxtpx:TrackPointExtension>
      <gpxtpx:atemp>25</gpxtpx:atemp>
      <gpxtpx:hr>98</gpxtpx:hr>
      <gpxtpx:cad>53</gpxtpx:cad>
     </gpxtpx:TrackPointExtension>
    </extensions>
   </trkpt>
   <trkpt lat="46.4317710" lon="12.1170510">
    <ele>1725.0</ele>
    <time>2024-06-02T14:09:02Z</time>
    <extensions>
     <gpxtpx:TrackPointExtension>
      <gpxtpx:atemp>25</gpxtpx:atemp>
      <gpxtpx:hr>98</gpxtpx:hr>
      <gpxtpx:cad>53</gpxtpx:cad>
     </gpxtpx:TrackPointExtension>
    </extensions>
   </trkpt>
   <trkpt lat="46.4316760" lon="12.1170030">
    <ele>1724.4</ele>
    <time>2024-06-02T14:09:07Z</time>
    <extensions>
     <gpxtpx:TrackPointExtension>
      <gpxtpx:atemp>25</gpxtpx:atemp>
      <gpxtpx:hr>99</gpxtpx:hr>
      <gpxtpx:cad>55</gpxtpx:cad>
     </gpxtpx:TrackPointExtension>
    </extensions>
   </trkpt>
   <trkpt lat="46.4316520" lon="12.1169850">
    <ele>1723.8</ele>
    <time>2024-06-02T14:09:09Z</time>
    <extensions>
     <gpxtpx:TrackPointExtension>
      <gpxtpx:atemp>25</gpxtpx:atemp>
      <gpxtpx:hr>99</gpxtpx:hr>
      <gpxtpx:cad>55</gpxtpx:cad>
     </gpxtpx:TrackPointExtension>
    </extensions>
   </trkpt>
   <trkpt lat="46.4316510" lon="12.1169590">
    <ele>1723.6</ele>
    <time>2024-06-02T14:09:11Z</time>
    <extensions>
     <gpxtpx:TrackPointExtension>
      <gpxtpx:atemp>25</gpxtpx:atemp>
      <gpxtpx:hr>99</gpxtpx:hr>
      <gpxtpx:cad>57</gpxtpx:cad>
     </gpxtpx:TrackPointExtension>
    </extensions>
   </trkpt>
   <trkpt lat="46.4316210" lon="12.1168910">
    <ele>1722.8</ele>
    <time>2024-06-02T14:09:15Z</time>
    <extensions>
     <gpxtpx:TrackPointExtension>
      <gpxtpx:atemp>25</gpxtpx:atemp>
      <gpxtpx:hr>98</gpxtpx:hr>
      <gpxtpx:cad>54</gpxtpx:cad>
     </gpxtpx:TrackPointExtension>
    </extensions>
   </trkpt>
   <trkpt lat="46.4315550" lon="12.1168250">
    <ele>1722.0</ele>
    <time>2024-06-02T14:09:22Z</time>
    <extensions>
     <gpxtpx:TrackPointExtension>
      <gpxtpx:atemp>25</gpxtpx:atemp>
      <gpxtpx:hr>96</gpxtpx:hr>
      <gpxtpx:cad>54</gpxtpx:cad>
     </gpxtpx:TrackPointExtension>
    </extensions>
   </trkpt>
   <trkpt lat="46.4315150" lon="12.1167880">
    <ele>1721.8</ele>
    <time>2024-06-02T14:09:25Z</time>
    <extensions>
     <gpxtpx:TrackPointExtension>
      <gpxtpx:atemp>25</gpxtpx:atemp>
      <gpxtpx:hr>95</gpxtpx:hr>
      <gpxtpx:cad>52</gpxtpx:cad>
     </gpxtpx:TrackPointExtension>
    </extensions>
   </trkpt>
   <trkpt lat="46.4314890" lon="12.1167380">
    <ele>1721.2</ele>
    <time>2024-06-02T14:09:29Z</time>
    <extensions>
     <gpxtpx:TrackPointExtension>
      <gpxtpx:atemp>25</gpxtpx:atemp>
      <gpxtpx:hr>97</gpxtpx:hr>
      <gpxtpx:cad>52</gpxtpx:cad>
     </gpxtpx:TrackPointExtension>
    </extensions>
   </trkpt>
   <trkpt lat="46.4314680" lon="12.1167090">
    <ele>1720.8</ele>
    <time>2024-06-02T14:09:31Z</time>
    <extensions>
     <gpxtpx:TrackPointExtension>
      <gpxtpx:atemp>25</gpxtpx:atemp>
      <gpxtpx:hr>98</gpxtpx:hr>
      <gpxtpx:cad>54</gpxtpx:cad>
     </gpxtpx:TrackPointExtension>
    </extensions>
   </trkpt>
   <trkpt lat="46.4314530" lon="12.1166990">
    <ele>1720.6</ele>
    <time>2024-06-02T14:09:32Z</time>
    <extensions>
     <gpxtpx:TrackPointExtension>
      <gpxtpx:atemp>25</gpxtpx:atemp>
      <gpxtpx:hr>98</gpxtpx:hr>
      <gpxtpx:cad>55</gpxtpx:cad>
     </gpxtpx:TrackPointExtension>
    </extensions>
   </trkpt>
   <trkpt lat="46.4313820" lon="12.1166480">
    <ele>1719.6</ele>
    <time>2024-06-02T14:09:38Z</time>
    <extensions>
     <gpxtpx:TrackPointExtension>
      <gpxtpx:atemp>25</gpxtpx:atemp>
      <gpxtpx:hr>98</gpxtpx:hr>
      <gpxtpx:cad>54</gpxtpx:cad>
     </gpxtpx:TrackPointExtension>
    </extensions>
   </trkpt>
   <trkpt lat="46.4313740" lon="12.1166380">
    <ele>1719.4</ele>
    <time>2024-06-02T14:09:39Z</time>
    <extensions>
     <gpxtpx:TrackPointExtension>
      <gpxtpx:atemp>25</gpxtpx:atemp>
      <gpxtpx:hr>98</gpxtpx:hr>
      <gpxtpx:cad>52</gpxtpx:cad>
     </gpxtpx:TrackPointExtension>
    </extensions>
   </trkpt>
   <trkpt lat="46.4313500" lon="12.1166310">
    <ele>1718.6</ele>
    <time>2024-06-02T14:09:41Z</time>
    <extensions>
     <gpxtpx:TrackPointExtension>
      <gpxtpx:atemp>25</gpxtpx:atemp>
      <gpxtpx:hr>99</gpxtpx:hr>
      <gpxtpx:cad>54</gpxtpx:cad>
     </gpxtpx:TrackPointExtension>
    </extensions>
   </trkpt>
   <trkpt lat="46.4313140" lon="12.1166320">
    <ele>1718.4</ele>
    <time>2024-06-02T14:09:44Z</time>
    <extensions>
     <gpxtpx:TrackPointExtension>
      <gpxtpx:atemp>25</gpxtpx:atemp>
      <gpxtpx:hr>98</gpxtpx:hr>
      <gpxtpx:cad>54</gpxtpx:cad>
     </gpxtpx:TrackPointExtension>
    </extensions>
   </trkpt>
   <trkpt lat="46.4313030" lon="12.1166360">
    <ele>1718.4</ele>
    <time>2024-06-02T14:09:45Z</time>
    <extensions>
     <gpxtpx:TrackPointExtension>
      <gpxtpx:atemp>25</gpxtpx:atemp>
      <gpxtpx:hr>98</gpxtpx:hr>
      <gpxtpx:cad>53</gpxtpx:cad>
     </gpxtpx:TrackPointExtension>
    </extensions>
   </trkpt>
   <trkpt lat="46.4311960" lon="12.1166550">
    <ele>1717.4</ele>
    <time>2024-06-02T14:09:53Z</time>
    <extensions>
     <gpxtpx:TrackPointExtension>
      <gpxtpx:atemp>25</gpxtpx:atemp>
      <gpxtpx:hr>96</gpxtpx:hr>
      <gpxtpx:cad>52</gpxtpx:cad>
     </gpxtpx:TrackPointExtension>
    </extensions>
   </trkpt>
   <trkpt lat="46.4311860" lon="12.1166530">
    <ele>1717.4</ele>
    <time>2024-06-02T14:09:54Z</time>
    <extensions>
     <gpxtpx:TrackPointExtension>
      <gpxtpx:atemp>25</gpxtpx:atemp>
      <gpxtpx:hr>96</gpxtpx:hr>
      <gpxtpx:cad>52</gpxtpx:cad>
     </gpxtpx:TrackPointExtension>
    </extensions>
   </trkpt>
   <trkpt lat="46.4311780" lon="12.1166550">
    <ele>1717.2</ele>
    <time>2024-06-02T14:09:55Z</time>
    <extensions>
     <gpxtpx:TrackPointExtension>
      <gpxtpx:atemp>25</gpxtpx:atemp>
      <gpxtpx:hr>96</gpxtpx:hr>
      <gpxtpx:cad>52</gpxtpx:cad>
     </gpxtpx:TrackPointExtension>
    </extensions>
   </trkpt>
   <trkpt lat="46.4311680" lon="12.1166540">
    <ele>1717.2</ele>
    <time>2024-06-02T14:09:56Z</time>
    <extensions>
     <gpxtpx:TrackPointExtension>
      <gpxtpx:atemp>25</gpxtpx:atemp>
      <gpxtpx:hr>96</gpxtpx:hr>
      <gpxtpx:cad>52</gpxtpx:cad>
     </gpxtpx:TrackPointExtension>
    </extensions>
   </trkpt>
   <trkpt lat="46.4311030" lon="12.1166840">
    <ele>1716.2</ele>
    <time>2024-06-02T14:10:01Z</time>
    <extensions>
     <gpxtpx:TrackPointExtension>
      <gpxtpx:atemp>25</gpxtpx:atemp>
      <gpxtpx:hr>98</gpxtpx:hr>
      <gpxtpx:cad>55</gpxtpx:cad>
     </gpxtpx:TrackPointExtension>
    </extensions>
   </trkpt>
   <trkpt lat="46.4310890" lon="12.1166940">
    <ele>1715.8</ele>
    <time>2024-06-02T14:10:03Z</time>
    <extensions>
     <gpxtpx:TrackPointExtension>
      <gpxtpx:atemp>25</gpxtpx:atemp>
      <gpxtpx:hr>98</gpxtpx:hr>
      <gpxtpx:cad>55</gpxtpx:cad>
     </gpxtpx:TrackPointExtension>
    </extensions>
   </trkpt>
   <trkpt lat="46.4310670" lon="12.1166890">
    <ele>1715.0</ele>
    <time>2024-06-02T14:10:05Z</time>
    <extensions>
     <gpxtpx:TrackPointExtension>
      <gpxtpx:atemp>25</gpxtpx:atemp>
      <gpxtpx:hr>98</gpxtpx:hr>
      <gpxtpx:cad>55</gpxtpx:cad>
     </gpxtpx:TrackPointExtension>
    </extensions>
   </trkpt>
   <trkpt lat="46.4310340" lon="12.1167060">
    <ele>1714.4</ele>
    <time>2024-06-02T14:10:08Z</time>
    <extensions>
     <gpxtpx:TrackPointExtension>
      <gpxtpx:atemp>25</gpxtpx:atemp>
      <gpxtpx:hr>95</gpxtpx:hr>
      <gpxtpx:cad>55</gpxtpx:cad>
     </gpxtpx:TrackPointExtension>
    </extensions>
   </trkpt>
   <trkpt lat="46.4310090" lon="12.1167230">
    <ele>1714.0</ele>
    <time>2024-06-02T14:10:10Z</time>
    <extensions>
     <gpxtpx:TrackPointExtension>
      <gpxtpx:atemp>25</gpxtpx:atemp>
      <gpxtpx:hr>98</gpxtpx:hr>
      <gpxtpx:cad>55</gpxtpx:cad>
     </gpxtpx:TrackPointExtension>
    </extensions>
   </trkpt>
   <trkpt lat="46.4309960" lon="12.1167300">
    <ele>1713.8</ele>
    <time>2024-06-02T14:10:11Z</time>
    <extensions>
     <gpxtpx:TrackPointExtension>
      <gpxtpx:atemp>25</gpxtpx:atemp>
      <gpxtpx:hr>97</gpxtpx:hr>
      <gpxtpx:cad>55</gpxtpx:cad>
     </gpxtpx:TrackPointExtension>
    </extensions>
   </trkpt>
   <trkpt lat="46.4309270" lon="12.1167690">
    <ele>1713.0</ele>
    <time>2024-06-02T14:10:17Z</time>
    <extensions>
     <gpxtpx:TrackPointExtension>
      <gpxtpx:atemp>25</gpxtpx:atemp>
      <gpxtpx:hr>96</gpxtpx:hr>
      <gpxtpx:cad>55</gpxtpx:cad>
     </gpxtpx:TrackPointExtension>
    </extensions>
   </trkpt>
   <trkpt lat="46.4309100" lon="12.1167770">
    <ele>1712.8</ele>
    <time>2024-06-02T14:10:19Z</time>
    <extensions>
     <gpxtpx:TrackPointExtension>
      <gpxtpx:atemp>25</gpxtpx:atemp>
      <gpxtpx:hr>96</gpxtpx:hr>
      <gpxtpx:cad>55</gpxtpx:cad>
     </gpxtpx:TrackPointExtension>
    </extensions>
   </trkpt>
   <trkpt lat="46.4308670" lon="12.1168070">
    <ele>1711.6</ele>
    <time>2024-06-02T14:10:24Z</time>
    <extensions>
     <gpxtpx:TrackPointExtension>
      <gpxtpx:atemp>26</gpxtpx:atemp>
      <gpxtpx:hr>95</gpxtpx:hr>
      <gpxtpx:cad>52</gpxtpx:cad>
     </gpxtpx:TrackPointExtension>
    </extensions>
   </trkpt>
   <trkpt lat="46.4308520" lon="12.1168140">
    <ele>1711.2</ele>
    <time>2024-06-02T14:10:26Z</time>
    <extensions>
     <gpxtpx:TrackPointExtension>
      <gpxtpx:atemp>25</gpxtpx:atemp>
      <gpxtpx:hr>95</gpxtpx:hr>
      <gpxtpx:cad>53</gpxtpx:cad>
     </gpxtpx:TrackPointExtension>
    </extensions>
   </trkpt>
   <trkpt lat="46.4308240" lon="12.1168360">
    <ele>1711.0</ele>
    <time>2024-06-02T14:10:31Z</time>
    <extensions>
     <gpxtpx:TrackPointExtension>
      <gpxtpx:atemp>25</gpxtpx:atemp>
      <gpxtpx:hr>95</gpxtpx:hr>
      <gpxtpx:cad>53</gpxtpx:cad>
     </gpxtpx:TrackPointExtension>
    </extensions>
   </trkpt>
   <trkpt lat="46.4308120" lon="12.1168640">
    <ele>1710.6</ele>
    <time>2024-06-02T14:10:33Z</time>
    <extensions>
     <gpxtpx:TrackPointExtension>
      <gpxtpx:atemp>25</gpxtpx:atemp>
      <gpxtpx:hr>95</gpxtpx:hr>
      <gpxtpx:cad>53</gpxtpx:cad>
     </gpxtpx:TrackPointExtension>
    </extensions>
   </trkpt>
   <trkpt lat="46.4307670" lon="12.1169330">
    <ele>1709.6</ele>
    <time>2024-06-02T14:10:39Z</time>
    <extensions>
     <gpxtpx:TrackPointExtension>
      <gpxtpx:atemp>26</gpxtpx:atemp>
      <gpxtpx:hr>97</gpxtpx:hr>
      <gpxtpx:cad>54</gpxtpx:cad>
     </gpxtpx:TrackPointExtension>
    </extensions>
   </trkpt>
   <trkpt lat="46.4307240" lon="12.1170050">
    <ele>1708.4</ele>
    <time>2024-06-02T14:10:45Z</time>
    <extensions>
     <gpxtpx:TrackPointExtension>
      <gpxtpx:atemp>25</gpxtpx:atemp>
      <gpxtpx:hr>98</gpxtpx:hr>
      <gpxtpx:cad>51</gpxtpx:cad>
     </gpxtpx:TrackPointExtension>
    </extensions>
   </trkpt>
   <trkpt lat="46.4307080" lon="12.1170190">
    <ele>1708.2</ele>
    <time>2024-06-02T14:10:46Z</time>
    <extensions>
     <gpxtpx:TrackPointExtension>
      <gpxtpx:atemp>25</gpxtpx:atemp>
      <gpxtpx:hr>98</gpxtpx:hr>
      <gpxtpx:cad>50</gpxtpx:cad>
     </gpxtpx:TrackPointExtension>
    </extensions>
   </trkpt>
   <trkpt lat="46.4306850" lon="12.1170530">
    <ele>1707.8</ele>
    <time>2024-06-02T14:10:48Z</time>
    <extensions>
     <gpxtpx:TrackPointExtension>
      <gpxtpx:atemp>26</gpxtpx:atemp>
      <gpxtpx:hr>98</gpxtpx:hr>
      <gpxtpx:cad>50</gpxtpx:cad>
     </gpxtpx:TrackPointExtension>
    </extensions>
   </trkpt>
   <trkpt lat="46.4306770" lon="12.1170990">
    <ele>1707.4</ele>
    <time>2024-06-02T14:10:52Z</time>
    <extensions>
     <gpxtpx:TrackPointExtension>
      <gpxtpx:atemp>25</gpxtpx:atemp>
      <gpxtpx:hr>98</gpxtpx:hr>
      <gpxtpx:cad>52</gpxtpx:cad>
     </gpxtpx:TrackPointExtension>
    </extensions>
   </trkpt>
   <trkpt lat="46.4306270" lon="12.1171730">
    <ele>1707.0</ele>
    <time>2024-06-02T14:10:58Z</time>
    <extensions>
     <gpxtpx:TrackPointExtension>
      <gpxtpx:atemp>25</gpxtpx:atemp>
      <gpxtpx:hr>99</gpxtpx:hr>
      <gpxtpx:cad>53</gpxtpx:cad>
     </gpxtpx:TrackPointExtension>
    </extensions>
   </trkpt>
   <trkpt lat="46.4305890" lon="12.1171850">
    <ele>1706.6</ele>
    <time>2024-06-02T14:11:01Z</time>
    <extensions>
     <gpxtpx:TrackPointExtension>
      <gpxtpx:atemp>25</gpxtpx:atemp>
      <gpxtpx:hr>100</gpxtpx:hr>
      <gpxtpx:cad>53</gpxtpx:cad>
     </gpxtpx:TrackPointExtension>
    </extensions>
   </trkpt>
   <trkpt lat="46.4305700" lon="12.1171950">
    <ele>1706.4</ele>
    <time>2024-06-02T14:11:02Z</time>
    <extensions>
     <gpxtpx:TrackPointExtension>
      <gpxtpx:atemp>25</gpxtpx:atemp>
      <gpxtpx:hr>101</gpxtpx:hr>
      <gpxtpx:cad>56</gpxtpx:cad>
     </gpxtpx:TrackPointExtension>
    </extensions>
   </trkpt>
   <trkpt lat="46.4305530" lon="12.1172050">
    <ele>1706.4</ele>
    <time>2024-06-02T14:11:03Z</time>
    <extensions>
     <gpxtpx:TrackPointExtension>
      <gpxtpx:atemp>25</gpxtpx:atemp>
      <gpxtpx:hr>101</gpxtpx:hr>
      <gpxtpx:cad>56</gpxtpx:cad>
     </gpxtpx:TrackPointExtension>
    </extensions>
   </trkpt>
   <trkpt lat="46.4304930" lon="12.1172080">
    <ele>1705.2</ele>
    <time>2024-06-02T14:11:07Z</time>
    <extensions>
     <gpxtpx:TrackPointExtension>
      <gpxtpx:atemp>25</gpxtpx:atemp>
      <gpxtpx:hr>103</gpxtpx:hr>
      <gpxtpx:cad>114</gpxtpx:cad>
     </gpxtpx:TrackPointExtension>
    </extensions>
   </trkpt>
   <trkpt lat="46.4304300" lon="12.1172160">
    <ele>1705.0</ele>
    <time>2024-06-02T14:11:10Z</time>
    <extensions>
     <gpxtpx:TrackPointExtension>
      <gpxtpx:atemp>25</gpxtpx:atemp>
      <gpxtpx:hr>106</gpxtpx:hr>
      <gpxtpx:cad>114</gpxtpx:cad>
     </gpxtpx:TrackPointExtension>
    </extensions>
   </trkpt>
   <trkpt lat="46.4303790" lon="12.1172260">
    <ele>1704.0</ele>
    <time>2024-06-02T14:11:13Z</time>
    <extensions>
     <gpxtpx:TrackPointExtension>
      <gpxtpx:atemp>25</gpxtpx:atemp>
      <gpxtpx:hr>108</gpxtpx:hr>
      <gpxtpx:cad>114</gpxtpx:cad>
     </gpxtpx:TrackPointExtension>
    </extensions>
   </trkpt>
   <trkpt lat="46.4303650" lon="12.1172330">
    <ele>1703.8</ele>
    <time>2024-06-02T14:11:14Z</time>
    <extensions>
     <gpxtpx:TrackPointExtension>
      <gpxtpx:atemp>25</gpxtpx:atemp>
      <gpxtpx:hr>108</gpxtpx:hr>
      <gpxtpx:cad>114</gpxtpx:cad>
     </gpxtpx:TrackPointExtension>
    </extensions>
   </trkpt>
   <trkpt lat="46.4303100" lon="12.1172850">
    <ele>1703.4</ele>
    <time>2024-06-02T14:11:17Z</time>
    <extensions>
     <gpxtpx:TrackPointExtension>
      <gpxtpx:atemp>26</gpxtpx:atemp>
      <gpxtpx:hr>111</gpxtpx:hr>
      <gpxtpx:cad>114</gpxtpx:cad>
     </gpxtpx:TrackPointExtension>
    </extensions>
   </trkpt>
   <trkpt lat="46.4302870" lon="12.1172680">
    <ele>1702.8</ele>
    <time>2024-06-02T14:11:19Z</time>
    <extensions>
     <gpxtpx:TrackPointExtension>
      <gpxtpx:atemp>25</gpxtpx:atemp>
      <gpxtpx:hr>112</gpxtpx:hr>
      <gpxtpx:cad>52</gpxtpx:cad>
     </gpxtpx:TrackPointExtension>
    </extensions>
   </trkpt>
   <trkpt lat="46.4302590" lon="12.1172330">
    <ele>1701.8</ele>
    <time>2024-06-02T14:11:22Z</time>
    <extensions>
     <gpxtpx:TrackPointExtension>
      <gpxtpx:atemp>25</gpxtpx:atemp>
      <gpxtpx:hr>113</gpxtpx:hr>
      <gpxtpx:cad>53</gpxtpx:cad>
     </gpxtpx:TrackPointExtension>
    </extensions>
   </trkpt>
   <trkpt lat="46.4302250" lon="12.1171510">
    <ele>1702.2</ele>
    <time>2024-06-02T14:11:26Z</time>
    <extensions>
     <gpxtpx:TrackPointExtension>
      <gpxtpx:atemp>25</gpxtpx:atemp>
      <gpxtpx:hr>110</gpxtpx:hr>
      <gpxtpx:cad>56</gpxtpx:cad>
     </gpxtpx:TrackPointExtension>
    </extensions>
   </trkpt>
   <trkpt lat="46.4302190" lon="12.1171270">
    <ele>1702.2</ele>
    <time>2024-06-02T14:11:27Z</time>
    <extensions>
     <gpxtpx:TrackPointExtension>
      <gpxtpx:atemp>25</gpxtpx:atemp>
      <gpxtpx:hr>110</gpxtpx:hr>
      <gpxtpx:cad>56</gpxtpx:cad>
     </gpxtpx:TrackPointExtension>
    </extensions>
   </trkpt>
   <trkpt lat="46.4301940" lon="12.1169200">
    <ele>1700.8</ele>
    <time>2024-06-02T14:11:34Z</time>
    <extensions>
     <gpxtpx:TrackPointExtension>
      <gpxtpx:atemp>25</gpxtpx:atemp>
      <gpxtpx:hr>109</gpxtpx:hr>
      <gpxtpx:cad>60</gpxtpx:cad>
     </gpxtpx:TrackPointExtension>
    </extensions>
   </trkpt>
   <trkpt lat="46.4301840" lon="12.1168620">
    <ele>1700.0</ele>
    <time>2024-06-02T14:11:36Z</time>
    <extensions>
     <gpxtpx:TrackPointExtension>
      <gpxtpx:atemp>25</gpxtpx:atemp>
      <gpxtpx:hr>109</gpxtpx:hr>
      <gpxtpx:cad>60</gpxtpx:cad>
     </gpxtpx:TrackPointExtension>
    </extensions>
   </trkpt>
   <trkpt lat="46.4301750" lon="12.1168070">
    <ele>1699.6</ele>
    <time>2024-06-02T14:11:38Z</time>
    <extensions>
     <gpxtpx:TrackPointExtension>
      <gpxtpx:atemp>25</gpxtpx:atemp>
      <gpxtpx:hr>110</gpxtpx:hr>
      <gpxtpx:cad>115</gpxtpx:cad>
     </gpxtpx:TrackPointExtension>
    </extensions>
   </trkpt>
   <trkpt lat="46.4301500" lon="12.1167110">
    <ele>1698.4</ele>
    <time>2024-06-02T14:11:43Z</time>
    <extensions>
     <gpxtpx:TrackPointExtension>
      <gpxtpx:atemp>25</gpxtpx:atemp>
      <gpxtpx:hr>110</gpxtpx:hr>
      <gpxtpx:cad>57</gpxtpx:cad>
     </gpxtpx:TrackPointExtension>
    </extensions>
   </trkpt>
   <trkpt lat="46.4301470" lon="12.1166960">
    <ele>1698.2</ele>
    <time>2024-06-02T14:11:44Z</time>
    <extensions>
     <gpxtpx:TrackPointExtension>
      <gpxtpx:atemp>25</gpxtpx:atemp>
      <gpxtpx:hr>110</gpxtpx:hr>
      <gpxtpx:cad>57</gpxtpx:cad>
     </gpxtpx:TrackPointExtension>
    </extensions>
   </trkpt>
   <trkpt lat="46.4301210" lon="12.1166150">
    <ele>1697.2</ele>
    <time>2024-06-02T14:11:50Z</time>
    <extensions>
     <gpxtpx:TrackPointExtension>
      <gpxtpx:atemp>25</gpxtpx:atemp>
      <gpxtpx:hr>111</gpxtpx:hr>
      <gpxtpx:cad>54</gpxtpx:cad>
     </gpxtpx:TrackPointExtension>
    </extensions>
   </trkpt>
   <trkpt lat="46.4301140" lon="12.1166030">
    <ele>1697.2</ele>
    <time>2024-06-02T14:11:51Z</time>
    <extensions>
     <gpxtpx:TrackPointExtension>
      <gpxtpx:atemp>25</gpxtpx:atemp>
      <gpxtpx:hr>111</gpxtpx:hr>
      <gpxtpx:cad>54</gpxtpx:cad>
     </gpxtpx:TrackPointExtension>
    </extensions>
   </trkpt>
   <trkpt lat="46.4300940" lon="12.1165830">
    <ele>1696.2</ele>
    <time>2024-06-02T14:11:54Z</time>
    <extensions>
     <gpxtpx:TrackPointExtension>
      <gpxtpx:atemp>25</gpxtpx:atemp>
      <gpxtpx:hr>110</gpxtpx:hr>
      <gpxtpx:cad>0</gpxtpx:cad>
     </gpxtpx:TrackPointExtension>
    </extensions>
   </trkpt>
   <trkpt lat="46.4300900" lon="12.1165800">
    <ele>1695.8</ele>
    <time>2024-06-02T14:11:57Z</time>
    <extensions>
     <gpxtpx:TrackPointExtension>
      <gpxtpx:atemp>25</gpxtpx:atemp>
      <gpxtpx:hr>111</gpxtpx:hr>
      <gpxtpx:cad>0</gpxtpx:cad>
     </gpxtpx:TrackPointExtension>
    </extensions>
   </trkpt>
   <trkpt lat="46.4300820" lon="12.1165810">
    <ele>1695.8</ele>
    <time>2024-06-02T14:12:06Z</time>
    <extensions>
     <gpxtpx:TrackPointExtension>
      <gpxtpx:atemp>25</gpxtpx:atemp>
      <gpxtpx:hr>108</gpxtpx:hr>
      <gpxtpx:cad>0</gpxtpx:cad>
     </gpxtpx:TrackPointExtension>
    </extensions>
   </trkpt>
   <trkpt lat="46.4300680" lon="12.1165610">
    <ele>1695.6</ele>
    <time>2024-06-02T14:12:09Z</time>
    <extensions>
     <gpxtpx:TrackPointExtension>
      <gpxtpx:atemp>25</gpxtpx:atemp>
      <gpxtpx:hr>105</gpxtpx:hr>
      <gpxtpx:cad>46</gpxtpx:cad>
     </gpxtpx:TrackPointExtension>
    </extensions>
   </trkpt>
   <trkpt lat="46.4300530" lon="12.1165530">
    <ele>1695.6</ele>
    <time>2024-06-02T14:12:11Z</time>
    <extensions>
     <gpxtpx:TrackPointExtension>
      <gpxtpx:atemp>25</gpxtpx:atemp>
      <gpxtpx:hr>102</gpxtpx:hr>
      <gpxtpx:cad>47</gpxtpx:cad>
     </gpxtpx:TrackPointExtension>
    </extensions>
   </trkpt>
   <trkpt lat="46.4300440" lon="12.1165470">
    <ele>1695.6</ele>
    <time>2024-06-02T14:12:12Z</time>
    <extensions>
     <gpxtpx:TrackPointExtension>
      <gpxtpx:atemp>25</gpxtpx:atemp>
      <gpxtpx:hr>101</gpxtpx:hr>
      <gpxtpx:cad>49</gpxtpx:cad>
     </gpxtpx:TrackPointExtension>
    </extensions>
   </trkpt>
   <trkpt lat="46.4300120" lon="12.1165370">
    <ele>1695.0</ele>
    <time>2024-06-02T14:12:16Z</time>
    <extensions>
     <gpxtpx:TrackPointExtension>
      <gpxtpx:atemp>25</gpxtpx:atemp>
      <gpxtpx:hr>101</gpxtpx:hr>
      <gpxtpx:cad>52</gpxtpx:cad>
     </gpxtpx:TrackPointExtension>
    </extensions>
   </trkpt>
   <trkpt lat="46.4299690" lon="12.1165250">
    <ele>1694.6</ele>
    <time>2024-06-02T14:12:20Z</time>
    <extensions>
     <gpxtpx:TrackPointExtension>
      <gpxtpx:atemp>25</gpxtpx:atemp>
      <gpxtpx:hr>102</gpxtpx:hr>
      <gpxtpx:cad>51</gpxtpx:cad>
     </gpxtpx:TrackPointExtension>
    </extensions>
   </trkpt>
   <trkpt lat="46.4299240" lon="12.1165260">
    <ele>1694.0</ele>
    <time>2024-06-02T14:12:24Z</time>
    <extensions>
     <gpxtpx:TrackPointExtension>
      <gpxtpx:atemp>26</gpxtpx:atemp>
      <gpxtpx:hr>102</gpxtpx:hr>
      <gpxtpx:cad>52</gpxtpx:cad>
     </gpxtpx:TrackPointExtension>
    </extensions>
   </trkpt>
   <trkpt lat="46.4298670" lon="12.1165220">
    <ele>1693.2</ele>
    <time>2024-06-02T14:12:29Z</time>
    <extensions>
     <gpxtpx:TrackPointExtension>
      <gpxtpx:atemp>26</gpxtpx:atemp>
      <gpxtpx:hr>100</gpxtpx:hr>
      <gpxtpx:cad>52</gpxtpx:cad>
     </gpxtpx:TrackPointExtension>
    </extensions>
   </trkpt>
   <trkpt lat="46.4298440" lon="12.1165130">
    <ele>1693.0</ele>
    <time>2024-06-02T14:12:31Z</time>
    <extensions>
     <gpxtpx:TrackPointExtension>
      <gpxtpx:atemp>26</gpxtpx:atemp>
      <gpxtpx:hr>99</gpxtpx:hr>
      <gpxtpx:cad>52</gpxtpx:cad>
     </gpxtpx:TrackPointExtension>
    </extensions>
   </trkpt>
   <trkpt lat="46.4297780" lon="12.1164970">
    <ele>1692.2</ele>
    <time>2024-06-02T14:12:37Z</time>
    <extensions>
     <gpxtpx:TrackPointExtension>
      <gpxtpx:atemp>25</gpxtpx:atemp>
      <gpxtpx:hr>99</gpxtpx:hr>
      <gpxtpx:cad>52</gpxtpx:cad>
     </gpxtpx:TrackPointExtension>
    </extensions>
   </trkpt>
   <trkpt lat="46.4297660" lon="12.1164940">
    <ele>1691.8</ele>
    <time>2024-06-02T14:12:38Z</time>
    <extensions>
     <gpxtpx:TrackPointExtension>
      <gpxtpx:atemp>26</gpxtpx:atemp>
      <gpxtpx:hr>99</gpxtpx:hr>
      <gpxtpx:cad>50</gpxtpx:cad>
     </gpxtpx:TrackPointExtension>
    </extensions>
   </trkpt>
   <trkpt lat="46.4296990" lon="12.1164320">
    <ele>1691.2</ele>
    <time>2024-06-02T14:12:45Z</time>
    <extensions>
     <gpxtpx:TrackPointExtension>
      <gpxtpx:atemp>26</gpxtpx:atemp>
      <gpxtpx:hr>101</gpxtpx:hr>
      <gpxtpx:cad>51</gpxtpx:cad>
     </gpxtpx:TrackPointExtension>
    </extensions>
   </trkpt>
   <trkpt lat="46.4296810" lon="12.1163960">
    <ele>1690.8</ele>
    <time>2024-06-02T14:12:48Z</time>
    <extensions>
     <gpxtpx:TrackPointExtension>
      <gpxtpx:atemp>26</gpxtpx:atemp>
      <gpxtpx:hr>102</gpxtpx:hr>
      <gpxtpx:cad>49</gpxtpx:cad>
     </gpxtpx:TrackPointExtension>
    </extensions>
   </trkpt>
   <trkpt lat="46.4296470" lon="12.1162840">
    <ele>1690.6</ele>
    <time>2024-06-02T14:12:55Z</time>
    <extensions>
     <gpxtpx:TrackPointExtension>
      <gpxtpx:atemp>26</gpxtpx:atemp>
      <gpxtpx:hr>105</gpxtpx:hr>
      <gpxtpx:cad>50</gpxtpx:cad>
     </gpxtpx:TrackPointExtension>
    </extensions>
   </trkpt>
   <trkpt lat="46.4296210" lon="12.1161230">
    <ele>1690.6</ele>
    <time>2024-06-02T14:13:05Z</time>
    <extensions>
     <gpxtpx:TrackPointExtension>
      <gpxtpx:atemp>26</gpxtpx:atemp>
      <gpxtpx:hr>106</gpxtpx:hr>
      <gpxtpx:cad>52</gpxtpx:cad>
     </gpxtpx:TrackPointExtension>
    </extensions>
   </trkpt>
   <trkpt lat="46.4296070" lon="12.1160120">
    <ele>1689.8</ele>
    <time>2024-06-02T14:13:12Z</time>
    <extensions>
     <gpxtpx:TrackPointExtension>
      <gpxtpx:atemp>26</gpxtpx:atemp>
      <gpxtpx:hr>105</gpxtpx:hr>
      <gpxtpx:cad>51</gpxtpx:cad>
     </gpxtpx:TrackPointExtension>
    </extensions>
   </trkpt>
   <trkpt lat="46.4296050" lon="12.1159980">
    <ele>1689.6</ele>
    <time>2024-06-02T14:13:13Z</time>
    <extensions>
     <gpxtpx:TrackPointExtension>
      <gpxtpx:atemp>26</gpxtpx:atemp>
      <gpxtpx:hr>106</gpxtpx:hr>
      <gpxtpx:cad>51</gpxtpx:cad>
     </gpxtpx:TrackPointExtension>
    </extensions>
   </trkpt>
   <trkpt lat="46.4295980" lon="12.1159330">
    <ele>1689.6</ele>
    <time>2024-06-02T14:13:17Z</time>
    <extensions>
     <gpxtpx:TrackPointExtension>
      <gpxtpx:atemp>26</gpxtpx:atemp>
      <gpxtpx:hr>103</gpxtpx:hr>
      <gpxtpx:cad>49</gpxtpx:cad>
     </gpxtpx:TrackPointExtension>
    </extensions>
   </trkpt>
   <trkpt lat="46.4295960" lon="12.1159210">
    <ele>1689.6</ele>
    <time>2024-06-02T14:13:18Z</time>
    <extensions>
     <gpxtpx:TrackPointExtension>
      <gpxtpx:atemp>26</gpxtpx:atemp>
      <gpxtpx:hr>106</gpxtpx:hr>
      <gpxtpx:cad>50</gpxtpx:cad>
     </gpxtpx:TrackPointExtension>
    </extensions>
   </trkpt>
   <trkpt lat="46.4295860" lon="12.1158300">
    <ele>1688.8</ele>
    <time>2024-06-02T14:13:23Z</time>
    <extensions>
     <gpxtpx:TrackPointExtension>
      <gpxtpx:atemp>26</gpxtpx:atemp>
      <gpxtpx:hr>107</gpxtpx:hr>
      <gpxtpx:cad>50</gpxtpx:cad>
     </gpxtpx:TrackPointExtension>
    </extensions>
   </trkpt>
   <trkpt lat="46.4295780" lon="12.1157930">
    <ele>1688.6</ele>
    <time>2024-06-02T14:13:26Z</time>
    <extensions>
     <gpxtpx:TrackPointExtension>
      <gpxtpx:atemp>26</gpxtpx:atemp>
      <gpxtpx:hr>106</gpxtpx:hr>
      <gpxtpx:cad>52</gpxtpx:cad>
     </gpxtpx:TrackPointExtension>
    </extensions>
   </trkpt>
   <trkpt lat="46.4295860" lon="12.1157150">
    <ele>1687.8</ele>
    <time>2024-06-02T14:13:33Z</time>
    <extensions>
     <gpxtpx:TrackPointExtension>
      <gpxtpx:atemp>26</gpxtpx:atemp>
      <gpxtpx:hr>106</gpxtpx:hr>
      <gpxtpx:cad>0</gpxtpx:cad>
     </gpxtpx:TrackPointExtension>
    </extensions>
   </trkpt>
   <trkpt lat="46.4295860" lon="12.1157120">
    <ele>1687.8</ele>
    <time>2024-06-02T14:13:34Z</time>
    <extensions>
     <gpxtpx:TrackPointExtension>
      <gpxtpx:atemp>26</gpxtpx:atemp>
      <gpxtpx:hr>107</gpxtpx:hr>
      <gpxtpx:cad>0</gpxtpx:cad>
     </gpxtpx:TrackPointExtension>
    </extensions>
   </trkpt>
   <trkpt lat="46.4295880" lon="12.1157080">
    <ele>1687.0</ele>
    <time>2024-06-02T14:13:42Z</time>
    <extensions>
     <gpxtpx:TrackPointExtension>
      <gpxtpx:atemp>26</gpxtpx:atemp>
      <gpxtpx:hr>107</gpxtpx:hr>
      <gpxtpx:cad>0</gpxtpx:cad>
     </gpxtpx:TrackPointExtension>
    </extensions>
   </trkpt>
   <trkpt lat="46.4295870" lon="12.1157080">
    <ele>1687.0</ele>
    <time>2024-06-02T14:13:43Z</time>
    <extensions>
     <gpxtpx:TrackPointExtension>
      <gpxtpx:atemp>26</gpxtpx:atemp>
      <gpxtpx:hr>104</gpxtpx:hr>
      <gpxtpx:cad>0</gpxtpx:cad>
     </gpxtpx:TrackPointExtension>
    </extensions>
   </trkpt>
   <trkpt lat="46.4295870" lon="12.1157090">
    <ele>1687.0</ele>
    <time>2024-06-02T14:13:45Z</time>
    <extensions>
     <gpxtpx:TrackPointExtension>
      <gpxtpx:atemp>26</gpxtpx:atemp>
      <gpxtpx:hr>107</gpxtpx:hr>
      <gpxtpx:cad>0</gpxtpx:cad>
     </gpxtpx:TrackPointExtension>
    </extensions>
   </trkpt>
   <trkpt lat="46.4295880" lon="12.1157100">
    <ele>1686.8</ele>
    <time>2024-06-02T14:13:49Z</time>
    <extensions>
     <gpxtpx:TrackPointExtension>
      <gpxtpx:atemp>26</gpxtpx:atemp>
      <gpxtpx:hr>108</gpxtpx:hr>
      <gpxtpx:cad>0</gpxtpx:cad>
     </gpxtpx:TrackPointExtension>
    </extensions>
   </trkpt>
   <trkpt lat="46.4295910" lon="12.1157090">
    <ele>1686.6</ele>
    <time>2024-06-02T14:13:51Z</time>
    <extensions>
     <gpxtpx:TrackPointExtension>
      <gpxtpx:atemp>26</gpxtpx:atemp>
      <gpxtpx:hr>107</gpxtpx:hr>
      <gpxtpx:cad>0</gpxtpx:cad>
     </gpxtpx:TrackPointExtension>
    </extensions>
   </trkpt>
   <trkpt lat="46.4295930" lon="12.1157120">
    <ele>1686.8</ele>
    <time>2024-06-02T14:13:55Z</time>
    <extensions>
     <gpxtpx:TrackPointExtension>
      <gpxtpx:atemp>26</gpxtpx:atemp>
      <gpxtpx:hr>104</gpxtpx:hr>
      <gpxtpx:cad>0</gpxtpx:cad>
     </gpxtpx:TrackPointExtension>
    </extensions>
   </trkpt>
   <trkpt lat="46.4295930" lon="12.1157120">
    <ele>1686.8</ele>
    <time>2024-06-02T14:13:56Z</time>
    <extensions>
     <gpxtpx:TrackPointExtension>
      <gpxtpx:atemp>26</gpxtpx:atemp>
      <gpxtpx:hr>107</gpxtpx:hr>
      <gpxtpx:cad>0</gpxtpx:cad>
     </gpxtpx:TrackPointExtension>
    </extensions>
   </trkpt>
   <trkpt lat="46.4295940" lon="12.1157260">
    <ele>1686.6</ele>
    <time>2024-06-02T14:14:17Z</time>
    <extensions>
     <gpxtpx:TrackPointExtension>
      <gpxtpx:atemp>26</gpxtpx:atemp>
      <gpxtpx:hr>105</gpxtpx:hr>
      <gpxtpx:cad>0</gpxtpx:cad>
     </gpxtpx:TrackPointExtension>
    </extensions>
   </trkpt>
   <trkpt lat="46.4295960" lon="12.1157290">
    <ele>1686.6</ele>
    <time>2024-06-02T14:14:24Z</time>
    <extensions>
     <gpxtpx:TrackPointExtension>
      <gpxtpx:atemp>26</gpxtpx:atemp>
      <gpxtpx:hr>106</gpxtpx:hr>
      <gpxtpx:cad>0</gpxtpx:cad>
     </gpxtpx:TrackPointExtension>
    </extensions>
   </trkpt>
   <trkpt lat="46.4295990" lon="12.1157310">
    <ele>1686.6</ele>
    <time>2024-06-02T14:14:41Z</time>
    <extensions>
     <gpxtpx:TrackPointExtension>
      <gpxtpx:atemp>26</gpxtpx:atemp>
      <gpxtpx:hr>103</gpxtpx:hr>
      <gpxtpx:cad>0</gpxtpx:cad>
     </gpxtpx:TrackPointExtension>
    </extensions>
   </trkpt>
   <trkpt lat="46.4296010" lon="12.1157290">
    <ele>1686.0</ele>
    <time>2024-06-02T14:14:52Z</time>
    <extensions>
     <gpxtpx:TrackPointExtension>
      <gpxtpx:atemp>26</gpxtpx:atemp>
      <gpxtpx:hr>99</gpxtpx:hr>
      <gpxtpx:cad>0</gpxtpx:cad>
     </gpxtpx:TrackPointExtension>
    </extensions>
   </trkpt>
   <trkpt lat="46.4296010" lon="12.1157280">
    <ele>1685.6</ele>
    <time>2024-06-02T14:14:55Z</time>
    <extensions>
     <gpxtpx:TrackPointExtension>
      <gpxtpx:atemp>27</gpxtpx:atemp>
      <gpxtpx:hr>98</gpxtpx:hr>
      <gpxtpx:cad>0</gpxtpx:cad>
     </gpxtpx:TrackPointExtension>
    </extensions>
   </trkpt>
   <trkpt lat="46.4296020" lon="12.1157270">
    <ele>1685.4</ele>
    <time>2024-06-02T14:14:59Z</time>
    <extensions>
     <gpxtpx:TrackPointExtension>
      <gpxtpx:atemp>27</gpxtpx:atemp>
      <gpxtpx:hr>95</gpxtpx:hr>
      <gpxtpx:cad>0</gpxtpx:cad>
     </gpxtpx:TrackPointExtension>
    </extensions>
   </trkpt>
   <trkpt lat="46.4296030" lon="12.1157270">
    <ele>1685.4</ele>
    <time>2024-06-02T14:15:01Z</time>
    <extensions>
     <gpxtpx:TrackPointExtension>
      <gpxtpx:atemp>27</gpxtpx:atemp>
      <gpxtpx:hr>92</gpxtpx:hr>
      <gpxtpx:cad>0</gpxtpx:cad>
     </gpxtpx:TrackPointExtension>
    </extensions>
   </trkpt>
   <trkpt lat="46.4296030" lon="12.1157280">
    <ele>1685.4</ele>
    <time>2024-06-02T14:15:13Z</time>
    <extensions>
     <gpxtpx:TrackPointExtension>
      <gpxtpx:atemp>27</gpxtpx:atemp>
      <gpxtpx:hr>95</gpxtpx:hr>
      <gpxtpx:cad>0</gpxtpx:cad>
     </gpxtpx:TrackPointExtension>
    </extensions>
   </trkpt>
   <trkpt lat="46.4296030" lon="12.1157420">
    <ele>1685.6</ele>
    <time>2024-06-02T14:15:23Z</time>
    <extensions>
     <gpxtpx:TrackPointExtension>
      <gpxtpx:atemp>27</gpxtpx:atemp>
      <gpxtpx:hr>98</gpxtpx:hr>
      <gpxtpx:cad>0</gpxtpx:cad>
     </gpxtpx:TrackPointExtension>
    </extensions>
   </trkpt>
   <trkpt lat="46.4296010" lon="12.1157620">
    <ele>1685.8</ele>
    <time>2024-06-02T14:15:41Z</time>
    <extensions>
     <gpxtpx:TrackPointExtension>
      <gpxtpx:atemp>27</gpxtpx:atemp>
      <gpxtpx:hr>94</gpxtpx:hr>
      <gpxtpx:cad>0</gpxtpx:cad>
     </gpxtpx:TrackPointExtension>
    </extensions>
   </trkpt>
   <trkpt lat="46.4296010" lon="12.1157620">
    <ele>1685.8</ele>
    <time>2024-06-02T14:15:42Z</time>
    <extensions>
     <gpxtpx:TrackPointExtension>
      <gpxtpx:atemp>27</gpxtpx:atemp>
      <gpxtpx:hr>91</gpxtpx:hr>
      <gpxtpx:cad>0</gpxtpx:cad>
     </gpxtpx:TrackPointExtension>
    </extensions>
   </trkpt>
   <trkpt lat="46.4296000" lon="12.1157630">
    <ele>1686.0</ele>
    <time>2024-06-02T14:15:48Z</time>
    <extensions>
     <gpxtpx:TrackPointExtension>
      <gpxtpx:atemp>27</gpxtpx:atemp>
      <gpxtpx:hr>91</gpxtpx:hr>
      <gpxtpx:cad>0</gpxtpx:cad>
     </gpxtpx:TrackPointExtension>
    </extensions>
   </trkpt>
   <trkpt lat="46.4296000" lon="12.1157640">
    <ele>1686.2</ele>
    <time>2024-06-02T14:15:51Z</time>
    <extensions>
     <gpxtpx:TrackPointExtension>
      <gpxtpx:atemp>27</gpxtpx:atemp>
      <gpxtpx:hr>94</gpxtpx:hr>
      <gpxtpx:cad>0</gpxtpx:cad>
     </gpxtpx:TrackPointExtension>
    </extensions>
   </trkpt>
   <trkpt lat="46.4296000" lon="12.1157700">
    <ele>1686.6</ele>
    <time>2024-06-02T14:15:58Z</time>
    <extensions>
     <gpxtpx:TrackPointExtension>
      <gpxtpx:atemp>27</gpxtpx:atemp>
      <gpxtpx:hr>93</gpxtpx:hr>
      <gpxtpx:cad>0</gpxtpx:cad>
     </gpxtpx:TrackPointExtension>
    </extensions>
   </trkpt>
   <trkpt lat="46.4296010" lon="12.1157730">
    <ele>1686.4</ele>
    <time>2024-06-02T14:16:08Z</time>
    <extensions>
     <gpxtpx:TrackPointExtension>
      <gpxtpx:atemp>28</gpxtpx:atemp>
      <gpxtpx:hr>93</gpxtpx:hr>
      <gpxtpx:cad>0</gpxtpx:cad>
     </gpxtpx:TrackPointExtension>
    </extensions>
   </trkpt>
   <trkpt lat="46.4296010" lon="12.1157730">
    <ele>1686.4</ele>
    <time>2024-06-02T14:16:10Z</time>
    <extensions>
     <gpxtpx:TrackPointExtension>
      <gpxtpx:atemp>28</gpxtpx:atemp>
      <gpxtpx:hr>96</gpxtpx:hr>
      <gpxtpx:cad>0</gpxtpx:cad>
     </gpxtpx:TrackPointExtension>
    </extensions>
   </trkpt>
   <trkpt lat="46.4296070" lon="12.1157750">
    <ele>1685.8</ele>
    <time>2024-06-02T14:16:18Z</time>
    <extensions>
     <gpxtpx:TrackPointExtension>
      <gpxtpx:atemp>28</gpxtpx:atemp>
      <gpxtpx:hr>99</gpxtpx:hr>
      <gpxtpx:cad>0</gpxtpx:cad>
     </gpxtpx:TrackPointExtension>
    </extensions>
   </trkpt>
   <trkpt lat="46.4296100" lon="12.1157780">
    <ele>1685.8</ele>
    <time>2024-06-02T14:16:25Z</time>
    <extensions>
     <gpxtpx:TrackPointExtension>
      <gpxtpx:atemp>28</gpxtpx:atemp>
      <gpxtpx:hr>105</gpxtpx:hr>
      <gpxtpx:cad>0</gpxtpx:cad>
     </gpxtpx:TrackPointExtension>
    </extensions>
   </trkpt>
   <trkpt lat="46.4296120" lon="12.1157840">
    <ele>1685.6</ele>
    <time>2024-06-02T14:16:33Z</time>
    <extensions>
     <gpxtpx:TrackPointExtension>
      <gpxtpx:atemp>28</gpxtpx:atemp>
      <gpxtpx:hr>104</gpxtpx:hr>
      <gpxtpx:cad>0</gpxtpx:cad>
     </gpxtpx:TrackPointExtension>
    </extensions>
   </trkpt>
   <trkpt lat="46.4296120" lon="12.1157850">
    <ele>1685.6</ele>
    <time>2024-06-02T14:16:34Z</time>
    <extensions>
     <gpxtpx:TrackPointExtension>
      <gpxtpx:atemp>28</gpxtpx:atemp>
      <gpxtpx:hr>102</gpxtpx:hr>
      <gpxtpx:cad>0</gpxtpx:cad>
     </gpxtpx:TrackPointExtension>
    </extensions>
   </trkpt>
   <trkpt lat="46.4296130" lon="12.1157860">
    <ele>1685.4</ele>
    <time>2024-06-02T14:16:40Z</time>
    <extensions>
     <gpxtpx:TrackPointExtension>
      <gpxtpx:atemp>28</gpxtpx:atemp>
      <gpxtpx:hr>99</gpxtpx:hr>
      <gpxtpx:cad>0</gpxtpx:cad>
     </gpxtpx:TrackPointExtension>
    </extensions>
   </trkpt>
   <trkpt lat="46.4296130" lon="12.1157870">
    <ele>1685.4</ele>
    <time>2024-06-02T14:16:53Z</time>
    <extensions>
     <gpxtpx:TrackPointExtension>
      <gpxtpx:atemp>28</gpxtpx:atemp>
      <gpxtpx:hr>102</gpxtpx:hr>
      <gpxtpx:cad>0</gpxtpx:cad>
     </gpxtpx:TrackPointExtension>
    </extensions>
   </trkpt>
   <trkpt lat="46.4296170" lon="12.1157870">
    <ele>1685.2</ele>
    <time>2024-06-02T14:17:08Z</time>
    <extensions>
     <gpxtpx:TrackPointExtension>
      <gpxtpx:atemp>28</gpxtpx:atemp>
      <gpxtpx:hr>97</gpxtpx:hr>
      <gpxtpx:cad>0</gpxtpx:cad>
     </gpxtpx:TrackPointExtension>
    </extensions>
   </trkpt>
   <trkpt lat="46.4296170" lon="12.1157880">
    <ele>1685.2</ele>
    <time>2024-06-02T14:17:10Z</time>
    <extensions>
     <gpxtpx:TrackPointExtension>
      <gpxtpx:atemp>28</gpxtpx:atemp>
      <gpxtpx:hr>93</gpxtpx:hr>
      <gpxtpx:cad>0</gpxtpx:cad>
     </gpxtpx:TrackPointExtension>
    </extensions>
   </trkpt>
   <trkpt lat="46.4296160" lon="12.1157870">
    <ele>1685.4</ele>
    <time>2024-06-02T14:17:22Z</time>
    <extensions>
     <gpxtpx:TrackPointExtension>
      <gpxtpx:atemp>28</gpxtpx:atemp>
      <gpxtpx:hr>96</gpxtpx:hr>
      <gpxtpx:cad>0</gpxtpx:cad>
     </gpxtpx:TrackPointExtension>
    </extensions>
   </trkpt>
   <trkpt lat="46.4296150" lon="12.1157860">
    <ele>1685.2</ele>
    <time>2024-06-02T14:17:33Z</time>
    <extensions>
     <gpxtpx:TrackPointExtension>
      <gpxtpx:atemp>28</gpxtpx:atemp>
      <gpxtpx:hr>96</gpxtpx:hr>
      <gpxtpx:cad>0</gpxtpx:cad>
     </gpxtpx:TrackPointExtension>
    </extensions>
   </trkpt>
   <trkpt lat="46.4296140" lon="12.1157850">
    <ele>1685.0</ele>
    <time>2024-06-02T14:17:42Z</time>
    <extensions>
     <gpxtpx:TrackPointExtension>
      <gpxtpx:atemp>28</gpxtpx:atemp>
      <gpxtpx:hr>93</gpxtpx:hr>
      <gpxtpx:cad>0</gpxtpx:cad>
     </gpxtpx:TrackPointExtension>
    </extensions>
   </trkpt>
   <trkpt lat="46.4296130" lon="12.1157840">
    <ele>1685.2</ele>
    <time>2024-06-02T14:18:01Z</time>
    <extensions>
     <gpxtpx:TrackPointExtension>
      <gpxtpx:atemp>28</gpxtpx:atemp>
      <gpxtpx:hr>96</gpxtpx:hr>
      <gpxtpx:cad>0</gpxtpx:cad>
     </gpxtpx:TrackPointExtension>
    </extensions>
   </trkpt>
   <trkpt lat="46.4296120" lon="12.1157820">
    <ele>1684.6</ele>
    <time>2024-06-02T14:18:23Z</time>
    <extensions>
     <gpxtpx:TrackPointExtension>
      <gpxtpx:atemp>28</gpxtpx:atemp>
      <gpxtpx:hr>93</gpxtpx:hr>
      <gpxtpx:cad>0</gpxtpx:cad>
     </gpxtpx:TrackPointExtension>
    </extensions>
   </trkpt>
   <trkpt lat="46.4296120" lon="12.1157820">
    <ele>1684.6</ele>
    <time>2024-06-02T14:18:25Z</time>
    <extensions>
     <gpxtpx:TrackPointExtension>
      <gpxtpx:atemp>28</gpxtpx:atemp>
      <gpxtpx:hr>92</gpxtpx:hr>
      <gpxtpx:cad>0</gpxtpx:cad>
     </gpxtpx:TrackPointExtension>
    </extensions>
   </trkpt>
   <trkpt lat="46.4296120" lon="12.1157820">
    <ele>1684.4</ele>
    <time>2024-06-02T14:18:27Z</time>
    <extensions>
     <gpxtpx:TrackPointExtension>
      <gpxtpx:atemp>28</gpxtpx:atemp>
      <gpxtpx:hr>91</gpxtpx:hr>
      <gpxtpx:cad>0</gpxtpx:cad>
     </gpxtpx:TrackPointExtension>
    </extensions>
   </trkpt>
   <trkpt lat="46.4296110" lon="12.1157820">
    <ele>1684.4</ele>
    <time>2024-06-02T14:18:30Z</time>
    <extensions>
     <gpxtpx:TrackPointExtension>
      <gpxtpx:atemp>28</gpxtpx:atemp>
      <gpxtpx:hr>88</gpxtpx:hr>
      <gpxtpx:cad>0</gpxtpx:cad>
     </gpxtpx:TrackPointExtension>
    </extensions>
   </trkpt>
   <trkpt lat="46.4296110" lon="12.1157820">
    <ele>1684.2</ele>
    <time>2024-06-02T14:18:37Z</time>
    <extensions>
     <gpxtpx:TrackPointExtension>
      <gpxtpx:atemp>28</gpxtpx:atemp>
      <gpxtpx:hr>91</gpxtpx:hr>
      <gpxtpx:cad>0</gpxtpx:cad>
     </gpxtpx:TrackPointExtension>
    </extensions>
   </trkpt>
   <trkpt lat="46.4296110" lon="12.1157820">
    <ele>1684.2</ele>
    <time>2024-06-02T14:18:42Z</time>
    <extensions>
     <gpxtpx:TrackPointExtension>
      <gpxtpx:atemp>28</gpxtpx:atemp>
      <gpxtpx:hr>94</gpxtpx:hr>
      <gpxtpx:cad>0</gpxtpx:cad>
     </gpxtpx:TrackPointExtension>
    </extensions>
   </trkpt>
   <trkpt lat="46.4296090" lon="12.1157820">
    <ele>1684.0</ele>
    <time>2024-06-02T14:19:23Z</time>
    <extensions>
     <gpxtpx:TrackPointExtension>
      <gpxtpx:atemp>29</gpxtpx:atemp>
      <gpxtpx:hr>92</gpxtpx:hr>
      <gpxtpx:cad>64</gpxtpx:cad>
     </gpxtpx:TrackPointExtension>
    </extensions>
   </trkpt>
   <trkpt lat="46.4296090" lon="12.1157840">
    <ele>1684.2</ele>
    <time>2024-06-02T14:20:01Z</time>
    <extensions>
     <gpxtpx:TrackPointExtension>
      <gpxtpx:atemp>29</gpxtpx:atemp>
      <gpxtpx:hr>95</gpxtpx:hr>
      <gpxtpx:cad>0</gpxtpx:cad>
     </gpxtpx:TrackPointExtension>
    </extensions>
   </trkpt>
   <trkpt lat="46.4296080" lon="12.1157850">
    <ele>1684.2</ele>
    <time>2024-06-02T14:20:10Z</time>
    <extensions>
     <gpxtpx:TrackPointExtension>
      <gpxtpx:atemp>29</gpxtpx:atemp>
      <gpxtpx:hr>92</gpxtpx:hr>
      <gpxtpx:cad>0</gpxtpx:cad>
     </gpxtpx:TrackPointExtension>
    </extensions>
   </trkpt>
   <trkpt lat="46.4296080" lon="12.1157850">
    <ele>1684.2</ele>
    <time>2024-06-02T14:20:12Z</time>
    <extensions>
     <gpxtpx:TrackPointExtension>
      <gpxtpx:atemp>29</gpxtpx:atemp>
      <gpxtpx:hr>89</gpxtpx:hr>
      <gpxtpx:cad>0</gpxtpx:cad>
     </gpxtpx:TrackPointExtension>
    </extensions>
   </trkpt>
   <trkpt lat="46.4296070" lon="12.1157850">
    <ele>1684.2</ele>
    <time>2024-06-02T14:20:30Z</time>
    <extensions>
     <gpxtpx:TrackPointExtension>
      <gpxtpx:atemp>29</gpxtpx:atemp>
      <gpxtpx:hr>86</gpxtpx:hr>
      <gpxtpx:cad>0</gpxtpx:cad>
     </gpxtpx:TrackPointExtension>
    </extensions>
   </trkpt>
   <trkpt lat="46.4296070" lon="12.1157840">
    <ele>1684.0</ele>
    <time>2024-06-02T14:20:38Z</time>
    <extensions>
     <gpxtpx:TrackPointExtension>
      <gpxtpx:atemp>29</gpxtpx:atemp>
      <gpxtpx:hr>90</gpxtpx:hr>
      <gpxtpx:cad>0</gpxtpx:cad>
     </gpxtpx:TrackPointExtension>
    </extensions>
   </trkpt>
   <trkpt lat="46.4296070" lon="12.1157830">
    <ele>1684.0</ele>
    <time>2024-06-02T14:20:41Z</time>
    <extensions>
     <gpxtpx:TrackPointExtension>
      <gpxtpx:atemp>29</gpxtpx:atemp>
      <gpxtpx:hr>93</gpxtpx:hr>
      <gpxtpx:cad>0</gpxtpx:cad>
     </gpxtpx:TrackPointExtension>
    </extensions>
   </trkpt>
   <trkpt lat="46.4296080" lon="12.1157830">
    <ele>1683.8</ele>
    <time>2024-06-02T14:21:07Z</time>
    <extensions>
     <gpxtpx:TrackPointExtension>
      <gpxtpx:atemp>29</gpxtpx:atemp>
      <gpxtpx:hr>89</gpxtpx:hr>
      <gpxtpx:cad>0</gpxtpx:cad>
     </gpxtpx:TrackPointExtension>
    </extensions>
   </trkpt>
   <trkpt lat="46.4296080" lon="12.1157840">
    <ele>1683.6</ele>
    <time>2024-06-02T14:21:18Z</time>
    <extensions>
     <gpxtpx:TrackPointExtension>
      <gpxtpx:atemp>29</gpxtpx:atemp>
      <gpxtpx:hr>92</gpxtpx:hr>
      <gpxtpx:cad>0</gpxtpx:cad>
     </gpxtpx:TrackPointExtension>
    </extensions>
   </trkpt>
   <trkpt lat="46.4296080" lon="12.1157840">
    <ele>1683.6</ele>
    <time>2024-06-02T14:21:24Z</time>
    <extensions>
     <gpxtpx:TrackPointExtension>
      <gpxtpx:atemp>29</gpxtpx:atemp>
      <gpxtpx:hr>89</gpxtpx:hr>
      <gpxtpx:cad>0</gpxtpx:cad>
     </gpxtpx:TrackPointExtension>
    </extensions>
   </trkpt>
   <trkpt lat="46.4296080" lon="12.1157850">
    <ele>1683.6</ele>
    <time>2024-06-02T14:21:35Z</time>
    <extensions>
     <gpxtpx:TrackPointExtension>
      <gpxtpx:atemp>29</gpxtpx:atemp>
      <gpxtpx:hr>90</gpxtpx:hr>
      <gpxtpx:cad>0</gpxtpx:cad>
     </gpxtpx:TrackPointExtension>
    </extensions>
   </trkpt>
   <trkpt lat="46.4296060" lon="12.1157880">
    <ele>1684.0</ele>
    <time>2024-06-02T14:22:00Z</time>
    <extensions>
     <gpxtpx:TrackPointExtension>
      <gpxtpx:atemp>29</gpxtpx:atemp>
      <gpxtpx:hr>87</gpxtpx:hr>
      <gpxtpx:cad>0</gpxtpx:cad>
     </gpxtpx:TrackPointExtension>
    </extensions>
   </trkpt>
   <trkpt lat="46.4296060" lon="12.1157890">
    <ele>1684.4</ele>
    <time>2024-06-02T14:22:06Z</time>
    <extensions>
     <gpxtpx:TrackPointExtension>
      <gpxtpx:atemp>29</gpxtpx:atemp>
      <gpxtpx:hr>90</gpxtpx:hr>
      <gpxtpx:cad>0</gpxtpx:cad>
     </gpxtpx:TrackPointExtension>
    </extensions>
   </trkpt>
   <trkpt lat="46.4296060" lon="12.1157890">
    <ele>1684.4</ele>
    <time>2024-06-02T14:22:08Z</time>
    <extensions>
     <gpxtpx:TrackPointExtension>
      <gpxtpx:atemp>29</gpxtpx:atemp>
      <gpxtpx:hr>93</gpxtpx:hr>
      <gpxtpx:cad>0</gpxtpx:cad>
     </gpxtpx:TrackPointExtension>
    </extensions>
   </trkpt>
   <trkpt lat="46.4296050" lon="12.1157890">
    <ele>1684.4</ele>
    <time>2024-06-02T14:22:20Z</time>
    <extensions>
     <gpxtpx:TrackPointExtension>
      <gpxtpx:atemp>29</gpxtpx:atemp>
      <gpxtpx:hr>94</gpxtpx:hr>
      <gpxtpx:cad>0</gpxtpx:cad>
     </gpxtpx:TrackPointExtension>
    </extensions>
   </trkpt>
   <trkpt lat="46.4296050" lon="12.1157890">
    <ele>1684.6</ele>
    <time>2024-06-02T14:22:29Z</time>
    <extensions>
     <gpxtpx:TrackPointExtension>
      <gpxtpx:atemp>29</gpxtpx:atemp>
      <gpxtpx:hr>97</gpxtpx:hr>
      <gpxtpx:cad>0</gpxtpx:cad>
     </gpxtpx:TrackPointExtension>
    </extensions>
   </trkpt>
   <trkpt lat="46.4296050" lon="12.1157890">
    <ele>1684.6</ele>
    <time>2024-06-02T14:22:30Z</time>
    <extensions>
     <gpxtpx:TrackPointExtension>
      <gpxtpx:atemp>29</gpxtpx:atemp>
      <gpxtpx:hr>99</gpxtpx:hr>
      <gpxtpx:cad>0</gpxtpx:cad>
     </gpxtpx:TrackPointExtension>
    </extensions>
   </trkpt>
   <trkpt lat="46.4296040" lon="12.1157890">
    <ele>1685.8</ele>
    <time>2024-06-02T14:22:52Z</time>
    <extensions>
     <gpxtpx:TrackPointExtension>
      <gpxtpx:atemp>29</gpxtpx:atemp>
      <gpxtpx:hr>101</gpxtpx:hr>
      <gpxtpx:cad>0</gpxtpx:cad>
     </gpxtpx:TrackPointExtension>
    </extensions>
   </trkpt>
   <trkpt lat="46.4296040" lon="12.1157900">
    <ele>1686.0</ele>
    <time>2024-06-02T14:22:53Z</time>
    <extensions>
     <gpxtpx:TrackPointExtension>
      <gpxtpx:atemp>30</gpxtpx:atemp>
      <gpxtpx:hr>104</gpxtpx:hr>
      <gpxtpx:cad>70</gpxtpx:cad>
     </gpxtpx:TrackPointExtension>
    </extensions>
   </trkpt>
   <trkpt lat="46.4296040" lon="12.1157900">
    <ele>1686.4</ele>
    <time>2024-06-02T14:22:54Z</time>
    <extensions>
     <gpxtpx:TrackPointExtension>
      <gpxtpx:atemp>30</gpxtpx:atemp>
      <gpxtpx:hr>107</gpxtpx:hr>
      <gpxtpx:cad>70</gpxtpx:cad>
     </gpxtpx:TrackPointExtension>
    </extensions>
   </trkpt>
   <trkpt lat="46.4296040" lon="12.1157900">
    <ele>1686.8</ele>
    <time>2024-06-02T14:22:56Z</time>
    <extensions>
     <gpxtpx:TrackPointExtension>
      <gpxtpx:atemp>29</gpxtpx:atemp>
      <gpxtpx:hr>110</gpxtpx:hr>
      <gpxtpx:cad>70</gpxtpx:cad>
     </gpxtpx:TrackPointExtension>
    </extensions>
   </trkpt>
   <trkpt lat="46.4295770" lon="12.1158060">
    <ele>1687.4</ele>
    <time>2024-06-02T14:22:59Z</time>
    <extensions>
     <gpxtpx:TrackPointExtension>
      <gpxtpx:atemp>30</gpxtpx:atemp>
      <gpxtpx:hr>113</gpxtpx:hr>
      <gpxtpx:cad>75</gpxtpx:cad>
     </gpxtpx:TrackPointExtension>
    </extensions>
   </trkpt>
   <trkpt lat="46.4295240" lon="12.1158280">
    <ele>1687.8</ele>
    <time>2024-06-02T14:23:02Z</time>
    <extensions>
     <gpxtpx:TrackPointExtension>
      <gpxtpx:atemp>30</gpxtpx:atemp>
      <gpxtpx:hr>115</gpxtpx:hr>
      <gpxtpx:cad>43</gpxtpx:cad>
     </gpxtpx:TrackPointExtension>
    </extensions>
   </trkpt>
   <trkpt lat="46.4295060" lon="12.1158320">
    <ele>1688.0</ele>
    <time>2024-06-02T14:23:03Z</time>
    <extensions>
     <gpxtpx:TrackPointExtension>
      <gpxtpx:atemp>29</gpxtpx:atemp>
      <gpxtpx:hr>115</gpxtpx:hr>
      <gpxtpx:cad>43</gpxtpx:cad>
     </gpxtpx:TrackPointExtension>
    </extensions>
   </trkpt>
   <trkpt lat="46.4294560" lon="12.1158530">
    <ele>1689.2</ele>
    <time>2024-06-02T14:23:06Z</time>
    <extensions>
     <gpxtpx:TrackPointExtension>
      <gpxtpx:atemp>29</gpxtpx:atemp>
      <gpxtpx:hr>115</gpxtpx:hr>
      <gpxtpx:cad>40</gpxtpx:cad>
     </gpxtpx:TrackPointExtension>
    </extensions>
   </trkpt>
   <trkpt lat="46.4294340" lon="12.1158620">
    <ele>1689.4</ele>
    <time>2024-06-02T14:23:08Z</time>
    <extensions>
     <gpxtpx:TrackPointExtension>
      <gpxtpx:atemp>30</gpxtpx:atemp>
      <gpxtpx:hr>115</gpxtpx:hr>
      <gpxtpx:cad>79</gpxtpx:cad>
     </gpxtpx:TrackPointExtension>
    </extensions>
   </trkpt>
   <trkpt lat="46.4294280" lon="12.1158640">
    <ele>1689.4</ele>
    <time>2024-06-02T14:23:09Z</time>
    <extensions>
     <gpxtpx:TrackPointExtension>
      <gpxtpx:atemp>30</gpxtpx:atemp>
      <gpxtpx:hr>114</gpxtpx:hr>
      <gpxtpx:cad>79</gpxtpx:cad>
     </gpxtpx:TrackPointExtension>
    </extensions>
   </trkpt>
   <trkpt lat="46.4294180" lon="12.1158710">
    <ele>1689.8</ele>
    <time>2024-06-02T14:23:11Z</time>
    <extensions>
     <gpxtpx:TrackPointExtension>
      <gpxtpx:atemp>30</gpxtpx:atemp>
      <gpxtpx:hr>113</gpxtpx:hr>
      <gpxtpx:cad>0</gpxtpx:cad>
     </gpxtpx:TrackPointExtension>
    </extensions>
   </trkpt>
   <trkpt lat="46.4293890" lon="12.1158950">
    <ele>1690.2</ele>
    <time>2024-06-02T14:23:17Z</time>
    <extensions>
     <gpxtpx:TrackPointExtension>
      <gpxtpx:atemp>29</gpxtpx:atemp>
      <gpxtpx:hr>112</gpxtpx:hr>
      <gpxtpx:cad>0</gpxtpx:cad>
     </gpxtpx:TrackPointExtension>
    </extensions>
   </trkpt>
   <trkpt lat="46.4293460" lon="12.1159250">
    <ele>1690.2</ele>
    <time>2024-06-02T14:23:25Z</time>
    <extensions>
     <gpxtpx:TrackPointExtension>
      <gpxtpx:atemp>29</gpxtpx:atemp>
      <gpxtpx:hr>111</gpxtpx:hr>
      <gpxtpx:cad>76</gpxtpx:cad>
     </gpxtpx:TrackPointExtension>
    </extensions>
   </trkpt>
   <trkpt lat="46.4293350" lon="12.1159470">
    <ele>1690.4</ele>
    <time>2024-06-02T14:23:29Z</time>
    <extensions>
     <gpxtpx:TrackPointExtension>
      <gpxtpx:atemp>29</gpxtpx:atemp>
      <gpxtpx:hr>114</gpxtpx:hr>
      <gpxtpx:cad>76</gpxtpx:cad>
     </gpxtpx:TrackPointExtension>
    </extensions>
   </trkpt>
   <trkpt lat="46.4293180" lon="12.1159590">
    <ele>1691.0</ele>
    <time>2024-06-02T14:23:32Z</time>
    <extensions>
     <gpxtpx:TrackPointExtension>
      <gpxtpx:atemp>29</gpxtpx:atemp>
      <gpxtpx:hr>117</gpxtpx:hr>
      <gpxtpx:cad>65</gpxtpx:cad>
     </gpxtpx:TrackPointExtension>
    </extensions>
   </trkpt>
   <trkpt lat="46.4293110" lon="12.1159690">
    <ele>1691.0</ele>
    <time>2024-06-02T14:23:33Z</time>
    <extensions>
     <gpxtpx:TrackPointExtension>
      <gpxtpx:atemp>29</gpxtpx:atemp>
      <gpxtpx:hr>118</gpxtpx:hr>
      <gpxtpx:cad>0</gpxtpx:cad>
     </gpxtpx:TrackPointExtension>
    </extensions>
   </trkpt>
   <trkpt lat="46.4292990" lon="12.1159800">
    <ele>1691.2</ele>
    <time>2024-06-02T14:23:35Z</time>
    <extensions>
     <gpxtpx:TrackPointExtension>
      <gpxtpx:atemp>29</gpxtpx:atemp>
      <gpxtpx:hr>120</gpxtpx:hr>
      <gpxtpx:cad>0</gpxtpx:cad>
     </gpxtpx:TrackPointExtension>
    </extensions>
   </trkpt>
   <trkpt lat="46.4292830" lon="12.1159980">
    <ele>1691.4</ele>
    <time>2024-06-02T14:23:38Z</time>
    <extensions>
     <gpxtpx:TrackPointExtension>
      <gpxtpx:atemp>29</gpxtpx:atemp>
      <gpxtpx:hr>123</gpxtpx:hr>
      <gpxtpx:cad>0</gpxtpx:cad>
     </gpxtpx:TrackPointExtension>
    </extensions>
   </trkpt>
   <trkpt lat="46.4292720" lon="12.1160170">
    <ele>1691.6</ele>
    <time>2024-06-02T14:23:41Z</time>
    <extensions>
     <gpxtpx:TrackPointExtension>
      <gpxtpx:atemp>29</gpxtpx:atemp>
      <gpxtpx:hr>125</gpxtpx:hr>
      <gpxtpx:cad>0</gpxtpx:cad>
     </gpxtpx:TrackPointExtension>
    </extensions>
   </trkpt>
   <trkpt lat="46.4292630" lon="12.1160220">
    <ele>1691.6</ele>
    <time>2024-06-02T14:23:44Z</time>
    <extensions>
     <gpxtpx:TrackPointExtension>
      <gpxtpx:atemp>29</gpxtpx:atemp>
      <gpxtpx:hr>129</gpxtpx:hr>
      <gpxtpx:cad>0</gpxtpx:cad>
     </gpxtpx:TrackPointExtension>
    </extensions>
   </trkpt>
   <trkpt lat="46.4292500" lon="12.1160350">
    <ele>1691.6</ele>
    <time>2024-06-02T14:23:47Z</time>
    <extensions>
     <gpxtpx:TrackPointExtension>
      <gpxtpx:atemp>29</gpxtpx:atemp>
      <gpxtpx:hr>133</gpxtpx:hr>
      <gpxtpx:cad>0</gpxtpx:cad>
     </gpxtpx:TrackPointExtension>
    </extensions>
   </trkpt>
   <trkpt lat="46.4292470" lon="12.1160500">
    <ele>1691.6</ele>
    <time>2024-06-02T14:23:50Z</time>
    <extensions>
     <gpxtpx:TrackPointExtension>
      <gpxtpx:atemp>29</gpxtpx:atemp>
      <gpxtpx:hr>136</gpxtpx:hr>
      <gpxtpx:cad>0</gpxtpx:cad>
     </gpxtpx:TrackPointExtension>
    </extensions>
   </trkpt>
   <trkpt lat="46.4292470" lon="12.1160510">
    <ele>1691.4</ele>
    <time>2024-06-02T14:23:51Z</time>
    <extensions>
     <gpxtpx:TrackPointExtension>
      <gpxtpx:atemp>29</gpxtpx:atemp>
      <gpxtpx:hr>140</gpxtpx:hr>
      <gpxtpx:cad>0</gpxtpx:cad>
     </gpxtpx:TrackPointExtension>
    </extensions>
   </trkpt>
   <trkpt lat="46.4292470" lon="12.1160520">
    <ele>1691.4</ele>
    <time>2024-06-02T14:23:52Z</time>
    <extensions>
     <gpxtpx:TrackPointExtension>
      <gpxtpx:atemp>29</gpxtpx:atemp>
      <gpxtpx:hr>144</gpxtpx:hr>
      <gpxtpx:cad>0</gpxtpx:cad>
     </gpxtpx:TrackPointExtension>
    </extensions>
   </trkpt>
   <trkpt lat="46.4292490" lon="12.1160590">
    <ele>1691.2</ele>
    <time>2024-06-02T14:24:07Z</time>
    <extensions>
     <gpxtpx:TrackPointExtension>
      <gpxtpx:atemp>29</gpxtpx:atemp>
      <gpxtpx:hr>141</gpxtpx:hr>
      <gpxtpx:cad>73</gpxtpx:cad>
     </gpxtpx:TrackPointExtension>
    </extensions>
   </trkpt>
   <trkpt lat="46.4292250" lon="12.1161400">
    <ele>1692.0</ele>
    <time>2024-06-02T14:24:12Z</time>
    <extensions>
     <gpxtpx:TrackPointExtension>
      <gpxtpx:atemp>29</gpxtpx:atemp>
      <gpxtpx:hr>138</gpxtpx:hr>
      <gpxtpx:cad>45</gpxtpx:cad>
     </gpxtpx:TrackPointExtension>
    </extensions>
   </trkpt>
   <trkpt lat="46.4292180" lon="12.1161780">
    <ele>1692.4</ele>
    <time>2024-06-02T14:24:14Z</time>
    <extensions>
     <gpxtpx:TrackPointExtension>
      <gpxtpx:atemp>29</gpxtpx:atemp>
      <gpxtpx:hr>138</gpxtpx:hr>
      <gpxtpx:cad>45</gpxtpx:cad>
     </gpxtpx:TrackPointExtension>
    </extensions>
   </trkpt>
   <trkpt lat="46.4292070" lon="12.1162290">
    <ele>1693.0</ele>
    <time>2024-06-02T14:24:18Z</time>
    <extensions>
     <gpxtpx:TrackPointExtension>
      <gpxtpx:atemp>29</gpxtpx:atemp>
      <gpxtpx:hr>138</gpxtpx:hr>
      <gpxtpx:cad>0</gpxtpx:cad>
     </gpxtpx:TrackPointExtension>
    </extensions>
   </trkpt>
   <trkpt lat="46.4291910" lon="12.1163020">
    <ele>1693.4</ele>
    <time>2024-06-02T14:24:25Z</time>
    <extensions>
     <gpxtpx:TrackPointExtension>
      <gpxtpx:atemp>29</gpxtpx:atemp>
      <gpxtpx:hr>136</gpxtpx:hr>
      <gpxtpx:cad>0</gpxtpx:cad>
     </gpxtpx:TrackPointExtension>
    </extensions>
   </trkpt>
   <trkpt lat="46.4291890" lon="12.1163070">
    <ele>1693.8</ele>
    <time>2024-06-02T14:24:26Z</time>
    <extensions>
     <gpxtpx:TrackPointExtension>
      <gpxtpx:atemp>29</gpxtpx:atemp>
      <gpxtpx:hr>136</gpxtpx:hr>
      <gpxtpx:cad>0</gpxtpx:cad>
     </gpxtpx:TrackPointExtension>
    </extensions>
   </trkpt>
   <trkpt lat="46.4291990" lon="12.1163310">
    <ele>1693.8</ele>
    <time>2024-06-02T14:24:31Z</time>
    <extensions>
     <gpxtpx:TrackPointExtension>
      <gpxtpx:atemp>29</gpxtpx:atemp>
      <gpxtpx:hr>134</gpxtpx:hr>
      <gpxtpx:cad>0</gpxtpx:cad>
     </gpxtpx:TrackPointExtension>
    </extensions>
   </trkpt>
   <trkpt lat="46.4291830" lon="12.1163920">
    <ele>1694.0</ele>
    <time>2024-06-02T14:24:39Z</time>
    <extensions>
     <gpxtpx:TrackPointExtension>
      <gpxtpx:atemp>29</gpxtpx:atemp>
      <gpxtpx:hr>131</gpxtpx:hr>
      <gpxtpx:cad>73</gpxtpx:cad>
     </gpxtpx:TrackPointExtension>
    </extensions>
   </trkpt>
   <trkpt lat="46.4291390" lon="12.1164330">
    <ele>1694.4</ele>
    <time>2024-06-02T14:24:47Z</time>
    <extensions>
     <gpxtpx:TrackPointExtension>
      <gpxtpx:atemp>29</gpxtpx:atemp>
      <gpxtpx:hr>130</gpxtpx:hr>
      <gpxtpx:cad>0</gpxtpx:cad>
     </gpxtpx:TrackPointExtension>
    </extensions>
   </trkpt>
   <trkpt lat="46.4291020" lon="12.1164650">
    <ele>1695.0</ele>
    <time>2024-06-02T14:24:55Z</time>
    <extensions>
     <gpxtpx:TrackPointExtension>
      <gpxtpx:atemp>29</gpxtpx:atemp>
      <gpxtpx:hr>131</gpxtpx:hr>
      <gpxtpx:cad>75</gpxtpx:cad>
     </gpxtpx:TrackPointExtension>
    </extensions>
   </trkpt>
   <trkpt lat="46.4291020" lon="12.1164670">
    <ele>1695.2</ele>
    <time>2024-06-02T14:24:59Z</time>
    <extensions>
     <gpxtpx:TrackPointExtension>
      <gpxtpx:atemp>29</gpxtpx:atemp>
      <gpxtpx:hr>134</gpxtpx:hr>
      <gpxtpx:cad>0</gpxtpx:cad>
     </gpxtpx:TrackPointExtension>
    </extensions>
   </trkpt>
   <trkpt lat="46.4290910" lon="12.1164960">
    <ele>1695.2</ele>
    <time>2024-06-02T14:25:03Z</time>
    <extensions>
     <gpxtpx:TrackPointExtension>
      <gpxtpx:atemp>29</gpxtpx:atemp>
      <gpxtpx:hr>133</gpxtpx:hr>
      <gpxtpx:cad>0</gpxtpx:cad>
     </gpxtpx:TrackPointExtension>
    </extensions>
   </trkpt>
   <trkpt lat="46.4290790" lon="12.1165100">
    <ele>1695.6</ele>
    <time>2024-06-02T14:25:05Z</time>
    <extensions>
     <gpxtpx:TrackPointExtension>
      <gpxtpx:atemp>29</gpxtpx:atemp>
      <gpxtpx:hr>133</gpxtpx:hr>
      <gpxtpx:cad>0</gpxtpx:cad>
     </gpxtpx:TrackPointExtension>
    </extensions>
   </trkpt>
   <trkpt lat="46.4290670" lon="12.1165370">
    <ele>1696.6</ele>
    <time>2024-06-02T14:25:09Z</time>
    <extensions>
     <gpxtpx:TrackPointExtension>
      <gpxtpx:atemp>29</gpxtpx:atemp>
      <gpxtpx:hr>133</gpxtpx:hr>
      <gpxtpx:cad>0</gpxtpx:cad>
     </gpxtpx:TrackPointExtension>
    </extensions>
   </trkpt>
   <trkpt lat="46.4290680" lon="12.1165860">
    <ele>1697.6</ele>
    <time>2024-06-02T14:25:17Z</time>
    <extensions>
     <gpxtpx:TrackPointExtension>
      <gpxtpx:atemp>29</gpxtpx:atemp>
      <gpxtpx:hr>134</gpxtpx:hr>
      <gpxtpx:cad>71</gpxtpx:cad>
     </gpxtpx:TrackPointExtension>
    </extensions>
   </trkpt>
   <trkpt lat="46.4290730" lon="12.1165960">
    <ele>1697.6</ele>
    <time>2024-06-02T14:25:19Z</time>
    <extensions>
     <gpxtpx:TrackPointExtension>
      <gpxtpx:atemp>29</gpxtpx:atemp>
      <gpxtpx:hr>134</gpxtpx:hr>
      <gpxtpx:cad>71</gpxtpx:cad>
     </gpxtpx:TrackPointExtension>
    </extensions>
   </trkpt>
   <trkpt lat="46.4290720" lon="12.1166360">
    <ele>1698.4</ele>
    <time>2024-06-02T14:25:23Z</time>
    <extensions>
     <gpxtpx:TrackPointExtension>
      <gpxtpx:atemp>29</gpxtpx:atemp>
      <gpxtpx:hr>137</gpxtpx:hr>
      <gpxtpx:cad>0</gpxtpx:cad>
     </gpxtpx:TrackPointExtension>
    </extensions>
   </trkpt>
   <trkpt lat="46.4290720" lon="12.1166380">
    <ele>1698.6</ele>
    <time>2024-06-02T14:25:24Z</time>
    <extensions>
     <gpxtpx:TrackPointExtension>
      <gpxtpx:atemp>29</gpxtpx:atemp>
      <gpxtpx:hr>138</gpxtpx:hr>
      <gpxtpx:cad>0</gpxtpx:cad>
     </gpxtpx:TrackPointExtension>
    </extensions>
   </trkpt>
   <trkpt lat="46.4290720" lon="12.1166380">
    <ele>1698.8</ele>
    <time>2024-06-02T14:25:25Z</time>
    <extensions>
     <gpxtpx:TrackPointExtension>
      <gpxtpx:atemp>29</gpxtpx:atemp>
      <gpxtpx:hr>138</gpxtpx:hr>
      <gpxtpx:cad>0</gpxtpx:cad>
     </gpxtpx:TrackPointExtension>
    </extensions>
   </trkpt>
   <trkpt lat="46.4290690" lon="12.1166380">
    <ele>1698.8</ele>
    <time>2024-06-02T14:25:28Z</time>
    <extensions>
     <gpxtpx:TrackPointExtension>
      <gpxtpx:atemp>29</gpxtpx:atemp>
      <gpxtpx:hr>139</gpxtpx:hr>
      <gpxtpx:cad>0</gpxtpx:cad>
     </gpxtpx:TrackPointExtension>
    </extensions>
   </trkpt>
   <trkpt lat="46.4290730" lon="12.1166320">
    <ele>1698.8</ele>
    <time>2024-06-02T14:25:36Z</time>
    <extensions>
     <gpxtpx:TrackPointExtension>
      <gpxtpx:atemp>29</gpxtpx:atemp>
      <gpxtpx:hr>139</gpxtpx:hr>
      <gpxtpx:cad>67</gpxtpx:cad>
     </gpxtpx:TrackPointExtension>
    </extensions>
   </trkpt>
   <trkpt lat="46.4290720" lon="12.1166360">
    <ele>1699.8</ele>
    <time>2024-06-02T14:25:42Z</time>
    <extensions>
     <gpxtpx:TrackPointExtension>
      <gpxtpx:atemp>29</gpxtpx:atemp>
      <gpxtpx:hr>138</gpxtpx:hr>
      <gpxtpx:cad>0</gpxtpx:cad>
     </gpxtpx:TrackPointExtension>
    </extensions>
   </trkpt>
   <trkpt lat="46.4290560" lon="12.1166790">
    <ele>1700.8</ele>
    <time>2024-06-02T14:25:46Z</time>
    <extensions>
     <gpxtpx:TrackPointExtension>
      <gpxtpx:atemp>29</gpxtpx:atemp>
      <gpxtpx:hr>137</gpxtpx:hr>
      <gpxtpx:cad>0</gpxtpx:cad>
     </gpxtpx:TrackPointExtension>
    </extensions>
   </trkpt>
   <trkpt lat="46.4290500" lon="12.1166910">
    <ele>1701.0</ele>
    <time>2024-06-02T14:25:47Z</time>
    <extensions>
     <gpxtpx:TrackPointExtension>
      <gpxtpx:atemp>29</gpxtpx:atemp>
      <gpxtpx:hr>138</gpxtpx:hr>
      <gpxtpx:cad>0</gpxtpx:cad>
     </gpxtpx:TrackPointExtension>
    </extensions>
   </trkpt>
   <trkpt lat="46.4290310" lon="12.1167430">
    <ele>1702.0</ele>
    <time>2024-06-02T14:25:51Z</time>
    <extensions>
     <gpxtpx:TrackPointExtension>
      <gpxtpx:atemp>29</gpxtpx:atemp>
      <gpxtpx:hr>141</gpxtpx:hr>
      <gpxtpx:cad>0</gpxtpx:cad>
     </gpxtpx:TrackPointExtension>
    </extensions>
   </trkpt>
   <trkpt lat="46.4290280" lon="12.1167570">
    <ele>1702.4</ele>
    <time>2024-06-02T14:25:53Z</time>
    <extensions>
     <gpxtpx:TrackPointExtension>
      <gpxtpx:atemp>29</gpxtpx:atemp>
      <gpxtpx:hr>144</gpxtpx:hr>
      <gpxtpx:cad>0</gpxtpx:cad>
     </gpxtpx:TrackPointExtension>
    </extensions>
   </trkpt>
   <trkpt lat="46.4290280" lon="12.1167590">
    <ele>1702.4</ele>
    <time>2024-06-02T14:25:56Z</time>
    <extensions>
     <gpxtpx:TrackPointExtension>
      <gpxtpx:atemp>29</gpxtpx:atemp>
      <gpxtpx:hr>147</gpxtpx:hr>
      <gpxtpx:cad>0</gpxtpx:cad>
     </gpxtpx:TrackPointExtension>
    </extensions>
   </trkpt>
   <trkpt lat="46.4290280" lon="12.1167580">
    <ele>1702.4</ele>
    <time>2024-06-02T14:26:13Z</time>
    <extensions>
     <gpxtpx:TrackPointExtension>
      <gpxtpx:atemp>28</gpxtpx:atemp>
      <gpxtpx:hr>143</gpxtpx:hr>
      <gpxtpx:cad>0</gpxtpx:cad>
     </gpxtpx:TrackPointExtension>
    </extensions>
   </trkpt>
   <trkpt lat="46.4290280" lon="12.1167590">
    <ele>1702.8</ele>
    <time>2024-06-02T14:26:17Z</time>
    <extensions>
     <gpxtpx:TrackPointExtension>
      <gpxtpx:atemp>28</gpxtpx:atemp>
      <gpxtpx:hr>140</gpxtpx:hr>
      <gpxtpx:cad>0</gpxtpx:cad>
     </gpxtpx:TrackPointExtension>
    </extensions>
   </trkpt>
   <trkpt lat="46.4290120" lon="12.1167850">
    <ele>1702.8</ele>
    <time>2024-06-02T14:26:23Z</time>
    <extensions>
     <gpxtpx:TrackPointExtension>
      <gpxtpx:atemp>28</gpxtpx:atemp>
      <gpxtpx:hr>137</gpxtpx:hr>
      <gpxtpx:cad>0</gpxtpx:cad>
     </gpxtpx:TrackPointExtension>
    </extensions>
   </trkpt>
   <trkpt lat="46.4289970" lon="12.1167860">
    <ele>1702.6</ele>
    <time>2024-06-02T14:26:26Z</time>
    <extensions>
     <gpxtpx:TrackPointExtension>
      <gpxtpx:atemp>28</gpxtpx:atemp>
      <gpxtpx:hr>133</gpxtpx:hr>
      <gpxtpx:cad>0</gpxtpx:cad>
     </gpxtpx:TrackPointExtension>
    </extensions>
   </trkpt>
   <trkpt lat="46.4289950" lon="12.1167870">
    <ele>1702.2</ele>
    <time>2024-06-02T14:26:28Z</time>
    <extensions>
     <gpxtpx:TrackPointExtension>
      <gpxtpx:atemp>28</gpxtpx:atemp>
      <gpxtpx:hr>127</gpxtpx:hr>
      <gpxtpx:cad>0</gpxtpx:cad>
     </gpxtpx:TrackPointExtension>
    </extensions>
   </trkpt>
   <trkpt lat="46.4289940" lon="12.1167870">
    <ele>1702.0</ele>
    <time>2024-06-02T14:26:30Z</time>
    <extensions>
     <gpxtpx:TrackPointExtension>
      <gpxtpx:atemp>28</gpxtpx:atemp>
      <gpxtpx:hr>123</gpxtpx:hr>
      <gpxtpx:cad>0</gpxtpx:cad>
     </gpxtpx:TrackPointExtension>
    </extensions>
   </trkpt>
   <trkpt lat="46.4289940" lon="12.1167880">
    <ele>1702.2</ele>
    <time>2024-06-02T14:26:32Z</time>
    <extensions>
     <gpxtpx:TrackPointExtension>
      <gpxtpx:atemp>28</gpxtpx:atemp>
      <gpxtpx:hr>120</gpxtpx:hr>
      <gpxtpx:cad>0</gpxtpx:cad>
     </gpxtpx:TrackPointExtension>
    </extensions>
   </trkpt>
   <trkpt lat="46.4289930" lon="12.1167890">
    <ele>1702.4</ele>
    <time>2024-06-02T14:26:36Z</time>
    <extensions>
     <gpxtpx:TrackPointExtension>
      <gpxtpx:atemp>28</gpxtpx:atemp>
      <gpxtpx:hr>117</gpxtpx:hr>
      <gpxtpx:cad>43</gpxtpx:cad>
     </gpxtpx:TrackPointExtension>
    </extensions>
   </trkpt>
   <trkpt lat="46.4289640" lon="12.1168710">
    <ele>1702.6</ele>
    <time>2024-06-02T14:26:41Z</time>
    <extensions>
     <gpxtpx:TrackPointExtension>
      <gpxtpx:atemp>28</gpxtpx:atemp>
      <gpxtpx:hr>117</gpxtpx:hr>
      <gpxtpx:cad>42</gpxtpx:cad>
     </gpxtpx:TrackPointExtension>
    </extensions>
   </trkpt>
   <trkpt lat="46.4289030" lon="12.1170030">
    <ele>1702.6</ele>
    <time>2024-06-02T14:26:50Z</time>
    <extensions>
     <gpxtpx:TrackPointExtension>
      <gpxtpx:atemp>28</gpxtpx:atemp>
      <gpxtpx:hr>117</gpxtpx:hr>
      <gpxtpx:cad>42</gpxtpx:cad>
     </gpxtpx:TrackPointExtension>
    </extensions>
   </trkpt>
   <trkpt lat="46.4289000" lon="12.1170140">
    <ele>1702.6</ele>
    <time>2024-06-02T14:26:51Z</time>
    <extensions>
     <gpxtpx:TrackPointExtension>
      <gpxtpx:atemp>28</gpxtpx:atemp>
      <gpxtpx:hr>116</gpxtpx:hr>
      <gpxtpx:cad>42</gpxtpx:cad>
     </gpxtpx:TrackPointExtension>
    </extensions>
   </trkpt>
   <trkpt lat="46.4288780" lon="12.1170550">
    <ele>1702.4</ele>
    <time>2024-06-02T14:26:55Z</time>
    <extensions>
     <gpxtpx:TrackPointExtension>
      <gpxtpx:atemp>28</gpxtpx:atemp>
      <gpxtpx:hr>119</gpxtpx:hr>
      <gpxtpx:cad>42</gpxtpx:cad>
     </gpxtpx:TrackPointExtension>
    </extensions>
   </trkpt>
   <trkpt lat="46.4288700" lon="12.1170650">
    <ele>1702.6</ele>
    <time>2024-06-02T14:26:56Z</time>
    <extensions>
     <gpxtpx:TrackPointExtension>
      <gpxtpx:atemp>28</gpxtpx:atemp>
      <gpxtpx:hr>120</gpxtpx:hr>
      <gpxtpx:cad>42</gpxtpx:cad>
     </gpxtpx:TrackPointExtension>
    </extensions>
   </trkpt>
   <trkpt lat="46.4288590" lon="12.1170820">
    <ele>1703.0</ele>
    <time>2024-06-02T14:26:58Z</time>
    <extensions>
     <gpxtpx:TrackPointExtension>
      <gpxtpx:atemp>28</gpxtpx:atemp>
      <gpxtpx:hr>122</gpxtpx:hr>
      <gpxtpx:cad>78</gpxtpx:cad>
     </gpxtpx:TrackPointExtension>
    </extensions>
   </trkpt>
   <trkpt lat="46.4288260" lon="12.1171500">
    <ele>1704.2</ele>
    <time>2024-06-02T14:27:04Z</time>
    <extensions>
     <gpxtpx:TrackPointExtension>
      <gpxtpx:atemp>28</gpxtpx:atemp>
      <gpxtpx:hr>123</gpxtpx:hr>
      <gpxtpx:cad>44</gpxtpx:cad>
     </gpxtpx:TrackPointExtension>
    </extensions>
   </trkpt>
   <trkpt lat="46.4288160" lon="12.1171730">
    <ele>1704.4</ele>
    <time>2024-06-02T14:27:06Z</time>
    <extensions>
     <gpxtpx:TrackPointExtension>
      <gpxtpx:atemp>28</gpxtpx:atemp>
      <gpxtpx:hr>126</gpxtpx:hr>
      <gpxtpx:cad>0</gpxtpx:cad>
     </gpxtpx:TrackPointExtension>
    </extensions>
   </trkpt>
   <trkpt lat="46.4288130" lon="12.1171830">
    <ele>1704.8</ele>
    <time>2024-06-02T14:27:07Z</time>
    <extensions>
     <gpxtpx:TrackPointExtension>
      <gpxtpx:atemp>28</gpxtpx:atemp>
      <gpxtpx:hr>124</gpxtpx:hr>
      <gpxtpx:cad>0</gpxtpx:cad>
     </gpxtpx:TrackPointExtension>
    </extensions>
   </trkpt>
   <trkpt lat="46.4288040" lon="12.1172000">
    <ele>1705.2</ele>
    <time>2024-06-02T14:27:10Z</time>
    <extensions>
     <gpxtpx:TrackPointExtension>
      <gpxtpx:atemp>28</gpxtpx:atemp>
      <gpxtpx:hr>126</gpxtpx:hr>
      <gpxtpx:cad>0</gpxtpx:cad>
     </gpxtpx:TrackPointExtension>
    </extensions>
   </trkpt>
   <trkpt lat="46.4288020" lon="12.1172010">
    <ele>1705.2</ele>
    <time>2024-06-02T14:27:12Z</time>
    <extensions>
     <gpxtpx:TrackPointExtension>
      <gpxtpx:atemp>27</gpxtpx:atemp>
      <gpxtpx:hr>129</gpxtpx:hr>
      <gpxtpx:cad>0</gpxtpx:cad>
     </gpxtpx:TrackPointExtension>
    </extensions>
   </trkpt>
   <trkpt lat="46.4288010" lon="12.1172010">
    <ele>1705.2</ele>
    <time>2024-06-02T14:27:13Z</time>
    <extensions>
     <gpxtpx:TrackPointExtension>
      <gpxtpx:atemp>28</gpxtpx:atemp>
      <gpxtpx:hr>130</gpxtpx:hr>
      <gpxtpx:cad>0</gpxtpx:cad>
     </gpxtpx:TrackPointExtension>
    </extensions>
   </trkpt>
   <trkpt lat="46.4287940" lon="12.1172190">
    <ele>1705.2</ele>
    <time>2024-06-02T14:27:16Z</time>
    <extensions>
     <gpxtpx:TrackPointExtension>
      <gpxtpx:atemp>27</gpxtpx:atemp>
      <gpxtpx:hr>133</gpxtpx:hr>
      <gpxtpx:cad>0</gpxtpx:cad>
     </gpxtpx:TrackPointExtension>
    </extensions>
   </trkpt>
   <trkpt lat="46.4287780" lon="12.1172470">
    <ele>1705.6</ele>
    <time>2024-06-02T14:27:20Z</time>
    <extensions>
     <gpxtpx:TrackPointExtension>
      <gpxtpx:atemp>28</gpxtpx:atemp>
      <gpxtpx:hr>134</gpxtpx:hr>
      <gpxtpx:cad>0</gpxtpx:cad>
     </gpxtpx:TrackPointExtension>
    </extensions>
   </trkpt>
   <trkpt lat="46.4287750" lon="12.1172510">
    <ele>1705.4</ele>
    <time>2024-06-02T14:27:28Z</time>
    <extensions>
     <gpxtpx:TrackPointExtension>
      <gpxtpx:atemp>27</gpxtpx:atemp>
      <gpxtpx:hr>137</gpxtpx:hr>
      <gpxtpx:cad>0</gpxtpx:cad>
     </gpxtpx:TrackPointExtension>
    </extensions>
   </trkpt>
   <trkpt lat="46.4287760" lon="12.1172530">
    <ele>1704.8</ele>
    <time>2024-06-02T14:27:39Z</time>
    <extensions>
     <gpxtpx:TrackPointExtension>
      <gpxtpx:atemp>27</gpxtpx:atemp>
      <gpxtpx:hr>134</gpxtpx:hr>
      <gpxtpx:cad>0</gpxtpx:cad>
     </gpxtpx:TrackPointExtension>
    </extensions>
   </trkpt>
   <trkpt lat="46.4287760" lon="12.1172530">
    <ele>1704.8</ele>
    <time>2024-06-02T14:27:41Z</time>
    <extensions>
     <gpxtpx:TrackPointExtension>
      <gpxtpx:atemp>27</gpxtpx:atemp>
      <gpxtpx:hr>131</gpxtpx:hr>
      <gpxtpx:cad>0</gpxtpx:cad>
     </gpxtpx:TrackPointExtension>
    </extensions>
   </trkpt>
   <trkpt lat="46.4287760" lon="12.1172530">
    <ele>1705.2</ele>
    <time>2024-06-02T14:27:43Z</time>
    <extensions>
     <gpxtpx:TrackPointExtension>
      <gpxtpx:atemp>27</gpxtpx:atemp>
      <gpxtpx:hr>128</gpxtpx:hr>
      <gpxtpx:cad>0</gpxtpx:cad>
     </gpxtpx:TrackPointExtension>
    </extensions>
   </trkpt>
   <trkpt lat="46.4287760" lon="12.1172530">
    <ele>1705.2</ele>
    <time>2024-06-02T14:27:45Z</time>
    <extensions>
     <gpxtpx:TrackPointExtension>
      <gpxtpx:atemp>27</gpxtpx:atemp>
      <gpxtpx:hr>125</gpxtpx:hr>
      <gpxtpx:cad>0</gpxtpx:cad>
     </gpxtpx:TrackPointExtension>
    </extensions>
   </trkpt>
   <trkpt lat="46.4287760" lon="12.1172520">
    <ele>1705.8</ele>
    <time>2024-06-02T14:27:48Z</time>
    <extensions>
     <gpxtpx:TrackPointExtension>
      <gpxtpx:atemp>27</gpxtpx:atemp>
      <gpxtpx:hr>122</gpxtpx:hr>
      <gpxtpx:cad>0</gpxtpx:cad>
     </gpxtpx:TrackPointExtension>
    </extensions>
   </trkpt>
   <trkpt lat="46.4287760" lon="12.1172520">
    <ele>1706.2</ele>
    <time>2024-06-02T14:27:50Z</time>
    <extensions>
     <gpxtpx:TrackPointExtension>
      <gpxtpx:atemp>27</gpxtpx:atemp>
      <gpxtpx:hr>121</gpxtpx:hr>
      <gpxtpx:cad>0</gpxtpx:cad>
     </gpxtpx:TrackPointExtension>
    </extensions>
   </trkpt>
   <trkpt lat="46.4287760" lon="12.1172520">
    <ele>1706.0</ele>
    <time>2024-06-02T14:27:55Z</time>
    <extensions>
     <gpxtpx:TrackPointExtension>
      <gpxtpx:atemp>26</gpxtpx:atemp>
      <gpxtpx:hr>121</gpxtpx:hr>
      <gpxtpx:cad>0</gpxtpx:cad>
     </gpxtpx:TrackPointExtension>
    </extensions>
   </trkpt>
   <trkpt lat="46.4287750" lon="12.1172440">
    <ele>1706.8</ele>
    <time>2024-06-02T14:28:15Z</time>
    <extensions>
     <gpxtpx:TrackPointExtension>
      <gpxtpx:atemp>26</gpxtpx:atemp>
      <gpxtpx:hr>117</gpxtpx:hr>
      <gpxtpx:cad>44</gpxtpx:cad>
     </gpxtpx:TrackPointExtension>
    </extensions>
   </trkpt>
   <trkpt lat="46.4287750" lon="12.1172440">
    <ele>1707.4</ele>
    <time>2024-06-02T14:28:18Z</time>
    <extensions>
     <gpxtpx:TrackPointExtension>
      <gpxtpx:atemp>26</gpxtpx:atemp>
      <gpxtpx:hr>117</gpxtpx:hr>
      <gpxtpx:cad>0</gpxtpx:cad>
     </gpxtpx:TrackPointExtension>
    </extensions>
   </trkpt>
   <trkpt lat="46.4287670" lon="12.1173070">
    <ele>1707.6</ele>
    <time>2024-06-02T14:28:29Z</time>
    <extensions>
     <gpxtpx:TrackPointExtension>
      <gpxtpx:atemp>26</gpxtpx:atemp>
      <gpxtpx:hr>120</gpxtpx:hr>
      <gpxtpx:cad>0</gpxtpx:cad>
     </gpxtpx:TrackPointExtension>
    </extensions>
   </trkpt>
   <trkpt lat="46.4287590" lon="12.1173370">
    <ele>1707.4</ele>
    <time>2024-06-02T14:28:34Z</time>
    <extensions>
     <gpxtpx:TrackPointExtension>
      <gpxtpx:atemp>26</gpxtpx:atemp>
      <gpxtpx:hr>117</gpxtpx:hr>
      <gpxtpx:cad>0</gpxtpx:cad>
     </gpxtpx:TrackPointExtension>
    </extensions>
   </trkpt>
   <trkpt lat="46.4287560" lon="12.1173420">
    <ele>1707.6</ele>
    <time>2024-06-02T14:28:47Z</time>
    <extensions>
     <gpxtpx:TrackPointExtension>
      <gpxtpx:atemp>26</gpxtpx:atemp>
      <gpxtpx:hr>114</gpxtpx:hr>
      <gpxtpx:cad>0</gpxtpx:cad>
     </gpxtpx:TrackPointExtension>
    </extensions>
   </trkpt>
   <trkpt lat="46.4287490" lon="12.1173420">
    <ele>1707.8</ele>
    <time>2024-06-02T14:28:51Z</time>
    <extensions>
     <gpxtpx:TrackPointExtension>
      <gpxtpx:atemp>26</gpxtpx:atemp>
      <gpxtpx:hr>111</gpxtpx:hr>
      <gpxtpx:cad>0</gpxtpx:cad>
     </gpxtpx:TrackPointExtension>
    </extensions>
   </trkpt>
   <trkpt lat="46.4287450" lon="12.1173420">
    <ele>1707.8</ele>
    <time>2024-06-02T14:28:53Z</time>
    <extensions>
     <gpxtpx:TrackPointExtension>
      <gpxtpx:atemp>26</gpxtpx:atemp>
      <gpxtpx:hr>107</gpxtpx:hr>
      <gpxtpx:cad>0</gpxtpx:cad>
     </gpxtpx:TrackPointExtension>
    </extensions>
   </trkpt>
   <trkpt lat="46.4287430" lon="12.1173420">
    <ele>1707.8</ele>
    <time>2024-06-02T14:28:56Z</time>
    <extensions>
     <gpxtpx:TrackPointExtension>
      <gpxtpx:atemp>26</gpxtpx:atemp>
      <gpxtpx:hr>104</gpxtpx:hr>
      <gpxtpx:cad>0</gpxtpx:cad>
     </gpxtpx:TrackPointExtension>
    </extensions>
   </trkpt>
   <trkpt lat="46.4287460" lon="12.1173380">
    <ele>1707.4</ele>
    <time>2024-06-02T14:29:24Z</time>
    <extensions>
     <gpxtpx:TrackPointExtension>
      <gpxtpx:atemp>26</gpxtpx:atemp>
      <gpxtpx:hr>100</gpxtpx:hr>
      <gpxtpx:cad>0</gpxtpx:cad>
     </gpxtpx:TrackPointExtension>
    </extensions>
   </trkpt>
   <trkpt lat="46.4287630" lon="12.1172540">
    <ele>1706.6</ele>
    <time>2024-06-02T14:29:46Z</time>
    <extensions>
     <gpxtpx:TrackPointExtension>
      <gpxtpx:atemp>27</gpxtpx:atemp>
      <gpxtpx:hr>101</gpxtpx:hr>
      <gpxtpx:cad>54</gpxtpx:cad>
     </gpxtpx:TrackPointExtension>
    </extensions>
   </trkpt>
   <trkpt lat="46.4287680" lon="12.1172390">
    <ele>1706.2</ele>
    <time>2024-06-02T14:29:47Z</time>
    <extensions>
     <gpxtpx:TrackPointExtension>
      <gpxtpx:atemp>27</gpxtpx:atemp>
      <gpxtpx:hr>102</gpxtpx:hr>
      <gpxtpx:cad>46</gpxtpx:cad>
     </gpxtpx:TrackPointExtension>
    </extensions>
   </trkpt>
   <trkpt lat="46.4287760" lon="12.1172140">
    <ele>1705.8</ele>
    <time>2024-06-02T14:29:50Z</time>
    <extensions>
     <gpxtpx:TrackPointExtension>
      <gpxtpx:atemp>27</gpxtpx:atemp>
      <gpxtpx:hr>105</gpxtpx:hr>
      <gpxtpx:cad>0</gpxtpx:cad>
     </gpxtpx:TrackPointExtension>
    </extensions>
   </trkpt>
   <trkpt lat="46.4287790" lon="12.1172010">
    <ele>1705.6</ele>
    <time>2024-06-02T14:29:51Z</time>
    <extensions>
     <gpxtpx:TrackPointExtension>
      <gpxtpx:atemp>27</gpxtpx:atemp>
      <gpxtpx:hr>105</gpxtpx:hr>
      <gpxtpx:cad>52</gpxtpx:cad>
     </gpxtpx:TrackPointExtension>
    </extensions>
   </trkpt>
   <trkpt lat="46.4288080" lon="12.1171530">
    <ele>1705.2</ele>
    <time>2024-06-02T14:29:55Z</time>
    <extensions>
     <gpxtpx:TrackPointExtension>
      <gpxtpx:atemp>27</gpxtpx:atemp>
      <gpxtpx:hr>108</gpxtpx:hr>
      <gpxtpx:cad>0</gpxtpx:cad>
     </gpxtpx:TrackPointExtension>
    </extensions>
   </trkpt>
   <trkpt lat="46.4288120" lon="12.1171430">
    <ele>1705.2</ele>
    <time>2024-06-02T14:29:56Z</time>
    <extensions>
     <gpxtpx:TrackPointExtension>
      <gpxtpx:atemp>27</gpxtpx:atemp>
      <gpxtpx:hr>108</gpxtpx:hr>
      <gpxtpx:cad>47</gpxtpx:cad>
     </gpxtpx:TrackPointExtension>
    </extensions>
   </trkpt>
   <trkpt lat="46.4288480" lon="12.1170740">
    <ele>1704.2</ele>
    <time>2024-06-02T14:30:02Z</time>
    <extensions>
     <gpxtpx:TrackPointExtension>
      <gpxtpx:atemp>27</gpxtpx:atemp>
      <gpxtpx:hr>109</gpxtpx:hr>
      <gpxtpx:cad>51</gpxtpx:cad>
     </gpxtpx:TrackPointExtension>
    </extensions>
   </trkpt>
   <trkpt lat="46.4288650" lon="12.1170530">
    <ele>1703.8</ele>
    <time>2024-06-02T14:30:04Z</time>
    <extensions>
     <gpxtpx:TrackPointExtension>
      <gpxtpx:atemp>27</gpxtpx:atemp>
      <gpxtpx:hr>108</gpxtpx:hr>
      <gpxtpx:cad>52</gpxtpx:cad>
     </gpxtpx:TrackPointExtension>
    </extensions>
   </trkpt>
   <trkpt lat="46.4288710" lon="12.1170460">
    <ele>1703.6</ele>
    <time>2024-06-02T14:30:05Z</time>
    <extensions>
     <gpxtpx:TrackPointExtension>
      <gpxtpx:atemp>27</gpxtpx:atemp>
      <gpxtpx:hr>107</gpxtpx:hr>
      <gpxtpx:cad>52</gpxtpx:cad>
     </gpxtpx:TrackPointExtension>
    </extensions>
   </trkpt>
   <trkpt lat="46.4288990" lon="12.1170040">
    <ele>1703.0</ele>
    <time>2024-06-02T14:30:09Z</time>
    <extensions>
     <gpxtpx:TrackPointExtension>
      <gpxtpx:atemp>27</gpxtpx:atemp>
      <gpxtpx:hr>108</gpxtpx:hr>
      <gpxtpx:cad>53</gpxtpx:cad>
     </gpxtpx:TrackPointExtension>
    </extensions>
   </trkpt>
   <trkpt lat="46.4289410" lon="12.1169400">
    <ele>1702.4</ele>
    <time>2024-06-02T14:30:14Z</time>
    <extensions>
     <gpxtpx:TrackPointExtension>
      <gpxtpx:atemp>27</gpxtpx:atemp>
      <gpxtpx:hr>107</gpxtpx:hr>
      <gpxtpx:cad>55</gpxtpx:cad>
     </gpxtpx:TrackPointExtension>
    </extensions>
   </trkpt>
   <trkpt lat="46.4289520" lon="12.1169110">
    <ele>1702.0</ele>
    <time>2024-06-02T14:30:16Z</time>
    <extensions>
     <gpxtpx:TrackPointExtension>
      <gpxtpx:atemp>27</gpxtpx:atemp>
      <gpxtpx:hr>107</gpxtpx:hr>
      <gpxtpx:cad>58</gpxtpx:cad>
     </gpxtpx:TrackPointExtension>
    </extensions>
   </trkpt>
   <trkpt lat="46.4289740" lon="12.1168680">
    <ele>1701.6</ele>
    <time>2024-06-02T14:30:20Z</time>
    <extensions>
     <gpxtpx:TrackPointExtension>
      <gpxtpx:atemp>27</gpxtpx:atemp>
      <gpxtpx:hr>108</gpxtpx:hr>
      <gpxtpx:cad>53</gpxtpx:cad>
     </gpxtpx:TrackPointExtension>
    </extensions>
   </trkpt>
   <trkpt lat="46.4289790" lon="12.1168390">
    <ele>1701.4</ele>
    <time>2024-06-02T14:30:22Z</time>
    <extensions>
     <gpxtpx:TrackPointExtension>
      <gpxtpx:atemp>27</gpxtpx:atemp>
      <gpxtpx:hr>109</gpxtpx:hr>
      <gpxtpx:cad>53</gpxtpx:cad>
     </gpxtpx:TrackPointExtension>
    </extensions>
   </trkpt>
   <trkpt lat="46.4289970" lon="12.1167940">
    <ele>1700.8</ele>
    <time>2024-06-02T14:30:26Z</time>
    <extensions>
     <gpxtpx:TrackPointExtension>
      <gpxtpx:atemp>27</gpxtpx:atemp>
      <gpxtpx:hr>110</gpxtpx:hr>
      <gpxtpx:cad>53</gpxtpx:cad>
     </gpxtpx:TrackPointExtension>
    </extensions>
   </trkpt>
   <trkpt lat="46.4290060" lon="12.1167350">
    <ele>1700.2</ele>
    <time>2024-06-02T14:30:30Z</time>
    <extensions>
     <gpxtpx:TrackPointExtension>
      <gpxtpx:atemp>27</gpxtpx:atemp>
      <gpxtpx:hr>110</gpxtpx:hr>
      <gpxtpx:cad>52</gpxtpx:cad>
     </gpxtpx:TrackPointExtension>
    </extensions>
   </trkpt>
   <trkpt lat="46.4290130" lon="12.1167090">
    <ele>1699.8</ele>
    <time>2024-06-02T14:30:32Z</time>
    <extensions>
     <gpxtpx:TrackPointExtension>
      <gpxtpx:atemp>27</gpxtpx:atemp>
      <gpxtpx:hr>110</gpxtpx:hr>
      <gpxtpx:cad>0</gpxtpx:cad>
     </gpxtpx:TrackPointExtension>
    </extensions>
   </trkpt>
   <trkpt lat="46.4290350" lon="12.1166520">
    <ele>1698.6</ele>
    <time>2024-06-02T14:30:38Z</time>
    <extensions>
     <gpxtpx:TrackPointExtension>
      <gpxtpx:atemp>27</gpxtpx:atemp>
      <gpxtpx:hr>110</gpxtpx:hr>
      <gpxtpx:cad>0</gpxtpx:cad>
     </gpxtpx:TrackPointExtension>
    </extensions>
   </trkpt>
   <trkpt lat="46.4290460" lon="12.1166200">
    <ele>1697.6</ele>
    <time>2024-06-02T14:30:42Z</time>
    <extensions>
     <gpxtpx:TrackPointExtension>
      <gpxtpx:atemp>27</gpxtpx:atemp>
      <gpxtpx:hr>111</gpxtpx:hr>
      <gpxtpx:cad>43</gpxtpx:cad>
     </gpxtpx:TrackPointExtension>
    </extensions>
   </trkpt>
   <trkpt lat="46.4290580" lon="12.1165710">
    <ele>1696.8</ele>
    <time>2024-06-02T14:30:47Z</time>
    <extensions>
     <gpxtpx:TrackPointExtension>
      <gpxtpx:atemp>27</gpxtpx:atemp>
      <gpxtpx:hr>113</gpxtpx:hr>
      <gpxtpx:cad>0</gpxtpx:cad>
     </gpxtpx:TrackPointExtension>
    </extensions>
   </trkpt>
   <trkpt lat="46.4290610" lon="12.1165510">
    <ele>1696.6</ele>
    <time>2024-06-02T14:30:49Z</time>
    <extensions>
     <gpxtpx:TrackPointExtension>
      <gpxtpx:atemp>27</gpxtpx:atemp>
      <gpxtpx:hr>112</gpxtpx:hr>
      <gpxtpx:cad>0</gpxtpx:cad>
     </gpxtpx:TrackPointExtension>
    </extensions>
   </trkpt>
   <trkpt lat="46.4290660" lon="12.1165020">
    <ele>1695.8</ele>
    <time>2024-06-02T14:30:52Z</time>
    <extensions>
     <gpxtpx:TrackPointExtension>
      <gpxtpx:atemp>27</gpxtpx:atemp>
      <gpxtpx:hr>113</gpxtpx:hr>
      <gpxtpx:cad>52</gpxtpx:cad>
     </gpxtpx:TrackPointExtension>
    </extensions>
   </trkpt>
   <trkpt lat="46.4290690" lon="12.1164840">
    <ele>1695.6</ele>
    <time>2024-06-02T14:30:53Z</time>
    <extensions>
     <gpxtpx:TrackPointExtension>
      <gpxtpx:atemp>27</gpxtpx:atemp>
      <gpxtpx:hr>113</gpxtpx:hr>
      <gpxtpx:cad>51</gpxtpx:cad>
     </gpxtpx:TrackPointExtension>
    </extensions>
   </trkpt>
   <trkpt lat="46.4290760" lon="12.1164710">
    <ele>1695.2</ele>
    <time>2024-06-02T14:30:54Z</time>
    <extensions>
     <gpxtpx:TrackPointExtension>
      <gpxtpx:atemp>27</gpxtpx:atemp>
      <gpxtpx:hr>113</gpxtpx:hr>
      <gpxtpx:cad>52</gpxtpx:cad>
     </gpxtpx:TrackPointExtension>
    </extensions>
   </trkpt>
   <trkpt lat="46.4290820" lon="12.1164650">
    <ele>1695.2</ele>
    <time>2024-06-02T14:30:55Z</time>
    <extensions>
     <gpxtpx:TrackPointExtension>
      <gpxtpx:atemp>28</gpxtpx:atemp>
      <gpxtpx:hr>113</gpxtpx:hr>
      <gpxtpx:cad>52</gpxtpx:cad>
     </gpxtpx:TrackPointExtension>
    </extensions>
   </trkpt>
   <trkpt lat="46.4291010" lon="12.1164450">
    <ele>1694.2</ele>
    <time>2024-06-02T14:30:59Z</time>
    <extensions>
     <gpxtpx:TrackPointExtension>
      <gpxtpx:atemp>28</gpxtpx:atemp>
      <gpxtpx:hr>114</gpxtpx:hr>
      <gpxtpx:cad>54</gpxtpx:cad>
     </gpxtpx:TrackPointExtension>
    </extensions>
   </trkpt>
   <trkpt lat="46.4290990" lon="12.1164290">
    <ele>1693.6</ele>
    <time>2024-06-02T14:31:01Z</time>
    <extensions>
     <gpxtpx:TrackPointExtension>
      <gpxtpx:atemp>28</gpxtpx:atemp>
      <gpxtpx:hr>114</gpxtpx:hr>
      <gpxtpx:cad>52</gpxtpx:cad>
     </gpxtpx:TrackPointExtension>
    </extensions>
   </trkpt>
   <trkpt lat="46.4290910" lon="12.1164160">
    <ele>1693.2</ele>
    <time>2024-06-02T14:31:03Z</time>
    <extensions>
     <gpxtpx:TrackPointExtension>
      <gpxtpx:atemp>28</gpxtpx:atemp>
      <gpxtpx:hr>114</gpxtpx:hr>
      <gpxtpx:cad>51</gpxtpx:cad>
     </gpxtpx:TrackPointExtension>
    </extensions>
   </trkpt>
   <trkpt lat="46.4290850" lon="12.1163890">
    <ele>1693.0</ele>
    <time>2024-06-02T14:31:05Z</time>
    <extensions>
     <gpxtpx:TrackPointExtension>
      <gpxtpx:atemp>28</gpxtpx:atemp>
      <gpxtpx:hr>114</gpxtpx:hr>
      <gpxtpx:cad>46</gpxtpx:cad>
     </gpxtpx:TrackPointExtension>
    </extensions>
   </trkpt>
   <trkpt lat="46.4290760" lon="12.1163440">
    <ele>1692.6</ele>
    <time>2024-06-02T14:31:09Z</time>
    <extensions>
     <gpxtpx:TrackPointExtension>
      <gpxtpx:atemp>28</gpxtpx:atemp>
      <gpxtpx:hr>114</gpxtpx:hr>
      <gpxtpx:cad>0</gpxtpx:cad>
     </gpxtpx:TrackPointExtension>
    </extensions>
   </trkpt>
   <trkpt lat="46.4290880" lon="12.1163150">
    <ele>1692.4</ele>
    <time>2024-06-02T14:31:12Z</time>
    <extensions>
     <gpxtpx:TrackPointExtension>
      <gpxtpx:atemp>28</gpxtpx:atemp>
      <gpxtpx:hr>114</gpxtpx:hr>
      <gpxtpx:cad>0</gpxtpx:cad>
     </gpxtpx:TrackPointExtension>
    </extensions>
   </trkpt>
   <trkpt lat="46.4291010" lon="12.1163010">
    <ele>1692.2</ele>
    <time>2024-06-02T14:31:14Z</time>
    <extensions>
     <gpxtpx:TrackPointExtension>
      <gpxtpx:atemp>28</gpxtpx:atemp>
      <gpxtpx:hr>115</gpxtpx:hr>
      <gpxtpx:cad>0</gpxtpx:cad>
     </gpxtpx:TrackPointExtension>
    </extensions>
   </trkpt>
   <trkpt lat="46.4291150" lon="12.1162920">
    <ele>1692.0</ele>
    <time>2024-06-02T14:31:16Z</time>
    <extensions>
     <gpxtpx:TrackPointExtension>
      <gpxtpx:atemp>28</gpxtpx:atemp>
      <gpxtpx:hr>115</gpxtpx:hr>
      <gpxtpx:cad>0</gpxtpx:cad>
     </gpxtpx:TrackPointExtension>
    </extensions>
   </trkpt>
   <trkpt lat="46.4291580" lon="12.1162720">
    <ele>1691.8</ele>
    <time>2024-06-02T14:31:23Z</time>
    <extensions>
     <gpxtpx:TrackPointExtension>
      <gpxtpx:atemp>28</gpxtpx:atemp>
      <gpxtpx:hr>118</gpxtpx:hr>
      <gpxtpx:cad>0</gpxtpx:cad>
     </gpxtpx:TrackPointExtension>
    </extensions>
   </trkpt>
   <trkpt lat="46.4292130" lon="12.1161730">
    <ele>1691.4</ele>
    <time>2024-06-02T14:31:31Z</time>
    <extensions>
     <gpxtpx:TrackPointExtension>
      <gpxtpx:atemp>28</gpxtpx:atemp>
      <gpxtpx:hr>117</gpxtpx:hr>
      <gpxtpx:cad>52</gpxtpx:cad>
     </gpxtpx:TrackPointExtension>
    </extensions>
   </trkpt>
   <trkpt lat="46.4292190" lon="12.1161460">
    <ele>1690.8</ele>
    <time>2024-06-02T14:31:33Z</time>
    <extensions>
     <gpxtpx:TrackPointExtension>
      <gpxtpx:atemp>28</gpxtpx:atemp>
      <gpxtpx:hr>117</gpxtpx:hr>
      <gpxtpx:cad>52</gpxtpx:cad>
     </gpxtpx:TrackPointExtension>
    </extensions>
   </trkpt>
   <trkpt lat="46.4292250" lon="12.1161170">
    <ele>1690.4</ele>
    <time>2024-06-02T14:31:35Z</time>
    <extensions>
     <gpxtpx:TrackPointExtension>
      <gpxtpx:atemp>28</gpxtpx:atemp>
      <gpxtpx:hr>117</gpxtpx:hr>
      <gpxtpx:cad>52</gpxtpx:cad>
     </gpxtpx:TrackPointExtension>
    </extensions>
   </trkpt>
   <trkpt lat="46.4292410" lon="12.1160770">
    <ele>1690.0</ele>
    <time>2024-06-02T14:31:39Z</time>
    <extensions>
     <gpxtpx:TrackPointExtension>
      <gpxtpx:atemp>28</gpxtpx:atemp>
      <gpxtpx:hr>118</gpxtpx:hr>
      <gpxtpx:cad>53</gpxtpx:cad>
     </gpxtpx:TrackPointExtension>
    </extensions>
   </trkpt>
   <trkpt lat="46.4292620" lon="12.1160520">
    <ele>1689.8</ele>
    <time>2024-06-02T14:31:42Z</time>
    <extensions>
     <gpxtpx:TrackPointExtension>
      <gpxtpx:atemp>28</gpxtpx:atemp>
      <gpxtpx:hr>118</gpxtpx:hr>
      <gpxtpx:cad>56</gpxtpx:cad>
     </gpxtpx:TrackPointExtension>
    </extensions>
   </trkpt>
   <trkpt lat="46.4292880" lon="12.1159990">
    <ele>1688.8</ele>
    <time>2024-06-02T14:31:47Z</time>
    <extensions>
     <gpxtpx:TrackPointExtension>
      <gpxtpx:atemp>28</gpxtpx:atemp>
      <gpxtpx:hr>118</gpxtpx:hr>
      <gpxtpx:cad>56</gpxtpx:cad>
     </gpxtpx:TrackPointExtension>
    </extensions>
   </trkpt>
   <trkpt lat="46.4292900" lon="12.1159900">
    <ele>1688.6</ele>
    <time>2024-06-02T14:31:48Z</time>
    <extensions>
     <gpxtpx:TrackPointExtension>
      <gpxtpx:atemp>28</gpxtpx:atemp>
      <gpxtpx:hr>118</gpxtpx:hr>
      <gpxtpx:cad>54</gpxtpx:cad>
     </gpxtpx:TrackPointExtension>
    </extensions>
   </trkpt>
   <trkpt lat="46.4293350" lon="12.1158880">
    <ele>1687.6</ele>
    <time>2024-06-02T14:31:57Z</time>
    <extensions>
     <gpxtpx:TrackPointExtension>
      <gpxtpx:atemp>28</gpxtpx:atemp>
      <gpxtpx:hr>116</gpxtpx:hr>
      <gpxtpx:cad>51</gpxtpx:cad>
     </gpxtpx:TrackPointExtension>
    </extensions>
   </trkpt>
   <trkpt lat="46.4293680" lon="12.1158350">
    <ele>1686.6</ele>
    <time>2024-06-02T14:32:02Z</time>
    <extensions>
     <gpxtpx:TrackPointExtension>
      <gpxtpx:atemp>28</gpxtpx:atemp>
      <gpxtpx:hr>115</gpxtpx:hr>
      <gpxtpx:cad>49</gpxtpx:cad>
     </gpxtpx:TrackPointExtension>
    </extensions>
   </trkpt>
   <trkpt lat="46.4293740" lon="12.1158290">
    <ele>1686.6</ele>
    <time>2024-06-02T14:32:03Z</time>
    <extensions>
     <gpxtpx:TrackPointExtension>
      <gpxtpx:atemp>28</gpxtpx:atemp>
      <gpxtpx:hr>115</gpxtpx:hr>
      <gpxtpx:cad>49</gpxtpx:cad>
     </gpxtpx:TrackPointExtension>
    </extensions>
   </trkpt>
   <trkpt lat="46.4293910" lon="12.1158130">
    <ele>1686.2</ele>
    <time>2024-06-02T14:32:05Z</time>
    <extensions>
     <gpxtpx:TrackPointExtension>
      <gpxtpx:atemp>28</gpxtpx:atemp>
      <gpxtpx:hr>115</gpxtpx:hr>
      <gpxtpx:cad>54</gpxtpx:cad>
     </gpxtpx:TrackPointExtension>
    </extensions>
   </trkpt>
   <trkpt lat="46.4294070" lon="12.1157770">
    <ele>1685.6</ele>
    <time>2024-06-02T14:32:08Z</time>
    <extensions>
     <gpxtpx:TrackPointExtension>
      <gpxtpx:atemp>28</gpxtpx:atemp>
      <gpxtpx:hr>114</gpxtpx:hr>
      <gpxtpx:cad>50</gpxtpx:cad>
     </gpxtpx:TrackPointExtension>
    </extensions>
   </trkpt>
   <trkpt lat="46.4294150" lon="12.1157700">
    <ele>1685.4</ele>
    <time>2024-06-02T14:32:09Z</time>
    <extensions>
     <gpxtpx:TrackPointExtension>
      <gpxtpx:atemp>28</gpxtpx:atemp>
      <gpxtpx:hr>114</gpxtpx:hr>
      <gpxtpx:cad>50</gpxtpx:cad>
     </gpxtpx:TrackPointExtension>
    </extensions>
   </trkpt>
   <trkpt lat="46.4294610" lon="12.1157260">
    <ele>1684.8</ele>
    <time>2024-06-02T14:32:14Z</time>
    <extensions>
     <gpxtpx:TrackPointExtension>
      <gpxtpx:atemp>28</gpxtpx:atemp>
      <gpxtpx:hr>114</gpxtpx:hr>
      <gpxtpx:cad>48</gpxtpx:cad>
     </gpxtpx:TrackPointExtension>
    </extensions>
   </trkpt>
   <trkpt lat="46.4294960" lon="12.1157080">
    <ele>1684.4</ele>
    <time>2024-06-02T14:32:20Z</time>
    <extensions>
     <gpxtpx:TrackPointExtension>
      <gpxtpx:atemp>28</gpxtpx:atemp>
      <gpxtpx:hr>115</gpxtpx:hr>
      <gpxtpx:cad>41</gpxtpx:cad>
     </gpxtpx:TrackPointExtension>
    </extensions>
   </trkpt>
   <trkpt lat="46.4295040" lon="12.1157040">
    <ele>1684.4</ele>
    <time>2024-06-02T14:32:23Z</time>
    <extensions>
     <gpxtpx:TrackPointExtension>
      <gpxtpx:atemp>28</gpxtpx:atemp>
      <gpxtpx:hr>115</gpxtpx:hr>
      <gpxtpx:cad>41</gpxtpx:cad>
     </gpxtpx:TrackPointExtension>
    </extensions>
   </trkpt>
   <trkpt lat="46.4295190" lon="12.1156980">
    <ele>1683.4</ele>
    <time>2024-06-02T14:32:31Z</time>
    <extensions>
     <gpxtpx:TrackPointExtension>
      <gpxtpx:atemp>28</gpxtpx:atemp>
      <gpxtpx:hr>115</gpxtpx:hr>
      <gpxtpx:cad>0</gpxtpx:cad>
     </gpxtpx:TrackPointExtension>
    </extensions>
   </trkpt>
   <trkpt lat="46.4295250" lon="12.1156890">
    <ele>1683.2</ele>
    <time>2024-06-02T14:32:32Z</time>
    <extensions>
     <gpxtpx:TrackPointExtension>
      <gpxtpx:atemp>28</gpxtpx:atemp>
      <gpxtpx:hr>115</gpxtpx:hr>
      <gpxtpx:cad>0</gpxtpx:cad>
     </gpxtpx:TrackPointExtension>
    </extensions>
   </trkpt>
   <trkpt lat="46.4295370" lon="12.1156800">
    <ele>1682.2</ele>
    <time>2024-06-02T14:32:34Z</time>
    <extensions>
     <gpxtpx:TrackPointExtension>
      <gpxtpx:atemp>28</gpxtpx:atemp>
      <gpxtpx:hr>115</gpxtpx:hr>
      <gpxtpx:cad>0</gpxtpx:cad>
     </gpxtpx:TrackPointExtension>
    </extensions>
   </trkpt>
   <trkpt lat="46.4295460" lon="12.1156300">
    <ele>1681.0</ele>
    <time>2024-06-02T14:32:38Z</time>
    <extensions>
     <gpxtpx:TrackPointExtension>
      <gpxtpx:atemp>28</gpxtpx:atemp>
      <gpxtpx:hr>116</gpxtpx:hr>
      <gpxtpx:cad>0</gpxtpx:cad>
     </gpxtpx:TrackPointExtension>
    </extensions>
   </trkpt>
   <trkpt lat="46.4295360" lon="12.1155760">
    <ele>1680.0</ele>
    <time>2024-06-02T14:32:42Z</time>
    <extensions>
     <gpxtpx:TrackPointExtension>
      <gpxtpx:atemp>28</gpxtpx:atemp>
      <gpxtpx:hr>118</gpxtpx:hr>
      <gpxtpx:cad>55</gpxtpx:cad>
     </gpxtpx:TrackPointExtension>
    </extensions>
   </trkpt>
   <trkpt lat="46.4295280" lon="12.1155190">
    <ele>1679.6</ele>
    <time>2024-06-02T14:32:46Z</time>
    <extensions>
     <gpxtpx:TrackPointExtension>
      <gpxtpx:atemp>28</gpxtpx:atemp>
      <gpxtpx:hr>121</gpxtpx:hr>
      <gpxtpx:cad>52</gpxtpx:cad>
     </gpxtpx:TrackPointExtension>
    </extensions>
   </trkpt>
   <trkpt lat="46.4295150" lon="12.1154460">
    <ele>1679.2</ele>
    <time>2024-06-02T14:32:51Z</time>
    <extensions>
     <gpxtpx:TrackPointExtension>
      <gpxtpx:atemp>28</gpxtpx:atemp>
      <gpxtpx:hr>117</gpxtpx:hr>
      <gpxtpx:cad>50</gpxtpx:cad>
     </gpxtpx:TrackPointExtension>
    </extensions>
   </trkpt>
   <trkpt lat="46.4294990" lon="12.1154060">
    <ele>1679.0</ele>
    <time>2024-06-02T14:32:54Z</time>
    <extensions>
     <gpxtpx:TrackPointExtension>
      <gpxtpx:atemp>28</gpxtpx:atemp>
      <gpxtpx:hr>118</gpxtpx:hr>
      <gpxtpx:cad>50</gpxtpx:cad>
     </gpxtpx:TrackPointExtension>
    </extensions>
   </trkpt>
   <trkpt lat="46.4294900" lon="12.1153790">
    <ele>1678.6</ele>
    <time>2024-06-02T14:32:56Z</time>
    <extensions>
     <gpxtpx:TrackPointExtension>
      <gpxtpx:atemp>28</gpxtpx:atemp>
      <gpxtpx:hr>117</gpxtpx:hr>
      <gpxtpx:cad>51</gpxtpx:cad>
     </gpxtpx:TrackPointExtension>
    </extensions>
   </trkpt>
   <trkpt lat="46.4294640" lon="12.1152670">
    <ele>1678.0</ele>
    <time>2024-06-02T14:33:04Z</time>
    <extensions>
     <gpxtpx:TrackPointExtension>
      <gpxtpx:atemp>28</gpxtpx:atemp>
      <gpxtpx:hr>115</gpxtpx:hr>
      <gpxtpx:cad>52</gpxtpx:cad>
     </gpxtpx:TrackPointExtension>
    </extensions>
   </trkpt>
   <trkpt lat="46.4294600" lon="12.1152580">
    <ele>1677.8</ele>
    <time>2024-06-02T14:33:05Z</time>
    <extensions>
     <gpxtpx:TrackPointExtension>
      <gpxtpx:atemp>28</gpxtpx:atemp>
      <gpxtpx:hr>117</gpxtpx:hr>
      <gpxtpx:cad>52</gpxtpx:cad>
     </gpxtpx:TrackPointExtension>
    </extensions>
   </trkpt>
   <trkpt lat="46.4294470" lon="12.1152140">
    <ele>1677.8</ele>
    <time>2024-06-02T14:33:08Z</time>
    <extensions>
     <gpxtpx:TrackPointExtension>
      <gpxtpx:atemp>28</gpxtpx:atemp>
      <gpxtpx:hr>114</gpxtpx:hr>
      <gpxtpx:cad>52</gpxtpx:cad>
     </gpxtpx:TrackPointExtension>
    </extensions>
   </trkpt>
   <trkpt lat="46.4294200" lon="12.1151270">
    <ele>1677.4</ele>
    <time>2024-06-02T14:33:13Z</time>
    <extensions>
     <gpxtpx:TrackPointExtension>
      <gpxtpx:atemp>28</gpxtpx:atemp>
      <gpxtpx:hr>111</gpxtpx:hr>
      <gpxtpx:cad>51</gpxtpx:cad>
     </gpxtpx:TrackPointExtension>
    </extensions>
   </trkpt>
   <trkpt lat="46.4294140" lon="12.1151130">
    <ele>1677.2</ele>
    <time>2024-06-02T14:33:14Z</time>
    <extensions>
     <gpxtpx:TrackPointExtension>
      <gpxtpx:atemp>28</gpxtpx:atemp>
      <gpxtpx:hr>113</gpxtpx:hr>
      <gpxtpx:cad>51</gpxtpx:cad>
     </gpxtpx:TrackPointExtension>
    </extensions>
   </trkpt>
   <trkpt lat="46.4293900" lon="12.1150700">
    <ele>1676.8</ele>
    <time>2024-06-02T14:33:17Z</time>
    <extensions>
     <gpxtpx:TrackPointExtension>
      <gpxtpx:atemp>28</gpxtpx:atemp>
      <gpxtpx:hr>113</gpxtpx:hr>
      <gpxtpx:cad>50</gpxtpx:cad>
     </gpxtpx:TrackPointExtension>
    </extensions>
   </trkpt>
   <trkpt lat="46.4293540" lon="12.1150530">
    <ele>1676.2</ele>
    <time>2024-06-02T14:33:20Z</time>
    <extensions>
     <gpxtpx:TrackPointExtension>
      <gpxtpx:atemp>28</gpxtpx:atemp>
      <gpxtpx:hr>113</gpxtpx:hr>
      <gpxtpx:cad>55</gpxtpx:cad>
     </gpxtpx:TrackPointExtension>
    </extensions>
   </trkpt>
   <trkpt lat="46.4293250" lon="12.1150370">
    <ele>1675.8</ele>
    <time>2024-06-02T14:33:23Z</time>
    <extensions>
     <gpxtpx:TrackPointExtension>
      <gpxtpx:atemp>28</gpxtpx:atemp>
      <gpxtpx:hr>112</gpxtpx:hr>
      <gpxtpx:cad>55</gpxtpx:cad>
     </gpxtpx:TrackPointExtension>
    </extensions>
   </trkpt>
   <trkpt lat="46.4292950" lon="12.1150070">
    <ele>1675.6</ele>
    <time>2024-06-02T14:33:27Z</time>
    <extensions>
     <gpxtpx:TrackPointExtension>
      <gpxtpx:atemp>28</gpxtpx:atemp>
      <gpxtpx:hr>111</gpxtpx:hr>
      <gpxtpx:cad>55</gpxtpx:cad>
     </gpxtpx:TrackPointExtension>
    </extensions>
   </trkpt>
   <trkpt lat="46.4292730" lon="12.1149960">
    <ele>1675.0</ele>
    <time>2024-06-02T14:33:29Z</time>
    <extensions>
     <gpxtpx:TrackPointExtension>
      <gpxtpx:atemp>28</gpxtpx:atemp>
      <gpxtpx:hr>108</gpxtpx:hr>
      <gpxtpx:cad>55</gpxtpx:cad>
     </gpxtpx:TrackPointExtension>
    </extensions>
   </trkpt>
   <trkpt lat="46.4292540" lon="12.1149780">
    <ele>1674.6</ele>
    <time>2024-06-02T14:33:31Z</time>
    <extensions>
     <gpxtpx:TrackPointExtension>
      <gpxtpx:atemp>28</gpxtpx:atemp>
      <gpxtpx:hr>106</gpxtpx:hr>
      <gpxtpx:cad>55</gpxtpx:cad>
     </gpxtpx:TrackPointExtension>
    </extensions>
   </trkpt>
   <trkpt lat="46.4292040" lon="12.1149540">
    <ele>1674.2</ele>
    <time>2024-06-02T14:33:35Z</time>
    <extensions>
     <gpxtpx:TrackPointExtension>
      <gpxtpx:atemp>28</gpxtpx:atemp>
      <gpxtpx:hr>103</gpxtpx:hr>
      <gpxtpx:cad>52</gpxtpx:cad>
     </gpxtpx:TrackPointExtension>
    </extensions>
   </trkpt>
   <trkpt lat="46.4291870" lon="12.1149390">
    <ele>1674.2</ele>
    <time>2024-06-02T14:33:36Z</time>
    <extensions>
     <gpxtpx:TrackPointExtension>
      <gpxtpx:atemp>28</gpxtpx:atemp>
      <gpxtpx:hr>102</gpxtpx:hr>
      <gpxtpx:cad>52</gpxtpx:cad>
     </gpxtpx:TrackPointExtension>
    </extensions>
   </trkpt>
   <trkpt lat="46.4291170" lon="12.1149110">
    <ele>1673.4</ele>
    <time>2024-06-02T14:33:42Z</time>
    <extensions>
     <gpxtpx:TrackPointExtension>
      <gpxtpx:atemp>28</gpxtpx:atemp>
      <gpxtpx:hr>102</gpxtpx:hr>
      <gpxtpx:cad>53</gpxtpx:cad>
     </gpxtpx:TrackPointExtension>
    </extensions>
   </trkpt>
   <trkpt lat="46.4290860" lon="12.1149000">
    <ele>1673.4</ele>
    <time>2024-06-02T14:33:45Z</time>
    <extensions>
     <gpxtpx:TrackPointExtension>
      <gpxtpx:atemp>28</gpxtpx:atemp>
      <gpxtpx:hr>102</gpxtpx:hr>
      <gpxtpx:cad>54</gpxtpx:cad>
     </gpxtpx:TrackPointExtension>
    </extensions>
   </trkpt>
   <trkpt lat="46.4290370" lon="12.1148890">
    <ele>1673.2</ele>
    <time>2024-06-02T14:33:49Z</time>
    <extensions>
     <gpxtpx:TrackPointExtension>
      <gpxtpx:atemp>28</gpxtpx:atemp>
      <gpxtpx:hr>99</gpxtpx:hr>
      <gpxtpx:cad>52</gpxtpx:cad>
     </gpxtpx:TrackPointExtension>
    </extensions>
   </trkpt>
   <trkpt lat="46.4290000" lon="12.1148870">
    <ele>1673.2</ele>
    <time>2024-06-02T14:33:52Z</time>
    <extensions>
     <gpxtpx:TrackPointExtension>
      <gpxtpx:atemp>28</gpxtpx:atemp>
      <gpxtpx:hr>98</gpxtpx:hr>
      <gpxtpx:cad>50</gpxtpx:cad>
     </gpxtpx:TrackPointExtension>
    </extensions>
   </trkpt>
   <trkpt lat="46.4289840" lon="12.1149040">
    <ele>1673.2</ele>
    <time>2024-06-02T14:33:53Z</time>
    <extensions>
     <gpxtpx:TrackPointExtension>
      <gpxtpx:atemp>28</gpxtpx:atemp>
      <gpxtpx:hr>97</gpxtpx:hr>
      <gpxtpx:cad>50</gpxtpx:cad>
     </gpxtpx:TrackPointExtension>
    </extensions>
   </trkpt>
   <trkpt lat="46.4289370" lon="12.1149230">
    <ele>1673.0</ele>
    <time>2024-06-02T14:33:56Z</time>
    <extensions>
     <gpxtpx:TrackPointExtension>
      <gpxtpx:atemp>27</gpxtpx:atemp>
      <gpxtpx:hr>97</gpxtpx:hr>
      <gpxtpx:cad>50</gpxtpx:cad>
     </gpxtpx:TrackPointExtension>
    </extensions>
   </trkpt>
   <trkpt lat="46.4289170" lon="12.1148920">
    <ele>1673.0</ele>
    <time>2024-06-02T14:33:58Z</time>
    <extensions>
     <gpxtpx:TrackPointExtension>
      <gpxtpx:atemp>27</gpxtpx:atemp>
      <gpxtpx:hr>96</gpxtpx:hr>
      <gpxtpx:cad>49</gpxtpx:cad>
     </gpxtpx:TrackPointExtension>
    </extensions>
   </trkpt>
   <trkpt lat="46.4288800" lon="12.1148650">
    <ele>1673.0</ele>
    <time>2024-06-02T14:34:02Z</time>
    <extensions>
     <gpxtpx:TrackPointExtension>
      <gpxtpx:atemp>27</gpxtpx:atemp>
      <gpxtpx:hr>99</gpxtpx:hr>
      <gpxtpx:cad>48</gpxtpx:cad>
     </gpxtpx:TrackPointExtension>
    </extensions>
   </trkpt>
   <trkpt lat="46.4288570" lon="12.1148550">
    <ele>1673.0</ele>
    <time>2024-06-02T14:34:04Z</time>
    <extensions>
     <gpxtpx:TrackPointExtension>
      <gpxtpx:atemp>27</gpxtpx:atemp>
      <gpxtpx:hr>102</gpxtpx:hr>
      <gpxtpx:cad>48</gpxtpx:cad>
     </gpxtpx:TrackPointExtension>
    </extensions>
   </trkpt>
   <trkpt lat="46.4288500" lon="12.1148490">
    <ele>1673.0</ele>
    <time>2024-06-02T14:34:05Z</time>
    <extensions>
     <gpxtpx:TrackPointExtension>
      <gpxtpx:atemp>27</gpxtpx:atemp>
      <gpxtpx:hr>102</gpxtpx:hr>
      <gpxtpx:cad>48</gpxtpx:cad>
     </gpxtpx:TrackPointExtension>
    </extensions>
   </trkpt>
   <trkpt lat="46.4288310" lon="12.1147980">
    <ele>1673.0</ele>
    <time>2024-06-02T14:34:10Z</time>
    <extensions>
     <gpxtpx:TrackPointExtension>
      <gpxtpx:atemp>27</gpxtpx:atemp>
      <gpxtpx:hr>100</gpxtpx:hr>
      <gpxtpx:cad>0</gpxtpx:cad>
     </gpxtpx:TrackPointExtension>
    </extensions>
   </trkpt>
   <trkpt lat="46.4288010" lon="12.1147190">
    <ele>1672.8</ele>
    <time>2024-06-02T14:34:16Z</time>
    <extensions>
     <gpxtpx:TrackPointExtension>
      <gpxtpx:atemp>27</gpxtpx:atemp>
      <gpxtpx:hr>101</gpxtpx:hr>
      <gpxtpx:cad>46</gpxtpx:cad>
     </gpxtpx:TrackPointExtension>
    </extensions>
   </trkpt>
   <trkpt lat="46.4287700" lon="12.1147000">
    <ele>1672.8</ele>
    <time>2024-06-02T14:34:19Z</time>
    <extensions>
     <gpxtpx:TrackPointExtension>
      <gpxtpx:atemp>27</gpxtpx:atemp>
      <gpxtpx:hr>101</gpxtpx:hr>
      <gpxtpx:cad>45</gpxtpx:cad>
     </gpxtpx:TrackPointExtension>
    </extensions>
   </trkpt>
   <trkpt lat="46.4287230" lon="12.1146270">
    <ele>1672.6</ele>
    <time>2024-06-02T14:34:26Z</time>
    <extensions>
     <gpxtpx:TrackPointExtension>
      <gpxtpx:atemp>27</gpxtpx:atemp>
      <gpxtpx:hr>98</gpxtpx:hr>
      <gpxtpx:cad>46</gpxtpx:cad>
     </gpxtpx:TrackPointExtension>
    </extensions>
   </trkpt>
   <trkpt lat="46.4287180" lon="12.1145980">
    <ele>1672.4</ele>
    <time>2024-06-02T14:34:28Z</time>
    <extensions>
     <gpxtpx:TrackPointExtension>
      <gpxtpx:atemp>27</gpxtpx:atemp>
      <gpxtpx:hr>98</gpxtpx:hr>
      <gpxtpx:cad>50</gpxtpx:cad>
     </gpxtpx:TrackPointExtension>
    </extensions>
   </trkpt>
   <trkpt lat="46.4287120" lon="12.1145850">
    <ele>1672.2</ele>
    <time>2024-06-02T14:34:29Z</time>
    <extensions>
     <gpxtpx:TrackPointExtension>
      <gpxtpx:atemp>27</gpxtpx:atemp>
      <gpxtpx:hr>98</gpxtpx:hr>
      <gpxtpx:cad>50</gpxtpx:cad>
     </gpxtpx:TrackPointExtension>
    </extensions>
   </trkpt>
   <trkpt lat="46.4287020" lon="12.1145360">
    <ele>1671.6</ele>
    <time>2024-06-02T14:34:33Z</time>
    <extensions>
     <gpxtpx:TrackPointExtension>
      <gpxtpx:atemp>27</gpxtpx:atemp>
      <gpxtpx:hr>97</gpxtpx:hr>
      <gpxtpx:cad>48</gpxtpx:cad>
     </gpxtpx:TrackPointExtension>
    </extensions>
   </trkpt>
   <trkpt lat="46.4286860" lon="12.1144730">
    <ele>1671.8</ele>
    <time>2024-06-02T14:34:36Z</time>
    <extensions>
     <gpxtpx:TrackPointExtension>
      <gpxtpx:atemp>27</gpxtpx:atemp>
      <gpxtpx:hr>98</gpxtpx:hr>
      <gpxtpx:cad>50</gpxtpx:cad>
     </gpxtpx:TrackPointExtension>
    </extensions>
   </trkpt>
   <trkpt lat="46.4286810" lon="12.1144430">
    <ele>1671.0</ele>
    <time>2024-06-02T14:34:38Z</time>
    <extensions>
     <gpxtpx:TrackPointExtension>
      <gpxtpx:atemp>27</gpxtpx:atemp>
      <gpxtpx:hr>97</gpxtpx:hr>
      <gpxtpx:cad>51</gpxtpx:cad>
     </gpxtpx:TrackPointExtension>
    </extensions>
   </trkpt>
   <trkpt lat="46.4286730" lon="12.1143890">
    <ele>1670.8</ele>
    <time>2024-06-02T14:34:42Z</time>
    <extensions>
     <gpxtpx:TrackPointExtension>
      <gpxtpx:atemp>27</gpxtpx:atemp>
      <gpxtpx:hr>100</gpxtpx:hr>
      <gpxtpx:cad>53</gpxtpx:cad>
     </gpxtpx:TrackPointExtension>
    </extensions>
   </trkpt>
   <trkpt lat="46.4286680" lon="12.1143750">
    <ele>1670.8</ele>
    <time>2024-06-02T14:34:43Z</time>
    <extensions>
     <gpxtpx:TrackPointExtension>
      <gpxtpx:atemp>27</gpxtpx:atemp>
      <gpxtpx:hr>98</gpxtpx:hr>
      <gpxtpx:cad>52</gpxtpx:cad>
     </gpxtpx:TrackPointExtension>
    </extensions>
   </trkpt>
   <trkpt lat="46.4286170" lon="12.1142860">
    <ele>1670.0</ele>
    <time>2024-06-02T14:34:49Z</time>
    <extensions>
     <gpxtpx:TrackPointExtension>
      <gpxtpx:atemp>27</gpxtpx:atemp>
      <gpxtpx:hr>97</gpxtpx:hr>
      <gpxtpx:cad>52</gpxtpx:cad>
     </gpxtpx:TrackPointExtension>
    </extensions>
   </trkpt>
   <trkpt lat="46.4285890" lon="12.1142530">
    <ele>1669.4</ele>
    <time>2024-06-02T14:34:52Z</time>
    <extensions>
     <gpxtpx:TrackPointExtension>
      <gpxtpx:atemp>27</gpxtpx:atemp>
      <gpxtpx:hr>97</gpxtpx:hr>
      <gpxtpx:cad>54</gpxtpx:cad>
     </gpxtpx:TrackPointExtension>
    </extensions>
   </trkpt>
   <trkpt lat="46.4285740" lon="12.1142410">
    <ele>1668.8</ele>
    <time>2024-06-02T14:34:55Z</time>
    <extensions>
     <gpxtpx:TrackPointExtension>
      <gpxtpx:atemp>27</gpxtpx:atemp>
      <gpxtpx:hr>97</gpxtpx:hr>
      <gpxtpx:cad>54</gpxtpx:cad>
     </gpxtpx:TrackPointExtension>
    </extensions>
   </trkpt>
   <trkpt lat="46.4285620" lon="12.1141850">
    <ele>1668.4</ele>
    <time>2024-06-02T14:34:58Z</time>
    <extensions>
     <gpxtpx:TrackPointExtension>
      <gpxtpx:atemp>27</gpxtpx:atemp>
      <gpxtpx:hr>97</gpxtpx:hr>
      <gpxtpx:cad>52</gpxtpx:cad>
     </gpxtpx:TrackPointExtension>
    </extensions>
   </trkpt>
   <trkpt lat="46.4285090" lon="12.1140980">
    <ele>1667.8</ele>
    <time>2024-06-02T14:35:06Z</time>
    <extensions>
     <gpxtpx:TrackPointExtension>
      <gpxtpx:atemp>27</gpxtpx:atemp>
      <gpxtpx:hr>98</gpxtpx:hr>
      <gpxtpx:cad>51</gpxtpx:cad>
     </gpxtpx:TrackPointExtension>
    </extensions>
   </trkpt>
   <trkpt lat="46.4285050" lon="12.1140930">
    <ele>1667.8</ele>
    <time>2024-06-02T14:35:07Z</time>
    <extensions>
     <gpxtpx:TrackPointExtension>
      <gpxtpx:atemp>27</gpxtpx:atemp>
      <gpxtpx:hr>98</gpxtpx:hr>
      <gpxtpx:cad>50</gpxtpx:cad>
     </gpxtpx:TrackPointExtension>
    </extensions>
   </trkpt>
   <trkpt lat="46.4284170" lon="12.1140180">
    <ele>1667.4</ele>
    <time>2024-06-02T14:35:16Z</time>
    <extensions>
     <gpxtpx:TrackPointExtension>
      <gpxtpx:atemp>27</gpxtpx:atemp>
      <gpxtpx:hr>99</gpxtpx:hr>
      <gpxtpx:cad>50</gpxtpx:cad>
     </gpxtpx:TrackPointExtension>
    </extensions>
   </trkpt>
   <trkpt lat="46.4283670" lon="12.1138820">
    <ele>1666.6</ele>
    <time>2024-06-02T14:35:23Z</time>
    <extensions>
     <gpxtpx:TrackPointExtension>
      <gpxtpx:atemp>27</gpxtpx:atemp>
      <gpxtpx:hr>98</gpxtpx:hr>
      <gpxtpx:cad>52</gpxtpx:cad>
     </gpxtpx:TrackPointExtension>
    </extensions>
   </trkpt>
   <trkpt lat="46.4283640" lon="12.1138710">
    <ele>1666.6</ele>
    <time>2024-06-02T14:35:24Z</time>
    <extensions>
     <gpxtpx:TrackPointExtension>
      <gpxtpx:atemp>27</gpxtpx:atemp>
      <gpxtpx:hr>98</gpxtpx:hr>
      <gpxtpx:cad>53</gpxtpx:cad>
     </gpxtpx:TrackPointExtension>
    </extensions>
   </trkpt>
   <trkpt lat="46.4283370" lon="12.1138390">
    <ele>1666.4</ele>
    <time>2024-06-02T14:35:29Z</time>
    <extensions>
     <gpxtpx:TrackPointExtension>
      <gpxtpx:atemp>27</gpxtpx:atemp>
      <gpxtpx:hr>98</gpxtpx:hr>
      <gpxtpx:cad>52</gpxtpx:cad>
     </gpxtpx:TrackPointExtension>
    </extensions>
   </trkpt>
  </trkseg>
 </trk>
</gpx>
