<?xml version="1.0" encoding="UTF-8"?>
<gpx creator="StravaGPX" version="1.1" xmlns="http://www.topografix.com/GPX/1/1" xmlns:xsi="http://www.w3.org/2001/XMLSchema-instance" xsi:schemaLocation="http://www.topografix.com/GPX/1/1 http://www.topografix.com/GPX/1/1/gpx.xsd">
 <metadata>
  <time>2023-11-04T10:43:32Z</time>
 </metadata>
 <trk>
  <name>Cascate dell'Arzino</name>
  <type>hiking</type>
  <trkseg>
   <trkpt lat="46.3419420" lon="12.9268820">
    <ele>574.1</ele>
    <time>2023-11-04T10:43:32Z</time>
   </trkpt>
   <trkpt lat="46.3419420" lon="12.9268710">
    <ele>574.1</ele>
    <time>2023-11-04T10:43:33Z</time>
   </trkpt>
   <trkpt lat="46.3419440" lon="12.9268580">
    <ele>574.2</ele>
    <time>2023-11-04T10:43:34Z</time>
   </trkpt>
   <trkpt lat="46.3419470" lon="12.9268430">
    <ele>574.3</ele>
    <time>2023-11-04T10:43:35Z</time>
   </trkpt>
   <trkpt lat="46.3419500" lon="12.9268270">
    <ele>574.4</ele>
    <time>2023-11-04T10:43:36Z</time>
   </trkpt>
   <trkpt lat="46.3419530" lon="12.9268120">
    <ele>574.4</ele>
    <time>2023-11-04T10:43:37Z</time>
   </trkpt>
   <trkpt lat="46.3419570" lon="12.9267970">
    <ele>574.5</ele>
    <time>2023-11-04T10:43:38Z</time>
   </trkpt>
   <trkpt lat="46.3419630" lon="12.9267630">
    <ele>574.7</ele>
    <time>2023-11-04T10:43:39Z</time>
   </trkpt>
   <trkpt lat="46.3419670" lon="12.9267450">
    <ele>574.8</ele>
    <time>2023-11-04T10:43:40Z</time>
   </trkpt>
   <trkpt lat="46.3419710" lon="12.9267220">
    <ele>574.9</ele>
    <time>2023-11-04T10:43:42Z</time>
   </trkpt>
   <trkpt lat="46.3419780" lon="12.9267020">
    <ele>575.0</ele>
    <time>2023-11-04T10:43:43Z</time>
   </trkpt>
   <trkpt lat="46.3419960" lon="12.9266690">
    <ele>575.2</ele>
    <time>2023-11-04T10:43:44Z</time>
   </trkpt>
   <trkpt lat="46.3420020" lon="12.9266580">
    <ele>575.3</ele>
    <time>2023-11-04T10:43:45Z</time>
   </trkpt>
   <trkpt lat="46.3420110" lon="12.9266420">
    <ele>575.3</ele>
    <time>2023-11-04T10:43:46Z</time>
   </trkpt>
   <trkpt lat="46.3420190" lon="12.9266250">
    <ele>575.4</ele>
    <time>2023-11-04T10:43:48Z</time>
   </trkpt>
   <trkpt lat="46.3420280" lon="12.9266070">
    <ele>575.5</ele>
    <time>2023-11-04T10:43:49Z</time>
   </trkpt>
   <trkpt lat="46.3420380" lon="12.9265890">
    <ele>575.6</ele>
    <time>2023-11-04T10:43:50Z</time>
   </trkpt>
   <trkpt lat="46.3420460" lon="12.9265580">
    <ele>575.7</ele>
    <time>2023-11-04T10:43:51Z</time>
   </trkpt>
   <trkpt lat="46.3420490" lon="12.9265480">
    <ele>575.8</ele>
    <time>2023-11-04T10:43:52Z</time>
   </trkpt>
   <trkpt lat="46.3420510" lon="12.9265370">
    <ele>575.8</ele>
    <time>2023-11-04T10:43:53Z</time>
   </trkpt>
   <trkpt lat="46.3420560" lon="12.9265200">
    <ele>575.9</ele>
    <time>2023-11-04T10:43:55Z</time>
   </trkpt>
   <trkpt lat="46.3420580" lon="12.9265040">
    <ele>576.0</ele>
    <time>2023-11-04T10:43:56Z</time>
   </trkpt>
   <trkpt lat="46.3420630" lon="12.9264890">
    <ele>576.0</ele>
    <time>2023-11-04T10:43:57Z</time>
   </trkpt>
   <trkpt lat="46.3420690" lon="12.9264560">
    <ele>576.2</ele>
    <time>2023-11-04T10:43:58Z</time>
   </trkpt>
   <trkpt lat="46.3420710" lon="12.9264390">
    <ele>576.2</ele>
    <time>2023-11-04T10:44:00Z</time>
   </trkpt>
   <trkpt lat="46.3420730" lon="12.9264230">
    <ele>576.3</ele>
    <time>2023-11-04T10:44:01Z</time>
   </trkpt>
   <trkpt lat="46.3420760" lon="12.9263910">
    <ele>576.4</ele>
    <time>2023-11-04T10:44:02Z</time>
   </trkpt>
   <trkpt lat="46.3420840" lon="12.9263780">
    <ele>576.4</ele>
    <time>2023-11-04T10:44:04Z</time>
   </trkpt>
   <trkpt lat="46.3420910" lon="12.9263640">
    <ele>576.5</ele>
    <time>2023-11-04T10:44:05Z</time>
   </trkpt>
   <trkpt lat="46.3420990" lon="12.9263510">
    <ele>576.5</ele>
    <time>2023-11-04T10:44:07Z</time>
   </trkpt>
   <trkpt lat="46.3421060" lon="12.9263380">
    <ele>576.6</ele>
    <time>2023-11-04T10:44:08Z</time>
   </trkpt>
   <trkpt lat="46.3421130" lon="12.9263240">
    <ele>576.6</ele>
    <time>2023-11-04T10:44:09Z</time>
   </trkpt>
   <trkpt lat="46.3421210" lon="12.9263110">
    <ele>576.6</ele>
    <time>2023-11-04T10:44:10Z</time>
   </trkpt>
   <trkpt lat="46.3421260" lon="12.9262860">
    <ele>576.7</ele>
    <time>2023-11-04T10:44:11Z</time>
   </trkpt>
   <trkpt lat="46.3421310" lon="12.9262630">
    <ele>576.8</ele>
    <time>2023-11-04T10:44:13Z</time>
   </trkpt>
   <trkpt lat="46.3421320" lon="12.9262390">
    <ele>576.8</ele>
    <time>2023-11-04T10:44:14Z</time>
   </trkpt>
   <trkpt lat="46.3421290" lon="12.9262160">
    <ele>576.9</ele>
    <time>2023-11-04T10:44:15Z</time>
   </trkpt>
   <trkpt lat="46.3421250" lon="12.9261940">
    <ele>576.9</ele>
    <time>2023-11-04T10:44:16Z</time>
   </trkpt>
   <trkpt lat="46.3421240" lon="12.9261670">
    <ele>577.0</ele>
    <time>2023-11-04T10:44:17Z</time>
   </trkpt>
   <trkpt lat="46.3421250" lon="12.9261460">
    <ele>577.2</ele>
    <time>2023-11-04T10:44:18Z</time>
   </trkpt>
   <trkpt lat="46.3421230" lon="12.9261250">
    <ele>577.7</ele>
    <time>2023-11-04T10:44:20Z</time>
   </trkpt>
   <trkpt lat="46.3421210" lon="12.9261070">
    <ele>578.2</ele>
    <time>2023-11-04T10:44:21Z</time>
   </trkpt>
   <trkpt lat="46.3421140" lon="12.9260840">
    <ele>578.9</ele>
    <time>2023-11-04T10:44:22Z</time>
   </trkpt>
   <trkpt lat="46.3421070" lon="12.9260540">
    <ele>579.7</ele>
    <time>2023-11-04T10:44:23Z</time>
   </trkpt>
   <trkpt lat="46.3421060" lon="12.9260420">
    <ele>580.0</ele>
    <time>2023-11-04T10:44:24Z</time>
   </trkpt>
   <trkpt lat="46.3421040" lon="12.9260300">
    <ele>580.4</ele>
    <time>2023-11-04T10:44:25Z</time>
   </trkpt>
   <trkpt lat="46.3421060" lon="12.9260000">
    <ele>581.2</ele>
    <time>2023-11-04T10:44:26Z</time>
   </trkpt>
   <trkpt lat="46.3421060" lon="12.9259880">
    <ele>581.6</ele>
    <time>2023-11-04T10:44:27Z</time>
   </trkpt>
   <trkpt lat="46.3421070" lon="12.9259760">
    <ele>581.9</ele>
    <time>2023-11-04T10:44:28Z</time>
   </trkpt>
   <trkpt lat="46.3421050" lon="12.9259430">
    <ele>582.8</ele>
    <time>2023-11-04T10:44:30Z</time>
   </trkpt>
   <trkpt lat="46.3421030" lon="12.9259280">
    <ele>583.3</ele>
    <time>2023-11-04T10:44:32Z</time>
   </trkpt>
   <trkpt lat="46.3421000" lon="12.9259100">
    <ele>583.8</ele>
    <time>2023-11-04T10:44:33Z</time>
   </trkpt>
   <trkpt lat="46.3420980" lon="12.9258930">
    <ele>584.3</ele>
    <time>2023-11-04T10:44:34Z</time>
   </trkpt>
   <trkpt lat="46.3420920" lon="12.9258620">
    <ele>585.2</ele>
    <time>2023-11-04T10:44:36Z</time>
   </trkpt>
   <trkpt lat="46.3420880" lon="12.9258430">
    <ele>585.8</ele>
    <time>2023-11-04T10:44:38Z</time>
   </trkpt>
   <trkpt lat="46.3420820" lon="12.9258280">
    <ele>586.3</ele>
    <time>2023-11-04T10:44:39Z</time>
   </trkpt>
   <trkpt lat="46.3420760" lon="12.9258100">
    <ele>586.9</ele>
    <time>2023-11-04T10:44:40Z</time>
   </trkpt>
   <trkpt lat="46.3420710" lon="12.9257920">
    <ele>587.5</ele>
    <time>2023-11-04T10:44:41Z</time>
   </trkpt>
   <trkpt lat="46.3420560" lon="12.9257630">
    <ele>588.5</ele>
    <time>2023-11-04T10:44:42Z</time>
   </trkpt>
   <trkpt lat="46.3420500" lon="12.9257520">
    <ele>588.9</ele>
    <time>2023-11-04T10:44:43Z</time>
   </trkpt>
   <trkpt lat="46.3420440" lon="12.9257420">
    <ele>589.3</ele>
    <time>2023-11-04T10:44:45Z</time>
   </trkpt>
   <trkpt lat="46.3420370" lon="12.9257320">
    <ele>589.7</ele>
    <time>2023-11-04T10:44:46Z</time>
   </trkpt>
   <trkpt lat="46.3420310" lon="12.9257210">
    <ele>590.1</ele>
    <time>2023-11-04T10:44:47Z</time>
   </trkpt>
   <trkpt lat="46.3420240" lon="12.9257110">
    <ele>590.6</ele>
    <time>2023-11-04T10:44:48Z</time>
   </trkpt>
   <trkpt lat="46.3420130" lon="12.9256840">
    <ele>591.5</ele>
    <time>2023-11-04T10:44:49Z</time>
   </trkpt>
   <trkpt lat="46.3420080" lon="12.9256740">
    <ele>591.7</ele>
    <time>2023-11-04T10:44:50Z</time>
   </trkpt>
   <trkpt lat="46.3420040" lon="12.9256630">
    <ele>591.6</ele>
    <time>2023-11-04T10:44:51Z</time>
   </trkpt>
   <trkpt lat="46.3419900" lon="12.9256360">
    <ele>591.3</ele>
    <time>2023-11-04T10:44:52Z</time>
   </trkpt>
   <trkpt lat="46.3419840" lon="12.9256250">
    <ele>591.2</ele>
    <time>2023-11-04T10:44:53Z</time>
   </trkpt>
   <trkpt lat="46.3419770" lon="12.9256130">
    <ele>591.0</ele>
    <time>2023-11-04T10:44:55Z</time>
   </trkpt>
   <trkpt lat="46.3419700" lon="12.9256010">
    <ele>590.9</ele>
    <time>2023-11-04T10:44:56Z</time>
   </trkpt>
   <trkpt lat="46.3419630" lon="12.9255890">
    <ele>590.7</ele>
    <time>2023-11-04T10:44:57Z</time>
   </trkpt>
   <trkpt lat="46.3419570" lon="12.9255770">
    <ele>590.6</ele>
    <time>2023-11-04T10:44:58Z</time>
   </trkpt>
   <trkpt lat="46.3419460" lon="12.9255750">
    <ele>590.5</ele>
    <time>2023-11-04T10:44:59Z</time>
   </trkpt>
   <trkpt lat="46.3419440" lon="12.9255700">
    <ele>590.4</ele>
    <time>2023-11-04T10:45:01Z</time>
   </trkpt>
   <trkpt lat="46.3419420" lon="12.9255640">
    <ele>590.4</ele>
    <time>2023-11-04T10:45:03Z</time>
   </trkpt>
   <trkpt lat="46.3419400" lon="12.9255590">
    <ele>590.3</ele>
    <time>2023-11-04T10:45:04Z</time>
   </trkpt>
   <trkpt lat="46.3419380" lon="12.9255530">
    <ele>590.3</ele>
    <time>2023-11-04T10:45:05Z</time>
   </trkpt>
   <trkpt lat="46.3419360" lon="12.9255480">
    <ele>590.2</ele>
    <time>2023-11-04T10:45:08Z</time>
   </trkpt>
   <trkpt lat="46.3419340" lon="12.9255420">
    <ele>590.1</ele>
    <time>2023-11-04T10:45:09Z</time>
   </trkpt>
   <trkpt lat="46.3419320" lon="12.9255370">
    <ele>590.1</ele>
    <time>2023-11-04T10:45:11Z</time>
   </trkpt>
   <trkpt lat="46.3419300" lon="12.9255320">
    <ele>590.1</ele>
    <time>2023-11-04T10:45:12Z</time>
   </trkpt>
   <trkpt lat="46.3419280" lon="12.9255260">
    <ele>590.0</ele>
    <time>2023-11-04T10:45:13Z</time>
   </trkpt>
   <trkpt lat="46.3419260" lon="12.9255210">
    <ele>590.0</ele>
    <time>2023-11-04T10:45:15Z</time>
   </trkpt>
   <trkpt lat="46.3419240" lon="12.9255150">
    <ele>589.9</ele>
    <time>2023-11-04T10:45:17Z</time>
   </trkpt>
   <trkpt lat="46.3419220" lon="12.9255100">
    <ele>589.9</ele>
    <time>2023-11-04T10:45:18Z</time>
   </trkpt>
   <trkpt lat="46.3419200" lon="12.9255050">
    <ele>589.8</ele>
    <time>2023-11-04T10:45:19Z</time>
   </trkpt>
   <trkpt lat="46.3419180" lon="12.9254990">
    <ele>589.8</ele>
    <time>2023-11-04T10:45:20Z</time>
   </trkpt>
   <trkpt lat="46.3419160" lon="12.9254940">
    <ele>589.7</ele>
    <time>2023-11-04T10:45:21Z</time>
   </trkpt>
   <trkpt lat="46.3418960" lon="12.9254860">
    <ele>589.5</ele>
    <time>2023-11-04T10:45:22Z</time>
   </trkpt>
   <trkpt lat="46.3418910" lon="12.9254740">
    <ele>589.4</ele>
    <time>2023-11-04T10:45:23Z</time>
   </trkpt>
   <trkpt lat="46.3418870" lon="12.9254610">
    <ele>589.3</ele>
    <time>2023-11-04T10:45:24Z</time>
   </trkpt>
   <trkpt lat="46.3418870" lon="12.9254420">
    <ele>590.2</ele>
    <time>2023-11-04T10:45:25Z</time>
   </trkpt>
   <trkpt lat="46.3418890" lon="12.9254220">
    <ele>591.3</ele>
    <time>2023-11-04T10:45:26Z</time>
   </trkpt>
   <trkpt lat="46.3418940" lon="12.9254000">
    <ele>592.6</ele>
    <time>2023-11-04T10:45:27Z</time>
   </trkpt>
   <trkpt lat="46.3419020" lon="12.9253760">
    <ele>594.0</ele>
    <time>2023-11-04T10:45:29Z</time>
   </trkpt>
   <trkpt lat="46.3419100" lon="12.9253560">
    <ele>594.9</ele>
    <time>2023-11-04T10:45:30Z</time>
   </trkpt>
   <trkpt lat="46.3419200" lon="12.9253340">
    <ele>595.0</ele>
    <time>2023-11-04T10:45:31Z</time>
   </trkpt>
   <trkpt lat="46.3419310" lon="12.9253100">
    <ele>595.0</ele>
    <time>2023-11-04T10:45:32Z</time>
   </trkpt>
   <trkpt lat="46.3419410" lon="12.9252900">
    <ele>595.0</ele>
    <time>2023-11-04T10:45:34Z</time>
   </trkpt>
   <trkpt lat="46.3419540" lon="12.9252720">
    <ele>595.1</ele>
    <time>2023-11-04T10:45:35Z</time>
   </trkpt>
   <trkpt lat="46.3419680" lon="12.9252560">
    <ele>595.1</ele>
    <time>2023-11-04T10:45:36Z</time>
   </trkpt>
   <trkpt lat="46.3419900" lon="12.9252320">
    <ele>595.1</ele>
    <time>2023-11-04T10:45:37Z</time>
   </trkpt>
   <trkpt lat="46.3420000" lon="12.9252140">
    <ele>595.2</ele>
    <time>2023-11-04T10:45:39Z</time>
   </trkpt>
   <trkpt lat="46.3419970" lon="12.9252200">
    <ele>595.2</ele>
    <time>2023-11-04T10:45:40Z</time>
   </trkpt>
   <trkpt lat="46.3419990" lon="12.9252140">
    <ele>595.2</ele>
    <time>2023-11-04T10:45:41Z</time>
   </trkpt>
   <trkpt lat="46.3420040" lon="12.9251980">
    <ele>595.2</ele>
    <time>2023-11-04T10:45:42Z</time>
   </trkpt>
   <trkpt lat="46.3420060" lon="12.9251710">
    <ele>595.2</ele>
    <time>2023-11-04T10:45:43Z</time>
   </trkpt>
   <trkpt lat="46.3420070" lon="12.9251580">
    <ele>595.3</ele>
    <time>2023-11-04T10:45:44Z</time>
   </trkpt>
   <trkpt lat="46.3420080" lon="12.9251450">
    <ele>595.3</ele>
    <time>2023-11-04T10:45:45Z</time>
   </trkpt>
   <trkpt lat="46.3420070" lon="12.9251330">
    <ele>595.3</ele>
    <time>2023-11-04T10:45:46Z</time>
   </trkpt>
   <trkpt lat="46.3420050" lon="12.9251150">
    <ele>595.4</ele>
    <time>2023-11-04T10:45:47Z</time>
   </trkpt>
   <trkpt lat="46.3420020" lon="12.9250960">
    <ele>595.5</ele>
    <time>2023-11-04T10:45:48Z</time>
   </trkpt>
   <trkpt lat="46.3420010" lon="12.9250800">
    <ele>595.6</ele>
    <time>2023-11-04T10:45:50Z</time>
   </trkpt>
   <trkpt lat="46.3420000" lon="12.9250620">
    <ele>595.7</ele>
    <time>2023-11-04T10:45:51Z</time>
   </trkpt>
   <trkpt lat="46.3419990" lon="12.9250450">
    <ele>595.8</ele>
    <time>2023-11-04T10:45:52Z</time>
   </trkpt>
   <trkpt lat="46.3419980" lon="12.9250310">
    <ele>595.9</ele>
    <time>2023-11-04T10:45:53Z</time>
   </trkpt>
   <trkpt lat="46.3419960" lon="12.9250110">
    <ele>596.0</ele>
    <time>2023-11-04T10:45:55Z</time>
   </trkpt>
   <trkpt lat="46.3419940" lon="12.9249980">
    <ele>596.1</ele>
    <time>2023-11-04T10:45:56Z</time>
   </trkpt>
   <trkpt lat="46.3419930" lon="12.9249860">
    <ele>596.2</ele>
    <time>2023-11-04T10:45:57Z</time>
   </trkpt>
   <trkpt lat="46.3419920" lon="12.9249670">
    <ele>596.3</ele>
    <time>2023-11-04T10:45:58Z</time>
   </trkpt>
   <trkpt lat="46.3419940" lon="12.9249550">
    <ele>596.4</ele>
    <time>2023-11-04T10:45:59Z</time>
   </trkpt>
   <trkpt lat="46.3420070" lon="12.9249520">
    <ele>596.5</ele>
    <time>2023-11-04T10:46:01Z</time>
   </trkpt>
   <trkpt lat="46.3420230" lon="12.9249600">
    <ele>596.6</ele>
    <time>2023-11-04T10:46:02Z</time>
   </trkpt>
   <trkpt lat="46.3420380" lon="12.9249740">
    <ele>596.8</ele>
    <time>2023-11-04T10:46:03Z</time>
   </trkpt>
   <trkpt lat="46.3420550" lon="12.9249830">
    <ele>597.0</ele>
    <time>2023-11-04T10:46:04Z</time>
   </trkpt>
   <trkpt lat="46.3420670" lon="12.9249780">
    <ele>597.1</ele>
    <time>2023-11-04T10:46:06Z</time>
   </trkpt>
   <trkpt lat="46.3420650" lon="12.9249720">
    <ele>597.1</ele>
    <time>2023-11-04T10:46:07Z</time>
   </trkpt>
   <trkpt lat="46.3420630" lon="12.9249690">
    <ele>597.2</ele>
    <time>2023-11-04T10:46:08Z</time>
   </trkpt>
   <trkpt lat="46.3420600" lon="12.9249650">
    <ele>597.2</ele>
    <time>2023-11-04T10:46:10Z</time>
   </trkpt>
   <trkpt lat="46.3420600" lon="12.9249650">
    <ele>597.2</ele>
    <time>2023-11-04T10:46:11Z</time>
   </trkpt>
   <trkpt lat="46.3420590" lon="12.9249650">
    <ele>597.2</ele>
    <time>2023-11-04T10:46:12Z</time>
   </trkpt>
   <trkpt lat="46.3420590" lon="12.9249670">
    <ele>597.2</ele>
    <time>2023-11-04T10:46:14Z</time>
   </trkpt>
   <trkpt lat="46.3420580" lon="12.9249650">
    <ele>597.2</ele>
    <time>2023-11-04T10:46:15Z</time>
   </trkpt>
   <trkpt lat="46.3420590" lon="12.9249600">
    <ele>597.3</ele>
    <time>2023-11-04T10:46:16Z</time>
   </trkpt>
   <trkpt lat="46.3420620" lon="12.9249480">
    <ele>597.3</ele>
    <time>2023-11-04T10:46:17Z</time>
   </trkpt>
   <trkpt lat="46.3420740" lon="12.9249310">
    <ele>597.5</ele>
    <time>2023-11-04T10:46:19Z</time>
   </trkpt>
   <trkpt lat="46.3420780" lon="12.9249240">
    <ele>597.6</ele>
    <time>2023-11-04T10:46:20Z</time>
   </trkpt>
   <trkpt lat="46.3420820" lon="12.9249080">
    <ele>597.7</ele>
    <time>2023-11-04T10:46:21Z</time>
   </trkpt>
   <trkpt lat="46.3420820" lon="12.9248940">
    <ele>597.8</ele>
    <time>2023-11-04T10:46:23Z</time>
   </trkpt>
   <trkpt lat="46.3420820" lon="12.9248800">
    <ele>597.9</ele>
    <time>2023-11-04T10:46:24Z</time>
   </trkpt>
   <trkpt lat="46.3420820" lon="12.9248640">
    <ele>598.0</ele>
    <time>2023-11-04T10:46:25Z</time>
   </trkpt>
   <trkpt lat="46.3420820" lon="12.9248490">
    <ele>598.0</ele>
    <time>2023-11-04T10:46:26Z</time>
   </trkpt>
   <trkpt lat="46.3420830" lon="12.9248370">
    <ele>598.1</ele>
    <time>2023-11-04T10:46:28Z</time>
   </trkpt>
   <trkpt lat="46.3420850" lon="12.9248310">
    <ele>598.2</ele>
    <time>2023-11-04T10:46:29Z</time>
   </trkpt>
   <trkpt lat="46.3420900" lon="12.9248370">
    <ele>598.2</ele>
    <time>2023-11-04T10:46:31Z</time>
   </trkpt>
   <trkpt lat="46.3420930" lon="12.9248390">
    <ele>598.3</ele>
    <time>2023-11-04T10:46:32Z</time>
   </trkpt>
   <trkpt lat="46.3420950" lon="12.9248410">
    <ele>598.3</ele>
    <time>2023-11-04T10:46:33Z</time>
   </trkpt>
   <trkpt lat="46.3420950" lon="12.9248440">
    <ele>598.3</ele>
    <time>2023-11-04T10:46:35Z</time>
   </trkpt>
   <trkpt lat="46.3420960" lon="12.9248490">
    <ele>598.3</ele>
    <time>2023-11-04T10:46:36Z</time>
   </trkpt>
   <trkpt lat="46.3420970" lon="12.9248550">
    <ele>598.4</ele>
    <time>2023-11-04T10:46:37Z</time>
   </trkpt>
   <trkpt lat="46.3421000" lon="12.9248630">
    <ele>598.4</ele>
    <time>2023-11-04T10:46:39Z</time>
   </trkpt>
   <trkpt lat="46.3421000" lon="12.9248660">
    <ele>598.5</ele>
    <time>2023-11-04T10:46:40Z</time>
   </trkpt>
   <trkpt lat="46.3421000" lon="12.9248690">
    <ele>598.5</ele>
    <time>2023-11-04T10:46:41Z</time>
   </trkpt>
   <trkpt lat="46.3421010" lon="12.9248720">
    <ele>598.5</ele>
    <time>2023-11-04T10:46:43Z</time>
   </trkpt>
   <trkpt lat="46.3421010" lon="12.9248730">
    <ele>598.5</ele>
    <time>2023-11-04T10:46:44Z</time>
   </trkpt>
   <trkpt lat="46.3421000" lon="12.9248740">
    <ele>598.5</ele>
    <time>2023-11-04T10:46:45Z</time>
   </trkpt>
   <trkpt lat="46.3421010" lon="12.9248780">
    <ele>598.5</ele>
    <time>2023-11-04T10:46:47Z</time>
   </trkpt>
   <trkpt lat="46.3421050" lon="12.9248820">
    <ele>598.6</ele>
    <time>2023-11-04T10:46:48Z</time>
   </trkpt>
   <trkpt lat="46.3421070" lon="12.9248830">
    <ele>598.6</ele>
    <time>2023-11-04T10:46:49Z</time>
   </trkpt>
   <trkpt lat="46.3421080" lon="12.9248840">
    <ele>598.6</ele>
    <time>2023-11-04T10:46:50Z</time>
   </trkpt>
   <trkpt lat="46.3421060" lon="12.9248850">
    <ele>598.6</ele>
    <time>2023-11-04T10:46:51Z</time>
   </trkpt>
   <trkpt lat="46.3421050" lon="12.9248840">
    <ele>598.6</ele>
    <time>2023-11-04T10:46:53Z</time>
   </trkpt>
   <trkpt lat="46.3421030" lon="12.9248830">
    <ele>598.7</ele>
    <time>2023-11-04T10:46:54Z</time>
   </trkpt>
   <trkpt lat="46.3421020" lon="12.9248820">
    <ele>598.7</ele>
    <time>2023-11-04T10:46:55Z</time>
   </trkpt>
   <trkpt lat="46.3421000" lon="12.9248760">
    <ele>598.7</ele>
    <time>2023-11-04T10:46:56Z</time>
   </trkpt>
   <trkpt lat="46.3420980" lon="12.9248710">
    <ele>598.8</ele>
    <time>2023-11-04T10:46:57Z</time>
   </trkpt>
   <trkpt lat="46.3420920" lon="12.9248690">
    <ele>598.8</ele>
    <time>2023-11-04T10:46:59Z</time>
   </trkpt>
   <trkpt lat="46.3420890" lon="12.9248640">
    <ele>598.9</ele>
    <time>2023-11-04T10:47:00Z</time>
   </trkpt>
   <trkpt lat="46.3420870" lon="12.9248590">
    <ele>598.9</ele>
    <time>2023-11-04T10:47:02Z</time>
   </trkpt>
   <trkpt lat="46.3420870" lon="12.9248610">
    <ele>598.9</ele>
    <time>2023-11-04T10:47:03Z</time>
   </trkpt>
   <trkpt lat="46.3420880" lon="12.9248620">
    <ele>598.9</ele>
    <time>2023-11-04T10:47:04Z</time>
   </trkpt>
   <trkpt lat="46.3420890" lon="12.9248640">
    <ele>598.9</ele>
    <time>2023-11-04T10:47:06Z</time>
   </trkpt>
   <trkpt lat="46.3420890" lon="12.9248650">
    <ele>598.9</ele>
    <time>2023-11-04T10:47:07Z</time>
   </trkpt>
   <trkpt lat="46.3420890" lon="12.9248660">
    <ele>598.9</ele>
    <time>2023-11-04T10:47:08Z</time>
   </trkpt>
   <trkpt lat="46.3420910" lon="12.9248630">
    <ele>599.0</ele>
    <time>2023-11-04T10:47:10Z</time>
   </trkpt>
   <trkpt lat="46.3420930" lon="12.9248590">
    <ele>599.0</ele>
    <time>2023-11-04T10:47:11Z</time>
   </trkpt>
   <trkpt lat="46.3420960" lon="12.9248580">
    <ele>599.0</ele>
    <time>2023-11-04T10:47:12Z</time>
   </trkpt>
   <trkpt lat="46.3420990" lon="12.9248560">
    <ele>599.1</ele>
    <time>2023-11-04T10:47:13Z</time>
   </trkpt>
   <trkpt lat="46.3421020" lon="12.9248550">
    <ele>599.1</ele>
    <time>2023-11-04T10:47:14Z</time>
   </trkpt>
   <trkpt lat="46.3421040" lon="12.9248550">
    <ele>599.1</ele>
    <time>2023-11-04T10:47:15Z</time>
   </trkpt>
   <trkpt lat="46.3421070" lon="12.9248540">
    <ele>599.1</ele>
    <time>2023-11-04T10:47:16Z</time>
   </trkpt>
   <trkpt lat="46.3421090" lon="12.9248540">
    <ele>599.2</ele>
    <time>2023-11-04T10:47:17Z</time>
   </trkpt>
   <trkpt lat="46.3421100" lon="12.9248530">
    <ele>599.2</ele>
    <time>2023-11-04T10:47:18Z</time>
   </trkpt>
   <trkpt lat="46.3421120" lon="12.9248510">
    <ele>599.2</ele>
    <time>2023-11-04T10:47:19Z</time>
   </trkpt>
   <trkpt lat="46.3421120" lon="12.9248500">
    <ele>599.2</ele>
    <time>2023-11-04T10:47:21Z</time>
   </trkpt>
   <trkpt lat="46.3421120" lon="12.9248500">
    <ele>599.2</ele>
    <time>2023-11-04T10:47:22Z</time>
   </trkpt>
   <trkpt lat="46.3421100" lon="12.9248520">
    <ele>599.2</ele>
    <time>2023-11-04T10:47:23Z</time>
   </trkpt>
   <trkpt lat="46.3421100" lon="12.9248510">
    <ele>599.2</ele>
    <time>2023-11-04T10:47:24Z</time>
   </trkpt>
   <trkpt lat="46.3421090" lon="12.9248510">
    <ele>599.2</ele>
    <time>2023-11-04T10:47:25Z</time>
   </trkpt>
   <trkpt lat="46.3421080" lon="12.9248480">
    <ele>599.3</ele>
    <time>2023-11-04T10:47:26Z</time>
   </trkpt>
   <trkpt lat="46.3421060" lon="12.9248450">
    <ele>599.3</ele>
    <time>2023-11-04T10:47:27Z</time>
   </trkpt>
   <trkpt lat="46.3421040" lon="12.9248430">
    <ele>599.3</ele>
    <time>2023-11-04T10:47:28Z</time>
   </trkpt>
   <trkpt lat="46.3421030" lon="12.9248390">
    <ele>599.3</ele>
    <time>2023-11-04T10:47:29Z</time>
   </trkpt>
   <trkpt lat="46.3421030" lon="12.9248380">
    <ele>599.3</ele>
    <time>2023-11-04T10:47:31Z</time>
   </trkpt>
   <trkpt lat="46.3421030" lon="12.9248380">
    <ele>599.3</ele>
    <time>2023-11-04T10:47:32Z</time>
   </trkpt>
   <trkpt lat="46.3421030" lon="12.9248380">
    <ele>599.3</ele>
    <time>2023-11-04T10:47:33Z</time>
   </trkpt>
   <trkpt lat="46.3421030" lon="12.9248370">
    <ele>599.3</ele>
    <time>2023-11-04T10:47:34Z</time>
   </trkpt>
   <trkpt lat="46.3421030" lon="12.9248380">
    <ele>599.3</ele>
    <time>2023-11-04T10:47:35Z</time>
   </trkpt>
   <trkpt lat="46.3421030" lon="12.9248380">
    <ele>599.3</ele>
    <time>2023-11-04T10:47:36Z</time>
   </trkpt>
   <trkpt lat="46.3421030" lon="12.9248380">
    <ele>599.3</ele>
    <time>2023-11-04T10:47:37Z</time>
   </trkpt>
   <trkpt lat="46.3421040" lon="12.9248380">
    <ele>599.4</ele>
    <time>2023-11-04T10:47:38Z</time>
   </trkpt>
   <trkpt lat="46.3421050" lon="12.9248400">
    <ele>599.4</ele>
    <time>2023-11-04T10:47:39Z</time>
   </trkpt>
   <trkpt lat="46.3421060" lon="12.9248410">
    <ele>599.4</ele>
    <time>2023-11-04T10:47:40Z</time>
   </trkpt>
   <trkpt lat="46.3421060" lon="12.9248410">
    <ele>599.4</ele>
    <time>2023-11-04T10:47:41Z</time>
   </trkpt>
   <trkpt lat="46.3421060" lon="12.9248410">
    <ele>599.4</ele>
    <time>2023-11-04T10:47:42Z</time>
   </trkpt>
   <trkpt lat="46.3421060" lon="12.9248410">
    <ele>599.4</ele>
    <time>2023-11-04T10:47:43Z</time>
   </trkpt>
   <trkpt lat="46.3421060" lon="12.9248410">
    <ele>599.4</ele>
    <time>2023-11-04T10:47:44Z</time>
   </trkpt>
   <trkpt lat="46.3421050" lon="12.9248520">
    <ele>599.4</ele>
    <time>2023-11-04T10:47:45Z</time>
   </trkpt>
   <trkpt lat="46.3421040" lon="12.9248590">
    <ele>599.5</ele>
    <time>2023-11-04T10:47:46Z</time>
   </trkpt>
   <trkpt lat="46.3421020" lon="12.9248650">
    <ele>599.5</ele>
    <time>2023-11-04T10:47:47Z</time>
   </trkpt>
   <trkpt lat="46.3421000" lon="12.9248690">
    <ele>599.5</ele>
    <time>2023-11-04T10:47:48Z</time>
   </trkpt>
   <trkpt lat="46.3420990" lon="12.9248720">
    <ele>599.6</ele>
    <time>2023-11-04T10:47:49Z</time>
   </trkpt>
   <trkpt lat="46.3421100" lon="12.9248600">
    <ele>599.7</ele>
    <time>2023-11-04T10:47:51Z</time>
   </trkpt>
   <trkpt lat="46.3421160" lon="12.9248550">
    <ele>599.7</ele>
    <time>2023-11-04T10:47:54Z</time>
   </trkpt>
   <trkpt lat="46.3421180" lon="12.9248530">
    <ele>599.7</ele>
    <time>2023-11-04T10:47:56Z</time>
   </trkpt>
   <trkpt lat="46.3421200" lon="12.9248520">
    <ele>599.8</ele>
    <time>2023-11-04T10:47:57Z</time>
   </trkpt>
   <trkpt lat="46.3421210" lon="12.9248530">
    <ele>599.8</ele>
    <time>2023-11-04T10:47:58Z</time>
   </trkpt>
   <trkpt lat="46.3421110" lon="12.9248650">
    <ele>599.9</ele>
    <time>2023-11-04T10:48:00Z</time>
   </trkpt>
   <trkpt lat="46.3421030" lon="12.9248700">
    <ele>599.9</ele>
    <time>2023-11-04T10:48:02Z</time>
   </trkpt>
   <trkpt lat="46.3421030" lon="12.9248710">
    <ele>599.9</ele>
    <time>2023-11-04T10:48:03Z</time>
   </trkpt>
   <trkpt lat="46.3421020" lon="12.9248760">
    <ele>600.0</ele>
    <time>2023-11-04T10:48:05Z</time>
   </trkpt>
   <trkpt lat="46.3420860" lon="12.9248930">
    <ele>600.1</ele>
    <time>2023-11-04T10:48:06Z</time>
   </trkpt>
   <trkpt lat="46.3420690" lon="12.9249060">
    <ele>600.2</ele>
    <time>2023-11-04T10:48:08Z</time>
   </trkpt>
   <trkpt lat="46.3420640" lon="12.9249080">
    <ele>600.3</ele>
    <time>2023-11-04T10:48:09Z</time>
   </trkpt>
   <trkpt lat="46.3420540" lon="12.9249200">
    <ele>600.4</ele>
    <time>2023-11-04T10:48:10Z</time>
   </trkpt>
   <trkpt lat="46.3420470" lon="12.9249390">
    <ele>600.5</ele>
    <time>2023-11-04T10:48:11Z</time>
   </trkpt>
   <trkpt lat="46.3420410" lon="12.9249540">
    <ele>600.5</ele>
    <time>2023-11-04T10:48:12Z</time>
   </trkpt>
   <trkpt lat="46.3420330" lon="12.9249640">
    <ele>600.6</ele>
    <time>2023-11-04T10:48:13Z</time>
   </trkpt>
   <trkpt lat="46.3420160" lon="12.9249580">
    <ele>600.7</ele>
    <time>2023-11-04T10:48:14Z</time>
   </trkpt>
   <trkpt lat="46.3420170" lon="12.9249470">
    <ele>600.8</ele>
    <time>2023-11-04T10:48:16Z</time>
   </trkpt>
   <trkpt lat="46.3420140" lon="12.9249360">
    <ele>600.9</ele>
    <time>2023-11-04T10:48:17Z</time>
   </trkpt>
   <trkpt lat="46.3420030" lon="12.9249240">
    <ele>601.0</ele>
    <time>2023-11-04T10:48:18Z</time>
   </trkpt>
   <trkpt lat="46.3419940" lon="12.9249190">
    <ele>601.0</ele>
    <time>2023-11-04T10:48:19Z</time>
   </trkpt>
   <trkpt lat="46.3419900" lon="12.9249100">
    <ele>601.1</ele>
    <time>2023-11-04T10:48:20Z</time>
   </trkpt>
   <trkpt lat="46.3419900" lon="12.9248970">
    <ele>601.2</ele>
    <time>2023-11-04T10:48:21Z</time>
   </trkpt>
   <trkpt lat="46.3419950" lon="12.9248840">
    <ele>601.3</ele>
    <time>2023-11-04T10:48:22Z</time>
   </trkpt>
   <trkpt lat="46.3419990" lon="12.9248730">
    <ele>601.3</ele>
    <time>2023-11-04T10:48:23Z</time>
   </trkpt>
   <trkpt lat="46.3420020" lon="12.9248620">
    <ele>601.4</ele>
    <time>2023-11-04T10:48:24Z</time>
   </trkpt>
   <trkpt lat="46.3420040" lon="12.9248500">
    <ele>601.5</ele>
    <time>2023-11-04T10:48:25Z</time>
   </trkpt>
   <trkpt lat="46.3420070" lon="12.9248380">
    <ele>601.5</ele>
    <time>2023-11-04T10:48:26Z</time>
   </trkpt>
   <trkpt lat="46.3420100" lon="12.9248270">
    <ele>601.6</ele>
    <time>2023-11-04T10:48:27Z</time>
   </trkpt>
   <trkpt lat="46.3420130" lon="12.9248160">
    <ele>601.7</ele>
    <time>2023-11-04T10:48:28Z</time>
   </trkpt>
   <trkpt lat="46.3420180" lon="12.9248070">
    <ele>601.8</ele>
    <time>2023-11-04T10:48:29Z</time>
   </trkpt>
   <trkpt lat="46.3420230" lon="12.9247990">
    <ele>601.8</ele>
    <time>2023-11-04T10:48:30Z</time>
   </trkpt>
   <trkpt lat="46.3420280" lon="12.9247940">
    <ele>601.9</ele>
    <time>2023-11-04T10:48:31Z</time>
   </trkpt>
   <trkpt lat="46.3420330" lon="12.9247890">
    <ele>602.0</ele>
    <time>2023-11-04T10:48:32Z</time>
   </trkpt>
   <trkpt lat="46.3420370" lon="12.9247880">
    <ele>602.0</ele>
    <time>2023-11-04T10:48:33Z</time>
   </trkpt>
   <trkpt lat="46.3420410" lon="12.9247880">
    <ele>602.0</ele>
    <time>2023-11-04T10:48:34Z</time>
   </trkpt>
   <trkpt lat="46.3420220" lon="12.9248140">
    <ele>602.3</ele>
    <time>2023-11-04T10:48:35Z</time>
   </trkpt>
   <trkpt lat="46.3420130" lon="12.9248150">
    <ele>602.4</ele>
    <time>2023-11-04T10:48:36Z</time>
   </trkpt>
   <trkpt lat="46.3420140" lon="12.9248090">
    <ele>602.4</ele>
    <time>2023-11-04T10:48:38Z</time>
   </trkpt>
   <trkpt lat="46.3420190" lon="12.9247980">
    <ele>602.5</ele>
    <time>2023-11-04T10:48:39Z</time>
   </trkpt>
   <trkpt lat="46.3420260" lon="12.9247860">
    <ele>602.6</ele>
    <time>2023-11-04T10:48:40Z</time>
   </trkpt>
   <trkpt lat="46.3420320" lon="12.9247740">
    <ele>602.7</ele>
    <time>2023-11-04T10:48:41Z</time>
   </trkpt>
   <trkpt lat="46.3420480" lon="12.9247580">
    <ele>602.9</ele>
    <time>2023-11-04T10:48:43Z</time>
   </trkpt>
   <trkpt lat="46.3420690" lon="12.9247310">
    <ele>603.1</ele>
    <time>2023-11-04T10:48:44Z</time>
   </trkpt>
   <trkpt lat="46.3420760" lon="12.9247240">
    <ele>603.2</ele>
    <time>2023-11-04T10:48:45Z</time>
   </trkpt>
   <trkpt lat="46.3420900" lon="12.9247100">
    <ele>603.4</ele>
    <time>2023-11-04T10:48:47Z</time>
   </trkpt>
   <trkpt lat="46.3421080" lon="12.9246960">
    <ele>603.6</ele>
    <time>2023-11-04T10:48:49Z</time>
   </trkpt>
   <trkpt lat="46.3421220" lon="12.9246840">
    <ele>603.8</ele>
    <time>2023-11-04T10:48:50Z</time>
   </trkpt>
   <trkpt lat="46.3421360" lon="12.9246810">
    <ele>603.9</ele>
    <time>2023-11-04T10:48:52Z</time>
   </trkpt>
   <trkpt lat="46.3421450" lon="12.9246790">
    <ele>604.0</ele>
    <time>2023-11-04T10:48:53Z</time>
   </trkpt>
   <trkpt lat="46.3421590" lon="12.9246770">
    <ele>604.1</ele>
    <time>2023-11-04T10:48:54Z</time>
   </trkpt>
   <trkpt lat="46.3421720" lon="12.9246730">
    <ele>604.3</ele>
    <time>2023-11-04T10:48:55Z</time>
   </trkpt>
   <trkpt lat="46.3421940" lon="12.9246620">
    <ele>604.5</ele>
    <time>2023-11-04T10:48:56Z</time>
   </trkpt>
   <trkpt lat="46.3422020" lon="12.9246580">
    <ele>604.6</ele>
    <time>2023-11-04T10:48:58Z</time>
   </trkpt>
   <trkpt lat="46.3422110" lon="12.9246530">
    <ele>604.7</ele>
    <time>2023-11-04T10:48:59Z</time>
   </trkpt>
   <trkpt lat="46.3422240" lon="12.9246480">
    <ele>604.8</ele>
    <time>2023-11-04T10:49:00Z</time>
   </trkpt>
   <trkpt lat="46.3422380" lon="12.9246440">
    <ele>605.0</ele>
    <time>2023-11-04T10:49:02Z</time>
   </trkpt>
   <trkpt lat="46.3422520" lon="12.9246370">
    <ele>605.1</ele>
    <time>2023-11-04T10:49:03Z</time>
   </trkpt>
   <trkpt lat="46.3422670" lon="12.9246290">
    <ele>605.3</ele>
    <time>2023-11-04T10:49:04Z</time>
   </trkpt>
   <trkpt lat="46.3422810" lon="12.9246180">
    <ele>605.5</ele>
    <time>2023-11-04T10:49:06Z</time>
   </trkpt>
   <trkpt lat="46.3422930" lon="12.9246060">
    <ele>605.7</ele>
    <time>2023-11-04T10:49:07Z</time>
   </trkpt>
   <trkpt lat="46.3423120" lon="12.9245870">
    <ele>605.9</ele>
    <time>2023-11-04T10:49:09Z</time>
   </trkpt>
   <trkpt lat="46.3423210" lon="12.9245800">
    <ele>606.0</ele>
    <time>2023-11-04T10:49:10Z</time>
   </trkpt>
   <trkpt lat="46.3423290" lon="12.9245720">
    <ele>606.1</ele>
    <time>2023-11-04T10:49:11Z</time>
   </trkpt>
   <trkpt lat="46.3423420" lon="12.9245590">
    <ele>606.3</ele>
    <time>2023-11-04T10:49:12Z</time>
   </trkpt>
   <trkpt lat="46.3423580" lon="12.9245490">
    <ele>606.5</ele>
    <time>2023-11-04T10:49:14Z</time>
   </trkpt>
   <trkpt lat="46.3423720" lon="12.9245410">
    <ele>606.7</ele>
    <time>2023-11-04T10:49:15Z</time>
   </trkpt>
   <trkpt lat="46.3423900" lon="12.9245390">
    <ele>606.9</ele>
    <time>2023-11-04T10:49:17Z</time>
   </trkpt>
   <trkpt lat="46.3423990" lon="12.9245430">
    <ele>607.0</ele>
    <time>2023-11-04T10:49:19Z</time>
   </trkpt>
   <trkpt lat="46.3424060" lon="12.9245440">
    <ele>607.1</ele>
    <time>2023-11-04T10:49:20Z</time>
   </trkpt>
   <trkpt lat="46.3424140" lon="12.9245450">
    <ele>607.2</ele>
    <time>2023-11-04T10:49:21Z</time>
   </trkpt>
   <trkpt lat="46.3424290" lon="12.9245470">
    <ele>607.4</ele>
    <time>2023-11-04T10:49:23Z</time>
   </trkpt>
   <trkpt lat="46.3424360" lon="12.9245510">
    <ele>607.4</ele>
    <time>2023-11-04T10:49:24Z</time>
   </trkpt>
   <trkpt lat="46.3424450" lon="12.9245560">
    <ele>607.5</ele>
    <time>2023-11-04T10:49:25Z</time>
   </trkpt>
   <trkpt lat="46.3424560" lon="12.9245590">
    <ele>607.7</ele>
    <time>2023-11-04T10:49:26Z</time>
   </trkpt>
   <trkpt lat="46.3424660" lon="12.9245650">
    <ele>607.8</ele>
    <time>2023-11-04T10:49:28Z</time>
   </trkpt>
   <trkpt lat="46.3424760" lon="12.9245660">
    <ele>607.9</ele>
    <time>2023-11-04T10:49:29Z</time>
   </trkpt>
   <trkpt lat="46.3424860" lon="12.9245680">
    <ele>608.0</ele>
    <time>2023-11-04T10:49:30Z</time>
   </trkpt>
   <trkpt lat="46.3425010" lon="12.9245700">
    <ele>608.1</ele>
    <time>2023-11-04T10:49:31Z</time>
   </trkpt>
   <trkpt lat="46.3425180" lon="12.9245690">
    <ele>608.3</ele>
    <time>2023-11-04T10:49:32Z</time>
   </trkpt>
   <trkpt lat="46.3425320" lon="12.9245670">
    <ele>608.5</ele>
    <time>2023-11-04T10:49:34Z</time>
   </trkpt>
   <trkpt lat="46.3425500" lon="12.9245610">
    <ele>608.7</ele>
    <time>2023-11-04T10:49:35Z</time>
   </trkpt>
   <trkpt lat="46.3425660" lon="12.9245540">
    <ele>608.8</ele>
    <time>2023-11-04T10:49:36Z</time>
   </trkpt>
   <trkpt lat="46.3425850" lon="12.9245440">
    <ele>609.1</ele>
    <time>2023-11-04T10:49:38Z</time>
   </trkpt>
   <trkpt lat="46.3426040" lon="12.9245350">
    <ele>609.3</ele>
    <time>2023-11-04T10:49:39Z</time>
   </trkpt>
   <trkpt lat="46.3426210" lon="12.9245280">
    <ele>609.5</ele>
    <time>2023-11-04T10:49:41Z</time>
   </trkpt>
   <trkpt lat="46.3426380" lon="12.9245210">
    <ele>609.6</ele>
    <time>2023-11-04T10:49:42Z</time>
   </trkpt>
   <trkpt lat="46.3426540" lon="12.9245130">
    <ele>609.8</ele>
    <time>2023-11-04T10:49:44Z</time>
   </trkpt>
   <trkpt lat="46.3426690" lon="12.9245050">
    <ele>610.0</ele>
    <time>2023-11-04T10:49:45Z</time>
   </trkpt>
   <trkpt lat="46.3426820" lon="12.9244970">
    <ele>610.1</ele>
    <time>2023-11-04T10:49:46Z</time>
   </trkpt>
   <trkpt lat="46.3426910" lon="12.9244910">
    <ele>610.2</ele>
    <time>2023-11-04T10:49:47Z</time>
   </trkpt>
   <trkpt lat="46.3427020" lon="12.9244780">
    <ele>610.4</ele>
    <time>2023-11-04T10:49:49Z</time>
   </trkpt>
   <trkpt lat="46.3427100" lon="12.9244660">
    <ele>610.5</ele>
    <time>2023-11-04T10:49:51Z</time>
   </trkpt>
   <trkpt lat="46.3427180" lon="12.9244510">
    <ele>610.7</ele>
    <time>2023-11-04T10:49:52Z</time>
   </trkpt>
   <trkpt lat="46.3427250" lon="12.9244390">
    <ele>610.8</ele>
    <time>2023-11-04T10:49:53Z</time>
   </trkpt>
   <trkpt lat="46.3427300" lon="12.9244180">
    <ele>610.9</ele>
    <time>2023-11-04T10:49:55Z</time>
   </trkpt>
   <trkpt lat="46.3427350" lon="12.9243950">
    <ele>611.1</ele>
    <time>2023-11-04T10:49:57Z</time>
   </trkpt>
   <trkpt lat="46.3427400" lon="12.9243760">
    <ele>611.3</ele>
    <time>2023-11-04T10:49:58Z</time>
   </trkpt>
   <trkpt lat="46.3427440" lon="12.9243570">
    <ele>611.4</ele>
    <time>2023-11-04T10:50:00Z</time>
   </trkpt>
   <trkpt lat="46.3427510" lon="12.9243400">
    <ele>611.5</ele>
    <time>2023-11-04T10:50:02Z</time>
   </trkpt>
   <trkpt lat="46.3427550" lon="12.9243340">
    <ele>611.6</ele>
    <time>2023-11-04T10:50:03Z</time>
   </trkpt>
   <trkpt lat="46.3427620" lon="12.9243260">
    <ele>611.7</ele>
    <time>2023-11-04T10:50:04Z</time>
   </trkpt>
   <trkpt lat="46.3427690" lon="12.9243240">
    <ele>611.7</ele>
    <time>2023-11-04T10:50:06Z</time>
   </trkpt>
   <trkpt lat="46.3427780" lon="12.9243210">
    <ele>611.8</ele>
    <time>2023-11-04T10:50:07Z</time>
   </trkpt>
   <trkpt lat="46.3427870" lon="12.9243240">
    <ele>611.9</ele>
    <time>2023-11-04T10:50:09Z</time>
   </trkpt>
   <trkpt lat="46.3428000" lon="12.9243240">
    <ele>612.1</ele>
    <time>2023-11-04T10:50:10Z</time>
   </trkpt>
   <trkpt lat="46.3428190" lon="12.9243320">
    <ele>612.2</ele>
    <time>2023-11-04T10:50:12Z</time>
   </trkpt>
   <trkpt lat="46.3428260" lon="12.9243340">
    <ele>612.3</ele>
    <time>2023-11-04T10:50:13Z</time>
   </trkpt>
   <trkpt lat="46.3428380" lon="12.9243440">
    <ele>612.4</ele>
    <time>2023-11-04T10:50:15Z</time>
   </trkpt>
   <trkpt lat="46.3428510" lon="12.9243500">
    <ele>612.5</ele>
    <time>2023-11-04T10:50:16Z</time>
   </trkpt>
   <trkpt lat="46.3428640" lon="12.9243590">
    <ele>612.7</ele>
    <time>2023-11-04T10:50:18Z</time>
   </trkpt>
   <trkpt lat="46.3428780" lon="12.9243700">
    <ele>612.8</ele>
    <time>2023-11-04T10:50:19Z</time>
   </trkpt>
   <trkpt lat="46.3428930" lon="12.9243820">
    <ele>613.0</ele>
    <time>2023-11-04T10:50:20Z</time>
   </trkpt>
   <trkpt lat="46.3429080" lon="12.9243940">
    <ele>613.1</ele>
    <time>2023-11-04T10:50:22Z</time>
   </trkpt>
   <trkpt lat="46.3429240" lon="12.9244060">
    <ele>613.3</ele>
    <time>2023-11-04T10:50:23Z</time>
   </trkpt>
   <trkpt lat="46.3429480" lon="12.9244320">
    <ele>613.5</ele>
    <time>2023-11-04T10:50:25Z</time>
   </trkpt>
   <trkpt lat="46.3429570" lon="12.9244410">
    <ele>613.6</ele>
    <time>2023-11-04T10:50:26Z</time>
   </trkpt>
   <trkpt lat="46.3429700" lon="12.9244580">
    <ele>613.8</ele>
    <time>2023-11-04T10:50:27Z</time>
   </trkpt>
   <trkpt lat="46.3429850" lon="12.9244710">
    <ele>614.0</ele>
    <time>2023-11-04T10:50:29Z</time>
   </trkpt>
   <trkpt lat="46.3429870" lon="12.9244740">
    <ele>614.0</ele>
    <time>2023-11-04T10:50:31Z</time>
   </trkpt>
   <trkpt lat="46.3429870" lon="12.9244720">
    <ele>614.0</ele>
    <time>2023-11-04T10:50:32Z</time>
   </trkpt>
   <trkpt lat="46.3429910" lon="12.9244710">
    <ele>614.0</ele>
    <time>2023-11-04T10:50:33Z</time>
   </trkpt>
   <trkpt lat="46.3429890" lon="12.9244650">
    <ele>614.1</ele>
    <time>2023-11-04T10:50:35Z</time>
   </trkpt>
   <trkpt lat="46.3429860" lon="12.9244580">
    <ele>614.1</ele>
    <time>2023-11-04T10:50:36Z</time>
   </trkpt>
   <trkpt lat="46.3429830" lon="12.9244500">
    <ele>614.2</ele>
    <time>2023-11-04T10:50:37Z</time>
   </trkpt>
   <trkpt lat="46.3429800" lon="12.9244400">
    <ele>614.3</ele>
    <time>2023-11-04T10:50:38Z</time>
   </trkpt>
   <trkpt lat="46.3429780" lon="12.9244310">
    <ele>614.3</ele>
    <time>2023-11-04T10:50:40Z</time>
   </trkpt>
   <trkpt lat="46.3429750" lon="12.9244170">
    <ele>614.4</ele>
    <time>2023-11-04T10:50:41Z</time>
   </trkpt>
   <trkpt lat="46.3429710" lon="12.9244020">
    <ele>614.6</ele>
    <time>2023-11-04T10:50:42Z</time>
   </trkpt>
   <trkpt lat="46.3429670" lon="12.9243840">
    <ele>614.7</ele>
    <time>2023-11-04T10:50:44Z</time>
   </trkpt>
   <trkpt lat="46.3429620" lon="12.9243650">
    <ele>614.8</ele>
    <time>2023-11-04T10:50:46Z</time>
   </trkpt>
   <trkpt lat="46.3429550" lon="12.9243370">
    <ele>615.1</ele>
    <time>2023-11-04T10:50:47Z</time>
   </trkpt>
   <trkpt lat="46.3429470" lon="12.9243040">
    <ele>615.3</ele>
    <time>2023-11-04T10:50:49Z</time>
   </trkpt>
   <trkpt lat="46.3429450" lon="12.9242940">
    <ele>615.4</ele>
    <time>2023-11-04T10:50:50Z</time>
   </trkpt>
   <trkpt lat="46.3429400" lon="12.9242750">
    <ele>615.6</ele>
    <time>2023-11-04T10:50:52Z</time>
   </trkpt>
   <trkpt lat="46.3429370" lon="12.9242580">
    <ele>615.7</ele>
    <time>2023-11-04T10:50:53Z</time>
   </trkpt>
   <trkpt lat="46.3429310" lon="12.9242410">
    <ele>615.8</ele>
    <time>2023-11-04T10:50:55Z</time>
   </trkpt>
   <trkpt lat="46.3429250" lon="12.9242230">
    <ele>616.0</ele>
    <time>2023-11-04T10:50:56Z</time>
   </trkpt>
   <trkpt lat="46.3429160" lon="12.9242050">
    <ele>616.2</ele>
    <time>2023-11-04T10:50:58Z</time>
   </trkpt>
   <trkpt lat="46.3429060" lon="12.9241840">
    <ele>616.4</ele>
    <time>2023-11-04T10:50:59Z</time>
   </trkpt>
   <trkpt lat="46.3428870" lon="12.9241620">
    <ele>616.7</ele>
    <time>2023-11-04T10:51:01Z</time>
   </trkpt>
   <trkpt lat="46.3428660" lon="12.9241420">
    <ele>617.1</ele>
    <time>2023-11-04T10:51:02Z</time>
   </trkpt>
   <trkpt lat="46.3428340" lon="12.9241180">
    <ele>617.5</ele>
    <time>2023-11-04T10:51:04Z</time>
   </trkpt>
   <trkpt lat="46.3428050" lon="12.9240910">
    <ele>618.0</ele>
    <time>2023-11-04T10:51:06Z</time>
   </trkpt>
   <trkpt lat="46.3427920" lon="12.9240800">
    <ele>618.2</ele>
    <time>2023-11-04T10:51:07Z</time>
   </trkpt>
   <trkpt lat="46.3427770" lon="12.9240670">
    <ele>618.4</ele>
    <time>2023-11-04T10:51:08Z</time>
   </trkpt>
   <trkpt lat="46.3427660" lon="12.9240570">
    <ele>618.6</ele>
    <time>2023-11-04T10:51:09Z</time>
   </trkpt>
   <trkpt lat="46.3427600" lon="12.9240530">
    <ele>618.7</ele>
    <time>2023-11-04T10:51:11Z</time>
   </trkpt>
   <trkpt lat="46.3427520" lon="12.9240460">
    <ele>618.8</ele>
    <time>2023-11-04T10:51:12Z</time>
   </trkpt>
   <trkpt lat="46.3427480" lon="12.9240400">
    <ele>618.9</ele>
    <time>2023-11-04T10:51:13Z</time>
   </trkpt>
   <trkpt lat="46.3427440" lon="12.9240360">
    <ele>618.9</ele>
    <time>2023-11-04T10:51:15Z</time>
   </trkpt>
   <trkpt lat="46.3427410" lon="12.9240290">
    <ele>619.0</ele>
    <time>2023-11-04T10:51:16Z</time>
   </trkpt>
   <trkpt lat="46.3427390" lon="12.9240230">
    <ele>619.0</ele>
    <time>2023-11-04T10:51:17Z</time>
   </trkpt>
   <trkpt lat="46.3427390" lon="12.9240150">
    <ele>619.1</ele>
    <time>2023-11-04T10:51:19Z</time>
   </trkpt>
   <trkpt lat="46.3427390" lon="12.9240080">
    <ele>619.2</ele>
    <time>2023-11-04T10:51:20Z</time>
   </trkpt>
   <trkpt lat="46.3427400" lon="12.9239930">
    <ele>619.3</ele>
    <time>2023-11-04T10:51:21Z</time>
   </trkpt>
   <trkpt lat="46.3427430" lon="12.9239770">
    <ele>619.4</ele>
    <time>2023-11-04T10:51:23Z</time>
   </trkpt>
   <trkpt lat="46.3427480" lon="12.9239600">
    <ele>619.6</ele>
    <time>2023-11-04T10:51:25Z</time>
   </trkpt>
   <trkpt lat="46.3427520" lon="12.9239500">
    <ele>619.7</ele>
    <time>2023-11-04T10:51:27Z</time>
   </trkpt>
   <trkpt lat="46.3427610" lon="12.9239380">
    <ele>619.8</ele>
    <time>2023-11-04T10:51:28Z</time>
   </trkpt>
   <trkpt lat="46.3427670" lon="12.9239320">
    <ele>619.9</ele>
    <time>2023-11-04T10:51:29Z</time>
   </trkpt>
   <trkpt lat="46.3427710" lon="12.9239250">
    <ele>620.0</ele>
    <time>2023-11-04T10:51:30Z</time>
   </trkpt>
   <trkpt lat="46.3427820" lon="12.9239160">
    <ele>620.1</ele>
    <time>2023-11-04T10:51:32Z</time>
   </trkpt>
   <trkpt lat="46.3427930" lon="12.9239060">
    <ele>620.3</ele>
    <time>2023-11-04T10:51:33Z</time>
   </trkpt>
   <trkpt lat="46.3428050" lon="12.9239010">
    <ele>620.6</ele>
    <time>2023-11-04T10:51:35Z</time>
   </trkpt>
   <trkpt lat="46.3428160" lon="12.9238960">
    <ele>620.7</ele>
    <time>2023-11-04T10:51:36Z</time>
   </trkpt>
   <trkpt lat="46.3428270" lon="12.9238930">
    <ele>620.9</ele>
    <time>2023-11-04T10:51:37Z</time>
   </trkpt>
   <trkpt lat="46.3428390" lon="12.9238960">
    <ele>621.1</ele>
    <time>2023-11-04T10:51:39Z</time>
   </trkpt>
   <trkpt lat="46.3428490" lon="12.9238960">
    <ele>621.2</ele>
    <time>2023-11-04T10:51:40Z</time>
   </trkpt>
   <trkpt lat="46.3428590" lon="12.9238950">
    <ele>621.4</ele>
    <time>2023-11-04T10:51:41Z</time>
   </trkpt>
   <trkpt lat="46.3428790" lon="12.9238880">
    <ele>621.7</ele>
    <time>2023-11-04T10:51:43Z</time>
   </trkpt>
   <trkpt lat="46.3428870" lon="12.9238850">
    <ele>621.8</ele>
    <time>2023-11-04T10:51:45Z</time>
   </trkpt>
   <trkpt lat="46.3428950" lon="12.9238820">
    <ele>621.9</ele>
    <time>2023-11-04T10:51:46Z</time>
   </trkpt>
   <trkpt lat="46.3429090" lon="12.9238770">
    <ele>622.1</ele>
    <time>2023-11-04T10:51:48Z</time>
   </trkpt>
   <trkpt lat="46.3429220" lon="12.9238710">
    <ele>622.3</ele>
    <time>2023-11-04T10:51:49Z</time>
   </trkpt>
   <trkpt lat="46.3429400" lon="12.9238650">
    <ele>622.6</ele>
    <time>2023-11-04T10:51:51Z</time>
   </trkpt>
   <trkpt lat="46.3429510" lon="12.9238620">
    <ele>622.7</ele>
    <time>2023-11-04T10:51:52Z</time>
   </trkpt>
   <trkpt lat="46.3429790" lon="12.9238550">
    <ele>623.2</ele>
    <time>2023-11-04T10:51:53Z</time>
   </trkpt>
   <trkpt lat="46.3429890" lon="12.9238530">
    <ele>623.3</ele>
    <time>2023-11-04T10:51:54Z</time>
   </trkpt>
   <trkpt lat="46.3430120" lon="12.9238520">
    <ele>623.6</ele>
    <time>2023-11-04T10:51:56Z</time>
   </trkpt>
   <trkpt lat="46.3430520" lon="12.9238540">
    <ele>624.3</ele>
    <time>2023-11-04T10:51:58Z</time>
   </trkpt>
   <trkpt lat="46.3430660" lon="12.9238560">
    <ele>624.5</ele>
    <time>2023-11-04T10:51:59Z</time>
   </trkpt>
   <trkpt lat="46.3431060" lon="12.9238710">
    <ele>625.1</ele>
    <time>2023-11-04T10:52:01Z</time>
   </trkpt>
   <trkpt lat="46.3431180" lon="12.9238780">
    <ele>625.3</ele>
    <time>2023-11-04T10:52:03Z</time>
   </trkpt>
   <trkpt lat="46.3431310" lon="12.9238850">
    <ele>625.6</ele>
    <time>2023-11-04T10:52:04Z</time>
   </trkpt>
   <trkpt lat="46.3431450" lon="12.9238970">
    <ele>625.8</ele>
    <time>2023-11-04T10:52:06Z</time>
   </trkpt>
   <trkpt lat="46.3431590" lon="12.9239070">
    <ele>626.1</ele>
    <time>2023-11-04T10:52:07Z</time>
   </trkpt>
   <trkpt lat="46.3431720" lon="12.9239170">
    <ele>626.3</ele>
    <time>2023-11-04T10:52:09Z</time>
   </trkpt>
   <trkpt lat="46.3431850" lon="12.9239260">
    <ele>626.5</ele>
    <time>2023-11-04T10:52:10Z</time>
   </trkpt>
   <trkpt lat="46.3431960" lon="12.9239360">
    <ele>626.7</ele>
    <time>2023-11-04T10:52:12Z</time>
   </trkpt>
   <trkpt lat="46.3432090" lon="12.9239470">
    <ele>626.9</ele>
    <time>2023-11-04T10:52:13Z</time>
   </trkpt>
   <trkpt lat="46.3432190" lon="12.9239580">
    <ele>627.1</ele>
    <time>2023-11-04T10:52:15Z</time>
   </trkpt>
   <trkpt lat="46.3432270" lon="12.9239650">
    <ele>627.3</ele>
    <time>2023-11-04T10:52:16Z</time>
   </trkpt>
   <trkpt lat="46.3432340" lon="12.9239710">
    <ele>627.4</ele>
    <time>2023-11-04T10:52:17Z</time>
   </trkpt>
   <trkpt lat="46.3432560" lon="12.9239920">
    <ele>627.8</ele>
    <time>2023-11-04T10:52:18Z</time>
   </trkpt>
   <trkpt lat="46.3432650" lon="12.9240000">
    <ele>627.9</ele>
    <time>2023-11-04T10:52:20Z</time>
   </trkpt>
   <trkpt lat="46.3432740" lon="12.9240080">
    <ele>628.1</ele>
    <time>2023-11-04T10:52:21Z</time>
   </trkpt>
   <trkpt lat="46.3432820" lon="12.9240160">
    <ele>628.2</ele>
    <time>2023-11-04T10:52:22Z</time>
   </trkpt>
   <trkpt lat="46.3432910" lon="12.9240240">
    <ele>628.3</ele>
    <time>2023-11-04T10:52:23Z</time>
   </trkpt>
   <trkpt lat="46.3433010" lon="12.9240340">
    <ele>628.5</ele>
    <time>2023-11-04T10:52:25Z</time>
   </trkpt>
   <trkpt lat="46.3433150" lon="12.9240470">
    <ele>628.7</ele>
    <time>2023-11-04T10:52:26Z</time>
   </trkpt>
   <trkpt lat="46.3433260" lon="12.9240560">
    <ele>628.9</ele>
    <time>2023-11-04T10:52:28Z</time>
   </trkpt>
   <trkpt lat="46.3433340" lon="12.9240610">
    <ele>629.0</ele>
    <time>2023-11-04T10:52:29Z</time>
   </trkpt>
   <trkpt lat="46.3433460" lon="12.9240700">
    <ele>629.2</ele>
    <time>2023-11-04T10:52:30Z</time>
   </trkpt>
   <trkpt lat="46.3433560" lon="12.9240780">
    <ele>629.3</ele>
    <time>2023-11-04T10:52:32Z</time>
   </trkpt>
   <trkpt lat="46.3433610" lon="12.9240820">
    <ele>629.4</ele>
    <time>2023-11-04T10:52:33Z</time>
   </trkpt>
   <trkpt lat="46.3433700" lon="12.9240890">
    <ele>629.5</ele>
    <time>2023-11-04T10:52:34Z</time>
   </trkpt>
   <trkpt lat="46.3433780" lon="12.9240950">
    <ele>629.7</ele>
    <time>2023-11-04T10:52:35Z</time>
   </trkpt>
   <trkpt lat="46.3433840" lon="12.9241000">
    <ele>629.7</ele>
    <time>2023-11-04T10:52:37Z</time>
   </trkpt>
   <trkpt lat="46.3433940" lon="12.9241080">
    <ele>629.9</ele>
    <time>2023-11-04T10:52:39Z</time>
   </trkpt>
   <trkpt lat="46.3434040" lon="12.9241150">
    <ele>630.0</ele>
    <time>2023-11-04T10:52:40Z</time>
   </trkpt>
   <trkpt lat="46.3434100" lon="12.9241180">
    <ele>630.1</ele>
    <time>2023-11-04T10:52:42Z</time>
   </trkpt>
   <trkpt lat="46.3434130" lon="12.9241170">
    <ele>630.2</ele>
    <time>2023-11-04T10:52:43Z</time>
   </trkpt>
   <trkpt lat="46.3434110" lon="12.9241100">
    <ele>630.2</ele>
    <time>2023-11-04T10:52:45Z</time>
   </trkpt>
   <trkpt lat="46.3434140" lon="12.9241080">
    <ele>630.3</ele>
    <time>2023-11-04T10:52:46Z</time>
   </trkpt>
   <trkpt lat="46.3434170" lon="12.9241050">
    <ele>630.3</ele>
    <time>2023-11-04T10:52:47Z</time>
   </trkpt>
   <trkpt lat="46.3434250" lon="12.9241030">
    <ele>630.4</ele>
    <time>2023-11-04T10:52:48Z</time>
   </trkpt>
   <trkpt lat="46.3434300" lon="12.9241000">
    <ele>630.5</ele>
    <time>2023-11-04T10:52:50Z</time>
   </trkpt>
   <trkpt lat="46.3434400" lon="12.9240970">
    <ele>630.6</ele>
    <time>2023-11-04T10:52:51Z</time>
   </trkpt>
   <trkpt lat="46.3434470" lon="12.9240910">
    <ele>630.7</ele>
    <time>2023-11-04T10:52:53Z</time>
   </trkpt>
   <trkpt lat="46.3434570" lon="12.9240860">
    <ele>630.8</ele>
    <time>2023-11-04T10:52:54Z</time>
   </trkpt>
   <trkpt lat="46.3434630" lon="12.9240770">
    <ele>630.9</ele>
    <time>2023-11-04T10:52:56Z</time>
   </trkpt>
   <trkpt lat="46.3434740" lon="12.9240690">
    <ele>631.1</ele>
    <time>2023-11-04T10:52:57Z</time>
   </trkpt>
   <trkpt lat="46.3434880" lon="12.9240530">
    <ele>631.3</ele>
    <time>2023-11-04T10:52:59Z</time>
   </trkpt>
   <trkpt lat="46.3434950" lon="12.9240370">
    <ele>631.4</ele>
    <time>2023-11-04T10:53:01Z</time>
   </trkpt>
   <trkpt lat="46.3435040" lon="12.9240210">
    <ele>631.6</ele>
    <time>2023-11-04T10:53:02Z</time>
   </trkpt>
   <trkpt lat="46.3435120" lon="12.9240030">
    <ele>631.8</ele>
    <time>2023-11-04T10:53:04Z</time>
   </trkpt>
   <trkpt lat="46.3435200" lon="12.9239860">
    <ele>631.9</ele>
    <time>2023-11-04T10:53:05Z</time>
   </trkpt>
   <trkpt lat="46.3435260" lon="12.9239680">
    <ele>632.1</ele>
    <time>2023-11-04T10:53:07Z</time>
   </trkpt>
   <trkpt lat="46.3435310" lon="12.9239480">
    <ele>632.2</ele>
    <time>2023-11-04T10:53:08Z</time>
   </trkpt>
   <trkpt lat="46.3435340" lon="12.9239250">
    <ele>632.4</ele>
    <time>2023-11-04T10:53:10Z</time>
   </trkpt>
   <trkpt lat="46.3435340" lon="12.9238990">
    <ele>632.6</ele>
    <time>2023-11-04T10:53:11Z</time>
   </trkpt>
   <trkpt lat="46.3435330" lon="12.9238520">
    <ele>632.9</ele>
    <time>2023-11-04T10:53:13Z</time>
   </trkpt>
   <trkpt lat="46.3435320" lon="12.9238360">
    <ele>633.0</ele>
    <time>2023-11-04T10:53:14Z</time>
   </trkpt>
   <trkpt lat="46.3435320" lon="12.9238110">
    <ele>633.2</ele>
    <time>2023-11-04T10:53:16Z</time>
   </trkpt>
   <trkpt lat="46.3435320" lon="12.9237920">
    <ele>633.3</ele>
    <time>2023-11-04T10:53:17Z</time>
   </trkpt>
   <trkpt lat="46.3435320" lon="12.9237750">
    <ele>633.4</ele>
    <time>2023-11-04T10:53:18Z</time>
   </trkpt>
   <trkpt lat="46.3435330" lon="12.9237530">
    <ele>633.6</ele>
    <time>2023-11-04T10:53:19Z</time>
   </trkpt>
   <trkpt lat="46.3435350" lon="12.9237200">
    <ele>633.7</ele>
    <time>2023-11-04T10:53:21Z</time>
   </trkpt>
   <trkpt lat="46.3435360" lon="12.9237080">
    <ele>633.8</ele>
    <time>2023-11-04T10:53:22Z</time>
   </trkpt>
   <trkpt lat="46.3435370" lon="12.9236950">
    <ele>633.9</ele>
    <time>2023-11-04T10:53:23Z</time>
   </trkpt>
   <trkpt lat="46.3435390" lon="12.9236790">
    <ele>633.9</ele>
    <time>2023-11-04T10:53:24Z</time>
   </trkpt>
   <trkpt lat="46.3435400" lon="12.9236590">
    <ele>634.0</ele>
    <time>2023-11-04T10:53:26Z</time>
   </trkpt>
   <trkpt lat="46.3435430" lon="12.9236340">
    <ele>634.1</ele>
    <time>2023-11-04T10:53:28Z</time>
   </trkpt>
   <trkpt lat="46.3435440" lon="12.9236190">
    <ele>634.1</ele>
    <time>2023-11-04T10:53:29Z</time>
   </trkpt>
   <trkpt lat="46.3435450" lon="12.9236040">
    <ele>634.2</ele>
    <time>2023-11-04T10:53:30Z</time>
   </trkpt>
   <trkpt lat="46.3435490" lon="12.9235770">
    <ele>634.2</ele>
    <time>2023-11-04T10:53:32Z</time>
   </trkpt>
   <trkpt lat="46.3435540" lon="12.9235460">
    <ele>634.2</ele>
    <time>2023-11-04T10:53:33Z</time>
   </trkpt>
   <trkpt lat="46.3435570" lon="12.9235290">
    <ele>634.2</ele>
    <time>2023-11-04T10:53:34Z</time>
   </trkpt>
   <trkpt lat="46.3435590" lon="12.9235120">
    <ele>634.2</ele>
    <time>2023-11-04T10:53:35Z</time>
   </trkpt>
   <trkpt lat="46.3435650" lon="12.9234730">
    <ele>634.1</ele>
    <time>2023-11-04T10:53:37Z</time>
   </trkpt>
   <trkpt lat="46.3435680" lon="12.9234500">
    <ele>634.1</ele>
    <time>2023-11-04T10:53:39Z</time>
   </trkpt>
   <trkpt lat="46.3435700" lon="12.9234290">
    <ele>634.0</ele>
    <time>2023-11-04T10:53:40Z</time>
   </trkpt>
   <trkpt lat="46.3435740" lon="12.9233990">
    <ele>633.9</ele>
    <time>2023-11-04T10:53:41Z</time>
   </trkpt>
   <trkpt lat="46.3435760" lon="12.9233740">
    <ele>633.8</ele>
    <time>2023-11-04T10:53:43Z</time>
   </trkpt>
   <trkpt lat="46.3435770" lon="12.9233590">
    <ele>633.8</ele>
    <time>2023-11-04T10:53:45Z</time>
   </trkpt>
   <trkpt lat="46.3435770" lon="12.9233480">
    <ele>633.7</ele>
    <time>2023-11-04T10:53:46Z</time>
   </trkpt>
   <trkpt lat="46.3435770" lon="12.9233360">
    <ele>633.7</ele>
    <time>2023-11-04T10:53:47Z</time>
   </trkpt>
   <trkpt lat="46.3435770" lon="12.9233240">
    <ele>633.6</ele>
    <time>2023-11-04T10:53:48Z</time>
   </trkpt>
   <trkpt lat="46.3435780" lon="12.9233060">
    <ele>633.5</ele>
    <time>2023-11-04T10:53:49Z</time>
   </trkpt>
   <trkpt lat="46.3435780" lon="12.9232880">
    <ele>633.5</ele>
    <time>2023-11-04T10:53:50Z</time>
   </trkpt>
   <trkpt lat="46.3435780" lon="12.9232700">
    <ele>633.4</ele>
    <time>2023-11-04T10:53:52Z</time>
   </trkpt>
   <trkpt lat="46.3435780" lon="12.9232500">
    <ele>633.3</ele>
    <time>2023-11-04T10:53:53Z</time>
   </trkpt>
   <trkpt lat="46.3435780" lon="12.9232260">
    <ele>633.2</ele>
    <time>2023-11-04T10:53:54Z</time>
   </trkpt>
   <trkpt lat="46.3435770" lon="12.9231900">
    <ele>633.0</ele>
    <time>2023-11-04T10:53:57Z</time>
   </trkpt>
   <trkpt lat="46.3435730" lon="12.9231570">
    <ele>632.8</ele>
    <time>2023-11-04T10:53:59Z</time>
   </trkpt>
   <trkpt lat="46.3435700" lon="12.9231400">
    <ele>632.7</ele>
    <time>2023-11-04T10:54:00Z</time>
   </trkpt>
   <trkpt lat="46.3435660" lon="12.9231170">
    <ele>632.5</ele>
    <time>2023-11-04T10:54:01Z</time>
   </trkpt>
   <trkpt lat="46.3435630" lon="12.9231020">
    <ele>632.4</ele>
    <time>2023-11-04T10:54:02Z</time>
   </trkpt>
   <trkpt lat="46.3435580" lon="12.9230840">
    <ele>632.3</ele>
    <time>2023-11-04T10:54:03Z</time>
   </trkpt>
   <trkpt lat="46.3435560" lon="12.9230670">
    <ele>632.2</ele>
    <time>2023-11-04T10:54:05Z</time>
   </trkpt>
   <trkpt lat="46.3435520" lon="12.9230520">
    <ele>632.0</ele>
    <time>2023-11-04T10:54:06Z</time>
   </trkpt>
   <trkpt lat="46.3435470" lon="12.9230260">
    <ele>631.9</ele>
    <time>2023-11-04T10:54:07Z</time>
   </trkpt>
   <trkpt lat="46.3435430" lon="12.9230080">
    <ele>631.7</ele>
    <time>2023-11-04T10:54:08Z</time>
   </trkpt>
   <trkpt lat="46.3435360" lon="12.9229590">
    <ele>631.4</ele>
    <time>2023-11-04T10:54:11Z</time>
   </trkpt>
   <trkpt lat="46.3435340" lon="12.9229410">
    <ele>631.2</ele>
    <time>2023-11-04T10:54:13Z</time>
   </trkpt>
   <trkpt lat="46.3435330" lon="12.9229250">
    <ele>631.1</ele>
    <time>2023-11-04T10:54:14Z</time>
   </trkpt>
   <trkpt lat="46.3435320" lon="12.9229050">
    <ele>630.9</ele>
    <time>2023-11-04T10:54:15Z</time>
   </trkpt>
   <trkpt lat="46.3435310" lon="12.9228820">
    <ele>630.7</ele>
    <time>2023-11-04T10:54:16Z</time>
   </trkpt>
   <trkpt lat="46.3435310" lon="12.9228670">
    <ele>630.6</ele>
    <time>2023-11-04T10:54:17Z</time>
   </trkpt>
   <trkpt lat="46.3435320" lon="12.9228380">
    <ele>630.4</ele>
    <time>2023-11-04T10:54:19Z</time>
   </trkpt>
   <trkpt lat="46.3435330" lon="12.9228230">
    <ele>630.3</ele>
    <time>2023-11-04T10:54:21Z</time>
   </trkpt>
   <trkpt lat="46.3435370" lon="12.9228090">
    <ele>630.1</ele>
    <time>2023-11-04T10:54:22Z</time>
   </trkpt>
   <trkpt lat="46.3435410" lon="12.9227910">
    <ele>630.0</ele>
    <time>2023-11-04T10:54:23Z</time>
   </trkpt>
   <trkpt lat="46.3435460" lon="12.9227690">
    <ele>629.8</ele>
    <time>2023-11-04T10:54:24Z</time>
   </trkpt>
   <trkpt lat="46.3435520" lon="12.9227440">
    <ele>629.6</ele>
    <time>2023-11-04T10:54:26Z</time>
   </trkpt>
   <trkpt lat="46.3435610" lon="12.9227120">
    <ele>629.4</ele>
    <time>2023-11-04T10:54:28Z</time>
   </trkpt>
   <trkpt lat="46.3435650" lon="12.9226960">
    <ele>629.2</ele>
    <time>2023-11-04T10:54:30Z</time>
   </trkpt>
   <trkpt lat="46.3435690" lon="12.9226820">
    <ele>629.1</ele>
    <time>2023-11-04T10:54:31Z</time>
   </trkpt>
   <trkpt lat="46.3435730" lon="12.9226640">
    <ele>629.0</ele>
    <time>2023-11-04T10:54:32Z</time>
   </trkpt>
   <trkpt lat="46.3435760" lon="12.9226490">
    <ele>628.9</ele>
    <time>2023-11-04T10:54:33Z</time>
   </trkpt>
   <trkpt lat="46.3435790" lon="12.9226360">
    <ele>628.8</ele>
    <time>2023-11-04T10:54:34Z</time>
   </trkpt>
   <trkpt lat="46.3435820" lon="12.9226190">
    <ele>628.7</ele>
    <time>2023-11-04T10:54:36Z</time>
   </trkpt>
   <trkpt lat="46.3435840" lon="12.9226070">
    <ele>628.6</ele>
    <time>2023-11-04T10:54:37Z</time>
   </trkpt>
   <trkpt lat="46.3435870" lon="12.9225950">
    <ele>628.5</ele>
    <time>2023-11-04T10:54:38Z</time>
   </trkpt>
   <trkpt lat="46.3435880" lon="12.9225820">
    <ele>628.4</ele>
    <time>2023-11-04T10:54:39Z</time>
   </trkpt>
   <trkpt lat="46.3435910" lon="12.9225660">
    <ele>628.3</ele>
    <time>2023-11-04T10:54:40Z</time>
   </trkpt>
   <trkpt lat="46.3435940" lon="12.9225450">
    <ele>628.1</ele>
    <time>2023-11-04T10:54:41Z</time>
   </trkpt>
   <trkpt lat="46.3435990" lon="12.9225050">
    <ele>627.9</ele>
    <time>2023-11-04T10:54:44Z</time>
   </trkpt>
   <trkpt lat="46.3436010" lon="12.9224910">
    <ele>627.8</ele>
    <time>2023-11-04T10:54:46Z</time>
   </trkpt>
   <trkpt lat="46.3436060" lon="12.9224680">
    <ele>627.6</ele>
    <time>2023-11-04T10:54:47Z</time>
   </trkpt>
   <trkpt lat="46.3436150" lon="12.9224420">
    <ele>627.4</ele>
    <time>2023-11-04T10:54:49Z</time>
   </trkpt>
   <trkpt lat="46.3436180" lon="12.9224310">
    <ele>627.3</ele>
    <time>2023-11-04T10:54:50Z</time>
   </trkpt>
   <trkpt lat="46.3436220" lon="12.9224210">
    <ele>627.3</ele>
    <time>2023-11-04T10:54:51Z</time>
   </trkpt>
   <trkpt lat="46.3436270" lon="12.9224080">
    <ele>627.2</ele>
    <time>2023-11-04T10:54:53Z</time>
   </trkpt>
   <trkpt lat="46.3436350" lon="12.9223870">
    <ele>627.0</ele>
    <time>2023-11-04T10:54:54Z</time>
   </trkpt>
   <trkpt lat="46.3436470" lon="12.9223550">
    <ele>626.8</ele>
    <time>2023-11-04T10:54:55Z</time>
   </trkpt>
   <trkpt lat="46.3436540" lon="12.9223410">
    <ele>626.7</ele>
    <time>2023-11-04T10:54:57Z</time>
   </trkpt>
   <trkpt lat="46.3436600" lon="12.9223260">
    <ele>626.6</ele>
    <time>2023-11-04T10:54:58Z</time>
   </trkpt>
   <trkpt lat="46.3436670" lon="12.9223120">
    <ele>626.5</ele>
    <time>2023-11-04T10:55:00Z</time>
   </trkpt>
   <trkpt lat="46.3436730" lon="12.9222970">
    <ele>626.4</ele>
    <time>2023-11-04T10:55:01Z</time>
   </trkpt>
   <trkpt lat="46.3436880" lon="12.9222700">
    <ele>626.2</ele>
    <time>2023-11-04T10:55:02Z</time>
   </trkpt>
   <trkpt lat="46.3436930" lon="12.9222590">
    <ele>626.1</ele>
    <time>2023-11-04T10:55:04Z</time>
   </trkpt>
   <trkpt lat="46.3436990" lon="12.9222480">
    <ele>626.1</ele>
    <time>2023-11-04T10:55:05Z</time>
   </trkpt>
   <trkpt lat="46.3437040" lon="12.9222380">
    <ele>626.0</ele>
    <time>2023-11-04T10:55:07Z</time>
   </trkpt>
   <trkpt lat="46.3437090" lon="12.9222290">
    <ele>626.0</ele>
    <time>2023-11-04T10:55:08Z</time>
   </trkpt>
   <trkpt lat="46.3437160" lon="12.9222140">
    <ele>625.9</ele>
    <time>2023-11-04T10:55:09Z</time>
   </trkpt>
   <trkpt lat="46.3437200" lon="12.9222050">
    <ele>625.8</ele>
    <time>2023-11-04T10:55:10Z</time>
   </trkpt>
   <trkpt lat="46.3437240" lon="12.9221960">
    <ele>625.8</ele>
    <time>2023-11-04T10:55:12Z</time>
   </trkpt>
   <trkpt lat="46.3437270" lon="12.9221860">
    <ele>625.8</ele>
    <time>2023-11-04T10:55:13Z</time>
   </trkpt>
   <trkpt lat="46.3437310" lon="12.9221720">
    <ele>625.7</ele>
    <time>2023-11-04T10:55:14Z</time>
   </trkpt>
   <trkpt lat="46.3437320" lon="12.9221630">
    <ele>625.7</ele>
    <time>2023-11-04T10:55:16Z</time>
   </trkpt>
   <trkpt lat="46.3437360" lon="12.9221470">
    <ele>625.6</ele>
    <time>2023-11-04T10:55:17Z</time>
   </trkpt>
   <trkpt lat="46.3437380" lon="12.9221360">
    <ele>625.6</ele>
    <time>2023-11-04T10:55:18Z</time>
   </trkpt>
   <trkpt lat="46.3437400" lon="12.9221270">
    <ele>625.6</ele>
    <time>2023-11-04T10:55:20Z</time>
   </trkpt>
   <trkpt lat="46.3437430" lon="12.9221140">
    <ele>625.5</ele>
    <time>2023-11-04T10:55:21Z</time>
   </trkpt>
   <trkpt lat="46.3437470" lon="12.9220980">
    <ele>625.5</ele>
    <time>2023-11-04T10:55:23Z</time>
   </trkpt>
   <trkpt lat="46.3437540" lon="12.9220740">
    <ele>625.4</ele>
    <time>2023-11-04T10:55:24Z</time>
   </trkpt>
   <trkpt lat="46.3437590" lon="12.9220600">
    <ele>625.4</ele>
    <time>2023-11-04T10:55:26Z</time>
   </trkpt>
   <trkpt lat="46.3437630" lon="12.9220460">
    <ele>625.3</ele>
    <time>2023-11-04T10:55:27Z</time>
   </trkpt>
   <trkpt lat="46.3437700" lon="12.9220220">
    <ele>625.3</ele>
    <time>2023-11-04T10:55:28Z</time>
   </trkpt>
   <trkpt lat="46.3437740" lon="12.9220070">
    <ele>625.2</ele>
    <time>2023-11-04T10:55:29Z</time>
   </trkpt>
   <trkpt lat="46.3437780" lon="12.9219930">
    <ele>625.2</ele>
    <time>2023-11-04T10:55:31Z</time>
   </trkpt>
   <trkpt lat="46.3437810" lon="12.9219800">
    <ele>625.2</ele>
    <time>2023-11-04T10:55:32Z</time>
   </trkpt>
   <trkpt lat="46.3437860" lon="12.9219610">
    <ele>625.1</ele>
    <time>2023-11-04T10:55:33Z</time>
   </trkpt>
   <trkpt lat="46.3437900" lon="12.9219450">
    <ele>625.1</ele>
    <time>2023-11-04T10:55:34Z</time>
   </trkpt>
   <trkpt lat="46.3437930" lon="12.9219300">
    <ele>625.0</ele>
    <time>2023-11-04T10:55:35Z</time>
   </trkpt>
   <trkpt lat="46.3437970" lon="12.9219160">
    <ele>625.0</ele>
    <time>2023-11-04T10:55:37Z</time>
   </trkpt>
   <trkpt lat="46.3438000" lon="12.9219040">
    <ele>625.0</ele>
    <time>2023-11-04T10:55:38Z</time>
   </trkpt>
   <trkpt lat="46.3438060" lon="12.9218820">
    <ele>624.9</ele>
    <time>2023-11-04T10:55:39Z</time>
   </trkpt>
   <trkpt lat="46.3438080" lon="12.9218680">
    <ele>624.9</ele>
    <time>2023-11-04T10:55:41Z</time>
   </trkpt>
   <trkpt lat="46.3438100" lon="12.9218560">
    <ele>624.9</ele>
    <time>2023-11-04T10:55:42Z</time>
   </trkpt>
   <trkpt lat="46.3438120" lon="12.9218430">
    <ele>624.8</ele>
    <time>2023-11-04T10:55:43Z</time>
   </trkpt>
   <trkpt lat="46.3438160" lon="12.9218220">
    <ele>624.8</ele>
    <time>2023-11-04T10:55:44Z</time>
   </trkpt>
   <trkpt lat="46.3438190" lon="12.9218070">
    <ele>624.8</ele>
    <time>2023-11-04T10:55:45Z</time>
   </trkpt>
   <trkpt lat="46.3438220" lon="12.9217920">
    <ele>624.7</ele>
    <time>2023-11-04T10:55:47Z</time>
   </trkpt>
   <trkpt lat="46.3438270" lon="12.9217620">
    <ele>624.7</ele>
    <time>2023-11-04T10:55:49Z</time>
   </trkpt>
   <trkpt lat="46.3438320" lon="12.9217320">
    <ele>624.6</ele>
    <time>2023-11-04T10:55:50Z</time>
   </trkpt>
   <trkpt lat="46.3438340" lon="12.9217180">
    <ele>624.6</ele>
    <time>2023-11-04T10:55:51Z</time>
   </trkpt>
   <trkpt lat="46.3438360" lon="12.9217040">
    <ele>624.5</ele>
    <time>2023-11-04T10:55:52Z</time>
   </trkpt>
   <trkpt lat="46.3438390" lon="12.9216890">
    <ele>624.5</ele>
    <time>2023-11-04T10:55:53Z</time>
   </trkpt>
   <trkpt lat="46.3438430" lon="12.9216690">
    <ele>624.5</ele>
    <time>2023-11-04T10:55:55Z</time>
   </trkpt>
   <trkpt lat="46.3438460" lon="12.9216550">
    <ele>624.4</ele>
    <time>2023-11-04T10:55:56Z</time>
   </trkpt>
   <trkpt lat="46.3438480" lon="12.9216410">
    <ele>624.4</ele>
    <time>2023-11-04T10:55:57Z</time>
   </trkpt>
   <trkpt lat="46.3438530" lon="12.9216170">
    <ele>624.4</ele>
    <time>2023-11-04T10:55:58Z</time>
   </trkpt>
   <trkpt lat="46.3438570" lon="12.9215740">
    <ele>624.3</ele>
    <time>2023-11-04T10:56:00Z</time>
   </trkpt>
   <trkpt lat="46.3438570" lon="12.9215580">
    <ele>624.3</ele>
    <time>2023-11-04T10:56:02Z</time>
   </trkpt>
   <trkpt lat="46.3438570" lon="12.9215420">
    <ele>624.3</ele>
    <time>2023-11-04T10:56:03Z</time>
   </trkpt>
   <trkpt lat="46.3438580" lon="12.9215260">
    <ele>624.2</ele>
    <time>2023-11-04T10:56:04Z</time>
   </trkpt>
   <trkpt lat="46.3438580" lon="12.9215090">
    <ele>624.2</ele>
    <time>2023-11-04T10:56:05Z</time>
   </trkpt>
   <trkpt lat="46.3438580" lon="12.9214820">
    <ele>624.2</ele>
    <time>2023-11-04T10:56:07Z</time>
   </trkpt>
   <trkpt lat="46.3438580" lon="12.9214660">
    <ele>624.2</ele>
    <time>2023-11-04T10:56:08Z</time>
   </trkpt>
   <trkpt lat="46.3438570" lon="12.9214510">
    <ele>624.2</ele>
    <time>2023-11-04T10:56:09Z</time>
   </trkpt>
   <trkpt lat="46.3438590" lon="12.9214210">
    <ele>624.2</ele>
    <time>2023-11-04T10:56:11Z</time>
   </trkpt>
   <trkpt lat="46.3438580" lon="12.9214060">
    <ele>624.2</ele>
    <time>2023-11-04T10:56:13Z</time>
   </trkpt>
   <trkpt lat="46.3438560" lon="12.9214030">
    <ele>624.2</ele>
    <time>2023-11-04T10:56:14Z</time>
   </trkpt>
   <trkpt lat="46.3438550" lon="12.9214040">
    <ele>624.2</ele>
    <time>2023-11-04T10:56:15Z</time>
   </trkpt>
   <trkpt lat="46.3438550" lon="12.9213990">
    <ele>624.1</ele>
    <time>2023-11-04T10:56:16Z</time>
   </trkpt>
   <trkpt lat="46.3438540" lon="12.9213900">
    <ele>624.1</ele>
    <time>2023-11-04T10:56:17Z</time>
   </trkpt>
   <trkpt lat="46.3438530" lon="12.9213930">
    <ele>624.1</ele>
    <time>2023-11-04T10:56:19Z</time>
   </trkpt>
   <trkpt lat="46.3438540" lon="12.9213980">
    <ele>624.1</ele>
    <time>2023-11-04T10:56:20Z</time>
   </trkpt>
   <trkpt lat="46.3438540" lon="12.9213940">
    <ele>624.1</ele>
    <time>2023-11-04T10:56:21Z</time>
   </trkpt>
   <trkpt lat="46.3438550" lon="12.9213910">
    <ele>624.1</ele>
    <time>2023-11-04T10:56:23Z</time>
   </trkpt>
   <trkpt lat="46.3438560" lon="12.9213880">
    <ele>624.1</ele>
    <time>2023-11-04T10:56:24Z</time>
   </trkpt>
   <trkpt lat="46.3438570" lon="12.9213780">
    <ele>624.1</ele>
    <time>2023-11-04T10:56:25Z</time>
   </trkpt>
   <trkpt lat="46.3438590" lon="12.9213690">
    <ele>624.1</ele>
    <time>2023-11-04T10:56:27Z</time>
   </trkpt>
   <trkpt lat="46.3438630" lon="12.9213530">
    <ele>624.1</ele>
    <time>2023-11-04T10:56:29Z</time>
   </trkpt>
   <trkpt lat="46.3438650" lon="12.9213440">
    <ele>624.1</ele>
    <time>2023-11-04T10:56:30Z</time>
   </trkpt>
   <trkpt lat="46.3438690" lon="12.9213300">
    <ele>624.1</ele>
    <time>2023-11-04T10:56:31Z</time>
   </trkpt>
   <trkpt lat="46.3438770" lon="12.9212780">
    <ele>624.1</ele>
    <time>2023-11-04T10:56:36Z</time>
   </trkpt>
   <trkpt lat="46.3438810" lon="12.9212660">
    <ele>624.1</ele>
    <time>2023-11-04T10:56:39Z</time>
   </trkpt>
   <trkpt lat="46.3438810" lon="12.9212630">
    <ele>624.1</ele>
    <time>2023-11-04T10:56:40Z</time>
   </trkpt>
   <trkpt lat="46.3438800" lon="12.9212540">
    <ele>624.1</ele>
    <time>2023-11-04T10:56:41Z</time>
   </trkpt>
   <trkpt lat="46.3438800" lon="12.9212440">
    <ele>624.1</ele>
    <time>2023-11-04T10:56:42Z</time>
   </trkpt>
   <trkpt lat="46.3438760" lon="12.9212360">
    <ele>624.1</ele>
    <time>2023-11-04T10:56:43Z</time>
   </trkpt>
   <trkpt lat="46.3438650" lon="12.9212110">
    <ele>624.1</ele>
    <time>2023-11-04T10:56:44Z</time>
   </trkpt>
   <trkpt lat="46.3438610" lon="12.9211960">
    <ele>624.2</ele>
    <time>2023-11-04T10:56:46Z</time>
   </trkpt>
   <trkpt lat="46.3438560" lon="12.9211810">
    <ele>624.2</ele>
    <time>2023-11-04T10:56:47Z</time>
   </trkpt>
   <trkpt lat="46.3438520" lon="12.9211660">
    <ele>624.2</ele>
    <time>2023-11-04T10:56:49Z</time>
   </trkpt>
   <trkpt lat="46.3438480" lon="12.9211510">
    <ele>624.2</ele>
    <time>2023-11-04T10:56:50Z</time>
   </trkpt>
   <trkpt lat="46.3438440" lon="12.9211370">
    <ele>624.2</ele>
    <time>2023-11-04T10:56:51Z</time>
   </trkpt>
   <trkpt lat="46.3438400" lon="12.9211220">
    <ele>624.2</ele>
    <time>2023-11-04T10:56:53Z</time>
   </trkpt>
   <trkpt lat="46.3438350" lon="12.9211070">
    <ele>624.2</ele>
    <time>2023-11-04T10:56:54Z</time>
   </trkpt>
   <trkpt lat="46.3438310" lon="12.9210920">
    <ele>624.2</ele>
    <time>2023-11-04T10:56:55Z</time>
   </trkpt>
   <trkpt lat="46.3438280" lon="12.9210500">
    <ele>624.3</ele>
    <time>2023-11-04T10:56:56Z</time>
   </trkpt>
   <trkpt lat="46.3438260" lon="12.9210040">
    <ele>624.4</ele>
    <time>2023-11-04T10:56:57Z</time>
   </trkpt>
   <trkpt lat="46.3438260" lon="12.9209940">
    <ele>624.4</ele>
    <time>2023-11-04T10:56:58Z</time>
   </trkpt>
   <trkpt lat="46.3438320" lon="12.9209630">
    <ele>624.4</ele>
    <time>2023-11-04T10:57:00Z</time>
   </trkpt>
   <trkpt lat="46.3438340" lon="12.9209530">
    <ele>624.5</ele>
    <time>2023-11-04T10:57:02Z</time>
   </trkpt>
   <trkpt lat="46.3438350" lon="12.9209430">
    <ele>624.5</ele>
    <time>2023-11-04T10:57:03Z</time>
   </trkpt>
   <trkpt lat="46.3438370" lon="12.9209330">
    <ele>624.5</ele>
    <time>2023-11-04T10:57:05Z</time>
   </trkpt>
   <trkpt lat="46.3438380" lon="12.9209220">
    <ele>624.5</ele>
    <time>2023-11-04T10:57:06Z</time>
   </trkpt>
   <trkpt lat="46.3438400" lon="12.9209120">
    <ele>624.5</ele>
    <time>2023-11-04T10:57:07Z</time>
   </trkpt>
   <trkpt lat="46.3438420" lon="12.9209020">
    <ele>624.6</ele>
    <time>2023-11-04T10:57:09Z</time>
   </trkpt>
   <trkpt lat="46.3438430" lon="12.9208920">
    <ele>624.6</ele>
    <time>2023-11-04T10:57:10Z</time>
   </trkpt>
   <trkpt lat="46.3438450" lon="12.9208820">
    <ele>624.6</ele>
    <time>2023-11-04T10:57:12Z</time>
   </trkpt>
   <trkpt lat="46.3438460" lon="12.9208720">
    <ele>624.6</ele>
    <time>2023-11-04T10:57:13Z</time>
   </trkpt>
   <trkpt lat="46.3438480" lon="12.9208610">
    <ele>624.6</ele>
    <time>2023-11-04T10:57:14Z</time>
   </trkpt>
   <trkpt lat="46.3438490" lon="12.9208510">
    <ele>624.7</ele>
    <time>2023-11-04T10:57:15Z</time>
   </trkpt>
   <trkpt lat="46.3438550" lon="12.9208120">
    <ele>624.7</ele>
    <time>2023-11-04T10:57:16Z</time>
   </trkpt>
   <trkpt lat="46.3438660" lon="12.9207690">
    <ele>624.8</ele>
    <time>2023-11-04T10:57:18Z</time>
   </trkpt>
   <trkpt lat="46.3438700" lon="12.9207530">
    <ele>624.9</ele>
    <time>2023-11-04T10:57:19Z</time>
   </trkpt>
   <trkpt lat="46.3438760" lon="12.9207270">
    <ele>625.0</ele>
    <time>2023-11-04T10:57:20Z</time>
   </trkpt>
   <trkpt lat="46.3438810" lon="12.9207040">
    <ele>625.0</ele>
    <time>2023-11-04T10:57:21Z</time>
   </trkpt>
   <trkpt lat="46.3438900" lon="12.9206660">
    <ele>625.1</ele>
    <time>2023-11-04T10:57:23Z</time>
   </trkpt>
   <trkpt lat="46.3438970" lon="12.9206360">
    <ele>625.2</ele>
    <time>2023-11-04T10:57:24Z</time>
   </trkpt>
   <trkpt lat="46.3439030" lon="12.9206130">
    <ele>625.3</ele>
    <time>2023-11-04T10:57:26Z</time>
   </trkpt>
   <trkpt lat="46.3439160" lon="12.9205820">
    <ele>625.4</ele>
    <time>2023-11-04T10:57:27Z</time>
   </trkpt>
   <trkpt lat="46.3439220" lon="12.9205690">
    <ele>625.4</ele>
    <time>2023-11-04T10:57:28Z</time>
   </trkpt>
   <trkpt lat="46.3439280" lon="12.9205560">
    <ele>625.5</ele>
    <time>2023-11-04T10:57:29Z</time>
   </trkpt>
   <trkpt lat="46.3439500" lon="12.9205280">
    <ele>625.7</ele>
    <time>2023-11-04T10:57:31Z</time>
   </trkpt>
   <trkpt lat="46.3439570" lon="12.9205200">
    <ele>625.7</ele>
    <time>2023-11-04T10:57:33Z</time>
   </trkpt>
   <trkpt lat="46.3439650" lon="12.9205130">
    <ele>625.7</ele>
    <time>2023-11-04T10:57:34Z</time>
   </trkpt>
   <trkpt lat="46.3439720" lon="12.9205050">
    <ele>625.8</ele>
    <time>2023-11-04T10:57:35Z</time>
   </trkpt>
   <trkpt lat="46.3439810" lon="12.9204960">
    <ele>625.8</ele>
    <time>2023-11-04T10:57:37Z</time>
   </trkpt>
   <trkpt lat="46.3439870" lon="12.9204850">
    <ele>625.9</ele>
    <time>2023-11-04T10:57:38Z</time>
   </trkpt>
   <trkpt lat="46.3439940" lon="12.9204670">
    <ele>626.0</ele>
    <time>2023-11-04T10:57:39Z</time>
   </trkpt>
   <trkpt lat="46.3439990" lon="12.9204430">
    <ele>626.1</ele>
    <time>2023-11-04T10:57:41Z</time>
   </trkpt>
   <trkpt lat="46.3440070" lon="12.9204130">
    <ele>626.2</ele>
    <time>2023-11-04T10:57:43Z</time>
   </trkpt>
   <trkpt lat="46.3440120" lon="12.9203900">
    <ele>626.3</ele>
    <time>2023-11-04T10:57:44Z</time>
   </trkpt>
   <trkpt lat="46.3440170" lon="12.9203670">
    <ele>626.4</ele>
    <time>2023-11-04T10:57:46Z</time>
   </trkpt>
   <trkpt lat="46.3440200" lon="12.9203550">
    <ele>626.5</ele>
    <time>2023-11-04T10:57:47Z</time>
   </trkpt>
   <trkpt lat="46.3440230" lon="12.9203430">
    <ele>626.6</ele>
    <time>2023-11-04T10:57:48Z</time>
   </trkpt>
   <trkpt lat="46.3440270" lon="12.9203310">
    <ele>626.6</ele>
    <time>2023-11-04T10:57:49Z</time>
   </trkpt>
   <trkpt lat="46.3440300" lon="12.9203200">
    <ele>626.7</ele>
    <time>2023-11-04T10:57:50Z</time>
   </trkpt>
   <trkpt lat="46.3440330" lon="12.9203040">
    <ele>626.8</ele>
    <time>2023-11-04T10:57:51Z</time>
   </trkpt>
   <trkpt lat="46.3440370" lon="12.9202860">
    <ele>626.8</ele>
    <time>2023-11-04T10:57:52Z</time>
   </trkpt>
   <trkpt lat="46.3440400" lon="12.9202710">
    <ele>626.9</ele>
    <time>2023-11-04T10:57:54Z</time>
   </trkpt>
   <trkpt lat="46.3440430" lon="12.9202550">
    <ele>627.0</ele>
    <time>2023-11-04T10:57:55Z</time>
   </trkpt>
   <trkpt lat="46.3440440" lon="12.9202350">
    <ele>627.1</ele>
    <time>2023-11-04T10:57:57Z</time>
   </trkpt>
   <trkpt lat="46.3440450" lon="12.9202220">
    <ele>627.2</ele>
    <time>2023-11-04T10:57:58Z</time>
   </trkpt>
   <trkpt lat="46.3440480" lon="12.9202040">
    <ele>627.2</ele>
    <time>2023-11-04T10:57:59Z</time>
   </trkpt>
   <trkpt lat="46.3440510" lon="12.9201840">
    <ele>627.3</ele>
    <time>2023-11-04T10:58:00Z</time>
   </trkpt>
   <trkpt lat="46.3440540" lon="12.9201640">
    <ele>627.4</ele>
    <time>2023-11-04T10:58:02Z</time>
   </trkpt>
   <trkpt lat="46.3440590" lon="12.9201330">
    <ele>627.6</ele>
    <time>2023-11-04T10:58:04Z</time>
   </trkpt>
   <trkpt lat="46.3440610" lon="12.9201220">
    <ele>627.6</ele>
    <time>2023-11-04T10:58:05Z</time>
   </trkpt>
   <trkpt lat="46.3440630" lon="12.9201100">
    <ele>627.7</ele>
    <time>2023-11-04T10:58:06Z</time>
   </trkpt>
   <trkpt lat="46.3440670" lon="12.9200890">
    <ele>627.8</ele>
    <time>2023-11-04T10:58:08Z</time>
   </trkpt>
   <trkpt lat="46.3440710" lon="12.9200750">
    <ele>627.9</ele>
    <time>2023-11-04T10:58:09Z</time>
   </trkpt>
   <trkpt lat="46.3440780" lon="12.9200470">
    <ele>628.0</ele>
    <time>2023-11-04T10:58:11Z</time>
   </trkpt>
   <trkpt lat="46.3440830" lon="12.9200330">
    <ele>628.1</ele>
    <time>2023-11-04T10:58:12Z</time>
   </trkpt>
   <trkpt lat="46.3440870" lon="12.9200190">
    <ele>628.1</ele>
    <time>2023-11-04T10:58:13Z</time>
   </trkpt>
   <trkpt lat="46.3440920" lon="12.9200040">
    <ele>628.2</ele>
    <time>2023-11-04T10:58:14Z</time>
   </trkpt>
   <trkpt lat="46.3441010" lon="12.9199740">
    <ele>628.3</ele>
    <time>2023-11-04T10:58:16Z</time>
   </trkpt>
   <trkpt lat="46.3441060" lon="12.9199590">
    <ele>628.4</ele>
    <time>2023-11-04T10:58:17Z</time>
   </trkpt>
   <trkpt lat="46.3441120" lon="12.9199440">
    <ele>628.5</ele>
    <time>2023-11-04T10:58:18Z</time>
   </trkpt>
   <trkpt lat="46.3441200" lon="12.9199210">
    <ele>628.6</ele>
    <time>2023-11-04T10:58:19Z</time>
   </trkpt>
   <trkpt lat="46.3441270" lon="12.9199020">
    <ele>628.7</ele>
    <time>2023-11-04T10:58:21Z</time>
   </trkpt>
   <trkpt lat="46.3441310" lon="12.9198850">
    <ele>628.8</ele>
    <time>2023-11-04T10:58:22Z</time>
   </trkpt>
   <trkpt lat="46.3441370" lon="12.9198470">
    <ele>628.9</ele>
    <time>2023-11-04T10:58:24Z</time>
   </trkpt>
   <trkpt lat="46.3441390" lon="12.9198180">
    <ele>629.0</ele>
    <time>2023-11-04T10:58:26Z</time>
   </trkpt>
   <trkpt lat="46.3441400" lon="12.9198070">
    <ele>629.1</ele>
    <time>2023-11-04T10:58:27Z</time>
   </trkpt>
   <trkpt lat="46.3441430" lon="12.9197840">
    <ele>629.2</ele>
    <time>2023-11-04T10:58:28Z</time>
   </trkpt>
   <trkpt lat="46.3441450" lon="12.9197660">
    <ele>629.3</ele>
    <time>2023-11-04T10:58:29Z</time>
   </trkpt>
   <trkpt lat="46.3441460" lon="12.9197430">
    <ele>629.4</ele>
    <time>2023-11-04T10:58:31Z</time>
   </trkpt>
   <trkpt lat="46.3441490" lon="12.9197250">
    <ele>629.4</ele>
    <time>2023-11-04T10:58:32Z</time>
   </trkpt>
   <trkpt lat="46.3441520" lon="12.9196980">
    <ele>629.5</ele>
    <time>2023-11-04T10:58:33Z</time>
   </trkpt>
   <trkpt lat="46.3441550" lon="12.9196790">
    <ele>629.6</ele>
    <time>2023-11-04T10:58:34Z</time>
   </trkpt>
   <trkpt lat="46.3441600" lon="12.9196420">
    <ele>629.8</ele>
    <time>2023-11-04T10:58:36Z</time>
   </trkpt>
   <trkpt lat="46.3441610" lon="12.9196250">
    <ele>629.9</ele>
    <time>2023-11-04T10:58:37Z</time>
   </trkpt>
   <trkpt lat="46.3441640" lon="12.9196030">
    <ele>630.0</ele>
    <time>2023-11-04T10:58:39Z</time>
   </trkpt>
   <trkpt lat="46.3441680" lon="12.9195640">
    <ele>630.1</ele>
    <time>2023-11-04T10:58:41Z</time>
   </trkpt>
   <trkpt lat="46.3441700" lon="12.9195450">
    <ele>630.2</ele>
    <time>2023-11-04T10:58:42Z</time>
   </trkpt>
   <trkpt lat="46.3441720" lon="12.9195210">
    <ele>630.3</ele>
    <time>2023-11-04T10:58:43Z</time>
   </trkpt>
   <trkpt lat="46.3441740" lon="12.9194990">
    <ele>630.4</ele>
    <time>2023-11-04T10:58:44Z</time>
   </trkpt>
   <trkpt lat="46.3441750" lon="12.9194820">
    <ele>630.5</ele>
    <time>2023-11-04T10:58:45Z</time>
   </trkpt>
   <trkpt lat="46.3441730" lon="12.9194510">
    <ele>630.6</ele>
    <time>2023-11-04T10:58:47Z</time>
   </trkpt>
   <trkpt lat="46.3441720" lon="12.9194390">
    <ele>630.7</ele>
    <time>2023-11-04T10:58:48Z</time>
   </trkpt>
   <trkpt lat="46.3441710" lon="12.9194270">
    <ele>630.7</ele>
    <time>2023-11-04T10:58:49Z</time>
   </trkpt>
   <trkpt lat="46.3441670" lon="12.9194090">
    <ele>630.8</ele>
    <time>2023-11-04T10:58:50Z</time>
   </trkpt>
   <trkpt lat="46.3441630" lon="12.9193880">
    <ele>630.9</ele>
    <time>2023-11-04T10:58:51Z</time>
   </trkpt>
   <trkpt lat="46.3441590" lon="12.9193700">
    <ele>631.0</ele>
    <time>2023-11-04T10:58:53Z</time>
   </trkpt>
   <trkpt lat="46.3441520" lon="12.9193400">
    <ele>631.1</ele>
    <time>2023-11-04T10:58:54Z</time>
   </trkpt>
   <trkpt lat="46.3441370" lon="12.9193070">
    <ele>631.3</ele>
    <time>2023-11-04T10:58:57Z</time>
   </trkpt>
   <trkpt lat="46.3441270" lon="12.9192910">
    <ele>631.4</ele>
    <time>2023-11-04T10:58:58Z</time>
   </trkpt>
   <trkpt lat="46.3441190" lon="12.9192760">
    <ele>631.5</ele>
    <time>2023-11-04T10:58:59Z</time>
   </trkpt>
   <trkpt lat="46.3441070" lon="12.9192490">
    <ele>631.7</ele>
    <time>2023-11-04T10:59:00Z</time>
   </trkpt>
   <trkpt lat="46.3440910" lon="12.9192180">
    <ele>631.9</ele>
    <time>2023-11-04T10:59:02Z</time>
   </trkpt>
   <trkpt lat="46.3440740" lon="12.9191910">
    <ele>632.0</ele>
    <time>2023-11-04T10:59:04Z</time>
   </trkpt>
   <trkpt lat="46.3440680" lon="12.9191800">
    <ele>632.1</ele>
    <time>2023-11-04T10:59:05Z</time>
   </trkpt>
   <trkpt lat="46.3440570" lon="12.9191600">
    <ele>632.2</ele>
    <time>2023-11-04T10:59:06Z</time>
   </trkpt>
   <trkpt lat="46.3440490" lon="12.9191440">
    <ele>632.3</ele>
    <time>2023-11-04T10:59:07Z</time>
   </trkpt>
   <trkpt lat="46.3440270" lon="12.9191140">
    <ele>632.5</ele>
    <time>2023-11-04T10:59:09Z</time>
   </trkpt>
   <trkpt lat="46.3440210" lon="12.9191050">
    <ele>632.6</ele>
    <time>2023-11-04T10:59:10Z</time>
   </trkpt>
   <trkpt lat="46.3440090" lon="12.9190870">
    <ele>632.7</ele>
    <time>2023-11-04T10:59:11Z</time>
   </trkpt>
   <trkpt lat="46.3439850" lon="12.9190570">
    <ele>632.9</ele>
    <time>2023-11-04T10:59:13Z</time>
   </trkpt>
   <trkpt lat="46.3439700" lon="12.9190390">
    <ele>633.0</ele>
    <time>2023-11-04T10:59:15Z</time>
   </trkpt>
   <trkpt lat="46.3439650" lon="12.9190330">
    <ele>633.0</ele>
    <time>2023-11-04T10:59:16Z</time>
   </trkpt>
   <trkpt lat="46.3439500" lon="12.9190140">
    <ele>633.1</ele>
    <time>2023-11-04T10:59:17Z</time>
   </trkpt>
   <trkpt lat="46.3439380" lon="12.9189990">
    <ele>633.1</ele>
    <time>2023-11-04T10:59:18Z</time>
   </trkpt>
   <trkpt lat="46.3439290" lon="12.9189850">
    <ele>633.2</ele>
    <time>2023-11-04T10:59:19Z</time>
   </trkpt>
   <trkpt lat="46.3439200" lon="12.9189680">
    <ele>633.3</ele>
    <time>2023-11-04T10:59:20Z</time>
   </trkpt>
   <trkpt lat="46.3439110" lon="12.9189530">
    <ele>633.3</ele>
    <time>2023-11-04T10:59:22Z</time>
   </trkpt>
   <trkpt lat="46.3438990" lon="12.9189300">
    <ele>633.4</ele>
    <time>2023-11-04T10:59:23Z</time>
   </trkpt>
   <trkpt lat="46.3438930" lon="12.9189180">
    <ele>633.4</ele>
    <time>2023-11-04T10:59:24Z</time>
   </trkpt>
   <trkpt lat="46.3438850" lon="12.9188980">
    <ele>633.5</ele>
    <time>2023-11-04T10:59:26Z</time>
   </trkpt>
   <trkpt lat="46.3438750" lon="12.9188690">
    <ele>633.5</ele>
    <time>2023-11-04T10:59:28Z</time>
   </trkpt>
   <trkpt lat="46.3438710" lon="12.9188540">
    <ele>633.5</ele>
    <time>2023-11-04T10:59:29Z</time>
   </trkpt>
   <trkpt lat="46.3438620" lon="12.9188280">
    <ele>633.6</ele>
    <time>2023-11-04T10:59:30Z</time>
   </trkpt>
   <trkpt lat="46.3438570" lon="12.9188100">
    <ele>633.6</ele>
    <time>2023-11-04T10:59:32Z</time>
   </trkpt>
   <trkpt lat="46.3438530" lon="12.9187940">
    <ele>633.6</ele>
    <time>2023-11-04T10:59:33Z</time>
   </trkpt>
   <trkpt lat="46.3438490" lon="12.9187790">
    <ele>633.7</ele>
    <time>2023-11-04T10:59:34Z</time>
   </trkpt>
   <trkpt lat="46.3438440" lon="12.9187640">
    <ele>633.7</ele>
    <time>2023-11-04T10:59:35Z</time>
   </trkpt>
   <trkpt lat="46.3438350" lon="12.9187390">
    <ele>633.7</ele>
    <time>2023-11-04T10:59:36Z</time>
   </trkpt>
   <trkpt lat="46.3438230" lon="12.9187070">
    <ele>633.7</ele>
    <time>2023-11-04T10:59:37Z</time>
   </trkpt>
   <trkpt lat="46.3438170" lon="12.9186910">
    <ele>633.7</ele>
    <time>2023-11-04T10:59:39Z</time>
   </trkpt>
   <trkpt lat="46.3438110" lon="12.9186750">
    <ele>633.7</ele>
    <time>2023-11-04T10:59:40Z</time>
   </trkpt>
   <trkpt lat="46.3438120" lon="12.9186330">
    <ele>633.7</ele>
    <time>2023-11-04T10:59:42Z</time>
   </trkpt>
   <trkpt lat="46.3438130" lon="12.9186150">
    <ele>633.7</ele>
    <time>2023-11-04T10:59:43Z</time>
   </trkpt>
   <trkpt lat="46.3438140" lon="12.9185980">
    <ele>633.7</ele>
    <time>2023-11-04T10:59:44Z</time>
   </trkpt>
   <trkpt lat="46.3438280" lon="12.9185570">
    <ele>633.7</ele>
    <time>2023-11-04T10:59:47Z</time>
   </trkpt>
   <trkpt lat="46.3438320" lon="12.9185510">
    <ele>633.7</ele>
    <time>2023-11-04T10:59:48Z</time>
   </trkpt>
   <trkpt lat="46.3438470" lon="12.9185260">
    <ele>633.7</ele>
    <time>2023-11-04T10:59:49Z</time>
   </trkpt>
   <trkpt lat="46.3438550" lon="12.9185140">
    <ele>633.6</ele>
    <time>2023-11-04T10:59:50Z</time>
   </trkpt>
   <trkpt lat="46.3438630" lon="12.9185030">
    <ele>633.6</ele>
    <time>2023-11-04T10:59:51Z</time>
   </trkpt>
   <trkpt lat="46.3438900" lon="12.9184800">
    <ele>633.5</ele>
    <time>2023-11-04T10:59:52Z</time>
   </trkpt>
   <trkpt lat="46.3439050" lon="12.9184710">
    <ele>633.5</ele>
    <time>2023-11-04T10:59:54Z</time>
   </trkpt>
   <trkpt lat="46.3439200" lon="12.9184610">
    <ele>633.4</ele>
    <time>2023-11-04T10:59:56Z</time>
   </trkpt>
   <trkpt lat="46.3439350" lon="12.9184520">
    <ele>633.3</ele>
    <time>2023-11-04T10:59:57Z</time>
   </trkpt>
   <trkpt lat="46.3439500" lon="12.9184430">
    <ele>633.2</ele>
    <time>2023-11-04T10:59:58Z</time>
   </trkpt>
   <trkpt lat="46.3439620" lon="12.9184340">
    <ele>633.1</ele>
    <time>2023-11-04T10:59:59Z</time>
   </trkpt>
   <trkpt lat="46.3439740" lon="12.9184270">
    <ele>633.1</ele>
    <time>2023-11-04T11:00:00Z</time>
   </trkpt>
   <trkpt lat="46.3439840" lon="12.9184220">
    <ele>633.0</ele>
    <time>2023-11-04T11:00:02Z</time>
   </trkpt>
   <trkpt lat="46.3439940" lon="12.9184160">
    <ele>632.9</ele>
    <time>2023-11-04T11:00:03Z</time>
   </trkpt>
   <trkpt lat="46.3440030" lon="12.9184100">
    <ele>632.9</ele>
    <time>2023-11-04T11:00:04Z</time>
   </trkpt>
   <trkpt lat="46.3440130" lon="12.9184030">
    <ele>632.8</ele>
    <time>2023-11-04T11:00:05Z</time>
   </trkpt>
   <trkpt lat="46.3440250" lon="12.9183960">
    <ele>632.7</ele>
    <time>2023-11-04T11:00:06Z</time>
   </trkpt>
   <trkpt lat="46.3440380" lon="12.9183880">
    <ele>632.6</ele>
    <time>2023-11-04T11:00:07Z</time>
   </trkpt>
   <trkpt lat="46.3440490" lon="12.9183810">
    <ele>632.2</ele>
    <time>2023-11-04T11:00:08Z</time>
   </trkpt>
   <trkpt lat="46.3440650" lon="12.9183750">
    <ele>631.7</ele>
    <time>2023-11-04T11:00:10Z</time>
   </trkpt>
   <trkpt lat="46.3440750" lon="12.9183690">
    <ele>631.4</ele>
    <time>2023-11-04T11:00:12Z</time>
   </trkpt>
   <trkpt lat="46.3440860" lon="12.9183620">
    <ele>631.0</ele>
    <time>2023-11-04T11:00:14Z</time>
   </trkpt>
   <trkpt lat="46.3440870" lon="12.9183610">
    <ele>631.0</ele>
    <time>2023-11-04T11:00:15Z</time>
   </trkpt>
   <trkpt lat="46.3440860" lon="12.9183600">
    <ele>630.9</ele>
    <time>2023-11-04T11:00:16Z</time>
   </trkpt>
   <trkpt lat="46.3440840" lon="12.9183590">
    <ele>630.9</ele>
    <time>2023-11-04T11:00:17Z</time>
   </trkpt>
   <trkpt lat="46.3440820" lon="12.9183590">
    <ele>630.8</ele>
    <time>2023-11-04T11:00:18Z</time>
   </trkpt>
   <trkpt lat="46.3440810" lon="12.9183570">
    <ele>630.8</ele>
    <time>2023-11-04T11:00:19Z</time>
   </trkpt>
   <trkpt lat="46.3440790" lon="12.9183540">
    <ele>630.7</ele>
    <time>2023-11-04T11:00:20Z</time>
   </trkpt>
   <trkpt lat="46.3440800" lon="12.9183450">
    <ele>630.5</ele>
    <time>2023-11-04T11:00:22Z</time>
   </trkpt>
   <trkpt lat="46.3440860" lon="12.9183340">
    <ele>630.2</ele>
    <time>2023-11-04T11:00:23Z</time>
   </trkpt>
   <trkpt lat="46.3440940" lon="12.9183240">
    <ele>629.9</ele>
    <time>2023-11-04T11:00:24Z</time>
   </trkpt>
   <trkpt lat="46.3441130" lon="12.9183090">
    <ele>629.2</ele>
    <time>2023-11-04T11:00:26Z</time>
   </trkpt>
   <trkpt lat="46.3441280" lon="12.9183070">
    <ele>628.7</ele>
    <time>2023-11-04T11:00:28Z</time>
   </trkpt>
   <trkpt lat="46.3441440" lon="12.9183010">
    <ele>628.2</ele>
    <time>2023-11-04T11:00:29Z</time>
   </trkpt>
   <trkpt lat="46.3441560" lon="12.9182990">
    <ele>627.8</ele>
    <time>2023-11-04T11:00:30Z</time>
   </trkpt>
   <trkpt lat="46.3441720" lon="12.9182980">
    <ele>627.9</ele>
    <time>2023-11-04T11:00:32Z</time>
   </trkpt>
   <trkpt lat="46.3441820" lon="12.9182990">
    <ele>628.0</ele>
    <time>2023-11-04T11:00:33Z</time>
   </trkpt>
   <trkpt lat="46.3441990" lon="12.9183000">
    <ele>628.2</ele>
    <time>2023-11-04T11:00:34Z</time>
   </trkpt>
   <trkpt lat="46.3442130" lon="12.9183020">
    <ele>628.3</ele>
    <time>2023-11-04T11:00:35Z</time>
   </trkpt>
   <trkpt lat="46.3442240" lon="12.9183030">
    <ele>628.4</ele>
    <time>2023-11-04T11:00:36Z</time>
   </trkpt>
   <trkpt lat="46.3442350" lon="12.9183080">
    <ele>628.5</ele>
    <time>2023-11-04T11:00:38Z</time>
   </trkpt>
   <trkpt lat="46.3442540" lon="12.9183220">
    <ele>628.6</ele>
    <time>2023-11-04T11:00:39Z</time>
   </trkpt>
   <trkpt lat="46.3442640" lon="12.9183310">
    <ele>628.7</ele>
    <time>2023-11-04T11:00:40Z</time>
   </trkpt>
   <trkpt lat="46.3442740" lon="12.9183400">
    <ele>628.8</ele>
    <time>2023-11-04T11:00:42Z</time>
   </trkpt>
   <trkpt lat="46.3442840" lon="12.9183480">
    <ele>628.9</ele>
    <time>2023-11-04T11:00:43Z</time>
   </trkpt>
   <trkpt lat="46.3442940" lon="12.9183570">
    <ele>629.0</ele>
    <time>2023-11-04T11:00:44Z</time>
   </trkpt>
   <trkpt lat="46.3443050" lon="12.9183650">
    <ele>629.1</ele>
    <time>2023-11-04T11:00:45Z</time>
   </trkpt>
   <trkpt lat="46.3443260" lon="12.9183820">
    <ele>629.3</ele>
    <time>2023-11-04T11:00:47Z</time>
   </trkpt>
   <trkpt lat="46.3443330" lon="12.9183890">
    <ele>629.3</ele>
    <time>2023-11-04T11:00:48Z</time>
   </trkpt>
   <trkpt lat="46.3443400" lon="12.9183960">
    <ele>629.4</ele>
    <time>2023-11-04T11:00:49Z</time>
   </trkpt>
   <trkpt lat="46.3443570" lon="12.9184110">
    <ele>629.5</ele>
    <time>2023-11-04T11:00:50Z</time>
   </trkpt>
   <trkpt lat="46.3443650" lon="12.9184160">
    <ele>629.5</ele>
    <time>2023-11-04T11:00:52Z</time>
   </trkpt>
   <trkpt lat="46.3443720" lon="12.9184220">
    <ele>629.6</ele>
    <time>2023-11-04T11:00:53Z</time>
   </trkpt>
   <trkpt lat="46.3443980" lon="12.9184290">
    <ele>629.7</ele>
    <time>2023-11-04T11:00:54Z</time>
   </trkpt>
   <trkpt lat="46.3444100" lon="12.9184290">
    <ele>629.8</ele>
    <time>2023-11-04T11:00:56Z</time>
   </trkpt>
   <trkpt lat="46.3444220" lon="12.9184280">
    <ele>629.8</ele>
    <time>2023-11-04T11:00:57Z</time>
   </trkpt>
   <trkpt lat="46.3444330" lon="12.9184280">
    <ele>629.9</ele>
    <time>2023-11-04T11:00:58Z</time>
   </trkpt>
   <trkpt lat="46.3444450" lon="12.9184270">
    <ele>630.0</ele>
    <time>2023-11-04T11:00:59Z</time>
   </trkpt>
   <trkpt lat="46.3444680" lon="12.9184160">
    <ele>630.1</ele>
    <time>2023-11-04T11:01:01Z</time>
   </trkpt>
   <trkpt lat="46.3444810" lon="12.9184050">
    <ele>630.1</ele>
    <time>2023-11-04T11:01:03Z</time>
   </trkpt>
   <trkpt lat="46.3445040" lon="12.9183870">
    <ele>630.2</ele>
    <time>2023-11-04T11:01:04Z</time>
   </trkpt>
   <trkpt lat="46.3445150" lon="12.9183800">
    <ele>630.2</ele>
    <time>2023-11-04T11:01:05Z</time>
   </trkpt>
   <trkpt lat="46.3445330" lon="12.9183600">
    <ele>630.3</ele>
    <time>2023-11-04T11:01:06Z</time>
   </trkpt>
   <trkpt lat="46.3445420" lon="12.9183500">
    <ele>630.3</ele>
    <time>2023-11-04T11:01:08Z</time>
   </trkpt>
   <trkpt lat="46.3445500" lon="12.9183400">
    <ele>630.4</ele>
    <time>2023-11-04T11:01:09Z</time>
   </trkpt>
   <trkpt lat="46.3445590" lon="12.9183290">
    <ele>630.4</ele>
    <time>2023-11-04T11:01:10Z</time>
   </trkpt>
   <trkpt lat="46.3445670" lon="12.9183190">
    <ele>630.4</ele>
    <time>2023-11-04T11:01:11Z</time>
   </trkpt>
   <trkpt lat="46.3445770" lon="12.9183060">
    <ele>630.5</ele>
    <time>2023-11-04T11:01:12Z</time>
   </trkpt>
   <trkpt lat="46.3445870" lon="12.9182960">
    <ele>630.5</ele>
    <time>2023-11-04T11:01:13Z</time>
   </trkpt>
   <trkpt lat="46.3445960" lon="12.9182800">
    <ele>630.6</ele>
    <time>2023-11-04T11:01:15Z</time>
   </trkpt>
   <trkpt lat="46.3446020" lon="12.9182660">
    <ele>630.6</ele>
    <time>2023-11-04T11:01:16Z</time>
   </trkpt>
   <trkpt lat="46.3446100" lon="12.9182460">
    <ele>630.6</ele>
    <time>2023-11-04T11:01:17Z</time>
   </trkpt>
   <trkpt lat="46.3446160" lon="12.9182320">
    <ele>630.7</ele>
    <time>2023-11-04T11:01:18Z</time>
   </trkpt>
   <trkpt lat="46.3446180" lon="12.9182100">
    <ele>630.7</ele>
    <time>2023-11-04T11:01:20Z</time>
   </trkpt>
   <trkpt lat="46.3446210" lon="12.9181970">
    <ele>630.8</ele>
    <time>2023-11-04T11:01:21Z</time>
   </trkpt>
   <trkpt lat="46.3446250" lon="12.9181690">
    <ele>630.9</ele>
    <time>2023-11-04T11:01:23Z</time>
   </trkpt>
   <trkpt lat="46.3446260" lon="12.9181350">
    <ele>631.0</ele>
    <time>2023-11-04T11:01:25Z</time>
   </trkpt>
   <trkpt lat="46.3446220" lon="12.9180960">
    <ele>631.1</ele>
    <time>2023-11-04T11:01:26Z</time>
   </trkpt>
   <trkpt lat="46.3446220" lon="12.9180810">
    <ele>631.1</ele>
    <time>2023-11-04T11:01:27Z</time>
   </trkpt>
   <trkpt lat="46.3446230" lon="12.9180570">
    <ele>631.2</ele>
    <time>2023-11-04T11:01:28Z</time>
   </trkpt>
   <trkpt lat="46.3446170" lon="12.9180230">
    <ele>631.3</ele>
    <time>2023-11-04T11:01:30Z</time>
   </trkpt>
   <trkpt lat="46.3446150" lon="12.9179800">
    <ele>631.4</ele>
    <time>2023-11-04T11:01:31Z</time>
   </trkpt>
   <trkpt lat="46.3446140" lon="12.9179660">
    <ele>631.5</ele>
    <time>2023-11-04T11:01:32Z</time>
   </trkpt>
   <trkpt lat="46.3446110" lon="12.9179410">
    <ele>631.6</ele>
    <time>2023-11-04T11:01:34Z</time>
   </trkpt>
   <trkpt lat="46.3446090" lon="12.9179190">
    <ele>631.7</ele>
    <time>2023-11-04T11:01:35Z</time>
   </trkpt>
   <trkpt lat="46.3446060" lon="12.9178930">
    <ele>631.8</ele>
    <time>2023-11-04T11:01:37Z</time>
   </trkpt>
   <trkpt lat="46.3446040" lon="12.9178680">
    <ele>631.9</ele>
    <time>2023-11-04T11:01:38Z</time>
   </trkpt>
   <trkpt lat="46.3446010" lon="12.9178450">
    <ele>631.9</ele>
    <time>2023-11-04T11:01:39Z</time>
   </trkpt>
   <trkpt lat="46.3445970" lon="12.9178240">
    <ele>632.0</ele>
    <time>2023-11-04T11:01:41Z</time>
   </trkpt>
   <trkpt lat="46.3445940" lon="12.9178020">
    <ele>632.1</ele>
    <time>2023-11-04T11:01:42Z</time>
   </trkpt>
   <trkpt lat="46.3445900" lon="12.9177810">
    <ele>632.2</ele>
    <time>2023-11-04T11:01:43Z</time>
   </trkpt>
   <trkpt lat="46.3445890" lon="12.9177610">
    <ele>632.3</ele>
    <time>2023-11-04T11:01:44Z</time>
   </trkpt>
   <trkpt lat="46.3445850" lon="12.9177420">
    <ele>632.4</ele>
    <time>2023-11-04T11:01:46Z</time>
   </trkpt>
   <trkpt lat="46.3445800" lon="12.9177160">
    <ele>632.5</ele>
    <time>2023-11-04T11:01:47Z</time>
   </trkpt>
   <trkpt lat="46.3445760" lon="12.9176950">
    <ele>632.6</ele>
    <time>2023-11-04T11:01:48Z</time>
   </trkpt>
   <trkpt lat="46.3445710" lon="12.9176720">
    <ele>632.7</ele>
    <time>2023-11-04T11:01:49Z</time>
   </trkpt>
   <trkpt lat="46.3445660" lon="12.9176500">
    <ele>632.8</ele>
    <time>2023-11-04T11:01:51Z</time>
   </trkpt>
   <trkpt lat="46.3445620" lon="12.9176280">
    <ele>632.9</ele>
    <time>2023-11-04T11:01:52Z</time>
   </trkpt>
   <trkpt lat="46.3445580" lon="12.9176050">
    <ele>633.0</ele>
    <time>2023-11-04T11:01:53Z</time>
   </trkpt>
   <trkpt lat="46.3445560" lon="12.9175880">
    <ele>633.1</ele>
    <time>2023-11-04T11:01:54Z</time>
   </trkpt>
   <trkpt lat="46.3445510" lon="12.9175670">
    <ele>633.2</ele>
    <time>2023-11-04T11:01:56Z</time>
   </trkpt>
   <trkpt lat="46.3445470" lon="12.9175460">
    <ele>633.4</ele>
    <time>2023-11-04T11:01:57Z</time>
   </trkpt>
   <trkpt lat="46.3445430" lon="12.9175280">
    <ele>633.5</ele>
    <time>2023-11-04T11:01:58Z</time>
   </trkpt>
   <trkpt lat="46.3445390" lon="12.9175100">
    <ele>633.6</ele>
    <time>2023-11-04T11:01:59Z</time>
   </trkpt>
   <trkpt lat="46.3445340" lon="12.9174910">
    <ele>633.7</ele>
    <time>2023-11-04T11:02:00Z</time>
   </trkpt>
   <trkpt lat="46.3445230" lon="12.9174610">
    <ele>633.8</ele>
    <time>2023-11-04T11:02:02Z</time>
   </trkpt>
   <trkpt lat="46.3445190" lon="12.9174480">
    <ele>633.9</ele>
    <time>2023-11-04T11:02:03Z</time>
   </trkpt>
   <trkpt lat="46.3445150" lon="12.9174350">
    <ele>634.0</ele>
    <time>2023-11-04T11:02:04Z</time>
   </trkpt>
   <trkpt lat="46.3445110" lon="12.9174160">
    <ele>634.1</ele>
    <time>2023-11-04T11:02:05Z</time>
   </trkpt>
   <trkpt lat="46.3445060" lon="12.9173970">
    <ele>634.2</ele>
    <time>2023-11-04T11:02:07Z</time>
   </trkpt>
   <trkpt lat="46.3445010" lon="12.9173790">
    <ele>634.3</ele>
    <time>2023-11-04T11:02:08Z</time>
   </trkpt>
   <trkpt lat="46.3444950" lon="12.9173550">
    <ele>634.4</ele>
    <time>2023-11-04T11:02:09Z</time>
   </trkpt>
   <trkpt lat="46.3444900" lon="12.9173280">
    <ele>634.6</ele>
    <time>2023-11-04T11:02:10Z</time>
   </trkpt>
   <trkpt lat="46.3444870" lon="12.9172950">
    <ele>634.7</ele>
    <time>2023-11-04T11:02:12Z</time>
   </trkpt>
   <trkpt lat="46.3444880" lon="12.9172790">
    <ele>634.8</ele>
    <time>2023-11-04T11:02:14Z</time>
   </trkpt>
   <trkpt lat="46.3444910" lon="12.9172640">
    <ele>634.8</ele>
    <time>2023-11-04T11:02:15Z</time>
   </trkpt>
   <trkpt lat="46.3444960" lon="12.9172440">
    <ele>634.9</ele>
    <time>2023-11-04T11:02:16Z</time>
   </trkpt>
   <trkpt lat="46.3445030" lon="12.9172260">
    <ele>635.0</ele>
    <time>2023-11-04T11:02:17Z</time>
   </trkpt>
   <trkpt lat="46.3445140" lon="12.9172010">
    <ele>635.1</ele>
    <time>2023-11-04T11:02:18Z</time>
   </trkpt>
   <trkpt lat="46.3445210" lon="12.9171920">
    <ele>635.2</ele>
    <time>2023-11-04T11:02:20Z</time>
   </trkpt>
   <trkpt lat="46.3445280" lon="12.9171820">
    <ele>635.2</ele>
    <time>2023-11-04T11:02:21Z</time>
   </trkpt>
   <trkpt lat="46.3445390" lon="12.9171610">
    <ele>635.4</ele>
    <time>2023-11-04T11:02:22Z</time>
   </trkpt>
   <trkpt lat="46.3445480" lon="12.9171440">
    <ele>635.4</ele>
    <time>2023-11-04T11:02:24Z</time>
   </trkpt>
   <trkpt lat="46.3445590" lon="12.9171190">
    <ele>635.5</ele>
    <time>2023-11-04T11:02:26Z</time>
   </trkpt>
   <trkpt lat="46.3445680" lon="12.9170890">
    <ele>635.7</ele>
    <time>2023-11-04T11:02:28Z</time>
   </trkpt>
   <trkpt lat="46.3445750" lon="12.9170790">
    <ele>635.7</ele>
    <time>2023-11-04T11:02:29Z</time>
   </trkpt>
   <trkpt lat="46.3445850" lon="12.9170650">
    <ele>635.8</ele>
    <time>2023-11-04T11:02:30Z</time>
   </trkpt>
   <trkpt lat="46.3446000" lon="12.9170490">
    <ele>635.9</ele>
    <time>2023-11-04T11:02:34Z</time>
   </trkpt>
   <trkpt lat="46.3446150" lon="12.9170820">
    <ele>636.1</ele>
    <time>2023-11-04T11:02:35Z</time>
   </trkpt>
   <trkpt lat="46.3446250" lon="12.9171040">
    <ele>636.1</ele>
    <time>2023-11-04T11:02:37Z</time>
   </trkpt>
   <trkpt lat="46.3446280" lon="12.9171040">
    <ele>636.2</ele>
    <time>2023-11-04T11:02:38Z</time>
   </trkpt>
   <trkpt lat="46.3446320" lon="12.9170950">
    <ele>636.2</ele>
    <time>2023-11-04T11:02:40Z</time>
   </trkpt>
   <trkpt lat="46.3446330" lon="12.9170810">
    <ele>636.3</ele>
    <time>2023-11-04T11:02:41Z</time>
   </trkpt>
   <trkpt lat="46.3446340" lon="12.9170700">
    <ele>636.3</ele>
    <time>2023-11-04T11:02:42Z</time>
   </trkpt>
   <trkpt lat="46.3446320" lon="12.9170510">
    <ele>636.4</ele>
    <time>2023-11-04T11:02:44Z</time>
   </trkpt>
   <trkpt lat="46.3446290" lon="12.9170290">
    <ele>636.5</ele>
    <time>2023-11-04T11:02:45Z</time>
   </trkpt>
   <trkpt lat="46.3446230" lon="12.9170100">
    <ele>636.5</ele>
    <time>2023-11-04T11:02:46Z</time>
   </trkpt>
   <trkpt lat="46.3446150" lon="12.9169910">
    <ele>636.6</ele>
    <time>2023-11-04T11:02:48Z</time>
   </trkpt>
   <trkpt lat="46.3446070" lon="12.9169750">
    <ele>636.7</ele>
    <time>2023-11-04T11:02:49Z</time>
   </trkpt>
   <trkpt lat="46.3445980" lon="12.9169530">
    <ele>636.8</ele>
    <time>2023-11-04T11:02:50Z</time>
   </trkpt>
   <trkpt lat="46.3445890" lon="12.9169350">
    <ele>636.9</ele>
    <time>2023-11-04T11:02:51Z</time>
   </trkpt>
   <trkpt lat="46.3445760" lon="12.9169160">
    <ele>637.0</ele>
    <time>2023-11-04T11:02:52Z</time>
   </trkpt>
   <trkpt lat="46.3445630" lon="12.9169040">
    <ele>637.0</ele>
    <time>2023-11-04T11:02:54Z</time>
   </trkpt>
   <trkpt lat="46.3445480" lon="12.9168890">
    <ele>637.1</ele>
    <time>2023-11-04T11:02:55Z</time>
   </trkpt>
   <trkpt lat="46.3445330" lon="12.9168780">
    <ele>637.2</ele>
    <time>2023-11-04T11:02:56Z</time>
   </trkpt>
   <trkpt lat="46.3445230" lon="12.9168680">
    <ele>637.3</ele>
    <time>2023-11-04T11:02:57Z</time>
   </trkpt>
   <trkpt lat="46.3445070" lon="12.9168630">
    <ele>637.3</ele>
    <time>2023-11-04T11:02:59Z</time>
   </trkpt>
   <trkpt lat="46.3444930" lon="12.9168530">
    <ele>637.4</ele>
    <time>2023-11-04T11:03:00Z</time>
   </trkpt>
   <trkpt lat="46.3444780" lon="12.9168430">
    <ele>637.5</ele>
    <time>2023-11-04T11:03:01Z</time>
   </trkpt>
   <trkpt lat="46.3444640" lon="12.9168330">
    <ele>637.6</ele>
    <time>2023-11-04T11:03:03Z</time>
   </trkpt>
   <trkpt lat="46.3444540" lon="12.9168240">
    <ele>637.6</ele>
    <time>2023-11-04T11:03:04Z</time>
   </trkpt>
   <trkpt lat="46.3444420" lon="12.9168110">
    <ele>637.6</ele>
    <time>2023-11-04T11:03:05Z</time>
   </trkpt>
   <trkpt lat="46.3444320" lon="12.9167990">
    <ele>637.7</ele>
    <time>2023-11-04T11:03:06Z</time>
   </trkpt>
   <trkpt lat="46.3444230" lon="12.9167860">
    <ele>637.7</ele>
    <time>2023-11-04T11:03:07Z</time>
   </trkpt>
   <trkpt lat="46.3444170" lon="12.9167730">
    <ele>637.8</ele>
    <time>2023-11-04T11:03:09Z</time>
   </trkpt>
   <trkpt lat="46.3444140" lon="12.9167590">
    <ele>637.8</ele>
    <time>2023-11-04T11:03:10Z</time>
   </trkpt>
   <trkpt lat="46.3444110" lon="12.9167190">
    <ele>637.8</ele>
    <time>2023-11-04T11:03:11Z</time>
   </trkpt>
   <trkpt lat="46.3444150" lon="12.9167040">
    <ele>637.9</ele>
    <time>2023-11-04T11:03:13Z</time>
   </trkpt>
   <trkpt lat="46.3444190" lon="12.9166880">
    <ele>637.9</ele>
    <time>2023-11-04T11:03:14Z</time>
   </trkpt>
   <trkpt lat="46.3444220" lon="12.9166730">
    <ele>637.9</ele>
    <time>2023-11-04T11:03:15Z</time>
   </trkpt>
   <trkpt lat="46.3444260" lon="12.9166580">
    <ele>637.9</ele>
    <time>2023-11-04T11:03:16Z</time>
   </trkpt>
   <trkpt lat="46.3444450" lon="12.9166190">
    <ele>637.9</ele>
    <time>2023-11-04T11:03:19Z</time>
   </trkpt>
   <trkpt lat="46.3444490" lon="12.9166130">
    <ele>637.9</ele>
    <time>2023-11-04T11:03:20Z</time>
   </trkpt>
   <trkpt lat="46.3444630" lon="12.9165890">
    <ele>637.9</ele>
    <time>2023-11-04T11:03:21Z</time>
   </trkpt>
   <trkpt lat="46.3444690" lon="12.9165780">
    <ele>637.9</ele>
    <time>2023-11-04T11:03:22Z</time>
   </trkpt>
   <trkpt lat="46.3444750" lon="12.9165670">
    <ele>637.9</ele>
    <time>2023-11-04T11:03:23Z</time>
   </trkpt>
   <trkpt lat="46.3445080" lon="12.9165280">
    <ele>637.9</ele>
    <time>2023-11-04T11:03:26Z</time>
   </trkpt>
   <trkpt lat="46.3445160" lon="12.9165180">
    <ele>637.9</ele>
    <time>2023-11-04T11:03:28Z</time>
   </trkpt>
   <trkpt lat="46.3445240" lon="12.9165080">
    <ele>637.8</ele>
    <time>2023-11-04T11:03:29Z</time>
   </trkpt>
   <trkpt lat="46.3445320" lon="12.9164980">
    <ele>637.8</ele>
    <time>2023-11-04T11:03:30Z</time>
   </trkpt>
   <trkpt lat="46.3445450" lon="12.9164820">
    <ele>637.8</ele>
    <time>2023-11-04T11:03:32Z</time>
   </trkpt>
   <trkpt lat="46.3445540" lon="12.9164750">
    <ele>637.8</ele>
    <time>2023-11-04T11:03:33Z</time>
   </trkpt>
   <trkpt lat="46.3445620" lon="12.9164670">
    <ele>637.8</ele>
    <time>2023-11-04T11:03:34Z</time>
   </trkpt>
   <trkpt lat="46.3445700" lon="12.9164580">
    <ele>637.8</ele>
    <time>2023-11-04T11:03:35Z</time>
   </trkpt>
   <trkpt lat="46.3445770" lon="12.9164490">
    <ele>637.8</ele>
    <time>2023-11-04T11:03:36Z</time>
   </trkpt>
   <trkpt lat="46.3445940" lon="12.9164280">
    <ele>637.8</ele>
    <time>2023-11-04T11:03:37Z</time>
   </trkpt>
   <trkpt lat="46.3445990" lon="12.9164200">
    <ele>637.8</ele>
    <time>2023-11-04T11:03:38Z</time>
   </trkpt>
   <trkpt lat="46.3446050" lon="12.9164130">
    <ele>637.8</ele>
    <time>2023-11-04T11:03:39Z</time>
   </trkpt>
   <trkpt lat="46.3446140" lon="12.9164030">
    <ele>637.8</ele>
    <time>2023-11-04T11:03:41Z</time>
   </trkpt>
   <trkpt lat="46.3446210" lon="12.9163940">
    <ele>637.8</ele>
    <time>2023-11-04T11:03:42Z</time>
   </trkpt>
   <trkpt lat="46.3446310" lon="12.9163800">
    <ele>637.8</ele>
    <time>2023-11-04T11:03:43Z</time>
   </trkpt>
   <trkpt lat="46.3446390" lon="12.9163680">
    <ele>637.8</ele>
    <time>2023-11-04T11:03:44Z</time>
   </trkpt>
   <trkpt lat="46.3446460" lon="12.9163550">
    <ele>637.8</ele>
    <time>2023-11-04T11:03:46Z</time>
   </trkpt>
   <trkpt lat="46.3446520" lon="12.9163450">
    <ele>637.8</ele>
    <time>2023-11-04T11:03:47Z</time>
   </trkpt>
   <trkpt lat="46.3446590" lon="12.9163340">
    <ele>637.8</ele>
    <time>2023-11-04T11:03:48Z</time>
   </trkpt>
   <trkpt lat="46.3446700" lon="12.9163140">
    <ele>637.8</ele>
    <time>2023-11-04T11:03:49Z</time>
   </trkpt>
   <trkpt lat="46.3446770" lon="12.9163020">
    <ele>637.8</ele>
    <time>2023-11-04T11:03:51Z</time>
   </trkpt>
   <trkpt lat="46.3446830" lon="12.9162890">
    <ele>637.8</ele>
    <time>2023-11-04T11:03:52Z</time>
   </trkpt>
   <trkpt lat="46.3446890" lon="12.9162760">
    <ele>637.8</ele>
    <time>2023-11-04T11:03:53Z</time>
   </trkpt>
   <trkpt lat="46.3446940" lon="12.9162640">
    <ele>637.8</ele>
    <time>2023-11-04T11:03:54Z</time>
   </trkpt>
   <trkpt lat="46.3447040" lon="12.9162430">
    <ele>637.8</ele>
    <time>2023-11-04T11:03:55Z</time>
   </trkpt>
   <trkpt lat="46.3447150" lon="12.9162190">
    <ele>637.8</ele>
    <time>2023-11-04T11:03:57Z</time>
   </trkpt>
   <trkpt lat="46.3447230" lon="12.9162020">
    <ele>637.8</ele>
    <time>2023-11-04T11:03:59Z</time>
   </trkpt>
   <trkpt lat="46.3447280" lon="12.9161880">
    <ele>637.8</ele>
    <time>2023-11-04T11:04:00Z</time>
   </trkpt>
   <trkpt lat="46.3447340" lon="12.9161740">
    <ele>637.8</ele>
    <time>2023-11-04T11:04:01Z</time>
   </trkpt>
   <trkpt lat="46.3447390" lon="12.9161610">
    <ele>637.9</ele>
    <time>2023-11-04T11:04:02Z</time>
   </trkpt>
   <trkpt lat="46.3447450" lon="12.9161450">
    <ele>637.9</ele>
    <time>2023-11-04T11:04:04Z</time>
   </trkpt>
   <trkpt lat="46.3447540" lon="12.9161220">
    <ele>637.9</ele>
    <time>2023-11-04T11:04:05Z</time>
   </trkpt>
   <trkpt lat="46.3447630" lon="12.9160950">
    <ele>638.0</ele>
    <time>2023-11-04T11:04:07Z</time>
   </trkpt>
   <trkpt lat="46.3447660" lon="12.9160850">
    <ele>638.0</ele>
    <time>2023-11-04T11:04:08Z</time>
   </trkpt>
   <trkpt lat="46.3447700" lon="12.9160750">
    <ele>638.0</ele>
    <time>2023-11-04T11:04:09Z</time>
   </trkpt>
   <trkpt lat="46.3447790" lon="12.9160460">
    <ele>638.1</ele>
    <time>2023-11-04T11:04:10Z</time>
   </trkpt>
   <trkpt lat="46.3447840" lon="12.9160330">
    <ele>638.1</ele>
    <time>2023-11-04T11:04:11Z</time>
   </trkpt>
   <trkpt lat="46.3447880" lon="12.9160200">
    <ele>638.2</ele>
    <time>2023-11-04T11:04:12Z</time>
   </trkpt>
   <trkpt lat="46.3448030" lon="12.9159820">
    <ele>638.3</ele>
    <time>2023-11-04T11:04:14Z</time>
   </trkpt>
   <trkpt lat="46.3448100" lon="12.9159650">
    <ele>638.3</ele>
    <time>2023-11-04T11:04:16Z</time>
   </trkpt>
   <trkpt lat="46.3448210" lon="12.9159410">
    <ele>638.4</ele>
    <time>2023-11-04T11:04:17Z</time>
   </trkpt>
   <trkpt lat="46.3448260" lon="12.9159290">
    <ele>638.5</ele>
    <time>2023-11-04T11:04:18Z</time>
   </trkpt>
   <trkpt lat="46.3448320" lon="12.9159150">
    <ele>638.5</ele>
    <time>2023-11-04T11:04:19Z</time>
   </trkpt>
   <trkpt lat="46.3448380" lon="12.9159010">
    <ele>638.6</ele>
    <time>2023-11-04T11:04:21Z</time>
   </trkpt>
   <trkpt lat="46.3448450" lon="12.9158850">
    <ele>638.6</ele>
    <time>2023-11-04T11:04:22Z</time>
   </trkpt>
   <trkpt lat="46.3448540" lon="12.9158650">
    <ele>638.7</ele>
    <time>2023-11-04T11:04:23Z</time>
   </trkpt>
   <trkpt lat="46.3448620" lon="12.9158460">
    <ele>638.8</ele>
    <time>2023-11-04T11:04:25Z</time>
   </trkpt>
   <trkpt lat="46.3448700" lon="12.9158280">
    <ele>638.9</ele>
    <time>2023-11-04T11:04:26Z</time>
   </trkpt>
   <trkpt lat="46.3448780" lon="12.9158080">
    <ele>639.0</ele>
    <time>2023-11-04T11:04:27Z</time>
   </trkpt>
   <trkpt lat="46.3448850" lon="12.9157890">
    <ele>639.1</ele>
    <time>2023-11-04T11:04:28Z</time>
   </trkpt>
   <trkpt lat="46.3448920" lon="12.9157690">
    <ele>639.2</ele>
    <time>2023-11-04T11:04:30Z</time>
   </trkpt>
   <trkpt lat="46.3448990" lon="12.9157450">
    <ele>639.3</ele>
    <time>2023-11-04T11:04:31Z</time>
   </trkpt>
   <trkpt lat="46.3449060" lon="12.9157250">
    <ele>639.5</ele>
    <time>2023-11-04T11:04:32Z</time>
   </trkpt>
   <trkpt lat="46.3449120" lon="12.9157040">
    <ele>639.6</ele>
    <time>2023-11-04T11:04:33Z</time>
   </trkpt>
   <trkpt lat="46.3449180" lon="12.9156840">
    <ele>639.7</ele>
    <time>2023-11-04T11:04:35Z</time>
   </trkpt>
   <trkpt lat="46.3449260" lon="12.9156620">
    <ele>639.9</ele>
    <time>2023-11-04T11:04:36Z</time>
   </trkpt>
   <trkpt lat="46.3449330" lon="12.9156420">
    <ele>640.0</ele>
    <time>2023-11-04T11:04:37Z</time>
   </trkpt>
   <trkpt lat="46.3449400" lon="12.9156230">
    <ele>640.1</ele>
    <time>2023-11-04T11:04:38Z</time>
   </trkpt>
   <trkpt lat="46.3449470" lon="12.9156050">
    <ele>640.3</ele>
    <time>2023-11-04T11:04:40Z</time>
   </trkpt>
   <trkpt lat="46.3449550" lon="12.9155850">
    <ele>640.4</ele>
    <time>2023-11-04T11:04:41Z</time>
   </trkpt>
   <trkpt lat="46.3449610" lon="12.9155660">
    <ele>640.6</ele>
    <time>2023-11-04T11:04:42Z</time>
   </trkpt>
   <trkpt lat="46.3449680" lon="12.9155470">
    <ele>640.8</ele>
    <time>2023-11-04T11:04:43Z</time>
   </trkpt>
   <trkpt lat="46.3449760" lon="12.9155310">
    <ele>640.9</ele>
    <time>2023-11-04T11:04:45Z</time>
   </trkpt>
   <trkpt lat="46.3449840" lon="12.9155150">
    <ele>641.0</ele>
    <time>2023-11-04T11:04:46Z</time>
   </trkpt>
   <trkpt lat="46.3449980" lon="12.9154890">
    <ele>641.3</ele>
    <time>2023-11-04T11:04:47Z</time>
   </trkpt>
   <trkpt lat="46.3450020" lon="12.9154780">
    <ele>641.4</ele>
    <time>2023-11-04T11:04:49Z</time>
   </trkpt>
   <trkpt lat="46.3450070" lon="12.9154680">
    <ele>641.5</ele>
    <time>2023-11-04T11:04:50Z</time>
   </trkpt>
   <trkpt lat="46.3450170" lon="12.9154420">
    <ele>641.7</ele>
    <time>2023-11-04T11:04:51Z</time>
   </trkpt>
   <trkpt lat="46.3450210" lon="12.9154310">
    <ele>641.8</ele>
    <time>2023-11-04T11:04:53Z</time>
   </trkpt>
   <trkpt lat="46.3450250" lon="12.9154210">
    <ele>641.9</ele>
    <time>2023-11-04T11:04:54Z</time>
   </trkpt>
   <trkpt lat="46.3450300" lon="12.9154030">
    <ele>642.0</ele>
    <time>2023-11-04T11:04:55Z</time>
   </trkpt>
   <trkpt lat="46.3450370" lon="12.9153790">
    <ele>642.2</ele>
    <time>2023-11-04T11:04:57Z</time>
   </trkpt>
   <trkpt lat="46.3450440" lon="12.9153530">
    <ele>642.4</ele>
    <time>2023-11-04T11:04:59Z</time>
   </trkpt>
   <trkpt lat="46.3450470" lon="12.9153340">
    <ele>642.6</ele>
    <time>2023-11-04T11:05:01Z</time>
   </trkpt>
   <trkpt lat="46.3450500" lon="12.9153090">
    <ele>642.8</ele>
    <time>2023-11-04T11:05:03Z</time>
   </trkpt>
   <trkpt lat="46.3450510" lon="12.9152840">
    <ele>643.0</ele>
    <time>2023-11-04T11:05:04Z</time>
   </trkpt>
   <trkpt lat="46.3450510" lon="12.9152630">
    <ele>643.2</ele>
    <time>2023-11-04T11:05:05Z</time>
   </trkpt>
   <trkpt lat="46.3450510" lon="12.9152400">
    <ele>643.4</ele>
    <time>2023-11-04T11:05:07Z</time>
   </trkpt>
   <trkpt lat="46.3450510" lon="12.9152180">
    <ele>643.5</ele>
    <time>2023-11-04T11:05:08Z</time>
   </trkpt>
   <trkpt lat="46.3450510" lon="12.9151950">
    <ele>643.7</ele>
    <time>2023-11-04T11:05:09Z</time>
   </trkpt>
   <trkpt lat="46.3450510" lon="12.9151740">
    <ele>643.9</ele>
    <time>2023-11-04T11:05:10Z</time>
   </trkpt>
   <trkpt lat="46.3450510" lon="12.9151510">
    <ele>644.1</ele>
    <time>2023-11-04T11:05:12Z</time>
   </trkpt>
   <trkpt lat="46.3450510" lon="12.9151270">
    <ele>644.3</ele>
    <time>2023-11-04T11:05:13Z</time>
   </trkpt>
   <trkpt lat="46.3450520" lon="12.9151030">
    <ele>644.5</ele>
    <time>2023-11-04T11:05:14Z</time>
   </trkpt>
   <trkpt lat="46.3450540" lon="12.9150790">
    <ele>644.7</ele>
    <time>2023-11-04T11:05:15Z</time>
   </trkpt>
   <trkpt lat="46.3450560" lon="12.9150560">
    <ele>644.9</ele>
    <time>2023-11-04T11:05:17Z</time>
   </trkpt>
   <trkpt lat="46.3450590" lon="12.9150330">
    <ele>645.1</ele>
    <time>2023-11-04T11:05:18Z</time>
   </trkpt>
   <trkpt lat="46.3450630" lon="12.9150070">
    <ele>645.3</ele>
    <time>2023-11-04T11:05:20Z</time>
   </trkpt>
   <trkpt lat="46.3450670" lon="12.9149850">
    <ele>645.5</ele>
    <time>2023-11-04T11:05:21Z</time>
   </trkpt>
   <trkpt lat="46.3450710" lon="12.9149700">
    <ele>645.6</ele>
    <time>2023-11-04T11:05:22Z</time>
   </trkpt>
   <trkpt lat="46.3450750" lon="12.9149600">
    <ele>645.7</ele>
    <time>2023-11-04T11:05:24Z</time>
   </trkpt>
   <trkpt lat="46.3450800" lon="12.9149430">
    <ele>645.9</ele>
    <time>2023-11-04T11:05:25Z</time>
   </trkpt>
   <trkpt lat="46.3450840" lon="12.9149300">
    <ele>646.0</ele>
    <time>2023-11-04T11:05:26Z</time>
   </trkpt>
   <trkpt lat="46.3450890" lon="12.9149120">
    <ele>646.1</ele>
    <time>2023-11-04T11:05:28Z</time>
   </trkpt>
   <trkpt lat="46.3450930" lon="12.9148980">
    <ele>646.2</ele>
    <time>2023-11-04T11:05:29Z</time>
   </trkpt>
   <trkpt lat="46.3450970" lon="12.9148760">
    <ele>646.4</ele>
    <time>2023-11-04T11:05:30Z</time>
   </trkpt>
   <trkpt lat="46.3451010" lon="12.9148540">
    <ele>646.5</ele>
    <time>2023-11-04T11:05:32Z</time>
   </trkpt>
   <trkpt lat="46.3451060" lon="12.9148200">
    <ele>646.7</ele>
    <time>2023-11-04T11:05:33Z</time>
   </trkpt>
   <trkpt lat="46.3451080" lon="12.9148050">
    <ele>646.8</ele>
    <time>2023-11-04T11:05:34Z</time>
   </trkpt>
   <trkpt lat="46.3451100" lon="12.9147890">
    <ele>646.9</ele>
    <time>2023-11-04T11:05:35Z</time>
   </trkpt>
   <trkpt lat="46.3451120" lon="12.9147660">
    <ele>647.0</ele>
    <time>2023-11-04T11:05:36Z</time>
   </trkpt>
   <trkpt lat="46.3451150" lon="12.9147390">
    <ele>647.2</ele>
    <time>2023-11-04T11:05:38Z</time>
   </trkpt>
   <trkpt lat="46.3451170" lon="12.9147190">
    <ele>647.3</ele>
    <time>2023-11-04T11:05:39Z</time>
   </trkpt>
   <trkpt lat="46.3451190" lon="12.9146980">
    <ele>647.3</ele>
    <time>2023-11-04T11:05:40Z</time>
   </trkpt>
   <trkpt lat="46.3451210" lon="12.9146640">
    <ele>647.4</ele>
    <time>2023-11-04T11:05:41Z</time>
   </trkpt>
   <trkpt lat="46.3451200" lon="12.9146000">
    <ele>647.6</ele>
    <time>2023-11-04T11:05:44Z</time>
   </trkpt>
   <trkpt lat="46.3451180" lon="12.9145590">
    <ele>647.7</ele>
    <time>2023-11-04T11:05:46Z</time>
   </trkpt>
   <trkpt lat="46.3451170" lon="12.9145400">
    <ele>647.7</ele>
    <time>2023-11-04T11:05:47Z</time>
   </trkpt>
   <trkpt lat="46.3451160" lon="12.9145210">
    <ele>647.7</ele>
    <time>2023-11-04T11:05:48Z</time>
   </trkpt>
   <trkpt lat="46.3451160" lon="12.9144840">
    <ele>647.8</ele>
    <time>2023-11-04T11:05:49Z</time>
   </trkpt>
   <trkpt lat="46.3451170" lon="12.9144690">
    <ele>647.8</ele>
    <time>2023-11-04T11:05:51Z</time>
   </trkpt>
   <trkpt lat="46.3451180" lon="12.9144550">
    <ele>647.8</ele>
    <time>2023-11-04T11:05:52Z</time>
   </trkpt>
   <trkpt lat="46.3451190" lon="12.9144400">
    <ele>647.8</ele>
    <time>2023-11-04T11:05:53Z</time>
   </trkpt>
   <trkpt lat="46.3451200" lon="12.9144250">
    <ele>647.8</ele>
    <time>2023-11-04T11:05:54Z</time>
   </trkpt>
   <trkpt lat="46.3451220" lon="12.9144080">
    <ele>647.8</ele>
    <time>2023-11-04T11:05:55Z</time>
   </trkpt>
   <trkpt lat="46.3451270" lon="12.9143850">
    <ele>647.8</ele>
    <time>2023-11-04T11:05:56Z</time>
   </trkpt>
   <trkpt lat="46.3451360" lon="12.9143470">
    <ele>647.8</ele>
    <time>2023-11-04T11:05:57Z</time>
   </trkpt>
   <trkpt lat="46.3451390" lon="12.9143330">
    <ele>647.7</ele>
    <time>2023-11-04T11:05:59Z</time>
   </trkpt>
   <trkpt lat="46.3451420" lon="12.9143190">
    <ele>647.7</ele>
    <time>2023-11-04T11:06:00Z</time>
   </trkpt>
   <trkpt lat="46.3451460" lon="12.9143050">
    <ele>647.7</ele>
    <time>2023-11-04T11:06:01Z</time>
   </trkpt>
   <trkpt lat="46.3451490" lon="12.9142910">
    <ele>647.7</ele>
    <time>2023-11-04T11:06:02Z</time>
   </trkpt>
   <trkpt lat="46.3451550" lon="12.9142680">
    <ele>647.7</ele>
    <time>2023-11-04T11:06:03Z</time>
   </trkpt>
   <trkpt lat="46.3451590" lon="12.9142440">
    <ele>647.7</ele>
    <time>2023-11-04T11:06:04Z</time>
   </trkpt>
   <trkpt lat="46.3451620" lon="12.9142180">
    <ele>647.7</ele>
    <time>2023-11-04T11:06:06Z</time>
   </trkpt>
   <trkpt lat="46.3451640" lon="12.9141980">
    <ele>647.6</ele>
    <time>2023-11-04T11:06:07Z</time>
   </trkpt>
   <trkpt lat="46.3451650" lon="12.9141780">
    <ele>647.6</ele>
    <time>2023-11-04T11:06:08Z</time>
   </trkpt>
   <trkpt lat="46.3451650" lon="12.9141550">
    <ele>647.6</ele>
    <time>2023-11-04T11:06:09Z</time>
   </trkpt>
   <trkpt lat="46.3451640" lon="12.9141130">
    <ele>647.6</ele>
    <time>2023-11-04T11:06:10Z</time>
   </trkpt>
   <trkpt lat="46.3451640" lon="12.9141020">
    <ele>647.6</ele>
    <time>2023-11-04T11:06:11Z</time>
   </trkpt>
   <trkpt lat="46.3451640" lon="12.9140640">
    <ele>647.5</ele>
    <time>2023-11-04T11:06:13Z</time>
   </trkpt>
   <trkpt lat="46.3451640" lon="12.9140470">
    <ele>647.5</ele>
    <time>2023-11-04T11:06:14Z</time>
   </trkpt>
   <trkpt lat="46.3451650" lon="12.9140290">
    <ele>647.7</ele>
    <time>2023-11-04T11:06:16Z</time>
   </trkpt>
   <trkpt lat="46.3451660" lon="12.9140140">
    <ele>648.0</ele>
    <time>2023-11-04T11:06:17Z</time>
   </trkpt>
   <trkpt lat="46.3451680" lon="12.9139860">
    <ele>648.7</ele>
    <time>2023-11-04T11:06:19Z</time>
   </trkpt>
   <trkpt lat="46.3451760" lon="12.9139620">
    <ele>649.3</ele>
    <time>2023-11-04T11:06:20Z</time>
   </trkpt>
   <trkpt lat="46.3451820" lon="12.9139520">
    <ele>649.6</ele>
    <time>2023-11-04T11:06:21Z</time>
   </trkpt>
   <trkpt lat="46.3451880" lon="12.9139420">
    <ele>649.9</ele>
    <time>2023-11-04T11:06:23Z</time>
   </trkpt>
   <trkpt lat="46.3451940" lon="12.9139320">
    <ele>650.2</ele>
    <time>2023-11-04T11:06:24Z</time>
   </trkpt>
   <trkpt lat="46.3451990" lon="12.9139220">
    <ele>650.5</ele>
    <time>2023-11-04T11:06:25Z</time>
   </trkpt>
   <trkpt lat="46.3452050" lon="12.9139120">
    <ele>650.8</ele>
    <time>2023-11-04T11:06:28Z</time>
   </trkpt>
   <trkpt lat="46.3452110" lon="12.9139020">
    <ele>651.1</ele>
    <time>2023-11-04T11:06:29Z</time>
   </trkpt>
   <trkpt lat="46.3452160" lon="12.9138920">
    <ele>651.4</ele>
    <time>2023-11-04T11:06:30Z</time>
   </trkpt>
   <trkpt lat="46.3452220" lon="12.9138820">
    <ele>651.6</ele>
    <time>2023-11-04T11:06:31Z</time>
   </trkpt>
   <trkpt lat="46.3452280" lon="12.9138720">
    <ele>651.9</ele>
    <time>2023-11-04T11:06:32Z</time>
   </trkpt>
   <trkpt lat="46.3452350" lon="12.9138600">
    <ele>652.3</ele>
    <time>2023-11-04T11:06:34Z</time>
   </trkpt>
   <trkpt lat="46.3452510" lon="12.9138390">
    <ele>653.0</ele>
    <time>2023-11-04T11:06:35Z</time>
   </trkpt>
   <trkpt lat="46.3452630" lon="12.9138280">
    <ele>653.4</ele>
    <time>2023-11-04T11:06:37Z</time>
   </trkpt>
   <trkpt lat="46.3452750" lon="12.9138120">
    <ele>654.0</ele>
    <time>2023-11-04T11:06:38Z</time>
   </trkpt>
   <trkpt lat="46.3452870" lon="12.9137930">
    <ele>654.5</ele>
    <time>2023-11-04T11:06:39Z</time>
   </trkpt>
   <trkpt lat="46.3452960" lon="12.9137790">
    <ele>654.9</ele>
    <time>2023-11-04T11:06:41Z</time>
   </trkpt>
   <trkpt lat="46.3453120" lon="12.9137530">
    <ele>655.7</ele>
    <time>2023-11-04T11:06:42Z</time>
   </trkpt>
   <trkpt lat="46.3453200" lon="12.9137400">
    <ele>656.1</ele>
    <time>2023-11-04T11:06:44Z</time>
   </trkpt>
   <trkpt lat="46.3453330" lon="12.9137170">
    <ele>656.7</ele>
    <time>2023-11-04T11:06:45Z</time>
   </trkpt>
   <trkpt lat="46.3453480" lon="12.9136960">
    <ele>657.4</ele>
    <time>2023-11-04T11:06:47Z</time>
   </trkpt>
   <trkpt lat="46.3453630" lon="12.9136770">
    <ele>657.5</ele>
    <time>2023-11-04T11:06:48Z</time>
   </trkpt>
   <trkpt lat="46.3453700" lon="12.9136700">
    <ele>657.5</ele>
    <time>2023-11-04T11:06:50Z</time>
   </trkpt>
   <trkpt lat="46.3453760" lon="12.9136630">
    <ele>657.5</ele>
    <time>2023-11-04T11:06:51Z</time>
   </trkpt>
   <trkpt lat="46.3453930" lon="12.9136430">
    <ele>657.5</ele>
    <time>2023-11-04T11:06:52Z</time>
   </trkpt>
   <trkpt lat="46.3454020" lon="12.9136330">
    <ele>657.6</ele>
    <time>2023-11-04T11:06:53Z</time>
   </trkpt>
   <trkpt lat="46.3454100" lon="12.9136230">
    <ele>657.6</ele>
    <time>2023-11-04T11:06:54Z</time>
   </trkpt>
   <trkpt lat="46.3454190" lon="12.9136120">
    <ele>657.6</ele>
    <time>2023-11-04T11:06:56Z</time>
   </trkpt>
   <trkpt lat="46.3454290" lon="12.9136020">
    <ele>657.6</ele>
    <time>2023-11-04T11:06:57Z</time>
   </trkpt>
   <trkpt lat="46.3454380" lon="12.9135920">
    <ele>657.6</ele>
    <time>2023-11-04T11:06:58Z</time>
   </trkpt>
   <trkpt lat="46.3454470" lon="12.9135820">
    <ele>657.6</ele>
    <time>2023-11-04T11:06:59Z</time>
   </trkpt>
   <trkpt lat="46.3454630" lon="12.9135630">
    <ele>657.7</ele>
    <time>2023-11-04T11:07:00Z</time>
   </trkpt>
   <trkpt lat="46.3454880" lon="12.9135340">
    <ele>657.7</ele>
    <time>2023-11-04T11:07:02Z</time>
   </trkpt>
   <trkpt lat="46.3454960" lon="12.9135250">
    <ele>657.7</ele>
    <time>2023-11-04T11:07:04Z</time>
   </trkpt>
   <trkpt lat="46.3455040" lon="12.9135160">
    <ele>657.7</ele>
    <time>2023-11-04T11:07:05Z</time>
   </trkpt>
   <trkpt lat="46.3455120" lon="12.9135070">
    <ele>657.7</ele>
    <time>2023-11-04T11:07:06Z</time>
   </trkpt>
   <trkpt lat="46.3455200" lon="12.9134980">
    <ele>657.8</ele>
    <time>2023-11-04T11:07:07Z</time>
   </trkpt>
   <trkpt lat="46.3455290" lon="12.9134850">
    <ele>657.8</ele>
    <time>2023-11-04T11:07:09Z</time>
   </trkpt>
   <trkpt lat="46.3455360" lon="12.9134750">
    <ele>657.8</ele>
    <time>2023-11-04T11:07:10Z</time>
   </trkpt>
   <trkpt lat="46.3455430" lon="12.9134650">
    <ele>657.8</ele>
    <time>2023-11-04T11:07:11Z</time>
   </trkpt>
   <trkpt lat="46.3455520" lon="12.9134510">
    <ele>657.8</ele>
    <time>2023-11-04T11:07:12Z</time>
   </trkpt>
   <trkpt lat="46.3455620" lon="12.9134340">
    <ele>657.8</ele>
    <time>2023-11-04T11:07:13Z</time>
   </trkpt>
   <trkpt lat="46.3455790" lon="12.9134120">
    <ele>657.9</ele>
    <time>2023-11-04T11:07:15Z</time>
   </trkpt>
   <trkpt lat="46.3455880" lon="12.9134010">
    <ele>657.9</ele>
    <time>2023-11-04T11:07:17Z</time>
   </trkpt>
   <trkpt lat="46.3455960" lon="12.9133900">
    <ele>657.9</ele>
    <time>2023-11-04T11:07:18Z</time>
   </trkpt>
   <trkpt lat="46.3456050" lon="12.9133790">
    <ele>657.9</ele>
    <time>2023-11-04T11:07:19Z</time>
   </trkpt>
   <trkpt lat="46.3456140" lon="12.9133680">
    <ele>657.9</ele>
    <time>2023-11-04T11:07:20Z</time>
   </trkpt>
   <trkpt lat="46.3456220" lon="12.9133590">
    <ele>657.9</ele>
    <time>2023-11-04T11:07:22Z</time>
   </trkpt>
   <trkpt lat="46.3456370" lon="12.9133430">
    <ele>658.0</ele>
    <time>2023-11-04T11:07:23Z</time>
   </trkpt>
   <trkpt lat="46.3456540" lon="12.9133300">
    <ele>658.0</ele>
    <time>2023-11-04T11:07:25Z</time>
   </trkpt>
   <trkpt lat="46.3456620" lon="12.9133240">
    <ele>658.0</ele>
    <time>2023-11-04T11:07:26Z</time>
   </trkpt>
   <trkpt lat="46.3456710" lon="12.9133180">
    <ele>658.0</ele>
    <time>2023-11-04T11:07:27Z</time>
   </trkpt>
   <trkpt lat="46.3456920" lon="12.9133030">
    <ele>658.0</ele>
    <time>2023-11-04T11:07:28Z</time>
   </trkpt>
   <trkpt lat="46.3457030" lon="12.9132960">
    <ele>658.0</ele>
    <time>2023-11-04T11:07:31Z</time>
   </trkpt>
   <trkpt lat="46.3457140" lon="12.9132900">
    <ele>658.1</ele>
    <time>2023-11-04T11:07:32Z</time>
   </trkpt>
   <trkpt lat="46.3457250" lon="12.9132830">
    <ele>658.1</ele>
    <time>2023-11-04T11:07:33Z</time>
   </trkpt>
   <trkpt lat="46.3457360" lon="12.9132770">
    <ele>658.1</ele>
    <time>2023-11-04T11:07:34Z</time>
   </trkpt>
   <trkpt lat="46.3457520" lon="12.9132670">
    <ele>658.1</ele>
    <time>2023-11-04T11:07:35Z</time>
   </trkpt>
   <trkpt lat="46.3457630" lon="12.9132580">
    <ele>658.1</ele>
    <time>2023-11-04T11:07:36Z</time>
   </trkpt>
   <trkpt lat="46.3457820" lon="12.9132430">
    <ele>658.1</ele>
    <time>2023-11-04T11:07:38Z</time>
   </trkpt>
   <trkpt lat="46.3457900" lon="12.9132370">
    <ele>658.1</ele>
    <time>2023-11-04T11:07:39Z</time>
   </trkpt>
   <trkpt lat="46.3457970" lon="12.9132310">
    <ele>658.2</ele>
    <time>2023-11-04T11:07:40Z</time>
   </trkpt>
   <trkpt lat="46.3458080" lon="12.9132210">
    <ele>658.2</ele>
    <time>2023-11-04T11:07:41Z</time>
   </trkpt>
   <trkpt lat="46.3458270" lon="12.9132040">
    <ele>658.2</ele>
    <time>2023-11-04T11:07:42Z</time>
   </trkpt>
   <trkpt lat="46.3458470" lon="12.9131850">
    <ele>658.2</ele>
    <time>2023-11-04T11:07:43Z</time>
   </trkpt>
   <trkpt lat="46.3458560" lon="12.9131760">
    <ele>658.2</ele>
    <time>2023-11-04T11:07:45Z</time>
   </trkpt>
   <trkpt lat="46.3458650" lon="12.9131680">
    <ele>658.3</ele>
    <time>2023-11-04T11:07:46Z</time>
   </trkpt>
   <trkpt lat="46.3458730" lon="12.9131590">
    <ele>658.3</ele>
    <time>2023-11-04T11:07:47Z</time>
   </trkpt>
   <trkpt lat="46.3458820" lon="12.9131510">
    <ele>658.3</ele>
    <time>2023-11-04T11:07:48Z</time>
   </trkpt>
   <trkpt lat="46.3459010" lon="12.9131330">
    <ele>658.3</ele>
    <time>2023-11-04T11:07:49Z</time>
   </trkpt>
   <trkpt lat="46.3459130" lon="12.9131220">
    <ele>658.3</ele>
    <time>2023-11-04T11:07:51Z</time>
   </trkpt>
   <trkpt lat="46.3459240" lon="12.9131110">
    <ele>658.3</ele>
    <time>2023-11-04T11:07:52Z</time>
   </trkpt>
   <trkpt lat="46.3459350" lon="12.9131000">
    <ele>658.4</ele>
    <time>2023-11-04T11:07:53Z</time>
   </trkpt>
   <trkpt lat="46.3459460" lon="12.9130890">
    <ele>658.4</ele>
    <time>2023-11-04T11:07:54Z</time>
   </trkpt>
   <trkpt lat="46.3459640" lon="12.9130700">
    <ele>658.4</ele>
    <time>2023-11-04T11:07:55Z</time>
   </trkpt>
   <trkpt lat="46.3459970" lon="12.9130390">
    <ele>658.5</ele>
    <time>2023-11-04T11:07:58Z</time>
   </trkpt>
   <trkpt lat="46.3460070" lon="12.9130290">
    <ele>658.5</ele>
    <time>2023-11-04T11:08:00Z</time>
   </trkpt>
   <trkpt lat="46.3460160" lon="12.9130190">
    <ele>658.5</ele>
    <time>2023-11-04T11:08:01Z</time>
   </trkpt>
   <trkpt lat="46.3460380" lon="12.9129940">
    <ele>658.6</ele>
    <time>2023-11-04T11:08:02Z</time>
   </trkpt>
   <trkpt lat="46.3460460" lon="12.9129840">
    <ele>658.6</ele>
    <time>2023-11-04T11:08:04Z</time>
   </trkpt>
   <trkpt lat="46.3460540" lon="12.9129740">
    <ele>658.6</ele>
    <time>2023-11-04T11:08:05Z</time>
   </trkpt>
   <trkpt lat="46.3460620" lon="12.9129640">
    <ele>658.6</ele>
    <time>2023-11-04T11:08:06Z</time>
   </trkpt>
   <trkpt lat="46.3460700" lon="12.9129530">
    <ele>658.7</ele>
    <time>2023-11-04T11:08:07Z</time>
   </trkpt>
   <trkpt lat="46.3460840" lon="12.9129370">
    <ele>658.7</ele>
    <time>2023-11-04T11:08:09Z</time>
   </trkpt>
   <trkpt lat="46.3460920" lon="12.9129270">
    <ele>658.7</ele>
    <time>2023-11-04T11:08:10Z</time>
   </trkpt>
   <trkpt lat="46.3461070" lon="12.9129080">
    <ele>658.8</ele>
    <time>2023-11-04T11:08:11Z</time>
   </trkpt>
   <trkpt lat="46.3461140" lon="12.9128990">
    <ele>658.8</ele>
    <time>2023-11-04T11:08:12Z</time>
   </trkpt>
   <trkpt lat="46.3461200" lon="12.9128900">
    <ele>658.8</ele>
    <time>2023-11-04T11:08:13Z</time>
   </trkpt>
   <trkpt lat="46.3461420" lon="12.9128640">
    <ele>658.9</ele>
    <time>2023-11-04T11:08:15Z</time>
   </trkpt>
   <trkpt lat="46.3461500" lon="12.9128540">
    <ele>658.9</ele>
    <time>2023-11-04T11:08:16Z</time>
   </trkpt>
   <trkpt lat="46.3461660" lon="12.9128350">
    <ele>658.9</ele>
    <time>2023-11-04T11:08:18Z</time>
   </trkpt>
   <trkpt lat="46.3461730" lon="12.9128260">
    <ele>658.9</ele>
    <time>2023-11-04T11:08:19Z</time>
   </trkpt>
   <trkpt lat="46.3461810" lon="12.9128170">
    <ele>658.9</ele>
    <time>2023-11-04T11:08:20Z</time>
   </trkpt>
   <trkpt lat="46.3462000" lon="12.9127930">
    <ele>659.0</ele>
    <time>2023-11-04T11:08:22Z</time>
   </trkpt>
   <trkpt lat="46.3462090" lon="12.9127800">
    <ele>659.0</ele>
    <time>2023-11-04T11:08:24Z</time>
   </trkpt>
   <trkpt lat="46.3462200" lon="12.9127620">
    <ele>659.0</ele>
    <time>2023-11-04T11:08:25Z</time>
   </trkpt>
   <trkpt lat="46.3462330" lon="12.9127420">
    <ele>659.0</ele>
    <time>2023-11-04T11:08:26Z</time>
   </trkpt>
   <trkpt lat="46.3462490" lon="12.9127160">
    <ele>659.1</ele>
    <time>2023-11-04T11:08:28Z</time>
   </trkpt>
   <trkpt lat="46.3462580" lon="12.9127000">
    <ele>659.1</ele>
    <time>2023-11-04T11:08:30Z</time>
   </trkpt>
   <trkpt lat="46.3462660" lon="12.9126850">
    <ele>659.1</ele>
    <time>2023-11-04T11:08:31Z</time>
   </trkpt>
   <trkpt lat="46.3462790" lon="12.9126610">
    <ele>659.1</ele>
    <time>2023-11-04T11:08:32Z</time>
   </trkpt>
   <trkpt lat="46.3462990" lon="12.9126270">
    <ele>659.2</ele>
    <time>2023-11-04T11:08:33Z</time>
   </trkpt>
   <trkpt lat="46.3463100" lon="12.9126080">
    <ele>659.2</ele>
    <time>2023-11-04T11:08:36Z</time>
   </trkpt>
   <trkpt lat="46.3463210" lon="12.9125890">
    <ele>659.2</ele>
    <time>2023-11-04T11:08:38Z</time>
   </trkpt>
   <trkpt lat="46.3463320" lon="12.9125710">
    <ele>659.3</ele>
    <time>2023-11-04T11:08:39Z</time>
   </trkpt>
   <trkpt lat="46.3463430" lon="12.9125490">
    <ele>659.3</ele>
    <time>2023-11-04T11:08:40Z</time>
   </trkpt>
   <trkpt lat="46.3463520" lon="12.9125300">
    <ele>659.3</ele>
    <time>2023-11-04T11:08:41Z</time>
   </trkpt>
   <trkpt lat="46.3463630" lon="12.9125100">
    <ele>659.4</ele>
    <time>2023-11-04T11:08:43Z</time>
   </trkpt>
   <trkpt lat="46.3463770" lon="12.9124820">
    <ele>659.4</ele>
    <time>2023-11-04T11:08:44Z</time>
   </trkpt>
   <trkpt lat="46.3463900" lon="12.9124590">
    <ele>659.4</ele>
    <time>2023-11-04T11:08:46Z</time>
   </trkpt>
   <trkpt lat="46.3463940" lon="12.9124510">
    <ele>659.4</ele>
    <time>2023-11-04T11:08:47Z</time>
   </trkpt>
   <trkpt lat="46.3464210" lon="12.9124060">
    <ele>659.5</ele>
    <time>2023-11-04T11:08:48Z</time>
   </trkpt>
   <trkpt lat="46.3464330" lon="12.9123870">
    <ele>659.5</ele>
    <time>2023-11-04T11:08:51Z</time>
   </trkpt>
   <trkpt lat="46.3464440" lon="12.9123690">
    <ele>659.6</ele>
    <time>2023-11-04T11:08:53Z</time>
   </trkpt>
   <trkpt lat="46.3464560" lon="12.9123510">
    <ele>659.6</ele>
    <time>2023-11-04T11:08:54Z</time>
   </trkpt>
   <trkpt lat="46.3464700" lon="12.9123280">
    <ele>659.6</ele>
    <time>2023-11-04T11:08:55Z</time>
   </trkpt>
   <trkpt lat="46.3464850" lon="12.9122990">
    <ele>659.7</ele>
    <time>2023-11-04T11:08:58Z</time>
   </trkpt>
   <trkpt lat="46.3464980" lon="12.9122740">
    <ele>659.7</ele>
    <time>2023-11-04T11:09:00Z</time>
   </trkpt>
   <trkpt lat="46.3465050" lon="12.9122610">
    <ele>659.7</ele>
    <time>2023-11-04T11:09:01Z</time>
   </trkpt>
   <trkpt lat="46.3465160" lon="12.9122430">
    <ele>659.8</ele>
    <time>2023-11-04T11:09:02Z</time>
   </trkpt>
   <trkpt lat="46.3465270" lon="12.9122240">
    <ele>659.8</ele>
    <time>2023-11-04T11:09:03Z</time>
   </trkpt>
   <trkpt lat="46.3465490" lon="12.9121890">
    <ele>659.9</ele>
    <time>2023-11-04T11:09:06Z</time>
   </trkpt>
   <trkpt lat="46.3465540" lon="12.9121830">
    <ele>659.9</ele>
    <time>2023-11-04T11:09:07Z</time>
   </trkpt>
   <trkpt lat="46.3465620" lon="12.9121700">
    <ele>659.9</ele>
    <time>2023-11-04T11:09:08Z</time>
   </trkpt>
   <trkpt lat="46.3465770" lon="12.9121470">
    <ele>659.9</ele>
    <time>2023-11-04T11:09:09Z</time>
   </trkpt>
   <trkpt lat="46.3465860" lon="12.9121330">
    <ele>660.0</ele>
    <time>2023-11-04T11:09:10Z</time>
   </trkpt>
   <trkpt lat="46.3466060" lon="12.9121040">
    <ele>660.0</ele>
    <time>2023-11-04T11:09:13Z</time>
   </trkpt>
   <trkpt lat="46.3466150" lon="12.9120900">
    <ele>660.0</ele>
    <time>2023-11-04T11:09:14Z</time>
   </trkpt>
   <trkpt lat="46.3466240" lon="12.9120750">
    <ele>660.1</ele>
    <time>2023-11-04T11:09:15Z</time>
   </trkpt>
   <trkpt lat="46.3466430" lon="12.9120450">
    <ele>660.1</ele>
    <time>2023-11-04T11:09:16Z</time>
   </trkpt>
   <trkpt lat="46.3466500" lon="12.9120340">
    <ele>660.1</ele>
    <time>2023-11-04T11:09:17Z</time>
   </trkpt>
   <trkpt lat="46.3466670" lon="12.9120080">
    <ele>660.2</ele>
    <time>2023-11-04T11:09:19Z</time>
   </trkpt>
   <trkpt lat="46.3466760" lon="12.9119920">
    <ele>660.2</ele>
    <time>2023-11-04T11:09:21Z</time>
   </trkpt>
   <trkpt lat="46.3466850" lon="12.9119770">
    <ele>660.2</ele>
    <time>2023-11-04T11:09:22Z</time>
   </trkpt>
   <trkpt lat="46.3467100" lon="12.9119300">
    <ele>660.3</ele>
    <time>2023-11-04T11:09:25Z</time>
   </trkpt>
   <trkpt lat="46.3467180" lon="12.9119160">
    <ele>660.4</ele>
    <time>2023-11-04T11:09:26Z</time>
   </trkpt>
   <trkpt lat="46.3467310" lon="12.9118910">
    <ele>660.4</ele>
    <time>2023-11-04T11:09:27Z</time>
   </trkpt>
   <trkpt lat="46.3467360" lon="12.9118820">
    <ele>660.4</ele>
    <time>2023-11-04T11:09:28Z</time>
   </trkpt>
   <trkpt lat="46.3467420" lon="12.9118720">
    <ele>660.4</ele>
    <time>2023-11-04T11:09:29Z</time>
   </trkpt>
   <trkpt lat="46.3467520" lon="12.9118540">
    <ele>660.5</ele>
    <time>2023-11-04T11:09:30Z</time>
   </trkpt>
   <trkpt lat="46.3467650" lon="12.9118340">
    <ele>660.5</ele>
    <time>2023-11-04T11:09:31Z</time>
   </trkpt>
   <trkpt lat="46.3467730" lon="12.9118200">
    <ele>660.5</ele>
    <time>2023-11-04T11:09:32Z</time>
   </trkpt>
   <trkpt lat="46.3467900" lon="12.9117950">
    <ele>660.5</ele>
    <time>2023-11-04T11:09:34Z</time>
   </trkpt>
   <trkpt lat="46.3468000" lon="12.9117820">
    <ele>660.6</ele>
    <time>2023-11-04T11:09:36Z</time>
   </trkpt>
   <trkpt lat="46.3468110" lon="12.9117670">
    <ele>660.6</ele>
    <time>2023-11-04T11:09:37Z</time>
   </trkpt>
   <trkpt lat="46.3468230" lon="12.9117500">
    <ele>660.6</ele>
    <time>2023-11-04T11:09:38Z</time>
   </trkpt>
   <trkpt lat="46.3468310" lon="12.9117370">
    <ele>660.6</ele>
    <time>2023-11-04T11:09:39Z</time>
   </trkpt>
   <trkpt lat="46.3468390" lon="12.9117240">
    <ele>660.6</ele>
    <time>2023-11-04T11:09:41Z</time>
   </trkpt>
   <trkpt lat="46.3468450" lon="12.9117130">
    <ele>660.6</ele>
    <time>2023-11-04T11:09:42Z</time>
   </trkpt>
   <trkpt lat="46.3468510" lon="12.9117010">
    <ele>660.7</ele>
    <time>2023-11-04T11:09:43Z</time>
   </trkpt>
   <trkpt lat="46.3468570" lon="12.9116900">
    <ele>660.7</ele>
    <time>2023-11-04T11:09:44Z</time>
   </trkpt>
   <trkpt lat="46.3468660" lon="12.9116740">
    <ele>660.7</ele>
    <time>2023-11-04T11:09:45Z</time>
   </trkpt>
   <trkpt lat="46.3468740" lon="12.9116610">
    <ele>660.7</ele>
    <time>2023-11-04T11:09:46Z</time>
   </trkpt>
   <trkpt lat="46.3468810" lon="12.9116490">
    <ele>660.7</ele>
    <time>2023-11-04T11:09:47Z</time>
   </trkpt>
   <trkpt lat="46.3468900" lon="12.9116360">
    <ele>660.7</ele>
    <time>2023-11-04T11:09:48Z</time>
   </trkpt>
   <trkpt lat="46.3469000" lon="12.9116250">
    <ele>660.7</ele>
    <time>2023-11-04T11:09:50Z</time>
   </trkpt>
   <trkpt lat="46.3469090" lon="12.9116160">
    <ele>660.8</ele>
    <time>2023-11-04T11:09:51Z</time>
   </trkpt>
   <trkpt lat="46.3469220" lon="12.9116040">
    <ele>660.8</ele>
    <time>2023-11-04T11:09:52Z</time>
   </trkpt>
   <trkpt lat="46.3469370" lon="12.9115900">
    <ele>660.8</ele>
    <time>2023-11-04T11:09:54Z</time>
   </trkpt>
   <trkpt lat="46.3469460" lon="12.9115800">
    <ele>660.8</ele>
    <time>2023-11-04T11:09:55Z</time>
   </trkpt>
   <trkpt lat="46.3469560" lon="12.9115710">
    <ele>660.8</ele>
    <time>2023-11-04T11:09:56Z</time>
   </trkpt>
   <trkpt lat="46.3469650" lon="12.9115600">
    <ele>660.8</ele>
    <time>2023-11-04T11:09:57Z</time>
   </trkpt>
   <trkpt lat="46.3469790" lon="12.9115450">
    <ele>660.8</ele>
    <time>2023-11-04T11:09:58Z</time>
   </trkpt>
   <trkpt lat="46.3469900" lon="12.9115310">
    <ele>660.8</ele>
    <time>2023-11-04T11:09:59Z</time>
   </trkpt>
   <trkpt lat="46.3470080" lon="12.9115030">
    <ele>660.9</ele>
    <time>2023-11-04T11:10:00Z</time>
   </trkpt>
   <trkpt lat="46.3470160" lon="12.9114880">
    <ele>660.9</ele>
    <time>2023-11-04T11:10:02Z</time>
   </trkpt>
   <trkpt lat="46.3470250" lon="12.9114730">
    <ele>660.9</ele>
    <time>2023-11-04T11:10:03Z</time>
   </trkpt>
   <trkpt lat="46.3470330" lon="12.9114580">
    <ele>660.9</ele>
    <time>2023-11-04T11:10:04Z</time>
   </trkpt>
   <trkpt lat="46.3470530" lon="12.9114110">
    <ele>660.9</ele>
    <time>2023-11-04T11:10:07Z</time>
   </trkpt>
   <trkpt lat="46.3470580" lon="12.9113930">
    <ele>660.9</ele>
    <time>2023-11-04T11:10:09Z</time>
   </trkpt>
   <trkpt lat="46.3470660" lon="12.9113650">
    <ele>661.0</ele>
    <time>2023-11-04T11:10:10Z</time>
   </trkpt>
   <trkpt lat="46.3470750" lon="12.9113310">
    <ele>661.0</ele>
    <time>2023-11-04T11:10:12Z</time>
   </trkpt>
   <trkpt lat="46.3470770" lon="12.9113060">
    <ele>661.0</ele>
    <time>2023-11-04T11:10:14Z</time>
   </trkpt>
   <trkpt lat="46.3470800" lon="12.9112880">
    <ele>661.0</ele>
    <time>2023-11-04T11:10:15Z</time>
   </trkpt>
   <trkpt lat="46.3470850" lon="12.9112620">
    <ele>661.1</ele>
    <time>2023-11-04T11:10:16Z</time>
   </trkpt>
   <trkpt lat="46.3470900" lon="12.9112330">
    <ele>661.1</ele>
    <time>2023-11-04T11:10:17Z</time>
   </trkpt>
   <trkpt lat="46.3470940" lon="12.9112130">
    <ele>661.1</ele>
    <time>2023-11-04T11:10:19Z</time>
   </trkpt>
   <trkpt lat="46.3470970" lon="12.9111930">
    <ele>661.1</ele>
    <time>2023-11-04T11:10:20Z</time>
   </trkpt>
   <trkpt lat="46.3471000" lon="12.9111730">
    <ele>661.1</ele>
    <time>2023-11-04T11:10:21Z</time>
   </trkpt>
   <trkpt lat="46.3471040" lon="12.9111540">
    <ele>661.2</ele>
    <time>2023-11-04T11:10:22Z</time>
   </trkpt>
   <trkpt lat="46.3471080" lon="12.9111350">
    <ele>661.2</ele>
    <time>2023-11-04T11:10:23Z</time>
   </trkpt>
   <trkpt lat="46.3471140" lon="12.9111080">
    <ele>661.2</ele>
    <time>2023-11-04T11:10:24Z</time>
   </trkpt>
   <trkpt lat="46.3471200" lon="12.9110790">
    <ele>661.2</ele>
    <time>2023-11-04T11:10:26Z</time>
   </trkpt>
   <trkpt lat="46.3471270" lon="12.9110450">
    <ele>661.3</ele>
    <time>2023-11-04T11:10:27Z</time>
   </trkpt>
   <trkpt lat="46.3471310" lon="12.9110260">
    <ele>661.3</ele>
    <time>2023-11-04T11:10:29Z</time>
   </trkpt>
   <trkpt lat="46.3471340" lon="12.9110090">
    <ele>661.3</ele>
    <time>2023-11-04T11:10:30Z</time>
   </trkpt>
   <trkpt lat="46.3471390" lon="12.9109820">
    <ele>661.4</ele>
    <time>2023-11-04T11:10:31Z</time>
   </trkpt>
   <trkpt lat="46.3471420" lon="12.9109640">
    <ele>661.4</ele>
    <time>2023-11-04T11:10:32Z</time>
   </trkpt>
   <trkpt lat="46.3471480" lon="12.9109340">
    <ele>661.4</ele>
    <time>2023-11-04T11:10:34Z</time>
   </trkpt>
   <trkpt lat="46.3471520" lon="12.9109160">
    <ele>661.5</ele>
    <time>2023-11-04T11:10:35Z</time>
   </trkpt>
   <trkpt lat="46.3471550" lon="12.9108960">
    <ele>661.5</ele>
    <time>2023-11-04T11:10:37Z</time>
   </trkpt>
   <trkpt lat="46.3471580" lon="12.9108780">
    <ele>661.5</ele>
    <time>2023-11-04T11:10:38Z</time>
   </trkpt>
   <trkpt lat="46.3471640" lon="12.9108480">
    <ele>661.5</ele>
    <time>2023-11-04T11:10:39Z</time>
   </trkpt>
   <trkpt lat="46.3471730" lon="12.9108060">
    <ele>661.6</ele>
    <time>2023-11-04T11:10:41Z</time>
   </trkpt>
   <trkpt lat="46.3471750" lon="12.9107970">
    <ele>661.6</ele>
    <time>2023-11-04T11:10:42Z</time>
   </trkpt>
   <trkpt lat="46.3471820" lon="12.9107680">
    <ele>661.6</ele>
    <time>2023-11-04T11:10:43Z</time>
   </trkpt>
   <trkpt lat="46.3471850" lon="12.9107570">
    <ele>661.6</ele>
    <time>2023-11-04T11:10:45Z</time>
   </trkpt>
   <trkpt lat="46.3471870" lon="12.9107450">
    <ele>661.6</ele>
    <time>2023-11-04T11:10:46Z</time>
   </trkpt>
   <trkpt lat="46.3471920" lon="12.9107240">
    <ele>661.6</ele>
    <time>2023-11-04T11:10:47Z</time>
   </trkpt>
   <trkpt lat="46.3472000" lon="12.9106890">
    <ele>661.6</ele>
    <time>2023-11-04T11:10:49Z</time>
   </trkpt>
   <trkpt lat="46.3472060" lon="12.9106640">
    <ele>661.6</ele>
    <time>2023-11-04T11:10:50Z</time>
   </trkpt>
   <trkpt lat="46.3472090" lon="12.9106390">
    <ele>661.6</ele>
    <time>2023-11-04T11:10:51Z</time>
   </trkpt>
   <trkpt lat="46.3472050" lon="12.9105760">
    <ele>661.7</ele>
    <time>2023-11-04T11:10:53Z</time>
   </trkpt>
   <trkpt lat="46.3472020" lon="12.9105510">
    <ele>661.7</ele>
    <time>2023-11-04T11:10:54Z</time>
   </trkpt>
   <trkpt lat="46.3471910" lon="12.9104980">
    <ele>661.7</ele>
    <time>2023-11-04T11:10:56Z</time>
   </trkpt>
   <trkpt lat="46.3471860" lon="12.9104700">
    <ele>661.7</ele>
    <time>2023-11-04T11:10:57Z</time>
   </trkpt>
   <trkpt lat="46.3471790" lon="12.9104420">
    <ele>661.7</ele>
    <time>2023-11-04T11:10:59Z</time>
   </trkpt>
   <trkpt lat="46.3471660" lon="12.9103910">
    <ele>661.8</ele>
    <time>2023-11-04T11:11:00Z</time>
   </trkpt>
   <trkpt lat="46.3471630" lon="12.9103760">
    <ele>661.8</ele>
    <time>2023-11-04T11:11:01Z</time>
   </trkpt>
   <trkpt lat="46.3471580" lon="12.9103520">
    <ele>661.8</ele>
    <time>2023-11-04T11:11:02Z</time>
   </trkpt>
   <trkpt lat="46.3471540" lon="12.9103270">
    <ele>661.8</ele>
    <time>2023-11-04T11:11:03Z</time>
   </trkpt>
   <trkpt lat="46.3471480" lon="12.9103030">
    <ele>661.9</ele>
    <time>2023-11-04T11:11:05Z</time>
   </trkpt>
   <trkpt lat="46.3471440" lon="12.9102830">
    <ele>661.9</ele>
    <time>2023-11-04T11:11:06Z</time>
   </trkpt>
   <trkpt lat="46.3471360" lon="12.9102410">
    <ele>662.0</ele>
    <time>2023-11-04T11:11:07Z</time>
   </trkpt>
   <trkpt lat="46.3471340" lon="12.9102270">
    <ele>662.0</ele>
    <time>2023-11-04T11:11:08Z</time>
   </trkpt>
   <trkpt lat="46.3471300" lon="12.9101790">
    <ele>662.1</ele>
    <time>2023-11-04T11:11:11Z</time>
   </trkpt>
   <trkpt lat="46.3471300" lon="12.9101700">
    <ele>662.1</ele>
    <time>2023-11-04T11:11:12Z</time>
   </trkpt>
   <trkpt lat="46.3471270" lon="12.9101330">
    <ele>662.1</ele>
    <time>2023-11-04T11:11:13Z</time>
   </trkpt>
   <trkpt lat="46.3471260" lon="12.9101150">
    <ele>662.2</ele>
    <time>2023-11-04T11:11:14Z</time>
   </trkpt>
   <trkpt lat="46.3471240" lon="12.9100970">
    <ele>662.2</ele>
    <time>2023-11-04T11:11:15Z</time>
   </trkpt>
   <trkpt lat="46.3471190" lon="12.9100540">
    <ele>662.2</ele>
    <time>2023-11-04T11:11:17Z</time>
   </trkpt>
   <trkpt lat="46.3471170" lon="12.9100360">
    <ele>662.3</ele>
    <time>2023-11-04T11:11:18Z</time>
   </trkpt>
   <trkpt lat="46.3471150" lon="12.9100050">
    <ele>662.3</ele>
    <time>2023-11-04T11:11:20Z</time>
   </trkpt>
   <trkpt lat="46.3471150" lon="12.9099910">
    <ele>662.3</ele>
    <time>2023-11-04T11:11:21Z</time>
   </trkpt>
   <trkpt lat="46.3471150" lon="12.9099780">
    <ele>662.3</ele>
    <time>2023-11-04T11:11:22Z</time>
   </trkpt>
   <trkpt lat="46.3471160" lon="12.9099610">
    <ele>662.3</ele>
    <time>2023-11-04T11:11:23Z</time>
   </trkpt>
   <trkpt lat="46.3471150" lon="12.9099450">
    <ele>662.4</ele>
    <time>2023-11-04T11:11:24Z</time>
   </trkpt>
   <trkpt lat="46.3471130" lon="12.9099300">
    <ele>662.4</ele>
    <time>2023-11-04T11:11:25Z</time>
   </trkpt>
   <trkpt lat="46.3471120" lon="12.9099000">
    <ele>662.4</ele>
    <time>2023-11-04T11:11:27Z</time>
   </trkpt>
   <trkpt lat="46.3471120" lon="12.9098870">
    <ele>662.4</ele>
    <time>2023-11-04T11:11:28Z</time>
   </trkpt>
   <trkpt lat="46.3471110" lon="12.9098750">
    <ele>662.4</ele>
    <time>2023-11-04T11:11:29Z</time>
   </trkpt>
   <trkpt lat="46.3471110" lon="12.9098430">
    <ele>662.5</ele>
    <time>2023-11-04T11:11:30Z</time>
   </trkpt>
   <trkpt lat="46.3471110" lon="12.9098310">
    <ele>662.5</ele>
    <time>2023-11-04T11:11:31Z</time>
   </trkpt>
   <trkpt lat="46.3471110" lon="12.9098190">
    <ele>662.5</ele>
    <time>2023-11-04T11:11:32Z</time>
   </trkpt>
   <trkpt lat="46.3471130" lon="12.9097950">
    <ele>662.5</ele>
    <time>2023-11-04T11:11:34Z</time>
   </trkpt>
   <trkpt lat="46.3471130" lon="12.9097770">
    <ele>662.5</ele>
    <time>2023-11-04T11:11:35Z</time>
   </trkpt>
   <trkpt lat="46.3471090" lon="12.9097360">
    <ele>662.5</ele>
    <time>2023-11-04T11:11:36Z</time>
   </trkpt>
   <trkpt lat="46.3471070" lon="12.9097220">
    <ele>662.5</ele>
    <time>2023-11-04T11:11:37Z</time>
   </trkpt>
   <trkpt lat="46.3471020" lon="12.9096820">
    <ele>662.5</ele>
    <time>2023-11-04T11:11:39Z</time>
   </trkpt>
   <trkpt lat="46.3471000" lon="12.9096630">
    <ele>662.5</ele>
    <time>2023-11-04T11:11:40Z</time>
   </trkpt>
   <trkpt lat="46.3470980" lon="12.9096380">
    <ele>662.5</ele>
    <time>2023-11-04T11:11:42Z</time>
   </trkpt>
   <trkpt lat="46.3470970" lon="12.9096160">
    <ele>662.5</ele>
    <time>2023-11-04T11:11:43Z</time>
   </trkpt>
   <trkpt lat="46.3470960" lon="12.9095730">
    <ele>662.5</ele>
    <time>2023-11-04T11:11:44Z</time>
   </trkpt>
   <trkpt lat="46.3470950" lon="12.9095580">
    <ele>662.5</ele>
    <time>2023-11-04T11:11:45Z</time>
   </trkpt>
   <trkpt lat="46.3470950" lon="12.9095360">
    <ele>662.5</ele>
    <time>2023-11-04T11:11:47Z</time>
   </trkpt>
   <trkpt lat="46.3470960" lon="12.9095170">
    <ele>662.5</ele>
    <time>2023-11-04T11:11:48Z</time>
   </trkpt>
   <trkpt lat="46.3470970" lon="12.9094850">
    <ele>662.5</ele>
    <time>2023-11-04T11:11:49Z</time>
   </trkpt>
   <trkpt lat="46.3470980" lon="12.9094690">
    <ele>662.5</ele>
    <time>2023-11-04T11:11:50Z</time>
   </trkpt>
   <trkpt lat="46.3470990" lon="12.9094540">
    <ele>662.6</ele>
    <time>2023-11-04T11:11:51Z</time>
   </trkpt>
   <trkpt lat="46.3471020" lon="12.9094300">
    <ele>662.6</ele>
    <time>2023-11-04T11:11:53Z</time>
   </trkpt>
   <trkpt lat="46.3471050" lon="12.9093970">
    <ele>662.6</ele>
    <time>2023-11-04T11:11:55Z</time>
   </trkpt>
   <trkpt lat="46.3471120" lon="12.9093640">
    <ele>662.6</ele>
    <time>2023-11-04T11:11:56Z</time>
   </trkpt>
   <trkpt lat="46.3471170" lon="12.9093420">
    <ele>662.7</ele>
    <time>2023-11-04T11:11:58Z</time>
   </trkpt>
   <trkpt lat="46.3471200" lon="12.9093210">
    <ele>662.7</ele>
    <time>2023-11-04T11:11:59Z</time>
   </trkpt>
   <trkpt lat="46.3471230" lon="12.9092950">
    <ele>662.7</ele>
    <time>2023-11-04T11:12:00Z</time>
   </trkpt>
   <trkpt lat="46.3471240" lon="12.9092640">
    <ele>662.7</ele>
    <time>2023-11-04T11:12:01Z</time>
   </trkpt>
   <trkpt lat="46.3471250" lon="12.9092230">
    <ele>662.8</ele>
    <time>2023-11-04T11:12:03Z</time>
   </trkpt>
   <trkpt lat="46.3471260" lon="12.9092000">
    <ele>662.8</ele>
    <time>2023-11-04T11:12:04Z</time>
   </trkpt>
   <trkpt lat="46.3471260" lon="12.9091780">
    <ele>662.8</ele>
    <time>2023-11-04T11:12:05Z</time>
   </trkpt>
   <trkpt lat="46.3471250" lon="12.9091520">
    <ele>662.8</ele>
    <time>2023-11-04T11:12:07Z</time>
   </trkpt>
   <trkpt lat="46.3471240" lon="12.9091290">
    <ele>662.9</ele>
    <time>2023-11-04T11:12:08Z</time>
   </trkpt>
   <trkpt lat="46.3471240" lon="12.9090890">
    <ele>662.9</ele>
    <time>2023-11-04T11:12:09Z</time>
   </trkpt>
   <trkpt lat="46.3471240" lon="12.9090770">
    <ele>662.9</ele>
    <time>2023-11-04T11:12:10Z</time>
   </trkpt>
   <trkpt lat="46.3471250" lon="12.9090560">
    <ele>662.9</ele>
    <time>2023-11-04T11:12:11Z</time>
   </trkpt>
   <trkpt lat="46.3471260" lon="12.9090350">
    <ele>663.0</ele>
    <time>2023-11-04T11:12:12Z</time>
   </trkpt>
   <trkpt lat="46.3471290" lon="12.9090090">
    <ele>663.0</ele>
    <time>2023-11-04T11:12:14Z</time>
   </trkpt>
   <trkpt lat="46.3471300" lon="12.9089880">
    <ele>663.0</ele>
    <time>2023-11-04T11:12:15Z</time>
   </trkpt>
   <trkpt lat="46.3471320" lon="12.9089510">
    <ele>663.0</ele>
    <time>2023-11-04T11:12:16Z</time>
   </trkpt>
   <trkpt lat="46.3471330" lon="12.9089350">
    <ele>663.0</ele>
    <time>2023-11-04T11:12:17Z</time>
   </trkpt>
   <trkpt lat="46.3471350" lon="12.9089110">
    <ele>663.1</ele>
    <time>2023-11-04T11:12:18Z</time>
   </trkpt>
   <trkpt lat="46.3471380" lon="12.9088710">
    <ele>663.1</ele>
    <time>2023-11-04T11:12:20Z</time>
   </trkpt>
   <trkpt lat="46.3471350" lon="12.9088210">
    <ele>663.1</ele>
    <time>2023-11-04T11:12:23Z</time>
   </trkpt>
   <trkpt lat="46.3471340" lon="12.9088130">
    <ele>663.1</ele>
    <time>2023-11-04T11:12:24Z</time>
   </trkpt>
   <trkpt lat="46.3471320" lon="12.9088050">
    <ele>663.1</ele>
    <time>2023-11-04T11:12:26Z</time>
   </trkpt>
   <trkpt lat="46.3471300" lon="12.9087970">
    <ele>663.1</ele>
    <time>2023-11-04T11:12:28Z</time>
   </trkpt>
   <trkpt lat="46.3471280" lon="12.9087890">
    <ele>663.1</ele>
    <time>2023-11-04T11:12:30Z</time>
   </trkpt>
   <trkpt lat="46.3471270" lon="12.9087810">
    <ele>663.1</ele>
    <time>2023-11-04T11:12:31Z</time>
   </trkpt>
   <trkpt lat="46.3471250" lon="12.9087730">
    <ele>663.1</ele>
    <time>2023-11-04T11:12:32Z</time>
   </trkpt>
   <trkpt lat="46.3471230" lon="12.9087640">
    <ele>663.1</ele>
    <time>2023-11-04T11:12:33Z</time>
   </trkpt>
   <trkpt lat="46.3471220" lon="12.9087560">
    <ele>663.1</ele>
    <time>2023-11-04T11:12:34Z</time>
   </trkpt>
   <trkpt lat="46.3471200" lon="12.9087480">
    <ele>663.2</ele>
    <time>2023-11-04T11:12:35Z</time>
   </trkpt>
   <trkpt lat="46.3471180" lon="12.9087400">
    <ele>663.2</ele>
    <time>2023-11-04T11:12:36Z</time>
   </trkpt>
   <trkpt lat="46.3471160" lon="12.9087320">
    <ele>663.2</ele>
    <time>2023-11-04T11:12:37Z</time>
   </trkpt>
   <trkpt lat="46.3471150" lon="12.9087240">
    <ele>663.2</ele>
    <time>2023-11-04T11:12:39Z</time>
   </trkpt>
   <trkpt lat="46.3471130" lon="12.9087160">
    <ele>663.2</ele>
    <time>2023-11-04T11:12:40Z</time>
   </trkpt>
   <trkpt lat="46.3471110" lon="12.9087080">
    <ele>663.2</ele>
    <time>2023-11-04T11:12:42Z</time>
   </trkpt>
   <trkpt lat="46.3471100" lon="12.9087000">
    <ele>663.2</ele>
    <time>2023-11-04T11:12:45Z</time>
   </trkpt>
   <trkpt lat="46.3471080" lon="12.9086920">
    <ele>663.2</ele>
    <time>2023-11-04T11:12:46Z</time>
   </trkpt>
   <trkpt lat="46.3470960" lon="12.9086560">
    <ele>663.3</ele>
    <time>2023-11-04T11:12:47Z</time>
   </trkpt>
   <trkpt lat="46.3470910" lon="12.9086410">
    <ele>663.3</ele>
    <time>2023-11-04T11:12:48Z</time>
   </trkpt>
   <trkpt lat="46.3470790" lon="12.9086040">
    <ele>663.3</ele>
    <time>2023-11-04T11:12:49Z</time>
   </trkpt>
   <trkpt lat="46.3470620" lon="12.9085530">
    <ele>663.4</ele>
    <time>2023-11-04T11:12:51Z</time>
   </trkpt>
   <trkpt lat="46.3470530" lon="12.9085270">
    <ele>663.4</ele>
    <time>2023-11-04T11:12:52Z</time>
   </trkpt>
   <trkpt lat="46.3470420" lon="12.9084780">
    <ele>663.5</ele>
    <time>2023-11-04T11:12:54Z</time>
   </trkpt>
   <trkpt lat="46.3470390" lon="12.9084600">
    <ele>663.5</ele>
    <time>2023-11-04T11:12:55Z</time>
   </trkpt>
   <trkpt lat="46.3470320" lon="12.9084050">
    <ele>663.6</ele>
    <time>2023-11-04T11:12:56Z</time>
   </trkpt>
   <trkpt lat="46.3470310" lon="12.9083860">
    <ele>663.6</ele>
    <time>2023-11-04T11:12:57Z</time>
   </trkpt>
   <trkpt lat="46.3470280" lon="12.9083400">
    <ele>663.7</ele>
    <time>2023-11-04T11:12:59Z</time>
   </trkpt>
   <trkpt lat="46.3470280" lon="12.9083130">
    <ele>663.7</ele>
    <time>2023-11-04T11:13:00Z</time>
   </trkpt>
   <trkpt lat="46.3470290" lon="12.9082800">
    <ele>663.7</ele>
    <time>2023-11-04T11:13:02Z</time>
   </trkpt>
   <trkpt lat="46.3470290" lon="12.9082570">
    <ele>663.7</ele>
    <time>2023-11-04T11:13:03Z</time>
   </trkpt>
   <trkpt lat="46.3470340" lon="12.9082300">
    <ele>663.8</ele>
    <time>2023-11-04T11:13:04Z</time>
   </trkpt>
   <trkpt lat="46.3470390" lon="12.9081890">
    <ele>663.8</ele>
    <time>2023-11-04T11:13:05Z</time>
   </trkpt>
   <trkpt lat="46.3470430" lon="12.9081640">
    <ele>663.8</ele>
    <time>2023-11-04T11:13:06Z</time>
   </trkpt>
   <trkpt lat="46.3470510" lon="12.9081190">
    <ele>663.8</ele>
    <time>2023-11-04T11:13:09Z</time>
   </trkpt>
   <trkpt lat="46.3470550" lon="12.9080800">
    <ele>663.8</ele>
    <time>2023-11-04T11:13:10Z</time>
   </trkpt>
   <trkpt lat="46.3470580" lon="12.9080400">
    <ele>663.9</ele>
    <time>2023-11-04T11:13:12Z</time>
   </trkpt>
   <trkpt lat="46.3470590" lon="12.9080260">
    <ele>663.9</ele>
    <time>2023-11-04T11:13:13Z</time>
   </trkpt>
   <trkpt lat="46.3470600" lon="12.9079800">
    <ele>663.9</ele>
    <time>2023-11-04T11:13:15Z</time>
   </trkpt>
   <trkpt lat="46.3470600" lon="12.9079710">
    <ele>663.9</ele>
    <time>2023-11-04T11:13:16Z</time>
   </trkpt>
   <trkpt lat="46.3470600" lon="12.9079540">
    <ele>663.9</ele>
    <time>2023-11-04T11:13:17Z</time>
   </trkpt>
   <trkpt lat="46.3470630" lon="12.9079370">
    <ele>663.9</ele>
    <time>2023-11-04T11:13:18Z</time>
   </trkpt>
   <trkpt lat="46.3470650" lon="12.9079200">
    <ele>663.9</ele>
    <time>2023-11-04T11:13:19Z</time>
   </trkpt>
   <trkpt lat="46.3470680" lon="12.9078960">
    <ele>663.9</ele>
    <time>2023-11-04T11:13:20Z</time>
   </trkpt>
   <trkpt lat="46.3470700" lon="12.9078770">
    <ele>663.9</ele>
    <time>2023-11-04T11:13:21Z</time>
   </trkpt>
   <trkpt lat="46.3470730" lon="12.9078570">
    <ele>663.9</ele>
    <time>2023-11-04T11:13:22Z</time>
   </trkpt>
   <trkpt lat="46.3470750" lon="12.9078370">
    <ele>663.9</ele>
    <time>2023-11-04T11:13:23Z</time>
   </trkpt>
   <trkpt lat="46.3470770" lon="12.9078160">
    <ele>663.9</ele>
    <time>2023-11-04T11:13:24Z</time>
   </trkpt>
   <trkpt lat="46.3470780" lon="12.9077970">
    <ele>664.0</ele>
    <time>2023-11-04T11:13:26Z</time>
   </trkpt>
   <trkpt lat="46.3470790" lon="12.9077790">
    <ele>664.0</ele>
    <time>2023-11-04T11:13:27Z</time>
   </trkpt>
   <trkpt lat="46.3470820" lon="12.9077500">
    <ele>664.0</ele>
    <time>2023-11-04T11:13:28Z</time>
   </trkpt>
   <trkpt lat="46.3470840" lon="12.9077260">
    <ele>664.0</ele>
    <time>2023-11-04T11:13:30Z</time>
   </trkpt>
   <trkpt lat="46.3470880" lon="12.9076920">
    <ele>664.0</ele>
    <time>2023-11-04T11:13:32Z</time>
   </trkpt>
   <trkpt lat="46.3470900" lon="12.9076620">
    <ele>664.1</ele>
    <time>2023-11-04T11:13:33Z</time>
   </trkpt>
   <trkpt lat="46.3470910" lon="12.9076490">
    <ele>664.1</ele>
    <time>2023-11-04T11:13:34Z</time>
   </trkpt>
   <trkpt lat="46.3470920" lon="12.9076370">
    <ele>664.1</ele>
    <time>2023-11-04T11:13:35Z</time>
   </trkpt>
   <trkpt lat="46.3470930" lon="12.9076060">
    <ele>664.1</ele>
    <time>2023-11-04T11:13:36Z</time>
   </trkpt>
   <trkpt lat="46.3470930" lon="12.9075860">
    <ele>664.1</ele>
    <time>2023-11-04T11:13:37Z</time>
   </trkpt>
   <trkpt lat="46.3470930" lon="12.9075650">
    <ele>664.2</ele>
    <time>2023-11-04T11:13:38Z</time>
   </trkpt>
   <trkpt lat="46.3470930" lon="12.9075290">
    <ele>664.2</ele>
    <time>2023-11-04T11:13:40Z</time>
   </trkpt>
   <trkpt lat="46.3470930" lon="12.9075050">
    <ele>664.2</ele>
    <time>2023-11-04T11:13:42Z</time>
   </trkpt>
   <trkpt lat="46.3470930" lon="12.9074840">
    <ele>664.3</ele>
    <time>2023-11-04T11:13:43Z</time>
   </trkpt>
   <trkpt lat="46.3470920" lon="12.9074440">
    <ele>664.3</ele>
    <time>2023-11-04T11:13:44Z</time>
   </trkpt>
   <trkpt lat="46.3470910" lon="12.9074260">
    <ele>664.3</ele>
    <time>2023-11-04T11:13:45Z</time>
   </trkpt>
   <trkpt lat="46.3470850" lon="12.9073660">
    <ele>664.4</ele>
    <time>2023-11-04T11:13:47Z</time>
   </trkpt>
   <trkpt lat="46.3470830" lon="12.9073480">
    <ele>664.4</ele>
    <time>2023-11-04T11:13:49Z</time>
   </trkpt>
   <trkpt lat="46.3470810" lon="12.9073290">
    <ele>664.4</ele>
    <time>2023-11-04T11:13:50Z</time>
   </trkpt>
   <trkpt lat="46.3470770" lon="12.9073050">
    <ele>664.5</ele>
    <time>2023-11-04T11:13:51Z</time>
   </trkpt>
   <trkpt lat="46.3470740" lon="12.9072810">
    <ele>664.5</ele>
    <time>2023-11-04T11:13:52Z</time>
   </trkpt>
   <trkpt lat="46.3470690" lon="12.9072410">
    <ele>664.5</ele>
    <time>2023-11-04T11:13:53Z</time>
   </trkpt>
   <trkpt lat="46.3470630" lon="12.9072000">
    <ele>664.6</ele>
    <time>2023-11-04T11:13:55Z</time>
   </trkpt>
   <trkpt lat="46.3470620" lon="12.9071900">
    <ele>664.6</ele>
    <time>2023-11-04T11:13:56Z</time>
   </trkpt>
   <trkpt lat="46.3470590" lon="12.9071690">
    <ele>664.6</ele>
    <time>2023-11-04T11:13:57Z</time>
   </trkpt>
   <trkpt lat="46.3470550" lon="12.9071480">
    <ele>664.7</ele>
    <time>2023-11-04T11:13:58Z</time>
   </trkpt>
   <trkpt lat="46.3470500" lon="12.9071110">
    <ele>664.7</ele>
    <time>2023-11-04T11:13:59Z</time>
   </trkpt>
   <trkpt lat="46.3470470" lon="12.9070940">
    <ele>664.7</ele>
    <time>2023-11-04T11:14:00Z</time>
   </trkpt>
   <trkpt lat="46.3470410" lon="12.9070530">
    <ele>664.8</ele>
    <time>2023-11-04T11:14:02Z</time>
   </trkpt>
   <trkpt lat="46.3470390" lon="12.9070430">
    <ele>664.8</ele>
    <time>2023-11-04T11:14:03Z</time>
   </trkpt>
   <trkpt lat="46.3470340" lon="12.9069950">
    <ele>664.9</ele>
    <time>2023-11-04T11:14:05Z</time>
   </trkpt>
   <trkpt lat="46.3470340" lon="12.9069860">
    <ele>664.9</ele>
    <time>2023-11-04T11:14:06Z</time>
   </trkpt>
   <trkpt lat="46.3470300" lon="12.9069490">
    <ele>664.9</ele>
    <time>2023-11-04T11:14:07Z</time>
   </trkpt>
   <trkpt lat="46.3470280" lon="12.9069330">
    <ele>664.9</ele>
    <time>2023-11-04T11:14:08Z</time>
   </trkpt>
   <trkpt lat="46.3470260" lon="12.9069160">
    <ele>665.0</ele>
    <time>2023-11-04T11:14:09Z</time>
   </trkpt>
   <trkpt lat="46.3470230" lon="12.9068960">
    <ele>665.0</ele>
    <time>2023-11-04T11:14:10Z</time>
   </trkpt>
   <trkpt lat="46.3470210" lon="12.9068760">
    <ele>665.0</ele>
    <time>2023-11-04T11:14:11Z</time>
   </trkpt>
   <trkpt lat="46.3470170" lon="12.9068320">
    <ele>665.1</ele>
    <time>2023-11-04T11:14:14Z</time>
   </trkpt>
   <trkpt lat="46.3470170" lon="12.9068230">
    <ele>665.1</ele>
    <time>2023-11-04T11:14:15Z</time>
   </trkpt>
   <trkpt lat="46.3470160" lon="12.9067890">
    <ele>665.1</ele>
    <time>2023-11-04T11:14:16Z</time>
   </trkpt>
   <trkpt lat="46.3470160" lon="12.9067720">
    <ele>665.1</ele>
    <time>2023-11-04T11:14:17Z</time>
   </trkpt>
   <trkpt lat="46.3470160" lon="12.9067560">
    <ele>665.2</ele>
    <time>2023-11-04T11:14:18Z</time>
   </trkpt>
   <trkpt lat="46.3470160" lon="12.9067350">
    <ele>665.2</ele>
    <time>2023-11-04T11:14:19Z</time>
   </trkpt>
   <trkpt lat="46.3470190" lon="12.9066930">
    <ele>665.3</ele>
    <time>2023-11-04T11:14:22Z</time>
   </trkpt>
   <trkpt lat="46.3470210" lon="12.9066720">
    <ele>665.3</ele>
    <time>2023-11-04T11:14:23Z</time>
   </trkpt>
   <trkpt lat="46.3470230" lon="12.9066510">
    <ele>665.3</ele>
    <time>2023-11-04T11:14:24Z</time>
   </trkpt>
   <trkpt lat="46.3470260" lon="12.9066300">
    <ele>665.4</ele>
    <time>2023-11-04T11:14:25Z</time>
   </trkpt>
   <trkpt lat="46.3470310" lon="12.9066030">
    <ele>665.4</ele>
    <time>2023-11-04T11:14:26Z</time>
   </trkpt>
   <trkpt lat="46.3470360" lon="12.9065730">
    <ele>665.5</ele>
    <time>2023-11-04T11:14:27Z</time>
   </trkpt>
   <trkpt lat="46.3470380" lon="12.9065510">
    <ele>665.5</ele>
    <time>2023-11-04T11:14:29Z</time>
   </trkpt>
   <trkpt lat="46.3470400" lon="12.9065310">
    <ele>665.5</ele>
    <time>2023-11-04T11:14:30Z</time>
   </trkpt>
   <trkpt lat="46.3470420" lon="12.9065120">
    <ele>665.6</ele>
    <time>2023-11-04T11:14:31Z</time>
   </trkpt>
   <trkpt lat="46.3470430" lon="12.9064780">
    <ele>665.6</ele>
    <time>2023-11-04T11:14:32Z</time>
   </trkpt>
   <trkpt lat="46.3470420" lon="12.9064630">
    <ele>665.6</ele>
    <time>2023-11-04T11:14:33Z</time>
   </trkpt>
   <trkpt lat="46.3470420" lon="12.9064490">
    <ele>665.6</ele>
    <time>2023-11-04T11:14:34Z</time>
   </trkpt>
   <trkpt lat="46.3470390" lon="12.9064200">
    <ele>665.7</ele>
    <time>2023-11-04T11:14:35Z</time>
   </trkpt>
   <trkpt lat="46.3470340" lon="12.9063830">
    <ele>665.7</ele>
    <time>2023-11-04T11:14:37Z</time>
   </trkpt>
   <trkpt lat="46.3470270" lon="12.9063580">
    <ele>665.7</ele>
    <time>2023-11-04T11:14:39Z</time>
   </trkpt>
   <trkpt lat="46.3470220" lon="12.9063370">
    <ele>665.8</ele>
    <time>2023-11-04T11:14:40Z</time>
   </trkpt>
   <trkpt lat="46.3470110" lon="12.9063000">
    <ele>665.6</ele>
    <time>2023-11-04T11:14:41Z</time>
   </trkpt>
   <trkpt lat="46.3470070" lon="12.9062830">
    <ele>665.5</ele>
    <time>2023-11-04T11:14:42Z</time>
   </trkpt>
   <trkpt lat="46.3469970" lon="12.9062520">
    <ele>665.3</ele>
    <time>2023-11-04T11:14:44Z</time>
   </trkpt>
   <trkpt lat="46.3469870" lon="12.9062110">
    <ele>665.2</ele>
    <time>2023-11-04T11:14:46Z</time>
   </trkpt>
   <trkpt lat="46.3469820" lon="12.9061910">
    <ele>665.1</ele>
    <time>2023-11-04T11:14:47Z</time>
   </trkpt>
   <trkpt lat="46.3469770" lon="12.9061700">
    <ele>665.0</ele>
    <time>2023-11-04T11:14:48Z</time>
   </trkpt>
   <trkpt lat="46.3469710" lon="12.9061490">
    <ele>664.9</ele>
    <time>2023-11-04T11:14:49Z</time>
   </trkpt>
   <trkpt lat="46.3469640" lon="12.9061220">
    <ele>664.7</ele>
    <time>2023-11-04T11:14:50Z</time>
   </trkpt>
   <trkpt lat="46.3469550" lon="12.9060920">
    <ele>664.6</ele>
    <time>2023-11-04T11:14:51Z</time>
   </trkpt>
   <trkpt lat="46.3469390" lon="12.9060340">
    <ele>664.3</ele>
    <time>2023-11-04T11:14:54Z</time>
   </trkpt>
   <trkpt lat="46.3469320" lon="12.9060140">
    <ele>664.2</ele>
    <time>2023-11-04T11:14:56Z</time>
   </trkpt>
   <trkpt lat="46.3469260" lon="12.9059950">
    <ele>664.0</ele>
    <time>2023-11-04T11:14:57Z</time>
   </trkpt>
   <trkpt lat="46.3469190" lon="12.9059700">
    <ele>663.9</ele>
    <time>2023-11-04T11:14:58Z</time>
   </trkpt>
   <trkpt lat="46.3469120" lon="12.9059420">
    <ele>663.8</ele>
    <time>2023-11-04T11:14:59Z</time>
   </trkpt>
   <trkpt lat="46.3469030" lon="12.9059070">
    <ele>663.6</ele>
    <time>2023-11-04T11:15:01Z</time>
   </trkpt>
   <trkpt lat="46.3468990" lon="12.9058870">
    <ele>663.5</ele>
    <time>2023-11-04T11:15:02Z</time>
   </trkpt>
   <trkpt lat="46.3468950" lon="12.9058670">
    <ele>663.4</ele>
    <time>2023-11-04T11:15:04Z</time>
   </trkpt>
   <trkpt lat="46.3468910" lon="12.9058490">
    <ele>663.3</ele>
    <time>2023-11-04T11:15:05Z</time>
   </trkpt>
   <trkpt lat="46.3468870" lon="12.9058240">
    <ele>663.2</ele>
    <time>2023-11-04T11:15:06Z</time>
   </trkpt>
   <trkpt lat="46.3468840" lon="12.9057690">
    <ele>662.9</ele>
    <time>2023-11-04T11:15:07Z</time>
   </trkpt>
   <trkpt lat="46.3468840" lon="12.9057410">
    <ele>662.7</ele>
    <time>2023-11-04T11:15:10Z</time>
   </trkpt>
   <trkpt lat="46.3468840" lon="12.9057130">
    <ele>662.6</ele>
    <time>2023-11-04T11:15:12Z</time>
   </trkpt>
   <trkpt lat="46.3468840" lon="12.9056850">
    <ele>662.5</ele>
    <time>2023-11-04T11:15:13Z</time>
   </trkpt>
   <trkpt lat="46.3468880" lon="12.9056390">
    <ele>662.2</ele>
    <time>2023-11-04T11:15:15Z</time>
   </trkpt>
   <trkpt lat="46.3468880" lon="12.9056280">
    <ele>662.2</ele>
    <time>2023-11-04T11:15:16Z</time>
   </trkpt>
   <trkpt lat="46.3468910" lon="12.9056070">
    <ele>662.1</ele>
    <time>2023-11-04T11:15:18Z</time>
   </trkpt>
   <trkpt lat="46.3468940" lon="12.9055880">
    <ele>662.0</ele>
    <time>2023-11-04T11:15:19Z</time>
   </trkpt>
   <trkpt lat="46.3468970" lon="12.9055540">
    <ele>661.8</ele>
    <time>2023-11-04T11:15:20Z</time>
   </trkpt>
   <trkpt lat="46.3469000" lon="12.9055160">
    <ele>661.6</ele>
    <time>2023-11-04T11:15:23Z</time>
   </trkpt>
   <trkpt lat="46.3469030" lon="12.9054970">
    <ele>661.5</ele>
    <time>2023-11-04T11:15:24Z</time>
   </trkpt>
   <trkpt lat="46.3469130" lon="12.9054550">
    <ele>661.3</ele>
    <time>2023-11-04T11:15:26Z</time>
   </trkpt>
   <trkpt lat="46.3469180" lon="12.9054350">
    <ele>661.2</ele>
    <time>2023-11-04T11:15:27Z</time>
   </trkpt>
   <trkpt lat="46.3469210" lon="12.9054240">
    <ele>661.1</ele>
    <time>2023-11-04T11:15:28Z</time>
   </trkpt>
   <trkpt lat="46.3469230" lon="12.9054190">
    <ele>661.1</ele>
    <time>2023-11-04T11:15:29Z</time>
   </trkpt>
   <trkpt lat="46.3469240" lon="12.9054170">
    <ele>661.1</ele>
    <time>2023-11-04T11:15:30Z</time>
   </trkpt>
   <trkpt lat="46.3469240" lon="12.9054130">
    <ele>661.1</ele>
    <time>2023-11-04T11:15:31Z</time>
   </trkpt>
   <trkpt lat="46.3469230" lon="12.9054100">
    <ele>661.0</ele>
    <time>2023-11-04T11:15:32Z</time>
   </trkpt>
   <trkpt lat="46.3469230" lon="12.9054070">
    <ele>661.0</ele>
    <time>2023-11-04T11:15:33Z</time>
   </trkpt>
   <trkpt lat="46.3469220" lon="12.9054040">
    <ele>661.0</ele>
    <time>2023-11-04T11:15:34Z</time>
   </trkpt>
   <trkpt lat="46.3469220" lon="12.9054010">
    <ele>661.0</ele>
    <time>2023-11-04T11:15:35Z</time>
   </trkpt>
   <trkpt lat="46.3469220" lon="12.9053980">
    <ele>661.0</ele>
    <time>2023-11-04T11:15:36Z</time>
   </trkpt>
   <trkpt lat="46.3469210" lon="12.9053950">
    <ele>661.0</ele>
    <time>2023-11-04T11:15:37Z</time>
   </trkpt>
   <trkpt lat="46.3469210" lon="12.9053910">
    <ele>660.9</ele>
    <time>2023-11-04T11:15:38Z</time>
   </trkpt>
   <trkpt lat="46.3469200" lon="12.9053880">
    <ele>660.9</ele>
    <time>2023-11-04T11:15:39Z</time>
   </trkpt>
   <trkpt lat="46.3469200" lon="12.9053850">
    <ele>660.9</ele>
    <time>2023-11-04T11:15:40Z</time>
   </trkpt>
   <trkpt lat="46.3469190" lon="12.9053820">
    <ele>660.9</ele>
    <time>2023-11-04T11:15:41Z</time>
   </trkpt>
   <trkpt lat="46.3469190" lon="12.9053790">
    <ele>660.9</ele>
    <time>2023-11-04T11:15:42Z</time>
   </trkpt>
   <trkpt lat="46.3469190" lon="12.9053760">
    <ele>660.9</ele>
    <time>2023-11-04T11:15:43Z</time>
   </trkpt>
   <trkpt lat="46.3469180" lon="12.9053720">
    <ele>660.8</ele>
    <time>2023-11-04T11:15:44Z</time>
   </trkpt>
   <trkpt lat="46.3469180" lon="12.9053690">
    <ele>660.8</ele>
    <time>2023-11-04T11:15:45Z</time>
   </trkpt>
   <trkpt lat="46.3469170" lon="12.9053660">
    <ele>660.8</ele>
    <time>2023-11-04T11:15:46Z</time>
   </trkpt>
   <trkpt lat="46.3469170" lon="12.9053630">
    <ele>660.8</ele>
    <time>2023-11-04T11:15:47Z</time>
   </trkpt>
   <trkpt lat="46.3469160" lon="12.9053600">
    <ele>660.8</ele>
    <time>2023-11-04T11:15:48Z</time>
   </trkpt>
   <trkpt lat="46.3469160" lon="12.9053570">
    <ele>660.8</ele>
    <time>2023-11-04T11:15:49Z</time>
   </trkpt>
   <trkpt lat="46.3469160" lon="12.9053530">
    <ele>660.7</ele>
    <time>2023-11-04T11:15:50Z</time>
   </trkpt>
   <trkpt lat="46.3469150" lon="12.9053500">
    <ele>660.7</ele>
    <time>2023-11-04T11:15:51Z</time>
   </trkpt>
   <trkpt lat="46.3469150" lon="12.9053470">
    <ele>660.7</ele>
    <time>2023-11-04T11:15:52Z</time>
   </trkpt>
   <trkpt lat="46.3469140" lon="12.9053440">
    <ele>660.7</ele>
    <time>2023-11-04T11:15:53Z</time>
   </trkpt>
   <trkpt lat="46.3469140" lon="12.9053410">
    <ele>660.7</ele>
    <time>2023-11-04T11:15:54Z</time>
   </trkpt>
   <trkpt lat="46.3469140" lon="12.9053380">
    <ele>660.7</ele>
    <time>2023-11-04T11:15:55Z</time>
   </trkpt>
   <trkpt lat="46.3469130" lon="12.9053340">
    <ele>660.6</ele>
    <time>2023-11-04T11:15:56Z</time>
   </trkpt>
   <trkpt lat="46.3469130" lon="12.9053310">
    <ele>660.6</ele>
    <time>2023-11-04T11:15:57Z</time>
   </trkpt>
   <trkpt lat="46.3469120" lon="12.9053280">
    <ele>660.6</ele>
    <time>2023-11-04T11:15:58Z</time>
   </trkpt>
   <trkpt lat="46.3469120" lon="12.9053250">
    <ele>660.6</ele>
    <time>2023-11-04T11:15:59Z</time>
   </trkpt>
   <trkpt lat="46.3469110" lon="12.9053220">
    <ele>660.6</ele>
    <time>2023-11-04T11:16:01Z</time>
   </trkpt>
   <trkpt lat="46.3469110" lon="12.9053190">
    <ele>660.5</ele>
    <time>2023-11-04T11:16:03Z</time>
   </trkpt>
   <trkpt lat="46.3469110" lon="12.9053150">
    <ele>660.5</ele>
    <time>2023-11-04T11:16:04Z</time>
   </trkpt>
   <trkpt lat="46.3469040" lon="12.9052960">
    <ele>660.4</ele>
    <time>2023-11-04T11:16:06Z</time>
   </trkpt>
   <trkpt lat="46.3468970" lon="12.9052820">
    <ele>660.3</ele>
    <time>2023-11-04T11:16:07Z</time>
   </trkpt>
   <trkpt lat="46.3468910" lon="12.9052790">
    <ele>660.3</ele>
    <time>2023-11-04T11:16:08Z</time>
   </trkpt>
   <trkpt lat="46.3468870" lon="12.9052950">
    <ele>660.2</ele>
    <time>2023-11-04T11:16:09Z</time>
   </trkpt>
   <trkpt lat="46.3468860" lon="12.9053090">
    <ele>660.1</ele>
    <time>2023-11-04T11:16:11Z</time>
   </trkpt>
   <trkpt lat="46.3468840" lon="12.9053240">
    <ele>660.0</ele>
    <time>2023-11-04T11:16:12Z</time>
   </trkpt>
   <trkpt lat="46.3468830" lon="12.9053390">
    <ele>660.0</ele>
    <time>2023-11-04T11:16:13Z</time>
   </trkpt>
   <trkpt lat="46.3468810" lon="12.9053530">
    <ele>659.9</ele>
    <time>2023-11-04T11:16:14Z</time>
   </trkpt>
   <trkpt lat="46.3468800" lon="12.9054000">
    <ele>659.6</ele>
    <time>2023-11-04T11:16:15Z</time>
   </trkpt>
   <trkpt lat="46.3468800" lon="12.9054120">
    <ele>659.6</ele>
    <time>2023-11-04T11:16:16Z</time>
   </trkpt>
   <trkpt lat="46.3468790" lon="12.9054350">
    <ele>659.5</ele>
    <time>2023-11-04T11:16:17Z</time>
   </trkpt>
   <trkpt lat="46.3468780" lon="12.9054440">
    <ele>659.4</ele>
    <time>2023-11-04T11:16:18Z</time>
   </trkpt>
   <trkpt lat="46.3468770" lon="12.9054470">
    <ele>659.4</ele>
    <time>2023-11-04T11:16:19Z</time>
   </trkpt>
   <trkpt lat="46.3468780" lon="12.9054480">
    <ele>659.4</ele>
    <time>2023-11-04T11:16:20Z</time>
   </trkpt>
   <trkpt lat="46.3468780" lon="12.9054490">
    <ele>659.4</ele>
    <time>2023-11-04T11:16:21Z</time>
   </trkpt>
   <trkpt lat="46.3468790" lon="12.9054480">
    <ele>659.4</ele>
    <time>2023-11-04T11:16:23Z</time>
   </trkpt>
   <trkpt lat="46.3468780" lon="12.9054500">
    <ele>659.4</ele>
    <time>2023-11-04T11:16:24Z</time>
   </trkpt>
   <trkpt lat="46.3468800" lon="12.9054520">
    <ele>659.3</ele>
    <time>2023-11-04T11:16:25Z</time>
   </trkpt>
   <trkpt lat="46.3468820" lon="12.9054530">
    <ele>659.3</ele>
    <time>2023-11-04T11:16:26Z</time>
   </trkpt>
   <trkpt lat="46.3468850" lon="12.9054530">
    <ele>659.3</ele>
    <time>2023-11-04T11:16:27Z</time>
   </trkpt>
   <trkpt lat="46.3468870" lon="12.9054540">
    <ele>659.3</ele>
    <time>2023-11-04T11:16:28Z</time>
   </trkpt>
   <trkpt lat="46.3468890" lon="12.9054550">
    <ele>659.3</ele>
    <time>2023-11-04T11:16:29Z</time>
   </trkpt>
   <trkpt lat="46.3468910" lon="12.9054560">
    <ele>659.3</ele>
    <time>2023-11-04T11:16:30Z</time>
   </trkpt>
   <trkpt lat="46.3469030" lon="12.9054540">
    <ele>659.2</ele>
    <time>2023-11-04T11:16:31Z</time>
   </trkpt>
   <trkpt lat="46.3469100" lon="12.9054530">
    <ele>659.1</ele>
    <time>2023-11-04T11:16:32Z</time>
   </trkpt>
   <trkpt lat="46.3469160" lon="12.9054540">
    <ele>659.1</ele>
    <time>2023-11-04T11:16:33Z</time>
   </trkpt>
   <trkpt lat="46.3469210" lon="12.9054550">
    <ele>659.0</ele>
    <time>2023-11-04T11:16:34Z</time>
   </trkpt>
   <trkpt lat="46.3469250" lon="12.9054560">
    <ele>659.0</ele>
    <time>2023-11-04T11:16:35Z</time>
   </trkpt>
   <trkpt lat="46.3469260" lon="12.9054560">
    <ele>659.0</ele>
    <time>2023-11-04T11:16:36Z</time>
   </trkpt>
   <trkpt lat="46.3469270" lon="12.9054560">
    <ele>659.0</ele>
    <time>2023-11-04T11:16:37Z</time>
   </trkpt>
   <trkpt lat="46.3469250" lon="12.9054520">
    <ele>659.0</ele>
    <time>2023-11-04T11:16:38Z</time>
   </trkpt>
   <trkpt lat="46.3469240" lon="12.9054490">
    <ele>658.9</ele>
    <time>2023-11-04T11:16:39Z</time>
   </trkpt>
   <trkpt lat="46.3469250" lon="12.9054460">
    <ele>658.9</ele>
    <time>2023-11-04T11:16:40Z</time>
   </trkpt>
   <trkpt lat="46.3469250" lon="12.9054470">
    <ele>658.9</ele>
    <time>2023-11-04T11:16:41Z</time>
   </trkpt>
   <trkpt lat="46.3469240" lon="12.9054540">
    <ele>658.9</ele>
    <time>2023-11-04T11:16:42Z</time>
   </trkpt>
   <trkpt lat="46.3469110" lon="12.9054640">
    <ele>658.8</ele>
    <time>2023-11-04T11:16:43Z</time>
   </trkpt>
   <trkpt lat="46.3469080" lon="12.9054720">
    <ele>658.7</ele>
    <time>2023-11-04T11:16:45Z</time>
   </trkpt>
   <trkpt lat="46.3469080" lon="12.9054840">
    <ele>658.7</ele>
    <time>2023-11-04T11:16:46Z</time>
   </trkpt>
   <trkpt lat="46.3469130" lon="12.9054920">
    <ele>658.6</ele>
    <time>2023-11-04T11:16:47Z</time>
   </trkpt>
   <trkpt lat="46.3469210" lon="12.9055480">
    <ele>658.3</ele>
    <time>2023-11-04T11:16:50Z</time>
   </trkpt>
   <trkpt lat="46.3469270" lon="12.9055540">
    <ele>658.3</ele>
    <time>2023-11-04T11:16:51Z</time>
   </trkpt>
   <trkpt lat="46.3469280" lon="12.9055570">
    <ele>658.3</ele>
    <time>2023-11-04T11:16:52Z</time>
   </trkpt>
   <trkpt lat="46.3469220" lon="12.9055400">
    <ele>658.2</ele>
    <time>2023-11-04T11:16:54Z</time>
   </trkpt>
   <trkpt lat="46.3469190" lon="12.9055320">
    <ele>658.1</ele>
    <time>2023-11-04T11:16:55Z</time>
   </trkpt>
   <trkpt lat="46.3469170" lon="12.9055290">
    <ele>658.1</ele>
    <time>2023-11-04T11:16:56Z</time>
   </trkpt>
   <trkpt lat="46.3469020" lon="12.9054670">
    <ele>657.8</ele>
    <time>2023-11-04T11:16:58Z</time>
   </trkpt>
   <trkpt lat="46.3468840" lon="12.9053780">
    <ele>657.4</ele>
    <time>2023-11-04T11:16:59Z</time>
   </trkpt>
   <trkpt lat="46.3468720" lon="12.9053090">
    <ele>657.1</ele>
    <time>2023-11-04T11:17:00Z</time>
   </trkpt>
   <trkpt lat="46.3468640" lon="12.9052440">
    <ele>656.8</ele>
    <time>2023-11-04T11:17:02Z</time>
   </trkpt>
   <trkpt lat="46.3468600" lon="12.9052150">
    <ele>656.7</ele>
    <time>2023-11-04T11:17:03Z</time>
   </trkpt>
   <trkpt lat="46.3468560" lon="12.9051900">
    <ele>656.6</ele>
    <time>2023-11-04T11:17:05Z</time>
   </trkpt>
   <trkpt lat="46.3468500" lon="12.9051680">
    <ele>656.5</ele>
    <time>2023-11-04T11:17:06Z</time>
   </trkpt>
   <trkpt lat="46.3468430" lon="12.9051480">
    <ele>656.4</ele>
    <time>2023-11-04T11:17:07Z</time>
   </trkpt>
   <trkpt lat="46.3468290" lon="12.9051110">
    <ele>656.2</ele>
    <time>2023-11-04T11:17:08Z</time>
   </trkpt>
   <trkpt lat="46.3468240" lon="12.9051000">
    <ele>656.2</ele>
    <time>2023-11-04T11:17:09Z</time>
   </trkpt>
   <trkpt lat="46.3468160" lon="12.9050800">
    <ele>656.1</ele>
    <time>2023-11-04T11:17:10Z</time>
   </trkpt>
   <trkpt lat="46.3468070" lon="12.9050590">
    <ele>655.9</ele>
    <time>2023-11-04T11:17:11Z</time>
   </trkpt>
   <trkpt lat="46.3467910" lon="12.9050270">
    <ele>655.8</ele>
    <time>2023-11-04T11:17:13Z</time>
   </trkpt>
   <trkpt lat="46.3467830" lon="12.9050140">
    <ele>655.7</ele>
    <time>2023-11-04T11:17:14Z</time>
   </trkpt>
   <trkpt lat="46.3467780" lon="12.9049950">
    <ele>655.6</ele>
    <time>2023-11-04T11:17:16Z</time>
   </trkpt>
   <trkpt lat="46.3467720" lon="12.9049720">
    <ele>655.5</ele>
    <time>2023-11-04T11:17:17Z</time>
   </trkpt>
   <trkpt lat="46.3467690" lon="12.9049590">
    <ele>655.4</ele>
    <time>2023-11-04T11:17:18Z</time>
   </trkpt>
   <trkpt lat="46.3467630" lon="12.9049460">
    <ele>655.3</ele>
    <time>2023-11-04T11:17:19Z</time>
   </trkpt>
   <trkpt lat="46.3467540" lon="12.9049400">
    <ele>655.3</ele>
    <time>2023-11-04T11:17:21Z</time>
   </trkpt>
   <trkpt lat="46.3467420" lon="12.9049240">
    <ele>655.1</ele>
    <time>2023-11-04T11:17:23Z</time>
   </trkpt>
   <trkpt lat="46.3467370" lon="12.9049130">
    <ele>655.1</ele>
    <time>2023-11-04T11:17:24Z</time>
   </trkpt>
   <trkpt lat="46.3467330" lon="12.9049020">
    <ele>655.0</ele>
    <time>2023-11-04T11:17:25Z</time>
   </trkpt>
   <trkpt lat="46.3467270" lon="12.9048850">
    <ele>654.9</ele>
    <time>2023-11-04T11:17:26Z</time>
   </trkpt>
   <trkpt lat="46.3467230" lon="12.9048730">
    <ele>654.9</ele>
    <time>2023-11-04T11:17:27Z</time>
   </trkpt>
   <trkpt lat="46.3467200" lon="12.9048600">
    <ele>654.8</ele>
    <time>2023-11-04T11:17:28Z</time>
   </trkpt>
   <trkpt lat="46.3467170" lon="12.9048490">
    <ele>654.7</ele>
    <time>2023-11-04T11:17:30Z</time>
   </trkpt>
   <trkpt lat="46.3467190" lon="12.9048360">
    <ele>654.8</ele>
    <time>2023-11-04T11:17:31Z</time>
   </trkpt>
   <trkpt lat="46.3467200" lon="12.9048090">
    <ele>654.8</ele>
    <time>2023-11-04T11:17:32Z</time>
   </trkpt>
   <trkpt lat="46.3467370" lon="12.9047610">
    <ele>655.0</ele>
    <time>2023-11-04T11:17:34Z</time>
   </trkpt>
   <trkpt lat="46.3467430" lon="12.9047460">
    <ele>655.0</ele>
    <time>2023-11-04T11:17:35Z</time>
   </trkpt>
   <trkpt lat="46.3467540" lon="12.9047220">
    <ele>655.1</ele>
    <time>2023-11-04T11:17:36Z</time>
   </trkpt>
   <trkpt lat="46.3467590" lon="12.9047000">
    <ele>655.1</ele>
    <time>2023-11-04T11:17:37Z</time>
   </trkpt>
   <trkpt lat="46.3467650" lon="12.9046670">
    <ele>655.2</ele>
    <time>2023-11-04T11:17:39Z</time>
   </trkpt>
   <trkpt lat="46.3467650" lon="12.9046500">
    <ele>655.2</ele>
    <time>2023-11-04T11:17:40Z</time>
   </trkpt>
   <trkpt lat="46.3467660" lon="12.9046340">
    <ele>655.2</ele>
    <time>2023-11-04T11:17:41Z</time>
   </trkpt>
   <trkpt lat="46.3467610" lon="12.9046040">
    <ele>655.3</ele>
    <time>2023-11-04T11:17:43Z</time>
   </trkpt>
   <trkpt lat="46.3467590" lon="12.9045930">
    <ele>655.3</ele>
    <time>2023-11-04T11:17:44Z</time>
   </trkpt>
   <trkpt lat="46.3467580" lon="12.9045830">
    <ele>655.3</ele>
    <time>2023-11-04T11:17:45Z</time>
   </trkpt>
   <trkpt lat="46.3467530" lon="12.9045550">
    <ele>655.4</ele>
    <time>2023-11-04T11:17:46Z</time>
   </trkpt>
   <trkpt lat="46.3467490" lon="12.9045360">
    <ele>655.4</ele>
    <time>2023-11-04T11:17:48Z</time>
   </trkpt>
   <trkpt lat="46.3467410" lon="12.9045040">
    <ele>655.4</ele>
    <time>2023-11-04T11:17:50Z</time>
   </trkpt>
   <trkpt lat="46.3467510" lon="12.9045110">
    <ele>655.4</ele>
    <time>2023-11-04T11:17:51Z</time>
   </trkpt>
   <trkpt lat="46.3467590" lon="12.9045270">
    <ele>655.5</ele>
    <time>2023-11-04T11:17:52Z</time>
   </trkpt>
   <trkpt lat="46.3467650" lon="12.9045410">
    <ele>655.5</ele>
    <time>2023-11-04T11:17:53Z</time>
   </trkpt>
   <trkpt lat="46.3467700" lon="12.9045550">
    <ele>655.5</ele>
    <time>2023-11-04T11:17:54Z</time>
   </trkpt>
   <trkpt lat="46.3467720" lon="12.9045600">
    <ele>655.5</ele>
    <time>2023-11-04T11:17:55Z</time>
   </trkpt>
   <trkpt lat="46.3467730" lon="12.9045630">
    <ele>655.5</ele>
    <time>2023-11-04T11:17:56Z</time>
   </trkpt>
   <trkpt lat="46.3467740" lon="12.9045650">
    <ele>655.5</ele>
    <time>2023-11-04T11:17:57Z</time>
   </trkpt>
   <trkpt lat="46.3467740" lon="12.9045660">
    <ele>655.5</ele>
    <time>2023-11-04T11:17:58Z</time>
   </trkpt>
   <trkpt lat="46.3467740" lon="12.9045670">
    <ele>655.5</ele>
    <time>2023-11-04T11:17:59Z</time>
   </trkpt>
   <trkpt lat="46.3467740" lon="12.9045680">
    <ele>655.5</ele>
    <time>2023-11-04T11:18:00Z</time>
   </trkpt>
   <trkpt lat="46.3467750" lon="12.9045680">
    <ele>655.5</ele>
    <time>2023-11-04T11:18:01Z</time>
   </trkpt>
   <trkpt lat="46.3467740" lon="12.9045690">
    <ele>655.5</ele>
    <time>2023-11-04T11:18:02Z</time>
   </trkpt>
   <trkpt lat="46.3467740" lon="12.9045690">
    <ele>655.5</ele>
    <time>2023-11-04T11:18:03Z</time>
   </trkpt>
   <trkpt lat="46.3467740" lon="12.9045710">
    <ele>655.5</ele>
    <time>2023-11-04T11:18:05Z</time>
   </trkpt>
   <trkpt lat="46.3467820" lon="12.9045940">
    <ele>655.6</ele>
    <time>2023-11-04T11:18:07Z</time>
   </trkpt>
   <trkpt lat="46.3467960" lon="12.9046290">
    <ele>655.6</ele>
    <time>2023-11-04T11:18:09Z</time>
   </trkpt>
   <trkpt lat="46.3468050" lon="12.9046410">
    <ele>655.7</ele>
    <time>2023-11-04T11:18:10Z</time>
   </trkpt>
   <trkpt lat="46.3468120" lon="12.9046480">
    <ele>655.7</ele>
    <time>2023-11-04T11:18:11Z</time>
   </trkpt>
   <trkpt lat="46.3468190" lon="12.9046510">
    <ele>655.7</ele>
    <time>2023-11-04T11:18:12Z</time>
   </trkpt>
   <trkpt lat="46.3468250" lon="12.9046510">
    <ele>655.7</ele>
    <time>2023-11-04T11:18:13Z</time>
   </trkpt>
   <trkpt lat="46.3468300" lon="12.9046500">
    <ele>655.7</ele>
    <time>2023-11-04T11:18:14Z</time>
   </trkpt>
   <trkpt lat="46.3468340" lon="12.9046490">
    <ele>655.7</ele>
    <time>2023-11-04T11:18:15Z</time>
   </trkpt>
   <trkpt lat="46.3468380" lon="12.9046480">
    <ele>655.7</ele>
    <time>2023-11-04T11:18:16Z</time>
   </trkpt>
   <trkpt lat="46.3468430" lon="12.9046480">
    <ele>655.7</ele>
    <time>2023-11-04T11:18:17Z</time>
   </trkpt>
   <trkpt lat="46.3468470" lon="12.9046470">
    <ele>655.7</ele>
    <time>2023-11-04T11:18:19Z</time>
   </trkpt>
   <trkpt lat="46.3468560" lon="12.9046520">
    <ele>655.8</ele>
    <time>2023-11-04T11:18:20Z</time>
   </trkpt>
   <trkpt lat="46.3468760" lon="12.9046440">
    <ele>655.8</ele>
    <time>2023-11-04T11:18:21Z</time>
   </trkpt>
   <trkpt lat="46.3468760" lon="12.9045990">
    <ele>655.8</ele>
    <time>2023-11-04T11:18:22Z</time>
   </trkpt>
   <trkpt lat="46.3468710" lon="12.9045770">
    <ele>655.9</ele>
    <time>2023-11-04T11:18:24Z</time>
   </trkpt>
   <trkpt lat="46.3468660" lon="12.9045550">
    <ele>655.9</ele>
    <time>2023-11-04T11:18:25Z</time>
   </trkpt>
   <trkpt lat="46.3468610" lon="12.9045330">
    <ele>655.9</ele>
    <time>2023-11-04T11:18:26Z</time>
   </trkpt>
   <trkpt lat="46.3468500" lon="12.9044910">
    <ele>655.8</ele>
    <time>2023-11-04T11:18:27Z</time>
   </trkpt>
   <trkpt lat="46.3468430" lon="12.9044740">
    <ele>655.8</ele>
    <time>2023-11-04T11:18:29Z</time>
   </trkpt>
   <trkpt lat="46.3468370" lon="12.9044560">
    <ele>655.8</ele>
    <time>2023-11-04T11:18:30Z</time>
   </trkpt>
   <trkpt lat="46.3468300" lon="12.9044390">
    <ele>655.7</ele>
    <time>2023-11-04T11:18:31Z</time>
   </trkpt>
   <trkpt lat="46.3468080" lon="12.9044020">
    <ele>655.6</ele>
    <time>2023-11-04T11:18:34Z</time>
   </trkpt>
   <trkpt lat="46.3468030" lon="12.9043950">
    <ele>655.5</ele>
    <time>2023-11-04T11:18:35Z</time>
   </trkpt>
   <trkpt lat="46.3467860" lon="12.9043630">
    <ele>655.3</ele>
    <time>2023-11-04T11:18:36Z</time>
   </trkpt>
   <trkpt lat="46.3467800" lon="12.9043510">
    <ele>655.3</ele>
    <time>2023-11-04T11:18:37Z</time>
   </trkpt>
   <trkpt lat="46.3467670" lon="12.9043210">
    <ele>655.1</ele>
    <time>2023-11-04T11:18:40Z</time>
   </trkpt>
   <trkpt lat="46.3467610" lon="12.9043070">
    <ele>655.0</ele>
    <time>2023-11-04T11:18:41Z</time>
   </trkpt>
   <trkpt lat="46.3467550" lon="12.9042890">
    <ele>654.9</ele>
    <time>2023-11-04T11:18:42Z</time>
   </trkpt>
   <trkpt lat="46.3467480" lon="12.9042670">
    <ele>654.8</ele>
    <time>2023-11-04T11:18:43Z</time>
   </trkpt>
   <trkpt lat="46.3467400" lon="12.9042390">
    <ele>654.6</ele>
    <time>2023-11-04T11:18:45Z</time>
   </trkpt>
   <trkpt lat="46.3467350" lon="12.9042210">
    <ele>654.5</ele>
    <time>2023-11-04T11:18:47Z</time>
   </trkpt>
   <trkpt lat="46.3467300" lon="12.9042030">
    <ele>654.4</ele>
    <time>2023-11-04T11:18:48Z</time>
   </trkpt>
   <trkpt lat="46.3467250" lon="12.9041840">
    <ele>654.2</ele>
    <time>2023-11-04T11:18:49Z</time>
   </trkpt>
   <trkpt lat="46.3467210" lon="12.9041690">
    <ele>654.1</ele>
    <time>2023-11-04T11:18:50Z</time>
   </trkpt>
   <trkpt lat="46.3467170" lon="12.9041550">
    <ele>654.0</ele>
    <time>2023-11-04T11:18:52Z</time>
   </trkpt>
   <trkpt lat="46.3467130" lon="12.9041380">
    <ele>654.0</ele>
    <time>2023-11-04T11:18:53Z</time>
   </trkpt>
   <trkpt lat="46.3467090" lon="12.9041220">
    <ele>653.9</ele>
    <time>2023-11-04T11:18:54Z</time>
   </trkpt>
   <trkpt lat="46.3467050" lon="12.9041050">
    <ele>653.8</ele>
    <time>2023-11-04T11:18:56Z</time>
   </trkpt>
   <trkpt lat="46.3467020" lon="12.9040920">
    <ele>653.7</ele>
    <time>2023-11-04T11:18:57Z</time>
   </trkpt>
   <trkpt lat="46.3467000" lon="12.9040780">
    <ele>653.7</ele>
    <time>2023-11-04T11:18:58Z</time>
   </trkpt>
   <trkpt lat="46.3466950" lon="12.9040580">
    <ele>653.6</ele>
    <time>2023-11-04T11:18:59Z</time>
   </trkpt>
   <trkpt lat="46.3466890" lon="12.9040340">
    <ele>653.5</ele>
    <time>2023-11-04T11:19:01Z</time>
   </trkpt>
   <trkpt lat="46.3466690" lon="12.9039970">
    <ele>653.4</ele>
    <time>2023-11-04T11:19:02Z</time>
   </trkpt>
   <trkpt lat="46.3466580" lon="12.9039870">
    <ele>653.4</ele>
    <time>2023-11-04T11:19:04Z</time>
   </trkpt>
   <trkpt lat="46.3466460" lon="12.9039770">
    <ele>653.4</ele>
    <time>2023-11-04T11:19:05Z</time>
   </trkpt>
   <trkpt lat="46.3466350" lon="12.9039660">
    <ele>653.4</ele>
    <time>2023-11-04T11:19:06Z</time>
   </trkpt>
   <trkpt lat="46.3466260" lon="12.9039580">
    <ele>653.4</ele>
    <time>2023-11-04T11:19:08Z</time>
   </trkpt>
   <trkpt lat="46.3466150" lon="12.9039390">
    <ele>653.3</ele>
    <time>2023-11-04T11:19:09Z</time>
   </trkpt>
   <trkpt lat="46.3466080" lon="12.9039240">
    <ele>653.3</ele>
    <time>2023-11-04T11:19:10Z</time>
   </trkpt>
   <trkpt lat="46.3466000" lon="12.9039060">
    <ele>653.3</ele>
    <time>2023-11-04T11:19:12Z</time>
   </trkpt>
   <trkpt lat="46.3465920" lon="12.9038840">
    <ele>653.3</ele>
    <time>2023-11-04T11:19:13Z</time>
   </trkpt>
   <trkpt lat="46.3465850" lon="12.9038690">
    <ele>653.4</ele>
    <time>2023-11-04T11:19:14Z</time>
   </trkpt>
   <trkpt lat="46.3465790" lon="12.9038530">
    <ele>653.4</ele>
    <time>2023-11-04T11:19:15Z</time>
   </trkpt>
   <trkpt lat="46.3465730" lon="12.9038360">
    <ele>653.4</ele>
    <time>2023-11-04T11:19:16Z</time>
   </trkpt>
   <trkpt lat="46.3465650" lon="12.9038220">
    <ele>653.4</ele>
    <time>2023-11-04T11:19:18Z</time>
   </trkpt>
   <trkpt lat="46.3465530" lon="12.9037970">
    <ele>653.4</ele>
    <time>2023-11-04T11:19:19Z</time>
   </trkpt>
   <trkpt lat="46.3465480" lon="12.9037850">
    <ele>653.4</ele>
    <time>2023-11-04T11:19:20Z</time>
   </trkpt>
   <trkpt lat="46.3465420" lon="12.9037730">
    <ele>653.4</ele>
    <time>2023-11-04T11:19:21Z</time>
   </trkpt>
   <trkpt lat="46.3465340" lon="12.9037470">
    <ele>653.5</ele>
    <time>2023-11-04T11:19:23Z</time>
   </trkpt>
   <trkpt lat="46.3465280" lon="12.9037300">
    <ele>653.5</ele>
    <time>2023-11-04T11:19:24Z</time>
   </trkpt>
   <trkpt lat="46.3465210" lon="12.9036970">
    <ele>653.5</ele>
    <time>2023-11-04T11:19:26Z</time>
   </trkpt>
   <trkpt lat="46.3465170" lon="12.9036830">
    <ele>653.5</ele>
    <time>2023-11-04T11:19:27Z</time>
   </trkpt>
   <trkpt lat="46.3465140" lon="12.9036680">
    <ele>653.5</ele>
    <time>2023-11-04T11:19:28Z</time>
   </trkpt>
   <trkpt lat="46.3465090" lon="12.9036490">
    <ele>653.5</ele>
    <time>2023-11-04T11:19:29Z</time>
   </trkpt>
   <trkpt lat="46.3465030" lon="12.9036310">
    <ele>653.5</ele>
    <time>2023-11-04T11:19:31Z</time>
   </trkpt>
   <trkpt lat="46.3464980" lon="12.9036190">
    <ele>653.5</ele>
    <time>2023-11-04T11:19:32Z</time>
   </trkpt>
   <trkpt lat="46.3464930" lon="12.9036060">
    <ele>653.5</ele>
    <time>2023-11-04T11:19:33Z</time>
   </trkpt>
   <trkpt lat="46.3464870" lon="12.9035880">
    <ele>653.6</ele>
    <time>2023-11-04T11:19:35Z</time>
   </trkpt>
   <trkpt lat="46.3464850" lon="12.9035780">
    <ele>653.6</ele>
    <time>2023-11-04T11:19:36Z</time>
   </trkpt>
   <trkpt lat="46.3464820" lon="12.9035570">
    <ele>653.6</ele>
    <time>2023-11-04T11:19:37Z</time>
   </trkpt>
   <trkpt lat="46.3464840" lon="12.9035350">
    <ele>653.6</ele>
    <time>2023-11-04T11:19:39Z</time>
   </trkpt>
   <trkpt lat="46.3464800" lon="12.9035060">
    <ele>653.6</ele>
    <time>2023-11-04T11:19:41Z</time>
   </trkpt>
   <trkpt lat="46.3464740" lon="12.9034870">
    <ele>653.6</ele>
    <time>2023-11-04T11:19:43Z</time>
   </trkpt>
   <trkpt lat="46.3464720" lon="12.9034800">
    <ele>653.6</ele>
    <time>2023-11-04T11:19:45Z</time>
   </trkpt>
   <trkpt lat="46.3464680" lon="12.9034640">
    <ele>653.6</ele>
    <time>2023-11-04T11:19:46Z</time>
   </trkpt>
   <trkpt lat="46.3464660" lon="12.9034250">
    <ele>653.5</ele>
    <time>2023-11-04T11:19:49Z</time>
   </trkpt>
   <trkpt lat="46.3464680" lon="12.9034080">
    <ele>653.5</ele>
    <time>2023-11-04T11:19:51Z</time>
   </trkpt>
   <trkpt lat="46.3464690" lon="12.9033810">
    <ele>653.5</ele>
    <time>2023-11-04T11:19:52Z</time>
   </trkpt>
   <trkpt lat="46.3464700" lon="12.9033640">
    <ele>653.5</ele>
    <time>2023-11-04T11:19:53Z</time>
   </trkpt>
   <trkpt lat="46.3464720" lon="12.9033330">
    <ele>653.5</ele>
    <time>2023-11-04T11:19:55Z</time>
   </trkpt>
   <trkpt lat="46.3464740" lon="12.9033140">
    <ele>653.5</ele>
    <time>2023-11-04T11:19:57Z</time>
   </trkpt>
   <trkpt lat="46.3464750" lon="12.9032900">
    <ele>653.5</ele>
    <time>2023-11-04T11:19:58Z</time>
   </trkpt>
   <trkpt lat="46.3464730" lon="12.9032590">
    <ele>653.5</ele>
    <time>2023-11-04T11:19:59Z</time>
   </trkpt>
   <trkpt lat="46.3464700" lon="12.9032480">
    <ele>653.5</ele>
    <time>2023-11-04T11:20:01Z</time>
   </trkpt>
   <trkpt lat="46.3464680" lon="12.9032360">
    <ele>653.4</ele>
    <time>2023-11-04T11:20:02Z</time>
   </trkpt>
   <trkpt lat="46.3464640" lon="12.9032210">
    <ele>653.4</ele>
    <time>2023-11-04T11:20:03Z</time>
   </trkpt>
   <trkpt lat="46.3464570" lon="12.9031980">
    <ele>653.4</ele>
    <time>2023-11-04T11:20:04Z</time>
   </trkpt>
   <trkpt lat="46.3464490" lon="12.9031780">
    <ele>653.4</ele>
    <time>2023-11-04T11:20:06Z</time>
   </trkpt>
   <trkpt lat="46.3464400" lon="12.9031630">
    <ele>653.4</ele>
    <time>2023-11-04T11:20:07Z</time>
   </trkpt>
   <trkpt lat="46.3464300" lon="12.9031470">
    <ele>653.4</ele>
    <time>2023-11-04T11:20:08Z</time>
   </trkpt>
   <trkpt lat="46.3464200" lon="12.9031290">
    <ele>653.4</ele>
    <time>2023-11-04T11:20:09Z</time>
   </trkpt>
   <trkpt lat="46.3464030" lon="12.9030960">
    <ele>653.3</ele>
    <time>2023-11-04T11:20:10Z</time>
   </trkpt>
   <trkpt lat="46.3463950" lon="12.9030800">
    <ele>653.3</ele>
    <time>2023-11-04T11:20:11Z</time>
   </trkpt>
   <trkpt lat="46.3463780" lon="12.9030490">
    <ele>653.3</ele>
    <time>2023-11-04T11:20:13Z</time>
   </trkpt>
   <trkpt lat="46.3463660" lon="12.9030300">
    <ele>653.3</ele>
    <time>2023-11-04T11:20:15Z</time>
   </trkpt>
   <trkpt lat="46.3463570" lon="12.9030150">
    <ele>653.3</ele>
    <time>2023-11-04T11:20:16Z</time>
   </trkpt>
   <trkpt lat="46.3463370" lon="12.9029830">
    <ele>653.3</ele>
    <time>2023-11-04T11:20:17Z</time>
   </trkpt>
   <trkpt lat="46.3463280" lon="12.9029680">
    <ele>653.3</ele>
    <time>2023-11-04T11:20:18Z</time>
   </trkpt>
   <trkpt lat="46.3463150" lon="12.9029540">
    <ele>653.3</ele>
    <time>2023-11-04T11:20:20Z</time>
   </trkpt>
   <trkpt lat="46.3462930" lon="12.9029270">
    <ele>653.3</ele>
    <time>2023-11-04T11:20:22Z</time>
   </trkpt>
   <trkpt lat="46.3462720" lon="12.9029040">
    <ele>653.3</ele>
    <time>2023-11-04T11:20:23Z</time>
   </trkpt>
   <trkpt lat="46.3462630" lon="12.9028940">
    <ele>653.3</ele>
    <time>2023-11-04T11:20:24Z</time>
   </trkpt>
   <trkpt lat="46.3462370" lon="12.9028720">
    <ele>653.3</ele>
    <time>2023-11-04T11:20:25Z</time>
   </trkpt>
   <trkpt lat="46.3462230" lon="12.9028640">
    <ele>653.4</ele>
    <time>2023-11-04T11:20:27Z</time>
   </trkpt>
   <trkpt lat="46.3462090" lon="12.9028560">
    <ele>653.4</ele>
    <time>2023-11-04T11:20:29Z</time>
   </trkpt>
   <trkpt lat="46.3461950" lon="12.9028490">
    <ele>653.4</ele>
    <time>2023-11-04T11:20:30Z</time>
   </trkpt>
   <trkpt lat="46.3461780" lon="12.9028440">
    <ele>653.4</ele>
    <time>2023-11-04T11:20:31Z</time>
   </trkpt>
   <trkpt lat="46.3461620" lon="12.9028370">
    <ele>653.5</ele>
    <time>2023-11-04T11:20:32Z</time>
   </trkpt>
   <trkpt lat="46.3461480" lon="12.9028430">
    <ele>653.5</ele>
    <time>2023-11-04T11:20:35Z</time>
   </trkpt>
   <trkpt lat="46.3461530" lon="12.9028440">
    <ele>653.5</ele>
    <time>2023-11-04T11:20:36Z</time>
   </trkpt>
   <trkpt lat="46.3461610" lon="12.9028450">
    <ele>653.6</ele>
    <time>2023-11-04T11:20:37Z</time>
   </trkpt>
   <trkpt lat="46.3461620" lon="12.9028420">
    <ele>653.6</ele>
    <time>2023-11-04T11:20:39Z</time>
   </trkpt>
   <trkpt lat="46.3461560" lon="12.9028370">
    <ele>653.6</ele>
    <time>2023-11-04T11:20:40Z</time>
   </trkpt>
   <trkpt lat="46.3461410" lon="12.9028250">
    <ele>653.6</ele>
    <time>2023-11-04T11:20:41Z</time>
   </trkpt>
   <trkpt lat="46.3461130" lon="12.9028000">
    <ele>653.7</ele>
    <time>2023-11-04T11:20:44Z</time>
   </trkpt>
   <trkpt lat="46.3461040" lon="12.9027880">
    <ele>653.8</ele>
    <time>2023-11-04T11:20:45Z</time>
   </trkpt>
   <trkpt lat="46.3460970" lon="12.9027770">
    <ele>653.8</ele>
    <time>2023-11-04T11:20:46Z</time>
   </trkpt>
   <trkpt lat="46.3460910" lon="12.9027660">
    <ele>653.9</ele>
    <time>2023-11-04T11:20:47Z</time>
   </trkpt>
   <trkpt lat="46.3460790" lon="12.9027380">
    <ele>654.0</ele>
    <time>2023-11-04T11:20:48Z</time>
   </trkpt>
   <trkpt lat="46.3460760" lon="12.9027270">
    <ele>654.0</ele>
    <time>2023-11-04T11:20:50Z</time>
   </trkpt>
   <trkpt lat="46.3460730" lon="12.9027160">
    <ele>654.0</ele>
    <time>2023-11-04T11:20:51Z</time>
   </trkpt>
   <trkpt lat="46.3460680" lon="12.9027040">
    <ele>654.1</ele>
    <time>2023-11-04T11:20:52Z</time>
   </trkpt>
   <trkpt lat="46.3460660" lon="12.9026930">
    <ele>654.1</ele>
    <time>2023-11-04T11:20:54Z</time>
   </trkpt>
   <trkpt lat="46.3460620" lon="12.9026790">
    <ele>654.1</ele>
    <time>2023-11-04T11:20:55Z</time>
   </trkpt>
   <trkpt lat="46.3460570" lon="12.9026640">
    <ele>654.2</ele>
    <time>2023-11-04T11:20:57Z</time>
   </trkpt>
   <trkpt lat="46.3460500" lon="12.9026480">
    <ele>654.2</ele>
    <time>2023-11-04T11:20:58Z</time>
   </trkpt>
   <trkpt lat="46.3460480" lon="12.9026320">
    <ele>654.3</ele>
    <time>2023-11-04T11:21:00Z</time>
   </trkpt>
   <trkpt lat="46.3460460" lon="12.9026070">
    <ele>654.3</ele>
    <time>2023-11-04T11:21:01Z</time>
   </trkpt>
   <trkpt lat="46.3460470" lon="12.9025870">
    <ele>654.4</ele>
    <time>2023-11-04T11:21:03Z</time>
   </trkpt>
   <trkpt lat="46.3460440" lon="12.9025680">
    <ele>654.4</ele>
    <time>2023-11-04T11:21:04Z</time>
   </trkpt>
   <trkpt lat="46.3460400" lon="12.9025500">
    <ele>654.5</ele>
    <time>2023-11-04T11:21:05Z</time>
   </trkpt>
   <trkpt lat="46.3460380" lon="12.9025380">
    <ele>654.5</ele>
    <time>2023-11-04T11:21:07Z</time>
   </trkpt>
   <trkpt lat="46.3460310" lon="12.9025190">
    <ele>654.6</ele>
    <time>2023-11-04T11:21:08Z</time>
   </trkpt>
   <trkpt lat="46.3460250" lon="12.9025100">
    <ele>654.7</ele>
    <time>2023-11-04T11:21:10Z</time>
   </trkpt>
   <trkpt lat="46.3460200" lon="12.9025020">
    <ele>654.7</ele>
    <time>2023-11-04T11:21:11Z</time>
   </trkpt>
   <trkpt lat="46.3460150" lon="12.9024940">
    <ele>654.7</ele>
    <time>2023-11-04T11:21:12Z</time>
   </trkpt>
   <trkpt lat="46.3460060" lon="12.9024760">
    <ele>654.8</ele>
    <time>2023-11-04T11:21:14Z</time>
   </trkpt>
   <trkpt lat="46.3459980" lon="12.9024650">
    <ele>654.8</ele>
    <time>2023-11-04T11:21:15Z</time>
   </trkpt>
   <trkpt lat="46.3459830" lon="12.9024430">
    <ele>654.9</ele>
    <time>2023-11-04T11:21:16Z</time>
   </trkpt>
   <trkpt lat="46.3459750" lon="12.9024320">
    <ele>655.0</ele>
    <time>2023-11-04T11:21:17Z</time>
   </trkpt>
   <trkpt lat="46.3459670" lon="12.9024210">
    <ele>655.0</ele>
    <time>2023-11-04T11:21:18Z</time>
   </trkpt>
   <trkpt lat="46.3459530" lon="12.9024010">
    <ele>655.1</ele>
    <time>2023-11-04T11:21:20Z</time>
   </trkpt>
   <trkpt lat="46.3459430" lon="12.9023850">
    <ele>655.2</ele>
    <time>2023-11-04T11:21:21Z</time>
   </trkpt>
   <trkpt lat="46.3459300" lon="12.9023590">
    <ele>655.2</ele>
    <time>2023-11-04T11:21:22Z</time>
   </trkpt>
   <trkpt lat="46.3459160" lon="12.9023300">
    <ele>655.3</ele>
    <time>2023-11-04T11:21:24Z</time>
   </trkpt>
   <trkpt lat="46.3459070" lon="12.9023140">
    <ele>655.3</ele>
    <time>2023-11-04T11:21:25Z</time>
   </trkpt>
   <trkpt lat="46.3458980" lon="12.9023000">
    <ele>655.3</ele>
    <time>2023-11-04T11:21:26Z</time>
   </trkpt>
   <trkpt lat="46.3458810" lon="12.9022780">
    <ele>655.3</ele>
    <time>2023-11-04T11:21:28Z</time>
   </trkpt>
   <trkpt lat="46.3458740" lon="12.9022680">
    <ele>655.3</ele>
    <time>2023-11-04T11:21:29Z</time>
   </trkpt>
   <trkpt lat="46.3458650" lon="12.9022530">
    <ele>655.3</ele>
    <time>2023-11-04T11:21:30Z</time>
   </trkpt>
   <trkpt lat="46.3458600" lon="12.9022370">
    <ele>655.3</ele>
    <time>2023-11-04T11:21:31Z</time>
   </trkpt>
   <trkpt lat="46.3458580" lon="12.9022260">
    <ele>655.3</ele>
    <time>2023-11-04T11:21:33Z</time>
   </trkpt>
   <trkpt lat="46.3458550" lon="12.9022140">
    <ele>655.3</ele>
    <time>2023-11-04T11:21:34Z</time>
   </trkpt>
   <trkpt lat="46.3458520" lon="12.9022020">
    <ele>655.3</ele>
    <time>2023-11-04T11:21:35Z</time>
   </trkpt>
   <trkpt lat="46.3458490" lon="12.9021960">
    <ele>655.3</ele>
    <time>2023-11-04T11:21:36Z</time>
   </trkpt>
   <trkpt lat="46.3458450" lon="12.9021890">
    <ele>655.2</ele>
    <time>2023-11-04T11:21:38Z</time>
   </trkpt>
   <trkpt lat="46.3458420" lon="12.9021850">
    <ele>655.2</ele>
    <time>2023-11-04T11:21:39Z</time>
   </trkpt>
   <trkpt lat="46.3458410" lon="12.9021800">
    <ele>655.2</ele>
    <time>2023-11-04T11:21:41Z</time>
   </trkpt>
   <trkpt lat="46.3458410" lon="12.9021780">
    <ele>655.2</ele>
    <time>2023-11-04T11:21:42Z</time>
   </trkpt>
   <trkpt lat="46.3458420" lon="12.9021720">
    <ele>655.2</ele>
    <time>2023-11-04T11:21:43Z</time>
   </trkpt>
   <trkpt lat="46.3458450" lon="12.9021650">
    <ele>655.2</ele>
    <time>2023-11-04T11:21:45Z</time>
   </trkpt>
   <trkpt lat="46.3458460" lon="12.9021570">
    <ele>655.2</ele>
    <time>2023-11-04T11:21:46Z</time>
   </trkpt>
   <trkpt lat="46.3458480" lon="12.9021450">
    <ele>655.2</ele>
    <time>2023-11-04T11:21:47Z</time>
   </trkpt>
   <trkpt lat="46.3458500" lon="12.9021340">
    <ele>655.2</ele>
    <time>2023-11-04T11:21:48Z</time>
   </trkpt>
   <trkpt lat="46.3458510" lon="12.9021220">
    <ele>655.2</ele>
    <time>2023-11-04T11:21:50Z</time>
   </trkpt>
   <trkpt lat="46.3458520" lon="12.9020980">
    <ele>655.2</ele>
    <time>2023-11-04T11:21:52Z</time>
   </trkpt>
   <trkpt lat="46.3458540" lon="12.9020870">
    <ele>655.2</ele>
    <time>2023-11-04T11:21:53Z</time>
   </trkpt>
   <trkpt lat="46.3458570" lon="12.9020710">
    <ele>655.2</ele>
    <time>2023-11-04T11:21:54Z</time>
   </trkpt>
   <trkpt lat="46.3458620" lon="12.9020630">
    <ele>655.2</ele>
    <time>2023-11-04T11:21:55Z</time>
   </trkpt>
   <trkpt lat="46.3458660" lon="12.9020530">
    <ele>655.2</ele>
    <time>2023-11-04T11:21:56Z</time>
   </trkpt>
   <trkpt lat="46.3458730" lon="12.9020320">
    <ele>655.2</ele>
    <time>2023-11-04T11:21:58Z</time>
   </trkpt>
   <trkpt lat="46.3458770" lon="12.9020150">
    <ele>655.2</ele>
    <time>2023-11-04T11:22:00Z</time>
   </trkpt>
   <trkpt lat="46.3458780" lon="12.9020010">
    <ele>655.2</ele>
    <time>2023-11-04T11:22:01Z</time>
   </trkpt>
   <trkpt lat="46.3458800" lon="12.9019840">
    <ele>655.2</ele>
    <time>2023-11-04T11:22:02Z</time>
   </trkpt>
   <trkpt lat="46.3458800" lon="12.9019630">
    <ele>655.2</ele>
    <time>2023-11-04T11:22:04Z</time>
   </trkpt>
   <trkpt lat="46.3458790" lon="12.9019580">
    <ele>655.2</ele>
    <time>2023-11-04T11:22:05Z</time>
   </trkpt>
   <trkpt lat="46.3458760" lon="12.9019510">
    <ele>655.2</ele>
    <time>2023-11-04T11:22:06Z</time>
   </trkpt>
   <trkpt lat="46.3458720" lon="12.9019400">
    <ele>655.2</ele>
    <time>2023-11-04T11:22:07Z</time>
   </trkpt>
   <trkpt lat="46.3458590" lon="12.9019260">
    <ele>655.2</ele>
    <time>2023-11-04T11:22:09Z</time>
   </trkpt>
   <trkpt lat="46.3458510" lon="12.9019200">
    <ele>655.2</ele>
    <time>2023-11-04T11:22:11Z</time>
   </trkpt>
   <trkpt lat="46.3458460" lon="12.9019200">
    <ele>655.2</ele>
    <time>2023-11-04T11:22:12Z</time>
   </trkpt>
   <trkpt lat="46.3458430" lon="12.9019210">
    <ele>655.2</ele>
    <time>2023-11-04T11:22:13Z</time>
   </trkpt>
   <trkpt lat="46.3458410" lon="12.9019220">
    <ele>655.2</ele>
    <time>2023-11-04T11:22:14Z</time>
   </trkpt>
   <trkpt lat="46.3458400" lon="12.9019230">
    <ele>655.2</ele>
    <time>2023-11-04T11:22:15Z</time>
   </trkpt>
   <trkpt lat="46.3458390" lon="12.9019230">
    <ele>655.2</ele>
    <time>2023-11-04T11:22:16Z</time>
   </trkpt>
   <trkpt lat="46.3458380" lon="12.9019230">
    <ele>655.2</ele>
    <time>2023-11-04T11:22:17Z</time>
   </trkpt>
   <trkpt lat="46.3458380" lon="12.9019220">
    <ele>655.2</ele>
    <time>2023-11-04T11:22:18Z</time>
   </trkpt>
   <trkpt lat="46.3458380" lon="12.9019220">
    <ele>655.2</ele>
    <time>2023-11-04T11:22:19Z</time>
   </trkpt>
   <trkpt lat="46.3458390" lon="12.9019220">
    <ele>655.2</ele>
    <time>2023-11-04T11:22:21Z</time>
   </trkpt>
   <trkpt lat="46.3458460" lon="12.9019290">
    <ele>655.2</ele>
    <time>2023-11-04T11:22:23Z</time>
   </trkpt>
   <trkpt lat="46.3458490" lon="12.9019540">
    <ele>655.2</ele>
    <time>2023-11-04T11:22:25Z</time>
   </trkpt>
   <trkpt lat="46.3458500" lon="12.9019740">
    <ele>655.2</ele>
    <time>2023-11-04T11:22:26Z</time>
   </trkpt>
   <trkpt lat="46.3458450" lon="12.9019480">
    <ele>655.2</ele>
    <time>2023-11-04T11:22:27Z</time>
   </trkpt>
   <trkpt lat="46.3458420" lon="12.9019360">
    <ele>655.2</ele>
    <time>2023-11-04T11:22:29Z</time>
   </trkpt>
   <trkpt lat="46.3458390" lon="12.9019230">
    <ele>655.2</ele>
    <time>2023-11-04T11:22:30Z</time>
   </trkpt>
   <trkpt lat="46.3458350" lon="12.9019070">
    <ele>655.2</ele>
    <time>2023-11-04T11:22:31Z</time>
   </trkpt>
   <trkpt lat="46.3458330" lon="12.9018920">
    <ele>655.2</ele>
    <time>2023-11-04T11:22:32Z</time>
   </trkpt>
   <trkpt lat="46.3458300" lon="12.9018740">
    <ele>655.2</ele>
    <time>2023-11-04T11:22:33Z</time>
   </trkpt>
   <trkpt lat="46.3458280" lon="12.9018520">
    <ele>655.2</ele>
    <time>2023-11-04T11:22:35Z</time>
   </trkpt>
   <trkpt lat="46.3458250" lon="12.9018300">
    <ele>655.2</ele>
    <time>2023-11-04T11:22:36Z</time>
   </trkpt>
   <trkpt lat="46.3458200" lon="12.9017900">
    <ele>655.2</ele>
    <time>2023-11-04T11:22:37Z</time>
   </trkpt>
   <trkpt lat="46.3458160" lon="12.9017740">
    <ele>655.2</ele>
    <time>2023-11-04T11:22:40Z</time>
   </trkpt>
   <trkpt lat="46.3458120" lon="12.9017570">
    <ele>655.2</ele>
    <time>2023-11-04T11:22:41Z</time>
   </trkpt>
   <trkpt lat="46.3458080" lon="12.9017410">
    <ele>655.2</ele>
    <time>2023-11-04T11:22:42Z</time>
   </trkpt>
   <trkpt lat="46.3458040" lon="12.9017240">
    <ele>655.2</ele>
    <time>2023-11-04T11:22:43Z</time>
   </trkpt>
   <trkpt lat="46.3457980" lon="12.9017080">
    <ele>655.2</ele>
    <time>2023-11-04T11:22:45Z</time>
   </trkpt>
   <trkpt lat="46.3457940" lon="12.9016950">
    <ele>655.2</ele>
    <time>2023-11-04T11:22:46Z</time>
   </trkpt>
   <trkpt lat="46.3457900" lon="12.9016830">
    <ele>655.2</ele>
    <time>2023-11-04T11:22:47Z</time>
   </trkpt>
   <trkpt lat="46.3457850" lon="12.9016710">
    <ele>655.2</ele>
    <time>2023-11-04T11:22:48Z</time>
   </trkpt>
   <trkpt lat="46.3457770" lon="12.9016520">
    <ele>655.2</ele>
    <time>2023-11-04T11:22:49Z</time>
   </trkpt>
   <trkpt lat="46.3457620" lon="12.9016260">
    <ele>655.2</ele>
    <time>2023-11-04T11:22:51Z</time>
   </trkpt>
   <trkpt lat="46.3457490" lon="12.9016050">
    <ele>655.2</ele>
    <time>2023-11-04T11:22:53Z</time>
   </trkpt>
   <trkpt lat="46.3457440" lon="12.9015960">
    <ele>655.2</ele>
    <time>2023-11-04T11:22:54Z</time>
   </trkpt>
   <trkpt lat="46.3457350" lon="12.9015830">
    <ele>655.2</ele>
    <time>2023-11-04T11:22:56Z</time>
   </trkpt>
   <trkpt lat="46.3457220" lon="12.9015600">
    <ele>655.2</ele>
    <time>2023-11-04T11:22:57Z</time>
   </trkpt>
   <trkpt lat="46.3457080" lon="12.9015350">
    <ele>655.2</ele>
    <time>2023-11-04T11:22:59Z</time>
   </trkpt>
   <trkpt lat="46.3457020" lon="12.9015230">
    <ele>655.2</ele>
    <time>2023-11-04T11:23:00Z</time>
   </trkpt>
   <trkpt lat="46.3456970" lon="12.9015110">
    <ele>655.3</ele>
    <time>2023-11-04T11:23:01Z</time>
   </trkpt>
   <trkpt lat="46.3456910" lon="12.9014960">
    <ele>655.3</ele>
    <time>2023-11-04T11:23:03Z</time>
   </trkpt>
   <trkpt lat="46.3456850" lon="12.9014840">
    <ele>655.3</ele>
    <time>2023-11-04T11:23:04Z</time>
   </trkpt>
   <trkpt lat="46.3456790" lon="12.9014720">
    <ele>655.3</ele>
    <time>2023-11-04T11:23:05Z</time>
   </trkpt>
   <trkpt lat="46.3456720" lon="12.9014610">
    <ele>655.3</ele>
    <time>2023-11-04T11:23:06Z</time>
   </trkpt>
   <trkpt lat="46.3456610" lon="12.9014390">
    <ele>655.3</ele>
    <time>2023-11-04T11:23:07Z</time>
   </trkpt>
   <trkpt lat="46.3456430" lon="12.9014050">
    <ele>655.3</ele>
    <time>2023-11-04T11:23:10Z</time>
   </trkpt>
   <trkpt lat="46.3456390" lon="12.9013960">
    <ele>655.3</ele>
    <time>2023-11-04T11:23:11Z</time>
   </trkpt>
   <trkpt lat="46.3456320" lon="12.9013800">
    <ele>655.4</ele>
    <time>2023-11-04T11:23:12Z</time>
   </trkpt>
   <trkpt lat="46.3456250" lon="12.9013660">
    <ele>655.4</ele>
    <time>2023-11-04T11:23:13Z</time>
   </trkpt>
   <trkpt lat="46.3456200" lon="12.9013510">
    <ele>655.4</ele>
    <time>2023-11-04T11:23:15Z</time>
   </trkpt>
   <trkpt lat="46.3456130" lon="12.9013340">
    <ele>655.4</ele>
    <time>2023-11-04T11:23:16Z</time>
   </trkpt>
   <trkpt lat="46.3456050" lon="12.9013130">
    <ele>655.4</ele>
    <time>2023-11-04T11:23:17Z</time>
   </trkpt>
   <trkpt lat="46.3455990" lon="12.9012990">
    <ele>655.4</ele>
    <time>2023-11-04T11:23:19Z</time>
   </trkpt>
   <trkpt lat="46.3455930" lon="12.9012870">
    <ele>655.4</ele>
    <time>2023-11-04T11:23:20Z</time>
   </trkpt>
   <trkpt lat="46.3455880" lon="12.9012750">
    <ele>655.4</ele>
    <time>2023-11-04T11:23:21Z</time>
   </trkpt>
   <trkpt lat="46.3455800" lon="12.9012530">
    <ele>655.4</ele>
    <time>2023-11-04T11:23:22Z</time>
   </trkpt>
   <trkpt lat="46.3455730" lon="12.9012350">
    <ele>655.5</ele>
    <time>2023-11-04T11:23:24Z</time>
   </trkpt>
   <trkpt lat="46.3455660" lon="12.9012110">
    <ele>655.5</ele>
    <time>2023-11-04T11:23:26Z</time>
   </trkpt>
   <trkpt lat="46.3455600" lon="12.9011880">
    <ele>655.5</ele>
    <time>2023-11-04T11:23:27Z</time>
   </trkpt>
   <trkpt lat="46.3455550" lon="12.9011690">
    <ele>655.5</ele>
    <time>2023-11-04T11:23:28Z</time>
   </trkpt>
   <trkpt lat="46.3455500" lon="12.9011460">
    <ele>655.5</ele>
    <time>2023-11-04T11:23:30Z</time>
   </trkpt>
   <trkpt lat="46.3455460" lon="12.9011290">
    <ele>655.5</ele>
    <time>2023-11-04T11:23:31Z</time>
   </trkpt>
   <trkpt lat="46.3455380" lon="12.9011000">
    <ele>655.6</ele>
    <time>2023-11-04T11:23:32Z</time>
   </trkpt>
   <trkpt lat="46.3455320" lon="12.9010710">
    <ele>655.6</ele>
    <time>2023-11-04T11:23:34Z</time>
   </trkpt>
   <trkpt lat="46.3455290" lon="12.9010610">
    <ele>655.6</ele>
    <time>2023-11-04T11:23:35Z</time>
   </trkpt>
   <trkpt lat="46.3455270" lon="12.9010510">
    <ele>655.6</ele>
    <time>2023-11-04T11:23:36Z</time>
   </trkpt>
   <trkpt lat="46.3455190" lon="12.9010240">
    <ele>655.7</ele>
    <time>2023-11-04T11:23:37Z</time>
   </trkpt>
   <trkpt lat="46.3455150" lon="12.9010100">
    <ele>655.7</ele>
    <time>2023-11-04T11:23:38Z</time>
   </trkpt>
   <trkpt lat="46.3455110" lon="12.9009970">
    <ele>655.7</ele>
    <time>2023-11-04T11:23:39Z</time>
   </trkpt>
   <trkpt lat="46.3455080" lon="12.9009820">
    <ele>655.7</ele>
    <time>2023-11-04T11:23:41Z</time>
   </trkpt>
   <trkpt lat="46.3455030" lon="12.9009670">
    <ele>655.7</ele>
    <time>2023-11-04T11:23:42Z</time>
   </trkpt>
   <trkpt lat="46.3454990" lon="12.9009520">
    <ele>655.7</ele>
    <time>2023-11-04T11:23:43Z</time>
   </trkpt>
   <trkpt lat="46.3454840" lon="12.9009090">
    <ele>655.8</ele>
    <time>2023-11-04T11:23:44Z</time>
   </trkpt>
   <trkpt lat="46.3454770" lon="12.9008890">
    <ele>655.8</ele>
    <time>2023-11-04T11:23:47Z</time>
   </trkpt>
   <trkpt lat="46.3454690" lon="12.9008690">
    <ele>655.9</ele>
    <time>2023-11-04T11:23:49Z</time>
   </trkpt>
   <trkpt lat="46.3454620" lon="12.9008490">
    <ele>655.9</ele>
    <time>2023-11-04T11:23:50Z</time>
   </trkpt>
   <trkpt lat="46.3454480" lon="12.9008150">
    <ele>656.0</ele>
    <time>2023-11-04T11:23:51Z</time>
   </trkpt>
   <trkpt lat="46.3454420" lon="12.9008000">
    <ele>656.0</ele>
    <time>2023-11-04T11:23:52Z</time>
   </trkpt>
   <trkpt lat="46.3454340" lon="12.9007820">
    <ele>656.0</ele>
    <time>2023-11-04T11:23:54Z</time>
   </trkpt>
   <trkpt lat="46.3454280" lon="12.9007660">
    <ele>656.1</ele>
    <time>2023-11-04T11:23:55Z</time>
   </trkpt>
   <trkpt lat="46.3454180" lon="12.9007370">
    <ele>656.1</ele>
    <time>2023-11-04T11:23:56Z</time>
   </trkpt>
   <trkpt lat="46.3454140" lon="12.9007230">
    <ele>656.1</ele>
    <time>2023-11-04T11:23:57Z</time>
   </trkpt>
   <trkpt lat="46.3454090" lon="12.9007090">
    <ele>656.2</ele>
    <time>2023-11-04T11:23:58Z</time>
   </trkpt>
   <trkpt lat="46.3454030" lon="12.9006950">
    <ele>656.2</ele>
    <time>2023-11-04T11:24:00Z</time>
   </trkpt>
   <trkpt lat="46.3453970" lon="12.9006820">
    <ele>656.2</ele>
    <time>2023-11-04T11:24:01Z</time>
   </trkpt>
   <trkpt lat="46.3453900" lon="12.9006700">
    <ele>656.3</ele>
    <time>2023-11-04T11:24:02Z</time>
   </trkpt>
   <trkpt lat="46.3453690" lon="12.9006290">
    <ele>656.4</ele>
    <time>2023-11-04T11:24:03Z</time>
   </trkpt>
   <trkpt lat="46.3453590" lon="12.9006130">
    <ele>656.4</ele>
    <time>2023-11-04T11:24:05Z</time>
   </trkpt>
   <trkpt lat="46.3453500" lon="12.9005960">
    <ele>656.4</ele>
    <time>2023-11-04T11:24:07Z</time>
   </trkpt>
   <trkpt lat="46.3453400" lon="12.9005790">
    <ele>656.5</ele>
    <time>2023-11-04T11:24:08Z</time>
   </trkpt>
   <trkpt lat="46.3453270" lon="12.9005540">
    <ele>656.5</ele>
    <time>2023-11-04T11:24:10Z</time>
   </trkpt>
   <trkpt lat="46.3453190" lon="12.9005410">
    <ele>656.6</ele>
    <time>2023-11-04T11:24:11Z</time>
   </trkpt>
   <trkpt lat="46.3453040" lon="12.9005160">
    <ele>656.6</ele>
    <time>2023-11-04T11:24:13Z</time>
   </trkpt>
   <trkpt lat="46.3452980" lon="12.9005050">
    <ele>656.7</ele>
    <time>2023-11-04T11:24:14Z</time>
   </trkpt>
   <trkpt lat="46.3452920" lon="12.9004940">
    <ele>656.7</ele>
    <time>2023-11-04T11:24:15Z</time>
   </trkpt>
   <trkpt lat="46.3452850" lon="12.9004740">
    <ele>656.7</ele>
    <time>2023-11-04T11:24:17Z</time>
   </trkpt>
   <trkpt lat="46.3452790" lon="12.9004550">
    <ele>656.8</ele>
    <time>2023-11-04T11:24:18Z</time>
   </trkpt>
   <trkpt lat="46.3452710" lon="12.9004310">
    <ele>656.8</ele>
    <time>2023-11-04T11:24:20Z</time>
   </trkpt>
   <trkpt lat="46.3452670" lon="12.9004110">
    <ele>656.9</ele>
    <time>2023-11-04T11:24:21Z</time>
   </trkpt>
   <trkpt lat="46.3452610" lon="12.9003870">
    <ele>656.9</ele>
    <time>2023-11-04T11:24:23Z</time>
   </trkpt>
   <trkpt lat="46.3452580" lon="12.9003720">
    <ele>656.9</ele>
    <time>2023-11-04T11:24:24Z</time>
   </trkpt>
   <trkpt lat="46.3452530" lon="12.9003530">
    <ele>657.0</ele>
    <time>2023-11-04T11:24:25Z</time>
   </trkpt>
   <trkpt lat="46.3452460" lon="12.9003300">
    <ele>657.0</ele>
    <time>2023-11-04T11:24:26Z</time>
   </trkpt>
   <trkpt lat="46.3452390" lon="12.9003010">
    <ele>657.1</ele>
    <time>2023-11-04T11:24:28Z</time>
   </trkpt>
   <trkpt lat="46.3452360" lon="12.9002900">
    <ele>657.1</ele>
    <time>2023-11-04T11:24:29Z</time>
   </trkpt>
   <trkpt lat="46.3452330" lon="12.9002790">
    <ele>657.1</ele>
    <time>2023-11-04T11:24:30Z</time>
   </trkpt>
   <trkpt lat="46.3452260" lon="12.9002480">
    <ele>657.2</ele>
    <time>2023-11-04T11:24:32Z</time>
   </trkpt>
   <trkpt lat="46.3452220" lon="12.9002310">
    <ele>657.2</ele>
    <time>2023-11-04T11:24:33Z</time>
   </trkpt>
   <trkpt lat="46.3452130" lon="12.9002020">
    <ele>657.3</ele>
    <time>2023-11-04T11:24:34Z</time>
   </trkpt>
   <trkpt lat="46.3452080" lon="12.9001880">
    <ele>657.3</ele>
    <time>2023-11-04T11:24:35Z</time>
   </trkpt>
   <trkpt lat="46.3452040" lon="12.9001750">
    <ele>657.4</ele>
    <time>2023-11-04T11:24:36Z</time>
   </trkpt>
   <trkpt lat="46.3451930" lon="12.9001480">
    <ele>657.4</ele>
    <time>2023-11-04T11:24:37Z</time>
   </trkpt>
   <trkpt lat="46.3451880" lon="12.9001380">
    <ele>657.5</ele>
    <time>2023-11-04T11:24:39Z</time>
   </trkpt>
   <trkpt lat="46.3451840" lon="12.9001280">
    <ele>657.5</ele>
    <time>2023-11-04T11:24:40Z</time>
   </trkpt>
   <trkpt lat="46.3451780" lon="12.9001140">
    <ele>657.5</ele>
    <time>2023-11-04T11:24:41Z</time>
   </trkpt>
   <trkpt lat="46.3451670" lon="12.9000870">
    <ele>657.6</ele>
    <time>2023-11-04T11:24:42Z</time>
   </trkpt>
   <trkpt lat="46.3451530" lon="12.9000610">
    <ele>657.6</ele>
    <time>2023-11-04T11:24:44Z</time>
   </trkpt>
   <trkpt lat="46.3451450" lon="12.9000470">
    <ele>657.7</ele>
    <time>2023-11-04T11:24:46Z</time>
   </trkpt>
   <trkpt lat="46.3451320" lon="12.9000240">
    <ele>657.7</ele>
    <time>2023-11-04T11:24:47Z</time>
   </trkpt>
   <trkpt lat="46.3451230" lon="12.9000080">
    <ele>657.8</ele>
    <time>2023-11-04T11:24:48Z</time>
   </trkpt>
   <trkpt lat="46.3451090" lon="12.8999900">
    <ele>657.8</ele>
    <time>2023-11-04T11:24:50Z</time>
   </trkpt>
   <trkpt lat="46.3450950" lon="12.8999680">
    <ele>657.8</ele>
    <time>2023-11-04T11:24:52Z</time>
   </trkpt>
   <trkpt lat="46.3450820" lon="12.8999480">
    <ele>657.9</ele>
    <time>2023-11-04T11:24:53Z</time>
   </trkpt>
   <trkpt lat="46.3450720" lon="12.8999280">
    <ele>657.9</ele>
    <time>2023-11-04T11:24:55Z</time>
   </trkpt>
   <trkpt lat="46.3450650" lon="12.8999150">
    <ele>658.0</ele>
    <time>2023-11-04T11:24:56Z</time>
   </trkpt>
   <trkpt lat="46.3450590" lon="12.8999020">
    <ele>658.0</ele>
    <time>2023-11-04T11:24:57Z</time>
   </trkpt>
   <trkpt lat="46.3450530" lon="12.8998890">
    <ele>658.0</ele>
    <time>2023-11-04T11:24:58Z</time>
   </trkpt>
   <trkpt lat="46.3450430" lon="12.8998660">
    <ele>658.1</ele>
    <time>2023-11-04T11:24:59Z</time>
   </trkpt>
   <trkpt lat="46.3450370" lon="12.8998490">
    <ele>658.1</ele>
    <time>2023-11-04T11:25:01Z</time>
   </trkpt>
   <trkpt lat="46.3450290" lon="12.8998250">
    <ele>658.1</ele>
    <time>2023-11-04T11:25:03Z</time>
   </trkpt>
   <trkpt lat="46.3450230" lon="12.8998040">
    <ele>658.2</ele>
    <time>2023-11-04T11:25:04Z</time>
   </trkpt>
   <trkpt lat="46.3450170" lon="12.8997780">
    <ele>658.2</ele>
    <time>2023-11-04T11:25:06Z</time>
   </trkpt>
   <trkpt lat="46.3450140" lon="12.8997610">
    <ele>658.3</ele>
    <time>2023-11-04T11:25:07Z</time>
   </trkpt>
   <trkpt lat="46.3450090" lon="12.8997290">
    <ele>658.3</ele>
    <time>2023-11-04T11:25:08Z</time>
   </trkpt>
   <trkpt lat="46.3450070" lon="12.8997140">
    <ele>658.4</ele>
    <time>2023-11-04T11:25:09Z</time>
   </trkpt>
   <trkpt lat="46.3450050" lon="12.8996980">
    <ele>658.4</ele>
    <time>2023-11-04T11:25:10Z</time>
   </trkpt>
   <trkpt lat="46.3450000" lon="12.8996650">
    <ele>658.5</ele>
    <time>2023-11-04T11:25:12Z</time>
   </trkpt>
   <trkpt lat="46.3449980" lon="12.8996460">
    <ele>658.5</ele>
    <time>2023-11-04T11:25:14Z</time>
   </trkpt>
   <trkpt lat="46.3449920" lon="12.8996150">
    <ele>658.6</ele>
    <time>2023-11-04T11:25:15Z</time>
   </trkpt>
   <trkpt lat="46.3449900" lon="12.8996010">
    <ele>658.6</ele>
    <time>2023-11-04T11:25:16Z</time>
   </trkpt>
   <trkpt lat="46.3449870" lon="12.8995860">
    <ele>658.6</ele>
    <time>2023-11-04T11:25:17Z</time>
   </trkpt>
   <trkpt lat="46.3449790" lon="12.8995540">
    <ele>658.7</ele>
    <time>2023-11-04T11:25:19Z</time>
   </trkpt>
   <trkpt lat="46.3449750" lon="12.8995410">
    <ele>658.7</ele>
    <time>2023-11-04T11:25:20Z</time>
   </trkpt>
   <trkpt lat="46.3449710" lon="12.8995290">
    <ele>658.7</ele>
    <time>2023-11-04T11:25:21Z</time>
   </trkpt>
   <trkpt lat="46.3449640" lon="12.8995080">
    <ele>658.8</ele>
    <time>2023-11-04T11:25:22Z</time>
   </trkpt>
   <trkpt lat="46.3449580" lon="12.8994880">
    <ele>658.8</ele>
    <time>2023-11-04T11:25:23Z</time>
   </trkpt>
   <trkpt lat="46.3449520" lon="12.8994660">
    <ele>658.8</ele>
    <time>2023-11-04T11:25:25Z</time>
   </trkpt>
   <trkpt lat="46.3449470" lon="12.8994470">
    <ele>658.9</ele>
    <time>2023-11-04T11:25:26Z</time>
   </trkpt>
   <trkpt lat="46.3449390" lon="12.8994180">
    <ele>658.9</ele>
    <time>2023-11-04T11:25:27Z</time>
   </trkpt>
   <trkpt lat="46.3449350" lon="12.8993980">
    <ele>658.9</ele>
    <time>2023-11-04T11:25:28Z</time>
   </trkpt>
   <trkpt lat="46.3449300" lon="12.8993680">
    <ele>659.0</ele>
    <time>2023-11-04T11:25:30Z</time>
   </trkpt>
   <trkpt lat="46.3449290" lon="12.8993570">
    <ele>659.0</ele>
    <time>2023-11-04T11:25:31Z</time>
   </trkpt>
   <trkpt lat="46.3449270" lon="12.8993460">
    <ele>659.0</ele>
    <time>2023-11-04T11:25:32Z</time>
   </trkpt>
   <trkpt lat="46.3449250" lon="12.8993290">
    <ele>659.1</ele>
    <time>2023-11-04T11:25:33Z</time>
   </trkpt>
   <trkpt lat="46.3449220" lon="12.8993060">
    <ele>659.1</ele>
    <time>2023-11-04T11:25:34Z</time>
   </trkpt>
   <trkpt lat="46.3449180" lon="12.8992800">
    <ele>659.1</ele>
    <time>2023-11-04T11:25:35Z</time>
   </trkpt>
   <trkpt lat="46.3449120" lon="12.8992450">
    <ele>659.2</ele>
    <time>2023-11-04T11:25:37Z</time>
   </trkpt>
   <trkpt lat="46.3449090" lon="12.8992250">
    <ele>659.2</ele>
    <time>2023-11-04T11:25:39Z</time>
   </trkpt>
   <trkpt lat="46.3449030" lon="12.8991930">
    <ele>659.3</ele>
    <time>2023-11-04T11:25:41Z</time>
   </trkpt>
   <trkpt lat="46.3448990" lon="12.8991760">
    <ele>659.3</ele>
    <time>2023-11-04T11:25:42Z</time>
   </trkpt>
   <trkpt lat="46.3448960" lon="12.8991610">
    <ele>659.4</ele>
    <time>2023-11-04T11:25:43Z</time>
   </trkpt>
   <trkpt lat="46.3448930" lon="12.8991450">
    <ele>659.4</ele>
    <time>2023-11-04T11:25:44Z</time>
   </trkpt>
   <trkpt lat="46.3448880" lon="12.8991170">
    <ele>659.5</ele>
    <time>2023-11-04T11:25:45Z</time>
   </trkpt>
   <trkpt lat="46.3448780" lon="12.8990680">
    <ele>659.5</ele>
    <time>2023-11-04T11:25:48Z</time>
   </trkpt>
   <trkpt lat="46.3448720" lon="12.8990420">
    <ele>659.6</ele>
    <time>2023-11-04T11:25:50Z</time>
   </trkpt>
   <trkpt lat="46.3448680" lon="12.8990230">
    <ele>659.6</ele>
    <time>2023-11-04T11:25:52Z</time>
   </trkpt>
   <trkpt lat="46.3448630" lon="12.8989980">
    <ele>659.6</ele>
    <time>2023-11-04T11:25:53Z</time>
   </trkpt>
   <trkpt lat="46.3448590" lon="12.8989810">
    <ele>659.7</ele>
    <time>2023-11-04T11:25:55Z</time>
   </trkpt>
   <trkpt lat="46.3448530" lon="12.8989550">
    <ele>659.7</ele>
    <time>2023-11-04T11:25:56Z</time>
   </trkpt>
   <trkpt lat="46.3448490" lon="12.8989390">
    <ele>659.7</ele>
    <time>2023-11-04T11:25:57Z</time>
   </trkpt>
   <trkpt lat="46.3448450" lon="12.8989240">
    <ele>659.7</ele>
    <time>2023-11-04T11:25:58Z</time>
   </trkpt>
   <trkpt lat="46.3448410" lon="12.8989060">
    <ele>659.7</ele>
    <time>2023-11-04T11:26:00Z</time>
   </trkpt>
   <trkpt lat="46.3448360" lon="12.8988820">
    <ele>659.7</ele>
    <time>2023-11-04T11:26:01Z</time>
   </trkpt>
   <trkpt lat="46.3448320" lon="12.8988580">
    <ele>659.7</ele>
    <time>2023-11-04T11:26:02Z</time>
   </trkpt>
   <trkpt lat="46.3448290" lon="12.8988360">
    <ele>659.7</ele>
    <time>2023-11-04T11:26:04Z</time>
   </trkpt>
   <trkpt lat="46.3448270" lon="12.8988080">
    <ele>659.7</ele>
    <time>2023-11-04T11:26:05Z</time>
   </trkpt>
   <trkpt lat="46.3448260" lon="12.8987860">
    <ele>659.7</ele>
    <time>2023-11-04T11:26:06Z</time>
   </trkpt>
   <trkpt lat="46.3448270" lon="12.8987640">
    <ele>659.6</ele>
    <time>2023-11-04T11:26:08Z</time>
   </trkpt>
   <trkpt lat="46.3448280" lon="12.8987420">
    <ele>659.6</ele>
    <time>2023-11-04T11:26:09Z</time>
   </trkpt>
   <trkpt lat="46.3448280" lon="12.8987220">
    <ele>659.6</ele>
    <time>2023-11-04T11:26:10Z</time>
   </trkpt>
   <trkpt lat="46.3448290" lon="12.8986920">
    <ele>659.6</ele>
    <time>2023-11-04T11:26:12Z</time>
   </trkpt>
   <trkpt lat="46.3448290" lon="12.8986790">
    <ele>659.6</ele>
    <time>2023-11-04T11:26:13Z</time>
   </trkpt>
   <trkpt lat="46.3448290" lon="12.8986670">
    <ele>659.6</ele>
    <time>2023-11-04T11:26:14Z</time>
   </trkpt>
   <trkpt lat="46.3448280" lon="12.8986500">
    <ele>659.6</ele>
    <time>2023-11-04T11:26:15Z</time>
   </trkpt>
   <trkpt lat="46.3448260" lon="12.8986330">
    <ele>659.6</ele>
    <time>2023-11-04T11:26:16Z</time>
   </trkpt>
   <trkpt lat="46.3448240" lon="12.8986180">
    <ele>659.6</ele>
    <time>2023-11-04T11:26:18Z</time>
   </trkpt>
   <trkpt lat="46.3448200" lon="12.8986040">
    <ele>659.6</ele>
    <time>2023-11-04T11:26:19Z</time>
   </trkpt>
   <trkpt lat="46.3448150" lon="12.8985840">
    <ele>659.6</ele>
    <time>2023-11-04T11:26:20Z</time>
   </trkpt>
   <trkpt lat="46.3447980" lon="12.8985590">
    <ele>659.7</ele>
    <time>2023-11-04T11:26:22Z</time>
   </trkpt>
   <trkpt lat="46.3447760" lon="12.8985200">
    <ele>659.7</ele>
    <time>2023-11-04T11:26:23Z</time>
   </trkpt>
   <trkpt lat="46.3447700" lon="12.8985100">
    <ele>659.7</ele>
    <time>2023-11-04T11:26:24Z</time>
   </trkpt>
   <trkpt lat="46.3447600" lon="12.8984890">
    <ele>659.7</ele>
    <time>2023-11-04T11:26:26Z</time>
   </trkpt>
   <trkpt lat="46.3447500" lon="12.8984610">
    <ele>659.7</ele>
    <time>2023-11-04T11:26:28Z</time>
   </trkpt>
   <trkpt lat="46.3447450" lon="12.8984430">
    <ele>659.7</ele>
    <time>2023-11-04T11:26:29Z</time>
   </trkpt>
   <trkpt lat="46.3447360" lon="12.8984170">
    <ele>659.7</ele>
    <time>2023-11-04T11:26:30Z</time>
   </trkpt>
   <trkpt lat="46.3447300" lon="12.8983850">
    <ele>659.8</ele>
    <time>2023-11-04T11:26:32Z</time>
   </trkpt>
   <trkpt lat="46.3447270" lon="12.8983710">
    <ele>659.8</ele>
    <time>2023-11-04T11:26:33Z</time>
   </trkpt>
   <trkpt lat="46.3447240" lon="12.8983560">
    <ele>659.8</ele>
    <time>2023-11-04T11:26:34Z</time>
   </trkpt>
   <trkpt lat="46.3447210" lon="12.8983300">
    <ele>659.8</ele>
    <time>2023-11-04T11:26:36Z</time>
   </trkpt>
   <trkpt lat="46.3447200" lon="12.8983130">
    <ele>659.8</ele>
    <time>2023-11-04T11:26:37Z</time>
   </trkpt>
   <trkpt lat="46.3447140" lon="12.8982810">
    <ele>659.8</ele>
    <time>2023-11-04T11:26:38Z</time>
   </trkpt>
   <trkpt lat="46.3447110" lon="12.8982660">
    <ele>659.8</ele>
    <time>2023-11-04T11:26:39Z</time>
   </trkpt>
   <trkpt lat="46.3447070" lon="12.8982510">
    <ele>659.8</ele>
    <time>2023-11-04T11:26:40Z</time>
   </trkpt>
   <trkpt lat="46.3447000" lon="12.8982320">
    <ele>659.9</ele>
    <time>2023-11-04T11:26:42Z</time>
   </trkpt>
   <trkpt lat="46.3446940" lon="12.8982160">
    <ele>659.9</ele>
    <time>2023-11-04T11:26:43Z</time>
   </trkpt>
   <trkpt lat="46.3446840" lon="12.8981790">
    <ele>659.9</ele>
    <time>2023-11-04T11:26:44Z</time>
   </trkpt>
   <trkpt lat="46.3446790" lon="12.8981630">
    <ele>659.9</ele>
    <time>2023-11-04T11:26:45Z</time>
   </trkpt>
   <trkpt lat="46.3446680" lon="12.8981230">
    <ele>659.9</ele>
    <time>2023-11-04T11:26:47Z</time>
   </trkpt>
   <trkpt lat="46.3446620" lon="12.8981030">
    <ele>660.0</ele>
    <time>2023-11-04T11:26:49Z</time>
   </trkpt>
   <trkpt lat="46.3446580" lon="12.8980860">
    <ele>660.0</ele>
    <time>2023-11-04T11:26:50Z</time>
   </trkpt>
   <trkpt lat="46.3446470" lon="12.8980460">
    <ele>660.0</ele>
    <time>2023-11-04T11:26:51Z</time>
   </trkpt>
   <trkpt lat="46.3446440" lon="12.8980370">
    <ele>660.0</ele>
    <time>2023-11-04T11:26:52Z</time>
   </trkpt>
   <trkpt lat="46.3446310" lon="12.8979940">
    <ele>660.1</ele>
    <time>2023-11-04T11:26:55Z</time>
   </trkpt>
   <trkpt lat="46.3446240" lon="12.8979710">
    <ele>660.1</ele>
    <time>2023-11-04T11:26:56Z</time>
   </trkpt>
   <trkpt lat="46.3446090" lon="12.8979320">
    <ele>660.1</ele>
    <time>2023-11-04T11:26:58Z</time>
   </trkpt>
   <trkpt lat="46.3445960" lon="12.8978990">
    <ele>660.2</ele>
    <time>2023-11-04T11:26:59Z</time>
   </trkpt>
   <trkpt lat="46.3445910" lon="12.8978800">
    <ele>660.2</ele>
    <time>2023-11-04T11:27:01Z</time>
   </trkpt>
   <trkpt lat="46.3445860" lon="12.8978610">
    <ele>660.2</ele>
    <time>2023-11-04T11:27:02Z</time>
   </trkpt>
   <trkpt lat="46.3445810" lon="12.8978360">
    <ele>660.2</ele>
    <time>2023-11-04T11:27:03Z</time>
   </trkpt>
   <trkpt lat="46.3445730" lon="12.8978030">
    <ele>660.3</ele>
    <time>2023-11-04T11:27:05Z</time>
   </trkpt>
   <trkpt lat="46.3445690" lon="12.8977850">
    <ele>660.3</ele>
    <time>2023-11-04T11:27:07Z</time>
   </trkpt>
   <trkpt lat="46.3445650" lon="12.8977660">
    <ele>660.3</ele>
    <time>2023-11-04T11:27:08Z</time>
   </trkpt>
   <trkpt lat="46.3445580" lon="12.8977430">
    <ele>660.3</ele>
    <time>2023-11-04T11:27:09Z</time>
   </trkpt>
   <trkpt lat="46.3445470" lon="12.8977170">
    <ele>660.3</ele>
    <time>2023-11-04T11:27:11Z</time>
   </trkpt>
   <trkpt lat="46.3445300" lon="12.8976820">
    <ele>660.3</ele>
    <time>2023-11-04T11:27:13Z</time>
   </trkpt>
   <trkpt lat="46.3445160" lon="12.8976580">
    <ele>660.3</ele>
    <time>2023-11-04T11:27:15Z</time>
   </trkpt>
   <trkpt lat="46.3445030" lon="12.8976380">
    <ele>660.3</ele>
    <time>2023-11-04T11:27:17Z</time>
   </trkpt>
   <trkpt lat="46.3444940" lon="12.8976260">
    <ele>660.3</ele>
    <time>2023-11-04T11:27:19Z</time>
   </trkpt>
   <trkpt lat="46.3444860" lon="12.8976150">
    <ele>660.3</ele>
    <time>2023-11-04T11:27:20Z</time>
   </trkpt>
   <trkpt lat="46.3444740" lon="12.8975950">
    <ele>660.3</ele>
    <time>2023-11-04T11:27:21Z</time>
   </trkpt>
   <trkpt lat="46.3444690" lon="12.8975830">
    <ele>660.3</ele>
    <time>2023-11-04T11:27:23Z</time>
   </trkpt>
   <trkpt lat="46.3444640" lon="12.8975710">
    <ele>660.3</ele>
    <time>2023-11-04T11:27:24Z</time>
   </trkpt>
   <trkpt lat="46.3444590" lon="12.8975590">
    <ele>660.3</ele>
    <time>2023-11-04T11:27:25Z</time>
   </trkpt>
   <trkpt lat="46.3444510" lon="12.8975410">
    <ele>660.3</ele>
    <time>2023-11-04T11:27:26Z</time>
   </trkpt>
   <trkpt lat="46.3444460" lon="12.8975260">
    <ele>660.3</ele>
    <time>2023-11-04T11:27:27Z</time>
   </trkpt>
   <trkpt lat="46.3444410" lon="12.8975100">
    <ele>660.2</ele>
    <time>2023-11-04T11:27:29Z</time>
   </trkpt>
   <trkpt lat="46.3444320" lon="12.8974820">
    <ele>660.2</ele>
    <time>2023-11-04T11:27:30Z</time>
   </trkpt>
   <trkpt lat="46.3444290" lon="12.8974710">
    <ele>660.2</ele>
    <time>2023-11-04T11:27:31Z</time>
   </trkpt>
   <trkpt lat="46.3444250" lon="12.8974600">
    <ele>660.2</ele>
    <time>2023-11-04T11:27:32Z</time>
   </trkpt>
   <trkpt lat="46.3444180" lon="12.8974430">
    <ele>660.2</ele>
    <time>2023-11-04T11:27:33Z</time>
   </trkpt>
   <trkpt lat="46.3444110" lon="12.8974170">
    <ele>660.2</ele>
    <time>2023-11-04T11:27:35Z</time>
   </trkpt>
   <trkpt lat="46.3444050" lon="12.8973990">
    <ele>660.2</ele>
    <time>2023-11-04T11:27:36Z</time>
   </trkpt>
   <trkpt lat="46.3444010" lon="12.8973770">
    <ele>660.1</ele>
    <time>2023-11-04T11:27:37Z</time>
   </trkpt>
   <trkpt lat="46.3443930" lon="12.8973410">
    <ele>660.1</ele>
    <time>2023-11-04T11:27:38Z</time>
   </trkpt>
   <trkpt lat="46.3443830" lon="12.8973070">
    <ele>660.1</ele>
    <time>2023-11-04T11:27:40Z</time>
   </trkpt>
   <trkpt lat="46.3443770" lon="12.8972780">
    <ele>660.1</ele>
    <time>2023-11-04T11:27:42Z</time>
   </trkpt>
   <trkpt lat="46.3443740" lon="12.8972660">
    <ele>660.1</ele>
    <time>2023-11-04T11:27:43Z</time>
   </trkpt>
   <trkpt lat="46.3443710" lon="12.8972540">
    <ele>660.0</ele>
    <time>2023-11-04T11:27:44Z</time>
   </trkpt>
   <trkpt lat="46.3443620" lon="12.8972280">
    <ele>660.0</ele>
    <time>2023-11-04T11:27:45Z</time>
   </trkpt>
   <trkpt lat="46.3443580" lon="12.8972180">
    <ele>660.0</ele>
    <time>2023-11-04T11:27:47Z</time>
   </trkpt>
   <trkpt lat="46.3443540" lon="12.8972070">
    <ele>660.0</ele>
    <time>2023-11-04T11:27:48Z</time>
   </trkpt>
   <trkpt lat="46.3443480" lon="12.8971930">
    <ele>660.0</ele>
    <time>2023-11-04T11:27:49Z</time>
   </trkpt>
   <trkpt lat="46.3443400" lon="12.8971720">
    <ele>660.0</ele>
    <time>2023-11-04T11:27:50Z</time>
   </trkpt>
   <trkpt lat="46.3443330" lon="12.8971590">
    <ele>660.0</ele>
    <time>2023-11-04T11:27:52Z</time>
   </trkpt>
   <trkpt lat="46.3443290" lon="12.8971560">
    <ele>660.0</ele>
    <time>2023-11-04T11:27:53Z</time>
   </trkpt>
   <trkpt lat="46.3443260" lon="12.8971540">
    <ele>660.0</ele>
    <time>2023-11-04T11:27:54Z</time>
   </trkpt>
   <trkpt lat="46.3443220" lon="12.8971520">
    <ele>660.0</ele>
    <time>2023-11-04T11:27:55Z</time>
   </trkpt>
   <trkpt lat="46.3443110" lon="12.8971360">
    <ele>660.0</ele>
    <time>2023-11-04T11:27:57Z</time>
   </trkpt>
   <trkpt lat="46.3443020" lon="12.8971200">
    <ele>660.0</ele>
    <time>2023-11-04T11:27:58Z</time>
   </trkpt>
   <trkpt lat="46.3442910" lon="12.8971020">
    <ele>660.0</ele>
    <time>2023-11-04T11:27:59Z</time>
   </trkpt>
   <trkpt lat="46.3442800" lon="12.8970820">
    <ele>660.0</ele>
    <time>2023-11-04T11:28:01Z</time>
   </trkpt>
   <trkpt lat="46.3442710" lon="12.8970660">
    <ele>660.0</ele>
    <time>2023-11-04T11:28:02Z</time>
   </trkpt>
   <trkpt lat="46.3442630" lon="12.8970500">
    <ele>660.0</ele>
    <time>2023-11-04T11:28:03Z</time>
   </trkpt>
   <trkpt lat="46.3442550" lon="12.8970340">
    <ele>660.0</ele>
    <time>2023-11-04T11:28:04Z</time>
   </trkpt>
   <trkpt lat="46.3442440" lon="12.8970100">
    <ele>660.0</ele>
    <time>2023-11-04T11:28:05Z</time>
   </trkpt>
   <trkpt lat="46.3442340" lon="12.8969860">
    <ele>660.0</ele>
    <time>2023-11-04T11:28:07Z</time>
   </trkpt>
   <trkpt lat="46.3442230" lon="12.8969560">
    <ele>660.1</ele>
    <time>2023-11-04T11:28:08Z</time>
   </trkpt>
   <trkpt lat="46.3442180" lon="12.8969390">
    <ele>660.1</ele>
    <time>2023-11-04T11:28:10Z</time>
   </trkpt>
   <trkpt lat="46.3442100" lon="12.8969180">
    <ele>660.1</ele>
    <time>2023-11-04T11:28:11Z</time>
   </trkpt>
   <trkpt lat="46.3442010" lon="12.8968930">
    <ele>660.1</ele>
    <time>2023-11-04T11:28:13Z</time>
   </trkpt>
   <trkpt lat="46.3441880" lon="12.8968680">
    <ele>660.2</ele>
    <time>2023-11-04T11:28:14Z</time>
   </trkpt>
   <trkpt lat="46.3441830" lon="12.8968570">
    <ele>660.2</ele>
    <time>2023-11-04T11:28:15Z</time>
   </trkpt>
   <trkpt lat="46.3441780" lon="12.8968470">
    <ele>660.2</ele>
    <time>2023-11-04T11:28:16Z</time>
   </trkpt>
   <trkpt lat="46.3441680" lon="12.8968260">
    <ele>660.2</ele>
    <time>2023-11-04T11:28:17Z</time>
   </trkpt>
   <trkpt lat="46.3441580" lon="12.8968060">
    <ele>660.3</ele>
    <time>2023-11-04T11:28:18Z</time>
   </trkpt>
   <trkpt lat="46.3441500" lon="12.8967880">
    <ele>660.3</ele>
    <time>2023-11-04T11:28:19Z</time>
   </trkpt>
   <trkpt lat="46.3441400" lon="12.8967700">
    <ele>660.3</ele>
    <time>2023-11-04T11:28:21Z</time>
   </trkpt>
   <trkpt lat="46.3441320" lon="12.8967550">
    <ele>660.3</ele>
    <time>2023-11-04T11:28:22Z</time>
   </trkpt>
   <trkpt lat="46.3441190" lon="12.8967280">
    <ele>660.4</ele>
    <time>2023-11-04T11:28:23Z</time>
   </trkpt>
   <trkpt lat="46.3441090" lon="12.8967120">
    <ele>660.4</ele>
    <time>2023-11-04T11:28:25Z</time>
   </trkpt>
   <trkpt lat="46.3440910" lon="12.8966850">
    <ele>660.5</ele>
    <time>2023-11-04T11:28:27Z</time>
   </trkpt>
   <trkpt lat="46.3440730" lon="12.8966580">
    <ele>660.5</ele>
    <time>2023-11-04T11:28:28Z</time>
   </trkpt>
   <trkpt lat="46.3440650" lon="12.8966450">
    <ele>660.5</ele>
    <time>2023-11-04T11:28:29Z</time>
   </trkpt>
   <trkpt lat="46.3440540" lon="12.8966310">
    <ele>660.6</ele>
    <time>2023-11-04T11:28:31Z</time>
   </trkpt>
   <trkpt lat="46.3440450" lon="12.8966180">
    <ele>660.6</ele>
    <time>2023-11-04T11:28:32Z</time>
   </trkpt>
   <trkpt lat="46.3440290" lon="12.8965920">
    <ele>660.6</ele>
    <time>2023-11-04T11:28:33Z</time>
   </trkpt>
   <trkpt lat="46.3440220" lon="12.8965800">
    <ele>660.7</ele>
    <time>2023-11-04T11:28:34Z</time>
   </trkpt>
   <trkpt lat="46.3440150" lon="12.8965680">
    <ele>660.7</ele>
    <time>2023-11-04T11:28:35Z</time>
   </trkpt>
   <trkpt lat="46.3439990" lon="12.8965360">
    <ele>660.7</ele>
    <time>2023-11-04T11:28:36Z</time>
   </trkpt>
   <trkpt lat="46.3439920" lon="12.8965220">
    <ele>660.8</ele>
    <time>2023-11-04T11:28:38Z</time>
   </trkpt>
   <trkpt lat="46.3439850" lon="12.8965070">
    <ele>660.8</ele>
    <time>2023-11-04T11:28:39Z</time>
   </trkpt>
   <trkpt lat="46.3439780" lon="12.8964930">
    <ele>660.8</ele>
    <time>2023-11-04T11:28:40Z</time>
   </trkpt>
   <trkpt lat="46.3439710" lon="12.8964790">
    <ele>660.9</ele>
    <time>2023-11-04T11:28:41Z</time>
   </trkpt>
   <trkpt lat="46.3439650" lon="12.8964640">
    <ele>660.9</ele>
    <time>2023-11-04T11:28:43Z</time>
   </trkpt>
   <trkpt lat="46.3439600" lon="12.8964500">
    <ele>660.9</ele>
    <time>2023-11-04T11:28:44Z</time>
   </trkpt>
   <trkpt lat="46.3439550" lon="12.8964360">
    <ele>660.9</ele>
    <time>2023-11-04T11:28:45Z</time>
   </trkpt>
   <trkpt lat="46.3439450" lon="12.8964100">
    <ele>661.0</ele>
    <time>2023-11-04T11:28:46Z</time>
   </trkpt>
   <trkpt lat="46.3439410" lon="12.8963970">
    <ele>661.0</ele>
    <time>2023-11-04T11:28:47Z</time>
   </trkpt>
   <trkpt lat="46.3439300" lon="12.8963670">
    <ele>661.0</ele>
    <time>2023-11-04T11:28:49Z</time>
   </trkpt>
   <trkpt lat="46.3439260" lon="12.8963550">
    <ele>661.1</ele>
    <time>2023-11-04T11:28:50Z</time>
   </trkpt>
   <trkpt lat="46.3439220" lon="12.8963430">
    <ele>661.1</ele>
    <time>2023-11-04T11:28:51Z</time>
   </trkpt>
   <trkpt lat="46.3439090" lon="12.8963050">
    <ele>661.2</ele>
    <time>2023-11-04T11:28:52Z</time>
   </trkpt>
   <trkpt lat="46.3439040" lon="12.8962870">
    <ele>661.2</ele>
    <time>2023-11-04T11:28:54Z</time>
   </trkpt>
   <trkpt lat="46.3438980" lon="12.8962690">
    <ele>661.3</ele>
    <time>2023-11-04T11:28:55Z</time>
   </trkpt>
   <trkpt lat="46.3438930" lon="12.8962510">
    <ele>661.3</ele>
    <time>2023-11-04T11:28:57Z</time>
   </trkpt>
   <trkpt lat="46.3438870" lon="12.8962330">
    <ele>661.3</ele>
    <time>2023-11-04T11:28:58Z</time>
   </trkpt>
   <trkpt lat="46.3438820" lon="12.8962150">
    <ele>661.4</ele>
    <time>2023-11-04T11:29:00Z</time>
   </trkpt>
   <trkpt lat="46.3438760" lon="12.8961960">
    <ele>661.4</ele>
    <time>2023-11-04T11:29:01Z</time>
   </trkpt>
   <trkpt lat="46.3438710" lon="12.8961780">
    <ele>661.5</ele>
    <time>2023-11-04T11:29:03Z</time>
   </trkpt>
   <trkpt lat="46.3438650" lon="12.8961600">
    <ele>661.5</ele>
    <time>2023-11-04T11:29:04Z</time>
   </trkpt>
   <trkpt lat="46.3438590" lon="12.8961420">
    <ele>661.6</ele>
    <time>2023-11-04T11:29:05Z</time>
   </trkpt>
   <trkpt lat="46.3438540" lon="12.8961240">
    <ele>661.6</ele>
    <time>2023-11-04T11:29:06Z</time>
   </trkpt>
   <trkpt lat="46.3438500" lon="12.8961120">
    <ele>661.6</ele>
    <time>2023-11-04T11:29:07Z</time>
   </trkpt>
   <trkpt lat="46.3438440" lon="12.8960950">
    <ele>661.7</ele>
    <time>2023-11-04T11:29:08Z</time>
   </trkpt>
   <trkpt lat="46.3438380" lon="12.8960800">
    <ele>661.7</ele>
    <time>2023-11-04T11:29:10Z</time>
   </trkpt>
   <trkpt lat="46.3438320" lon="12.8960650">
    <ele>661.8</ele>
    <time>2023-11-04T11:29:11Z</time>
   </trkpt>
   <trkpt lat="46.3438210" lon="12.8960390">
    <ele>661.8</ele>
    <time>2023-11-04T11:29:12Z</time>
   </trkpt>
   <trkpt lat="46.3438140" lon="12.8960250">
    <ele>661.9</ele>
    <time>2023-11-04T11:29:14Z</time>
   </trkpt>
   <trkpt lat="46.3438080" lon="12.8960110">
    <ele>661.9</ele>
    <time>2023-11-04T11:29:15Z</time>
   </trkpt>
   <trkpt lat="46.3438020" lon="12.8959980">
    <ele>661.9</ele>
    <time>2023-11-04T11:29:16Z</time>
   </trkpt>
   <trkpt lat="46.3437930" lon="12.8959800">
    <ele>662.0</ele>
    <time>2023-11-04T11:29:17Z</time>
   </trkpt>
   <trkpt lat="46.3437840" lon="12.8959580">
    <ele>662.0</ele>
    <time>2023-11-04T11:29:18Z</time>
   </trkpt>
   <trkpt lat="46.3437720" lon="12.8959290">
    <ele>662.1</ele>
    <time>2023-11-04T11:29:21Z</time>
   </trkpt>
   <trkpt lat="46.3437660" lon="12.8959140">
    <ele>662.2</ele>
    <time>2023-11-04T11:29:22Z</time>
   </trkpt>
   <trkpt lat="46.3437500" lon="12.8958740">
    <ele>662.3</ele>
    <time>2023-11-04T11:29:23Z</time>
   </trkpt>
   <trkpt lat="46.3437450" lon="12.8958600">
    <ele>662.4</ele>
    <time>2023-11-04T11:29:25Z</time>
   </trkpt>
   <trkpt lat="46.3437400" lon="12.8958460">
    <ele>662.4</ele>
    <time>2023-11-04T11:29:26Z</time>
   </trkpt>
   <trkpt lat="46.3437360" lon="12.8958320">
    <ele>662.5</ele>
    <time>2023-11-04T11:29:27Z</time>
   </trkpt>
   <trkpt lat="46.3437310" lon="12.8958180">
    <ele>662.5</ele>
    <time>2023-11-04T11:29:28Z</time>
   </trkpt>
   <trkpt lat="46.3437250" lon="12.8957990">
    <ele>662.6</ele>
    <time>2023-11-04T11:29:29Z</time>
   </trkpt>
   <trkpt lat="46.3437190" lon="12.8957770">
    <ele>662.6</ele>
    <time>2023-11-04T11:29:31Z</time>
   </trkpt>
   <trkpt lat="46.3437160" lon="12.8957540">
    <ele>662.7</ele>
    <time>2023-11-04T11:29:32Z</time>
   </trkpt>
   <trkpt lat="46.3437120" lon="12.8957340">
    <ele>662.7</ele>
    <time>2023-11-04T11:29:33Z</time>
   </trkpt>
   <trkpt lat="46.3437070" lon="12.8957090">
    <ele>662.8</ele>
    <time>2023-11-04T11:29:34Z</time>
   </trkpt>
   <trkpt lat="46.3437030" lon="12.8956890">
    <ele>662.9</ele>
    <time>2023-11-04T11:29:36Z</time>
   </trkpt>
   <trkpt lat="46.3436970" lon="12.8956590">
    <ele>663.0</ele>
    <time>2023-11-04T11:29:37Z</time>
   </trkpt>
   <trkpt lat="46.3436890" lon="12.8956300">
    <ele>663.0</ele>
    <time>2023-11-04T11:29:39Z</time>
   </trkpt>
   <trkpt lat="46.3436780" lon="12.8955890">
    <ele>663.1</ele>
    <time>2023-11-04T11:29:40Z</time>
   </trkpt>
   <trkpt lat="46.3436720" lon="12.8955700">
    <ele>663.2</ele>
    <time>2023-11-04T11:29:41Z</time>
   </trkpt>
   <trkpt lat="46.3436630" lon="12.8955500">
    <ele>663.2</ele>
    <time>2023-11-04T11:29:43Z</time>
   </trkpt>
   <trkpt lat="46.3436550" lon="12.8955320">
    <ele>663.3</ele>
    <time>2023-11-04T11:29:44Z</time>
   </trkpt>
   <trkpt lat="46.3436430" lon="12.8955040">
    <ele>663.4</ele>
    <time>2023-11-04T11:29:45Z</time>
   </trkpt>
   <trkpt lat="46.3436360" lon="12.8954870">
    <ele>663.4</ele>
    <time>2023-11-04T11:29:47Z</time>
   </trkpt>
   <trkpt lat="46.3436310" lon="12.8954730">
    <ele>663.4</ele>
    <time>2023-11-04T11:29:48Z</time>
   </trkpt>
   <trkpt lat="46.3436260" lon="12.8954600">
    <ele>663.5</ele>
    <time>2023-11-04T11:29:49Z</time>
   </trkpt>
   <trkpt lat="46.3436190" lon="12.8954420">
    <ele>663.5</ele>
    <time>2023-11-04T11:29:50Z</time>
   </trkpt>
   <trkpt lat="46.3436080" lon="12.8954120">
    <ele>663.5</ele>
    <time>2023-11-04T11:29:52Z</time>
   </trkpt>
   <trkpt lat="46.3436050" lon="12.8954020">
    <ele>663.6</ele>
    <time>2023-11-04T11:29:53Z</time>
   </trkpt>
   <trkpt lat="46.3436010" lon="12.8953910">
    <ele>663.6</ele>
    <time>2023-11-04T11:29:54Z</time>
   </trkpt>
   <trkpt lat="46.3435950" lon="12.8953690">
    <ele>663.6</ele>
    <time>2023-11-04T11:29:55Z</time>
   </trkpt>
   <trkpt lat="46.3435860" lon="12.8953360">
    <ele>663.6</ele>
    <time>2023-11-04T11:29:58Z</time>
   </trkpt>
   <trkpt lat="46.3435820" lon="12.8953190">
    <ele>663.6</ele>
    <time>2023-11-04T11:29:59Z</time>
   </trkpt>
   <trkpt lat="46.3435740" lon="12.8952880">
    <ele>663.7</ele>
    <time>2023-11-04T11:30:00Z</time>
   </trkpt>
   <trkpt lat="46.3435640" lon="12.8952460">
    <ele>663.7</ele>
    <time>2023-11-04T11:30:03Z</time>
   </trkpt>
   <trkpt lat="46.3435610" lon="12.8952260">
    <ele>663.7</ele>
    <time>2023-11-04T11:30:04Z</time>
   </trkpt>
   <trkpt lat="46.3435580" lon="12.8952070">
    <ele>663.7</ele>
    <time>2023-11-04T11:30:05Z</time>
   </trkpt>
   <trkpt lat="46.3435540" lon="12.8951770">
    <ele>663.7</ele>
    <time>2023-11-04T11:30:06Z</time>
   </trkpt>
   <trkpt lat="46.3435510" lon="12.8951580">
    <ele>663.7</ele>
    <time>2023-11-04T11:30:08Z</time>
   </trkpt>
   <trkpt lat="46.3435490" lon="12.8951260">
    <ele>663.7</ele>
    <time>2023-11-04T11:30:09Z</time>
   </trkpt>
   <trkpt lat="46.3435540" lon="12.8951090">
    <ele>663.7</ele>
    <time>2023-11-04T11:30:11Z</time>
   </trkpt>
   <trkpt lat="46.3435560" lon="12.8950890">
    <ele>663.7</ele>
    <time>2023-11-04T11:30:12Z</time>
   </trkpt>
   <trkpt lat="46.3435780" lon="12.8950530">
    <ele>663.7</ele>
    <time>2023-11-04T11:30:14Z</time>
   </trkpt>
   <trkpt lat="46.3436020" lon="12.8950180">
    <ele>663.7</ele>
    <time>2023-11-04T11:30:15Z</time>
   </trkpt>
   <trkpt lat="46.3436090" lon="12.8950100">
    <ele>663.7</ele>
    <time>2023-11-04T11:30:16Z</time>
   </trkpt>
   <trkpt lat="46.3436180" lon="12.8949980">
    <ele>663.7</ele>
    <time>2023-11-04T11:30:18Z</time>
   </trkpt>
   <trkpt lat="46.3436290" lon="12.8949760">
    <ele>663.7</ele>
    <time>2023-11-04T11:30:19Z</time>
   </trkpt>
   <trkpt lat="46.3436420" lon="12.8949510">
    <ele>663.8</ele>
    <time>2023-11-04T11:30:21Z</time>
   </trkpt>
   <trkpt lat="46.3436490" lon="12.8949360">
    <ele>663.8</ele>
    <time>2023-11-04T11:30:23Z</time>
   </trkpt>
   <trkpt lat="46.3436570" lon="12.8949220">
    <ele>663.8</ele>
    <time>2023-11-04T11:30:24Z</time>
   </trkpt>
   <trkpt lat="46.3436660" lon="12.8949030">
    <ele>663.8</ele>
    <time>2023-11-04T11:30:25Z</time>
   </trkpt>
   <trkpt lat="46.3436760" lon="12.8948670">
    <ele>663.9</ele>
    <time>2023-11-04T11:30:26Z</time>
   </trkpt>
   <trkpt lat="46.3436790" lon="12.8948530">
    <ele>663.9</ele>
    <time>2023-11-04T11:30:28Z</time>
   </trkpt>
   <trkpt lat="46.3436820" lon="12.8948380">
    <ele>663.9</ele>
    <time>2023-11-04T11:30:29Z</time>
   </trkpt>
   <trkpt lat="46.3436850" lon="12.8948240">
    <ele>663.9</ele>
    <time>2023-11-04T11:30:30Z</time>
   </trkpt>
   <trkpt lat="46.3436870" lon="12.8948100">
    <ele>664.0</ele>
    <time>2023-11-04T11:30:31Z</time>
   </trkpt>
   <trkpt lat="46.3436870" lon="12.8947950">
    <ele>664.0</ele>
    <time>2023-11-04T11:30:32Z</time>
   </trkpt>
   <trkpt lat="46.3436870" lon="12.8947740">
    <ele>664.0</ele>
    <time>2023-11-04T11:30:33Z</time>
   </trkpt>
   <trkpt lat="46.3436830" lon="12.8947560">
    <ele>664.1</ele>
    <time>2023-11-04T11:30:35Z</time>
   </trkpt>
   <trkpt lat="46.3436810" lon="12.8947300">
    <ele>664.1</ele>
    <time>2023-11-04T11:30:36Z</time>
   </trkpt>
   <trkpt lat="46.3436800" lon="12.8947160">
    <ele>664.1</ele>
    <time>2023-11-04T11:30:38Z</time>
   </trkpt>
   <trkpt lat="46.3436770" lon="12.8947040">
    <ele>664.2</ele>
    <time>2023-11-04T11:30:39Z</time>
   </trkpt>
   <trkpt lat="46.3436750" lon="12.8946910">
    <ele>664.2</ele>
    <time>2023-11-04T11:30:40Z</time>
   </trkpt>
   <trkpt lat="46.3436720" lon="12.8946720">
    <ele>664.2</ele>
    <time>2023-11-04T11:30:41Z</time>
   </trkpt>
   <trkpt lat="46.3436640" lon="12.8946350">
    <ele>664.3</ele>
    <time>2023-11-04T11:30:42Z</time>
   </trkpt>
   <trkpt lat="46.3436600" lon="12.8946180">
    <ele>664.4</ele>
    <time>2023-11-04T11:30:44Z</time>
   </trkpt>
   <trkpt lat="46.3436570" lon="12.8946000">
    <ele>664.4</ele>
    <time>2023-11-04T11:30:45Z</time>
   </trkpt>
   <trkpt lat="46.3436540" lon="12.8945830">
    <ele>664.5</ele>
    <time>2023-11-04T11:30:46Z</time>
   </trkpt>
   <trkpt lat="46.3436500" lon="12.8945660">
    <ele>664.5</ele>
    <time>2023-11-04T11:30:47Z</time>
   </trkpt>
   <trkpt lat="46.3436420" lon="12.8945390">
    <ele>664.6</ele>
    <time>2023-11-04T11:30:49Z</time>
   </trkpt>
   <trkpt lat="46.3436350" lon="12.8945220">
    <ele>664.7</ele>
    <time>2023-11-04T11:30:50Z</time>
   </trkpt>
   <trkpt lat="46.3436240" lon="12.8945030">
    <ele>664.7</ele>
    <time>2023-11-04T11:30:52Z</time>
   </trkpt>
   <trkpt lat="46.3436150" lon="12.8944860">
    <ele>664.8</ele>
    <time>2023-11-04T11:30:53Z</time>
   </trkpt>
   <trkpt lat="46.3436090" lon="12.8944700">
    <ele>664.9</ele>
    <time>2023-11-04T11:30:54Z</time>
   </trkpt>
   <trkpt lat="46.3436050" lon="12.8944590">
    <ele>664.9</ele>
    <time>2023-11-04T11:30:55Z</time>
   </trkpt>
   <trkpt lat="46.3435990" lon="12.8944410">
    <ele>664.9</ele>
    <time>2023-11-04T11:30:56Z</time>
   </trkpt>
   <trkpt lat="46.3435910" lon="12.8944130">
    <ele>665.0</ele>
    <time>2023-11-04T11:30:58Z</time>
   </trkpt>
   <trkpt lat="46.3435870" lon="12.8943960">
    <ele>665.1</ele>
    <time>2023-11-04T11:30:59Z</time>
   </trkpt>
   <trkpt lat="46.3435820" lon="12.8943780">
    <ele>665.1</ele>
    <time>2023-11-04T11:31:01Z</time>
   </trkpt>
   <trkpt lat="46.3435750" lon="12.8943550">
    <ele>665.2</ele>
    <time>2023-11-04T11:31:02Z</time>
   </trkpt>
   <trkpt lat="46.3435720" lon="12.8943390">
    <ele>665.3</ele>
    <time>2023-11-04T11:31:04Z</time>
   </trkpt>
   <trkpt lat="46.3435700" lon="12.8943260">
    <ele>665.3</ele>
    <time>2023-11-04T11:31:05Z</time>
   </trkpt>
   <trkpt lat="46.3435680" lon="12.8943100">
    <ele>665.4</ele>
    <time>2023-11-04T11:31:06Z</time>
   </trkpt>
   <trkpt lat="46.3435640" lon="12.8942820">
    <ele>665.4</ele>
    <time>2023-11-04T11:31:07Z</time>
   </trkpt>
   <trkpt lat="46.3435620" lon="12.8942440">
    <ele>665.6</ele>
    <time>2023-11-04T11:31:09Z</time>
   </trkpt>
   <trkpt lat="46.3435640" lon="12.8942240">
    <ele>665.6</ele>
    <time>2023-11-04T11:31:11Z</time>
   </trkpt>
   <trkpt lat="46.3435650" lon="12.8941920">
    <ele>665.8</ele>
    <time>2023-11-04T11:31:12Z</time>
   </trkpt>
   <trkpt lat="46.3435670" lon="12.8941760">
    <ele>665.8</ele>
    <time>2023-11-04T11:31:13Z</time>
   </trkpt>
   <trkpt lat="46.3435670" lon="12.8941560">
    <ele>665.9</ele>
    <time>2023-11-04T11:31:14Z</time>
   </trkpt>
   <trkpt lat="46.3435670" lon="12.8941380">
    <ele>666.0</ele>
    <time>2023-11-04T11:31:16Z</time>
   </trkpt>
   <trkpt lat="46.3435650" lon="12.8941090">
    <ele>666.1</ele>
    <time>2023-11-04T11:31:17Z</time>
   </trkpt>
   <trkpt lat="46.3435620" lon="12.8940810">
    <ele>666.3</ele>
    <time>2023-11-04T11:31:19Z</time>
   </trkpt>
   <trkpt lat="46.3435580" lon="12.8940640">
    <ele>666.4</ele>
    <time>2023-11-04T11:31:21Z</time>
   </trkpt>
   <trkpt lat="46.3435540" lon="12.8940440">
    <ele>666.5</ele>
    <time>2023-11-04T11:31:22Z</time>
   </trkpt>
   <trkpt lat="46.3435470" lon="12.8940150">
    <ele>666.7</ele>
    <time>2023-11-04T11:31:23Z</time>
   </trkpt>
   <trkpt lat="46.3435450" lon="12.8940040">
    <ele>666.8</ele>
    <time>2023-11-04T11:31:24Z</time>
   </trkpt>
   <trkpt lat="46.3435420" lon="12.8939940">
    <ele>666.8</ele>
    <time>2023-11-04T11:31:25Z</time>
   </trkpt>
   <trkpt lat="46.3435360" lon="12.8939650">
    <ele>667.0</ele>
    <time>2023-11-04T11:31:27Z</time>
   </trkpt>
   <trkpt lat="46.3435340" lon="12.8939530">
    <ele>667.1</ele>
    <time>2023-11-04T11:31:28Z</time>
   </trkpt>
   <trkpt lat="46.3435310" lon="12.8939420">
    <ele>667.2</ele>
    <time>2023-11-04T11:31:29Z</time>
   </trkpt>
   <trkpt lat="46.3435250" lon="12.8939240">
    <ele>667.3</ele>
    <time>2023-11-04T11:31:31Z</time>
   </trkpt>
   <trkpt lat="46.3435180" lon="12.8939040">
    <ele>667.5</ele>
    <time>2023-11-04T11:31:32Z</time>
   </trkpt>
   <trkpt lat="46.3435060" lon="12.8938810">
    <ele>667.7</ele>
    <time>2023-11-04T11:31:33Z</time>
   </trkpt>
   <trkpt lat="46.3435010" lon="12.8938700">
    <ele>667.7</ele>
    <time>2023-11-04T11:31:35Z</time>
   </trkpt>
   <trkpt lat="46.3434960" lon="12.8938590">
    <ele>667.8</ele>
    <time>2023-11-04T11:31:36Z</time>
   </trkpt>
   <trkpt lat="46.3434890" lon="12.8938430">
    <ele>667.9</ele>
    <time>2023-11-04T11:31:38Z</time>
   </trkpt>
   <trkpt lat="46.3434820" lon="12.8938280">
    <ele>668.0</ele>
    <time>2023-11-04T11:31:39Z</time>
   </trkpt>
   <trkpt lat="46.3434760" lon="12.8938170">
    <ele>668.1</ele>
    <time>2023-11-04T11:31:41Z</time>
   </trkpt>
   <trkpt lat="46.3434720" lon="12.8938100">
    <ele>668.1</ele>
    <time>2023-11-04T11:31:42Z</time>
   </trkpt>
   <trkpt lat="46.3434610" lon="12.8937930">
    <ele>668.2</ele>
    <time>2023-11-04T11:31:44Z</time>
   </trkpt>
   <trkpt lat="46.3434550" lon="12.8937840">
    <ele>668.3</ele>
    <time>2023-11-04T11:31:45Z</time>
   </trkpt>
   <trkpt lat="46.3434420" lon="12.8937620">
    <ele>668.4</ele>
    <time>2023-11-04T11:31:46Z</time>
   </trkpt>
   <trkpt lat="46.3434350" lon="12.8937510">
    <ele>668.4</ele>
    <time>2023-11-04T11:31:47Z</time>
   </trkpt>
   <trkpt lat="46.3434280" lon="12.8937400">
    <ele>668.5</ele>
    <time>2023-11-04T11:31:48Z</time>
   </trkpt>
   <trkpt lat="46.3434200" lon="12.8937260">
    <ele>668.5</ele>
    <time>2023-11-04T11:31:50Z</time>
   </trkpt>
   <trkpt lat="46.3434070" lon="12.8937000">
    <ele>668.6</ele>
    <time>2023-11-04T11:31:51Z</time>
   </trkpt>
   <trkpt lat="46.3434000" lon="12.8936810">
    <ele>668.7</ele>
    <time>2023-11-04T11:31:53Z</time>
   </trkpt>
   <trkpt lat="46.3433920" lon="12.8936590">
    <ele>668.7</ele>
    <time>2023-11-04T11:31:55Z</time>
   </trkpt>
   <trkpt lat="46.3433870" lon="12.8936420">
    <ele>668.8</ele>
    <time>2023-11-04T11:31:56Z</time>
   </trkpt>
   <trkpt lat="46.3433820" lon="12.8936240">
    <ele>668.8</ele>
    <time>2023-11-04T11:31:57Z</time>
   </trkpt>
   <trkpt lat="46.3433790" lon="12.8935980">
    <ele>668.9</ele>
    <time>2023-11-04T11:32:00Z</time>
   </trkpt>
   <trkpt lat="46.3433790" lon="12.8935840">
    <ele>668.9</ele>
    <time>2023-11-04T11:32:01Z</time>
   </trkpt>
   <trkpt lat="46.3433770" lon="12.8935610">
    <ele>669.0</ele>
    <time>2023-11-04T11:32:03Z</time>
   </trkpt>
   <trkpt lat="46.3433760" lon="12.8935500">
    <ele>669.0</ele>
    <time>2023-11-04T11:32:04Z</time>
   </trkpt>
   <trkpt lat="46.3433740" lon="12.8935330">
    <ele>669.1</ele>
    <time>2023-11-04T11:32:05Z</time>
   </trkpt>
   <trkpt lat="46.3433710" lon="12.8935210">
    <ele>669.4</ele>
    <time>2023-11-04T11:32:06Z</time>
   </trkpt>
   <trkpt lat="46.3433680" lon="12.8935080">
    <ele>669.6</ele>
    <time>2023-11-04T11:32:08Z</time>
   </trkpt>
   <trkpt lat="46.3433650" lon="12.8934960">
    <ele>669.9</ele>
    <time>2023-11-04T11:32:09Z</time>
   </trkpt>
   <trkpt lat="46.3433600" lon="12.8934820">
    <ele>670.2</ele>
    <time>2023-11-04T11:32:10Z</time>
   </trkpt>
   <trkpt lat="46.3433580" lon="12.8934750">
    <ele>670.4</ele>
    <time>2023-11-04T11:32:11Z</time>
   </trkpt>
   <trkpt lat="46.3433550" lon="12.8934700">
    <ele>670.5</ele>
    <time>2023-11-04T11:32:12Z</time>
   </trkpt>
   <trkpt lat="46.3433510" lon="12.8934600">
    <ele>670.8</ele>
    <time>2023-11-04T11:32:14Z</time>
   </trkpt>
   <trkpt lat="46.3433470" lon="12.8934530">
    <ele>670.9</ele>
    <time>2023-11-04T11:32:16Z</time>
   </trkpt>
   <trkpt lat="46.3433460" lon="12.8934550">
    <ele>671.0</ele>
    <time>2023-11-04T11:32:17Z</time>
   </trkpt>
   <trkpt lat="46.3433460" lon="12.8934580">
    <ele>671.1</ele>
    <time>2023-11-04T11:32:19Z</time>
   </trkpt>
   <trkpt lat="46.3433440" lon="12.8934640">
    <ele>671.2</ele>
    <time>2023-11-04T11:32:20Z</time>
   </trkpt>
   <trkpt lat="46.3433430" lon="12.8934650">
    <ele>671.2</ele>
    <time>2023-11-04T11:32:22Z</time>
   </trkpt>
   <trkpt lat="46.3433410" lon="12.8934670">
    <ele>671.3</ele>
    <time>2023-11-04T11:32:23Z</time>
   </trkpt>
   <trkpt lat="46.3433390" lon="12.8934670">
    <ele>671.4</ele>
    <time>2023-11-04T11:32:24Z</time>
   </trkpt>
   <trkpt lat="46.3433350" lon="12.8934570">
    <ele>671.6</ele>
    <time>2023-11-04T11:32:28Z</time>
   </trkpt>
   <trkpt lat="46.3433320" lon="12.8934500">
    <ele>671.8</ele>
    <time>2023-11-04T11:32:29Z</time>
   </trkpt>
   <trkpt lat="46.3433400" lon="12.8934470">
    <ele>672.0</ele>
    <time>2023-11-04T11:32:30Z</time>
   </trkpt>
   <trkpt lat="46.3433480" lon="12.8934460">
    <ele>672.3</ele>
    <time>2023-11-04T11:32:32Z</time>
   </trkpt>
   <trkpt lat="46.3433530" lon="12.8934430">
    <ele>672.4</ele>
    <time>2023-11-04T11:32:33Z</time>
   </trkpt>
   <trkpt lat="46.3433580" lon="12.8934400">
    <ele>672.6</ele>
    <time>2023-11-04T11:32:34Z</time>
   </trkpt>
   <trkpt lat="46.3433640" lon="12.8934390">
    <ele>672.8</ele>
    <time>2023-11-04T11:32:35Z</time>
   </trkpt>
   <trkpt lat="46.3433710" lon="12.8934390">
    <ele>673.0</ele>
    <time>2023-11-04T11:32:36Z</time>
   </trkpt>
   <trkpt lat="46.3433820" lon="12.8934450">
    <ele>673.3</ele>
    <time>2023-11-04T11:32:37Z</time>
   </trkpt>
   <trkpt lat="46.3433880" lon="12.8934420">
    <ele>673.5</ele>
    <time>2023-11-04T11:32:39Z</time>
   </trkpt>
   <trkpt lat="46.3433650" lon="12.8934210">
    <ele>674.3</ele>
    <time>2023-11-04T11:32:40Z</time>
   </trkpt>
   <trkpt lat="46.3433590" lon="12.8934100">
    <ele>674.8</ele>
    <time>2023-11-04T11:32:41Z</time>
   </trkpt>
   <trkpt lat="46.3433540" lon="12.8933840">
    <ele>675.0</ele>
    <time>2023-11-04T11:32:43Z</time>
   </trkpt>
   <trkpt lat="46.3433510" lon="12.8933710">
    <ele>675.0</ele>
    <time>2023-11-04T11:32:45Z</time>
   </trkpt>
   <trkpt lat="46.3433480" lon="12.8933570">
    <ele>675.1</ele>
    <time>2023-11-04T11:32:47Z</time>
   </trkpt>
   <trkpt lat="46.3433450" lon="12.8933440">
    <ele>675.2</ele>
    <time>2023-11-04T11:32:49Z</time>
   </trkpt>
   <trkpt lat="46.3433420" lon="12.8933300">
    <ele>675.3</ele>
    <time>2023-11-04T11:32:50Z</time>
   </trkpt>
   <trkpt lat="46.3433390" lon="12.8933160">
    <ele>675.4</ele>
    <time>2023-11-04T11:32:51Z</time>
   </trkpt>
   <trkpt lat="46.3433390" lon="12.8932890">
    <ele>675.6</ele>
    <time>2023-11-04T11:32:53Z</time>
   </trkpt>
   <trkpt lat="46.3433400" lon="12.8932750">
    <ele>675.7</ele>
    <time>2023-11-04T11:32:54Z</time>
   </trkpt>
   <trkpt lat="46.3433400" lon="12.8932620">
    <ele>675.7</ele>
    <time>2023-11-04T11:32:55Z</time>
   </trkpt>
   <trkpt lat="46.3433540" lon="12.8932370">
    <ele>675.9</ele>
    <time>2023-11-04T11:32:57Z</time>
   </trkpt>
   <trkpt lat="46.3433600" lon="12.8932290">
    <ele>676.0</ele>
    <time>2023-11-04T11:32:58Z</time>
   </trkpt>
   <trkpt lat="46.3433660" lon="12.8932200">
    <ele>676.1</ele>
    <time>2023-11-04T11:32:59Z</time>
   </trkpt>
   <trkpt lat="46.3433780" lon="12.8932090">
    <ele>676.2</ele>
    <time>2023-11-04T11:33:01Z</time>
   </trkpt>
   <trkpt lat="46.3433900" lon="12.8931920">
    <ele>676.4</ele>
    <time>2023-11-04T11:33:02Z</time>
   </trkpt>
   <trkpt lat="46.3434170" lon="12.8931620">
    <ele>676.7</ele>
    <time>2023-11-04T11:33:04Z</time>
   </trkpt>
   <trkpt lat="46.3434250" lon="12.8931510">
    <ele>676.8</ele>
    <time>2023-11-04T11:33:05Z</time>
   </trkpt>
   <trkpt lat="46.3434400" lon="12.8931370">
    <ele>677.0</ele>
    <time>2023-11-04T11:33:07Z</time>
   </trkpt>
   <trkpt lat="46.3434700" lon="12.8930330">
    <ele>677.8</ele>
    <time>2023-11-04T11:33:19Z</time>
   </trkpt>
   <trkpt lat="46.3434700" lon="12.8930670">
    <ele>678.1</ele>
    <time>2023-11-04T11:33:22Z</time>
   </trkpt>
   <trkpt lat="46.3434570" lon="12.8931370">
    <ele>678.6</ele>
    <time>2023-11-04T11:33:24Z</time>
   </trkpt>
   <trkpt lat="46.3434640" lon="12.8931190">
    <ele>678.7</ele>
    <time>2023-11-04T11:33:38Z</time>
   </trkpt>
   <trkpt lat="46.3434530" lon="12.8931460">
    <ele>679.0</ele>
    <time>2023-11-04T11:33:42Z</time>
   </trkpt>
   <trkpt lat="46.3434490" lon="12.8931430">
    <ele>679.0</ele>
    <time>2023-11-04T11:33:43Z</time>
   </trkpt>
   <trkpt lat="46.3434330" lon="12.8931520">
    <ele>679.2</ele>
    <time>2023-11-04T11:33:45Z</time>
   </trkpt>
   <trkpt lat="46.3434260" lon="12.8931530">
    <ele>679.3</ele>
    <time>2023-11-04T11:33:46Z</time>
   </trkpt>
   <trkpt lat="46.3434200" lon="12.8931530">
    <ele>679.4</ele>
    <time>2023-11-04T11:33:47Z</time>
   </trkpt>
   <trkpt lat="46.3434130" lon="12.8931540">
    <ele>679.5</ele>
    <time>2023-11-04T11:33:48Z</time>
   </trkpt>
   <trkpt lat="46.3434070" lon="12.8931550">
    <ele>679.5</ele>
    <time>2023-11-04T11:33:49Z</time>
   </trkpt>
   <trkpt lat="46.3434140" lon="12.8931400">
    <ele>679.7</ele>
    <time>2023-11-04T11:33:51Z</time>
   </trkpt>
   <trkpt lat="46.3434120" lon="12.8931340">
    <ele>679.7</ele>
    <time>2023-11-04T11:33:52Z</time>
   </trkpt>
   <trkpt lat="46.3434100" lon="12.8931250">
    <ele>679.8</ele>
    <time>2023-11-04T11:33:53Z</time>
   </trkpt>
   <trkpt lat="46.3434060" lon="12.8931170">
    <ele>679.9</ele>
    <time>2023-11-04T11:33:54Z</time>
   </trkpt>
   <trkpt lat="46.3434000" lon="12.8931070">
    <ele>680.0</ele>
    <time>2023-11-04T11:33:56Z</time>
   </trkpt>
   <trkpt lat="46.3433920" lon="12.8931080">
    <ele>680.1</ele>
    <time>2023-11-04T11:33:58Z</time>
   </trkpt>
   <trkpt lat="46.3433800" lon="12.8931120">
    <ele>680.2</ele>
    <time>2023-11-04T11:34:00Z</time>
   </trkpt>
   <trkpt lat="46.3433660" lon="12.8931110">
    <ele>680.4</ele>
    <time>2023-11-04T11:34:02Z</time>
   </trkpt>
   <trkpt lat="46.3433500" lon="12.8931110">
    <ele>680.6</ele>
    <time>2023-11-04T11:34:03Z</time>
   </trkpt>
   <trkpt lat="46.3433430" lon="12.8931110">
    <ele>680.7</ele>
    <time>2023-11-04T11:34:04Z</time>
   </trkpt>
   <trkpt lat="46.3433350" lon="12.8931100">
    <ele>680.8</ele>
    <time>2023-11-04T11:34:05Z</time>
   </trkpt>
   <trkpt lat="46.3433280" lon="12.8931100">
    <ele>680.9</ele>
    <time>2023-11-04T11:34:06Z</time>
   </trkpt>
   <trkpt lat="46.3433130" lon="12.8931050">
    <ele>681.0</ele>
    <time>2023-11-04T11:34:07Z</time>
   </trkpt>
   <trkpt lat="46.3432820" lon="12.8930940">
    <ele>681.4</ele>
    <time>2023-11-04T11:34:09Z</time>
   </trkpt>
   <trkpt lat="46.3432630" lon="12.8930930">
    <ele>681.7</ele>
    <time>2023-11-04T11:34:11Z</time>
   </trkpt>
   <trkpt lat="46.3432380" lon="12.8930900">
    <ele>682.0</ele>
    <time>2023-11-04T11:34:13Z</time>
   </trkpt>
   <trkpt lat="46.3432180" lon="12.8930920">
    <ele>682.2</ele>
    <time>2023-11-04T11:34:15Z</time>
   </trkpt>
   <trkpt lat="46.3432140" lon="12.8930960">
    <ele>682.3</ele>
    <time>2023-11-04T11:34:16Z</time>
   </trkpt>
   <trkpt lat="46.3432060" lon="12.8930970">
    <ele>682.4</ele>
    <time>2023-11-04T11:34:18Z</time>
   </trkpt>
   <trkpt lat="46.3431980" lon="12.8930970">
    <ele>682.5</ele>
    <time>2023-11-04T11:34:19Z</time>
   </trkpt>
   <trkpt lat="46.3431980" lon="12.8931010">
    <ele>682.5</ele>
    <time>2023-11-04T11:34:21Z</time>
   </trkpt>
   <trkpt lat="46.3432000" lon="12.8931030">
    <ele>682.6</ele>
    <time>2023-11-04T11:34:23Z</time>
   </trkpt>
   <trkpt lat="46.3432010" lon="12.8931040">
    <ele>682.6</ele>
    <time>2023-11-04T11:34:24Z</time>
   </trkpt>
   <trkpt lat="46.3432000" lon="12.8931040">
    <ele>682.6</ele>
    <time>2023-11-04T11:34:25Z</time>
   </trkpt>
   <trkpt lat="46.3431980" lon="12.8931030">
    <ele>682.6</ele>
    <time>2023-11-04T11:34:26Z</time>
   </trkpt>
   <trkpt lat="46.3431860" lon="12.8930990">
    <ele>682.8</ele>
    <time>2023-11-04T11:34:28Z</time>
   </trkpt>
   <trkpt lat="46.3431800" lon="12.8930980">
    <ele>682.9</ele>
    <time>2023-11-04T11:34:29Z</time>
   </trkpt>
   <trkpt lat="46.3431780" lon="12.8930980">
    <ele>682.9</ele>
    <time>2023-11-04T11:34:31Z</time>
   </trkpt>
   <trkpt lat="46.3431750" lon="12.8930970">
    <ele>682.9</ele>
    <time>2023-11-04T11:34:32Z</time>
   </trkpt>
   <trkpt lat="46.3431730" lon="12.8930950">
    <ele>683.0</ele>
    <time>2023-11-04T11:34:34Z</time>
   </trkpt>
   <trkpt lat="46.3431690" lon="12.8930880">
    <ele>683.1</ele>
    <time>2023-11-04T11:34:35Z</time>
   </trkpt>
   <trkpt lat="46.3431710" lon="12.8930810">
    <ele>683.2</ele>
    <time>2023-11-04T11:34:37Z</time>
   </trkpt>
   <trkpt lat="46.3431800" lon="12.8930640">
    <ele>683.5</ele>
    <time>2023-11-04T11:34:39Z</time>
   </trkpt>
   <trkpt lat="46.3431840" lon="12.8930580">
    <ele>683.6</ele>
    <time>2023-11-04T11:34:40Z</time>
   </trkpt>
   <trkpt lat="46.3432030" lon="12.8930410">
    <ele>684.0</ele>
    <time>2023-11-04T11:34:42Z</time>
   </trkpt>
   <trkpt lat="46.3432080" lon="12.8930340">
    <ele>684.2</ele>
    <time>2023-11-04T11:34:44Z</time>
   </trkpt>
   <trkpt lat="46.3432130" lon="12.8930240">
    <ele>684.3</ele>
    <time>2023-11-04T11:34:46Z</time>
   </trkpt>
   <trkpt lat="46.3432160" lon="12.8930090">
    <ele>684.5</ele>
    <time>2023-11-04T11:34:48Z</time>
   </trkpt>
   <trkpt lat="46.3432180" lon="12.8930020">
    <ele>684.6</ele>
    <time>2023-11-04T11:34:50Z</time>
   </trkpt>
   <trkpt lat="46.3432210" lon="12.8929990">
    <ele>684.7</ele>
    <time>2023-11-04T11:34:51Z</time>
   </trkpt>
   <trkpt lat="46.3432260" lon="12.8929950">
    <ele>684.8</ele>
    <time>2023-11-04T11:34:52Z</time>
   </trkpt>
   <trkpt lat="46.3432300" lon="12.8929900">
    <ele>684.9</ele>
    <time>2023-11-04T11:34:53Z</time>
   </trkpt>
   <trkpt lat="46.3432340" lon="12.8929850">
    <ele>685.0</ele>
    <time>2023-11-04T11:34:54Z</time>
   </trkpt>
   <trkpt lat="46.3432390" lon="12.8929770">
    <ele>685.2</ele>
    <time>2023-11-04T11:34:55Z</time>
   </trkpt>
   <trkpt lat="46.3432450" lon="12.8929730">
    <ele>685.3</ele>
    <time>2023-11-04T11:34:57Z</time>
   </trkpt>
   <trkpt lat="46.3432470" lon="12.8929660">
    <ele>685.4</ele>
    <time>2023-11-04T11:34:58Z</time>
   </trkpt>
   <trkpt lat="46.3432490" lon="12.8929570">
    <ele>685.5</ele>
    <time>2023-11-04T11:35:00Z</time>
   </trkpt>
   <trkpt lat="46.3432500" lon="12.8929430">
    <ele>685.7</ele>
    <time>2023-11-04T11:35:01Z</time>
   </trkpt>
   <trkpt lat="46.3432510" lon="12.8929310">
    <ele>685.9</ele>
    <time>2023-11-04T11:35:03Z</time>
   </trkpt>
   <trkpt lat="46.3432510" lon="12.8929190">
    <ele>686.0</ele>
    <time>2023-11-04T11:35:04Z</time>
   </trkpt>
   <trkpt lat="46.3432530" lon="12.8929060">
    <ele>686.2</ele>
    <time>2023-11-04T11:35:06Z</time>
   </trkpt>
   <trkpt lat="46.3432540" lon="12.8928960">
    <ele>686.4</ele>
    <time>2023-11-04T11:35:07Z</time>
   </trkpt>
   <trkpt lat="46.3432550" lon="12.8928830">
    <ele>686.5</ele>
    <time>2023-11-04T11:35:08Z</time>
   </trkpt>
   <trkpt lat="46.3432550" lon="12.8928740">
    <ele>686.7</ele>
    <time>2023-11-04T11:35:09Z</time>
   </trkpt>
   <trkpt lat="46.3432570" lon="12.8928620">
    <ele>686.8</ele>
    <time>2023-11-04T11:35:10Z</time>
   </trkpt>
   <trkpt lat="46.3432600" lon="12.8928510">
    <ele>687.0</ele>
    <time>2023-11-04T11:35:12Z</time>
   </trkpt>
   <trkpt lat="46.3432620" lon="12.8928440">
    <ele>687.1</ele>
    <time>2023-11-04T11:35:13Z</time>
   </trkpt>
   <trkpt lat="46.3432650" lon="12.8928370">
    <ele>687.2</ele>
    <time>2023-11-04T11:35:14Z</time>
   </trkpt>
   <trkpt lat="46.3432680" lon="12.8928250">
    <ele>687.4</ele>
    <time>2023-11-04T11:35:15Z</time>
   </trkpt>
   <trkpt lat="46.3432730" lon="12.8928150">
    <ele>687.5</ele>
    <time>2023-11-04T11:35:17Z</time>
   </trkpt>
   <trkpt lat="46.3432770" lon="12.8928120">
    <ele>687.6</ele>
    <time>2023-11-04T11:35:19Z</time>
   </trkpt>
   <trkpt lat="46.3432800" lon="12.8928100">
    <ele>687.7</ele>
    <time>2023-11-04T11:35:20Z</time>
   </trkpt>
   <trkpt lat="46.3432720" lon="12.8928000">
    <ele>687.9</ele>
    <time>2023-11-04T11:35:22Z</time>
   </trkpt>
   <trkpt lat="46.3432640" lon="12.8927900">
    <ele>688.1</ele>
    <time>2023-11-04T11:35:23Z</time>
   </trkpt>
   <trkpt lat="46.3432550" lon="12.8927810">
    <ele>688.3</ele>
    <time>2023-11-04T11:35:24Z</time>
   </trkpt>
   <trkpt lat="46.3432470" lon="12.8927710">
    <ele>688.5</ele>
    <time>2023-11-04T11:35:26Z</time>
   </trkpt>
   <trkpt lat="46.3432380" lon="12.8927620">
    <ele>688.7</ele>
    <time>2023-11-04T11:35:28Z</time>
   </trkpt>
   <trkpt lat="46.3432300" lon="12.8927520">
    <ele>688.9</ele>
    <time>2023-11-04T11:35:30Z</time>
   </trkpt>
   <trkpt lat="46.3432210" lon="12.8927420">
    <ele>689.2</ele>
    <time>2023-11-04T11:35:32Z</time>
   </trkpt>
   <trkpt lat="46.3432130" lon="12.8927330">
    <ele>689.3</ele>
    <time>2023-11-04T11:35:35Z</time>
   </trkpt>
   <trkpt lat="46.3432040" lon="12.8927230">
    <ele>689.6</ele>
    <time>2023-11-04T11:35:36Z</time>
   </trkpt>
   <trkpt lat="46.3431900" lon="12.8927130">
    <ele>689.9</ele>
    <time>2023-11-04T11:35:38Z</time>
   </trkpt>
   <trkpt lat="46.3431770" lon="12.8926980">
    <ele>690.2</ele>
    <time>2023-11-04T11:35:40Z</time>
   </trkpt>
   <trkpt lat="46.3431690" lon="12.8926920">
    <ele>690.4</ele>
    <time>2023-11-04T11:35:41Z</time>
   </trkpt>
   <trkpt lat="46.3431620" lon="12.8926870">
    <ele>690.5</ele>
    <time>2023-11-04T11:35:42Z</time>
   </trkpt>
   <trkpt lat="46.3431560" lon="12.8926840">
    <ele>690.6</ele>
    <time>2023-11-04T11:35:43Z</time>
   </trkpt>
   <trkpt lat="46.3431440" lon="12.8926700">
    <ele>690.9</ele>
    <time>2023-11-04T11:35:48Z</time>
   </trkpt>
   <trkpt lat="46.3431410" lon="12.8926710">
    <ele>691.0</ele>
    <time>2023-11-04T11:35:50Z</time>
   </trkpt>
   <trkpt lat="46.3431530" lon="12.8926850">
    <ele>691.3</ele>
    <time>2023-11-04T11:35:58Z</time>
   </trkpt>
   <trkpt lat="46.3431540" lon="12.8926870">
    <ele>691.3</ele>
    <time>2023-11-04T11:36:00Z</time>
   </trkpt>
   <trkpt lat="46.3431550" lon="12.8926880">
    <ele>691.4</ele>
    <time>2023-11-04T11:36:01Z</time>
   </trkpt>
   <trkpt lat="46.3431530" lon="12.8926910">
    <ele>691.4</ele>
    <time>2023-11-04T11:36:02Z</time>
   </trkpt>
   <trkpt lat="46.3431460" lon="12.8926920">
    <ele>691.6</ele>
    <time>2023-11-04T11:36:03Z</time>
   </trkpt>
   <trkpt lat="46.3431430" lon="12.8926920">
    <ele>691.6</ele>
    <time>2023-11-04T11:36:04Z</time>
   </trkpt>
   <trkpt lat="46.3431400" lon="12.8926910">
    <ele>691.7</ele>
    <time>2023-11-04T11:36:05Z</time>
   </trkpt>
   <trkpt lat="46.3431440" lon="12.8926930">
    <ele>691.8</ele>
    <time>2023-11-04T11:36:07Z</time>
   </trkpt>
   <trkpt lat="46.3431470" lon="12.8926960">
    <ele>691.8</ele>
    <time>2023-11-04T11:36:08Z</time>
   </trkpt>
   <trkpt lat="46.3431480" lon="12.8926980">
    <ele>691.9</ele>
    <time>2023-11-04T11:36:09Z</time>
   </trkpt>
   <trkpt lat="46.3431450" lon="12.8926950">
    <ele>691.9</ele>
    <time>2023-11-04T11:36:10Z</time>
   </trkpt>
   <trkpt lat="46.3431410" lon="12.8926900">
    <ele>692.0</ele>
    <time>2023-11-04T11:36:11Z</time>
   </trkpt>
   <trkpt lat="46.3431380" lon="12.8926820">
    <ele>692.2</ele>
    <time>2023-11-04T11:36:12Z</time>
   </trkpt>
   <trkpt lat="46.3431380" lon="12.8926740">
    <ele>692.3</ele>
    <time>2023-11-04T11:36:13Z</time>
   </trkpt>
   <trkpt lat="46.3431410" lon="12.8926690">
    <ele>692.3</ele>
    <time>2023-11-04T11:36:14Z</time>
   </trkpt>
   <trkpt lat="46.3431430" lon="12.8926660">
    <ele>692.4</ele>
    <time>2023-11-04T11:36:15Z</time>
   </trkpt>
   <trkpt lat="46.3431450" lon="12.8926630">
    <ele>692.5</ele>
    <time>2023-11-04T11:36:16Z</time>
   </trkpt>
   <trkpt lat="46.3431470" lon="12.8926620">
    <ele>692.5</ele>
    <time>2023-11-04T11:36:17Z</time>
   </trkpt>
   <trkpt lat="46.3431470" lon="12.8926620">
    <ele>692.5</ele>
    <time>2023-11-04T11:36:18Z</time>
   </trkpt>
   <trkpt lat="46.3431470" lon="12.8926650">
    <ele>692.5</ele>
    <time>2023-11-04T11:36:19Z</time>
   </trkpt>
   <trkpt lat="46.3431480" lon="12.8926670">
    <ele>692.6</ele>
    <time>2023-11-04T11:36:20Z</time>
   </trkpt>
   <trkpt lat="46.3431480" lon="12.8926690">
    <ele>692.6</ele>
    <time>2023-11-04T11:36:21Z</time>
   </trkpt>
   <trkpt lat="46.3431490" lon="12.8926700">
    <ele>692.6</ele>
    <time>2023-11-04T11:36:22Z</time>
   </trkpt>
   <trkpt lat="46.3431470" lon="12.8926700">
    <ele>692.7</ele>
    <time>2023-11-04T11:36:23Z</time>
   </trkpt>
   <trkpt lat="46.3431480" lon="12.8926700">
    <ele>692.7</ele>
    <time>2023-11-04T11:36:24Z</time>
   </trkpt>
   <trkpt lat="46.3431500" lon="12.8926710">
    <ele>692.7</ele>
    <time>2023-11-04T11:36:25Z</time>
   </trkpt>
   <trkpt lat="46.3431550" lon="12.8926710">
    <ele>692.8</ele>
    <time>2023-11-04T11:36:26Z</time>
   </trkpt>
   <trkpt lat="46.3431590" lon="12.8926720">
    <ele>692.9</ele>
    <time>2023-11-04T11:36:27Z</time>
   </trkpt>
   <trkpt lat="46.3431620" lon="12.8926720">
    <ele>693.0</ele>
    <time>2023-11-04T11:36:28Z</time>
   </trkpt>
   <trkpt lat="46.3431650" lon="12.8926720">
    <ele>693.0</ele>
    <time>2023-11-04T11:36:29Z</time>
   </trkpt>
   <trkpt lat="46.3431660" lon="12.8926710">
    <ele>693.0</ele>
    <time>2023-11-04T11:36:30Z</time>
   </trkpt>
   <trkpt lat="46.3431660" lon="12.8926700">
    <ele>693.1</ele>
    <time>2023-11-04T11:36:31Z</time>
   </trkpt>
   <trkpt lat="46.3431660" lon="12.8926700">
    <ele>693.1</ele>
    <time>2023-11-04T11:36:32Z</time>
   </trkpt>
   <trkpt lat="46.3431660" lon="12.8926690">
    <ele>693.1</ele>
    <time>2023-11-04T11:36:33Z</time>
   </trkpt>
   <trkpt lat="46.3431660" lon="12.8926680">
    <ele>693.1</ele>
    <time>2023-11-04T11:36:34Z</time>
   </trkpt>
   <trkpt lat="46.3431650" lon="12.8926680">
    <ele>693.1</ele>
    <time>2023-11-04T11:36:35Z</time>
   </trkpt>
   <trkpt lat="46.3431650" lon="12.8926680">
    <ele>693.1</ele>
    <time>2023-11-04T11:36:36Z</time>
   </trkpt>
   <trkpt lat="46.3431630" lon="12.8926660">
    <ele>693.1</ele>
    <time>2023-11-04T11:36:37Z</time>
   </trkpt>
   <trkpt lat="46.3431610" lon="12.8926630">
    <ele>693.2</ele>
    <time>2023-11-04T11:36:38Z</time>
   </trkpt>
   <trkpt lat="46.3431460" lon="12.8926470">
    <ele>693.6</ele>
    <time>2023-11-04T11:36:39Z</time>
   </trkpt>
   <trkpt lat="46.3431360" lon="12.8926370">
    <ele>693.8</ele>
    <time>2023-11-04T11:36:41Z</time>
   </trkpt>
   <trkpt lat="46.3431310" lon="12.8926330">
    <ele>693.9</ele>
    <time>2023-11-04T11:36:43Z</time>
   </trkpt>
   <trkpt lat="46.3431320" lon="12.8926420">
    <ele>694.0</ele>
    <time>2023-11-04T11:36:46Z</time>
   </trkpt>
   <trkpt lat="46.3431330" lon="12.8926470">
    <ele>694.1</ele>
    <time>2023-11-04T11:36:47Z</time>
   </trkpt>
   <trkpt lat="46.3431280" lon="12.8926390">
    <ele>694.3</ele>
    <time>2023-11-04T11:36:48Z</time>
   </trkpt>
   <trkpt lat="46.3431200" lon="12.8926260">
    <ele>694.5</ele>
    <time>2023-11-04T11:36:51Z</time>
   </trkpt>
   <trkpt lat="46.3431220" lon="12.8926310">
    <ele>694.6</ele>
    <time>2023-11-04T11:36:52Z</time>
   </trkpt>
   <trkpt lat="46.3431230" lon="12.8926340">
    <ele>694.6</ele>
    <time>2023-11-04T11:36:53Z</time>
   </trkpt>
   <trkpt lat="46.3431220" lon="12.8926360">
    <ele>694.6</ele>
    <time>2023-11-04T11:36:54Z</time>
   </trkpt>
   <trkpt lat="46.3431210" lon="12.8926360">
    <ele>694.7</ele>
    <time>2023-11-04T11:36:56Z</time>
   </trkpt>
   <trkpt lat="46.3431230" lon="12.8926390">
    <ele>694.7</ele>
    <time>2023-11-04T11:36:57Z</time>
   </trkpt>
   <trkpt lat="46.3431250" lon="12.8926420">
    <ele>694.8</ele>
    <time>2023-11-04T11:36:58Z</time>
   </trkpt>
   <trkpt lat="46.3431260" lon="12.8926430">
    <ele>694.8</ele>
    <time>2023-11-04T11:37:00Z</time>
   </trkpt>
   <trkpt lat="46.3431260" lon="12.8926430">
    <ele>694.8</ele>
    <time>2023-11-04T11:37:01Z</time>
   </trkpt>
   <trkpt lat="46.3431260" lon="12.8926430">
    <ele>694.8</ele>
    <time>2023-11-04T11:37:02Z</time>
   </trkpt>
   <trkpt lat="46.3431260" lon="12.8926430">
    <ele>694.8</ele>
    <time>2023-11-04T11:37:03Z</time>
   </trkpt>
   <trkpt lat="46.3431260" lon="12.8926430">
    <ele>694.8</ele>
    <time>2023-11-04T11:37:04Z</time>
   </trkpt>
   <trkpt lat="46.3431250" lon="12.8926430">
    <ele>694.8</ele>
    <time>2023-11-04T11:37:05Z</time>
   </trkpt>
   <trkpt lat="46.3431250" lon="12.8926430">
    <ele>694.8</ele>
    <time>2023-11-04T11:37:06Z</time>
   </trkpt>
   <trkpt lat="46.3431250" lon="12.8926430">
    <ele>694.8</ele>
    <time>2023-11-04T11:37:07Z</time>
   </trkpt>
   <trkpt lat="46.3431250" lon="12.8926430">
    <ele>694.8</ele>
    <time>2023-11-04T11:37:08Z</time>
   </trkpt>
   <trkpt lat="46.3431250" lon="12.8926430">
    <ele>694.8</ele>
    <time>2023-11-04T11:37:09Z</time>
   </trkpt>
   <trkpt lat="46.3431260" lon="12.8926430">
    <ele>694.8</ele>
    <time>2023-11-04T11:37:10Z</time>
   </trkpt>
   <trkpt lat="46.3431260" lon="12.8926430">
    <ele>694.8</ele>
    <time>2023-11-04T11:37:11Z</time>
   </trkpt>
   <trkpt lat="46.3431260" lon="12.8926430">
    <ele>694.8</ele>
    <time>2023-11-04T11:37:13Z</time>
   </trkpt>
   <trkpt lat="46.3431250" lon="12.8926430">
    <ele>694.9</ele>
    <time>2023-11-04T11:37:14Z</time>
   </trkpt>
   <trkpt lat="46.3431250" lon="12.8926430">
    <ele>694.9</ele>
    <time>2023-11-04T11:37:15Z</time>
   </trkpt>
   <trkpt lat="46.3431250" lon="12.8926430">
    <ele>694.9</ele>
    <time>2023-11-04T11:37:17Z</time>
   </trkpt>
   <trkpt lat="46.3431250" lon="12.8926430">
    <ele>694.9</ele>
    <time>2023-11-04T11:37:18Z</time>
   </trkpt>
   <trkpt lat="46.3431250" lon="12.8926430">
    <ele>694.9</ele>
    <time>2023-11-04T11:37:20Z</time>
   </trkpt>
   <trkpt lat="46.3431250" lon="12.8926430">
    <ele>694.9</ele>
    <time>2023-11-04T11:37:21Z</time>
   </trkpt>
   <trkpt lat="46.3431260" lon="12.8926430">
    <ele>694.9</ele>
    <time>2023-11-04T11:37:22Z</time>
   </trkpt>
   <trkpt lat="46.3431260" lon="12.8926430">
    <ele>694.9</ele>
    <time>2023-11-04T11:37:23Z</time>
   </trkpt>
   <trkpt lat="46.3431260" lon="12.8926430">
    <ele>694.9</ele>
    <time>2023-11-04T11:37:24Z</time>
   </trkpt>
   <trkpt lat="46.3431260" lon="12.8926430">
    <ele>694.9</ele>
    <time>2023-11-04T11:37:25Z</time>
   </trkpt>
   <trkpt lat="46.3431250" lon="12.8926430">
    <ele>694.9</ele>
    <time>2023-11-04T11:37:27Z</time>
   </trkpt>
   <trkpt lat="46.3431250" lon="12.8926430">
    <ele>694.9</ele>
    <time>2023-11-04T11:37:28Z</time>
   </trkpt>
   <trkpt lat="46.3431250" lon="12.8926430">
    <ele>694.9</ele>
    <time>2023-11-04T11:37:29Z</time>
   </trkpt>
   <trkpt lat="46.3431250" lon="12.8926420">
    <ele>694.9</ele>
    <time>2023-11-04T11:37:31Z</time>
   </trkpt>
   <trkpt lat="46.3431250" lon="12.8926420">
    <ele>694.9</ele>
    <time>2023-11-04T11:37:32Z</time>
   </trkpt>
   <trkpt lat="46.3431250" lon="12.8926430">
    <ele>694.9</ele>
    <time>2023-11-04T11:37:33Z</time>
   </trkpt>
   <trkpt lat="46.3431250" lon="12.8926430">
    <ele>694.9</ele>
    <time>2023-11-04T11:37:34Z</time>
   </trkpt>
   <trkpt lat="46.3431250" lon="12.8926420">
    <ele>694.9</ele>
    <time>2023-11-04T11:37:35Z</time>
   </trkpt>
   <trkpt lat="46.3431250" lon="12.8926420">
    <ele>694.9</ele>
    <time>2023-11-04T11:37:36Z</time>
   </trkpt>
   <trkpt lat="46.3431250" lon="12.8926420">
    <ele>694.9</ele>
    <time>2023-11-04T11:37:37Z</time>
   </trkpt>
   <trkpt lat="46.3431250" lon="12.8926420">
    <ele>694.9</ele>
    <time>2023-11-04T11:37:38Z</time>
   </trkpt>
   <trkpt lat="46.3431250" lon="12.8926420">
    <ele>694.9</ele>
    <time>2023-11-04T11:37:39Z</time>
   </trkpt>
   <trkpt lat="46.3431250" lon="12.8926430">
    <ele>694.9</ele>
    <time>2023-11-04T11:37:41Z</time>
   </trkpt>
   <trkpt lat="46.3431250" lon="12.8926420">
    <ele>695.0</ele>
    <time>2023-11-04T11:37:42Z</time>
   </trkpt>
   <trkpt lat="46.3431250" lon="12.8926430">
    <ele>695.0</ele>
    <time>2023-11-04T11:37:43Z</time>
   </trkpt>
   <trkpt lat="46.3431250" lon="12.8926420">
    <ele>695.0</ele>
    <time>2023-11-04T11:37:44Z</time>
   </trkpt>
   <trkpt lat="46.3431240" lon="12.8926420">
    <ele>695.0</ele>
    <time>2023-11-04T11:37:45Z</time>
   </trkpt>
   <trkpt lat="46.3431240" lon="12.8926420">
    <ele>695.0</ele>
    <time>2023-11-04T11:37:47Z</time>
   </trkpt>
   <trkpt lat="46.3431240" lon="12.8926420">
    <ele>695.0</ele>
    <time>2023-11-04T11:37:49Z</time>
   </trkpt>
   <trkpt lat="46.3431240" lon="12.8926420">
    <ele>695.0</ele>
    <time>2023-11-04T11:37:51Z</time>
   </trkpt>
   <trkpt lat="46.3431240" lon="12.8926420">
    <ele>695.0</ele>
    <time>2023-11-04T11:37:52Z</time>
   </trkpt>
   <trkpt lat="46.3431240" lon="12.8926420">
    <ele>695.0</ele>
    <time>2023-11-04T11:37:53Z</time>
   </trkpt>
   <trkpt lat="46.3431240" lon="12.8926420">
    <ele>695.0</ele>
    <time>2023-11-04T11:37:54Z</time>
   </trkpt>
   <trkpt lat="46.3431230" lon="12.8926420">
    <ele>695.0</ele>
    <time>2023-11-04T11:37:55Z</time>
   </trkpt>
   <trkpt lat="46.3431230" lon="12.8926420">
    <ele>695.0</ele>
    <time>2023-11-04T11:37:56Z</time>
   </trkpt>
   <trkpt lat="46.3431230" lon="12.8926420">
    <ele>695.0</ele>
    <time>2023-11-04T11:37:57Z</time>
   </trkpt>
   <trkpt lat="46.3431230" lon="12.8926420">
    <ele>695.0</ele>
    <time>2023-11-04T11:37:58Z</time>
   </trkpt>
   <trkpt lat="46.3431230" lon="12.8926420">
    <ele>695.0</ele>
    <time>2023-11-04T11:37:59Z</time>
   </trkpt>
   <trkpt lat="46.3431220" lon="12.8926420">
    <ele>695.0</ele>
    <time>2023-11-04T11:38:00Z</time>
   </trkpt>
   <trkpt lat="46.3431220" lon="12.8926420">
    <ele>695.0</ele>
    <time>2023-11-04T11:38:01Z</time>
   </trkpt>
   <trkpt lat="46.3431220" lon="12.8926420">
    <ele>695.0</ele>
    <time>2023-11-04T11:38:03Z</time>
   </trkpt>
   <trkpt lat="46.3431220" lon="12.8926420">
    <ele>695.0</ele>
    <time>2023-11-04T11:38:04Z</time>
   </trkpt>
   <trkpt lat="46.3431220" lon="12.8926420">
    <ele>695.0</ele>
    <time>2023-11-04T11:38:05Z</time>
   </trkpt>
   <trkpt lat="46.3431220" lon="12.8926420">
    <ele>695.0</ele>
    <time>2023-11-04T11:38:06Z</time>
   </trkpt>
   <trkpt lat="46.3431220" lon="12.8926420">
    <ele>695.0</ele>
    <time>2023-11-04T11:38:07Z</time>
   </trkpt>
   <trkpt lat="46.3431220" lon="12.8926420">
    <ele>695.0</ele>
    <time>2023-11-04T11:38:08Z</time>
   </trkpt>
   <trkpt lat="46.3431220" lon="12.8926420">
    <ele>695.0</ele>
    <time>2023-11-04T11:38:09Z</time>
   </trkpt>
   <trkpt lat="46.3431220" lon="12.8926420">
    <ele>695.0</ele>
    <time>2023-11-04T11:38:10Z</time>
   </trkpt>
   <trkpt lat="46.3431220" lon="12.8926420">
    <ele>695.0</ele>
    <time>2023-11-04T11:38:11Z</time>
   </trkpt>
   <trkpt lat="46.3431220" lon="12.8926410">
    <ele>695.1</ele>
    <time>2023-11-04T11:38:12Z</time>
   </trkpt>
   <trkpt lat="46.3431220" lon="12.8926410">
    <ele>695.1</ele>
    <time>2023-11-04T11:38:13Z</time>
   </trkpt>
   <trkpt lat="46.3431220" lon="12.8926410">
    <ele>695.1</ele>
    <time>2023-11-04T11:38:14Z</time>
   </trkpt>
   <trkpt lat="46.3431220" lon="12.8926410">
    <ele>695.1</ele>
    <time>2023-11-04T11:38:15Z</time>
   </trkpt>
   <trkpt lat="46.3431150" lon="12.8926440">
    <ele>695.2</ele>
    <time>2023-11-04T11:38:16Z</time>
   </trkpt>
   <trkpt lat="46.3431090" lon="12.8926470">
    <ele>695.3</ele>
    <time>2023-11-04T11:38:18Z</time>
   </trkpt>
   <trkpt lat="46.3431070" lon="12.8926450">
    <ele>695.4</ele>
    <time>2023-11-04T11:38:19Z</time>
   </trkpt>
   <trkpt lat="46.3431080" lon="12.8926440">
    <ele>695.4</ele>
    <time>2023-11-04T11:38:20Z</time>
   </trkpt>
   <trkpt lat="46.3431090" lon="12.8926440">
    <ele>695.4</ele>
    <time>2023-11-04T11:38:21Z</time>
   </trkpt>
   <trkpt lat="46.3431090" lon="12.8926440">
    <ele>695.4</ele>
    <time>2023-11-04T11:38:23Z</time>
   </trkpt>
   <trkpt lat="46.3431090" lon="12.8926440">
    <ele>695.4</ele>
    <time>2023-11-04T11:38:24Z</time>
   </trkpt>
   <trkpt lat="46.3431090" lon="12.8926440">
    <ele>695.4</ele>
    <time>2023-11-04T11:38:26Z</time>
   </trkpt>
   <trkpt lat="46.3431090" lon="12.8926440">
    <ele>695.4</ele>
    <time>2023-11-04T11:38:27Z</time>
   </trkpt>
   <trkpt lat="46.3431090" lon="12.8926440">
    <ele>695.4</ele>
    <time>2023-11-04T11:38:28Z</time>
   </trkpt>
   <trkpt lat="46.3431030" lon="12.8926420">
    <ele>695.5</ele>
    <time>2023-11-04T11:38:29Z</time>
   </trkpt>
   <trkpt lat="46.3430970" lon="12.8926390">
    <ele>695.7</ele>
    <time>2023-11-04T11:38:30Z</time>
   </trkpt>
   <trkpt lat="46.3430910" lon="12.8926340">
    <ele>695.8</ele>
    <time>2023-11-04T11:38:31Z</time>
   </trkpt>
   <trkpt lat="46.3430770" lon="12.8926270">
    <ele>696.1</ele>
    <time>2023-11-04T11:38:33Z</time>
   </trkpt>
   <trkpt lat="46.3430720" lon="12.8926290">
    <ele>696.2</ele>
    <time>2023-11-04T11:38:35Z</time>
   </trkpt>
   <trkpt lat="46.3430720" lon="12.8926410">
    <ele>696.3</ele>
    <time>2023-11-04T11:38:36Z</time>
   </trkpt>
   <trkpt lat="46.3430710" lon="12.8926590">
    <ele>696.6</ele>
    <time>2023-11-04T11:38:37Z</time>
   </trkpt>
   <trkpt lat="46.3430670" lon="12.8926740">
    <ele>696.8</ele>
    <time>2023-11-04T11:38:38Z</time>
   </trkpt>
   <trkpt lat="46.3430650" lon="12.8926820">
    <ele>696.9</ele>
    <time>2023-11-04T11:38:39Z</time>
   </trkpt>
   <trkpt lat="46.3430590" lon="12.8926890">
    <ele>697.1</ele>
    <time>2023-11-04T11:38:40Z</time>
   </trkpt>
   <trkpt lat="46.3430520" lon="12.8926950">
    <ele>697.2</ele>
    <time>2023-11-04T11:38:41Z</time>
   </trkpt>
   <trkpt lat="46.3430440" lon="12.8926980">
    <ele>697.4</ele>
    <time>2023-11-04T11:38:42Z</time>
   </trkpt>
   <trkpt lat="46.3430350" lon="12.8926970">
    <ele>697.6</ele>
    <time>2023-11-04T11:38:43Z</time>
   </trkpt>
   <trkpt lat="46.3430280" lon="12.8926970">
    <ele>697.7</ele>
    <time>2023-11-04T11:38:44Z</time>
   </trkpt>
   <trkpt lat="46.3430230" lon="12.8926910">
    <ele>697.8</ele>
    <time>2023-11-04T11:38:45Z</time>
   </trkpt>
   <trkpt lat="46.3430180" lon="12.8926790">
    <ele>698.0</ele>
    <time>2023-11-04T11:38:46Z</time>
   </trkpt>
   <trkpt lat="46.3430100" lon="12.8926720">
    <ele>698.2</ele>
    <time>2023-11-04T11:38:47Z</time>
   </trkpt>
   <trkpt lat="46.3430000" lon="12.8926680">
    <ele>698.4</ele>
    <time>2023-11-04T11:38:48Z</time>
   </trkpt>
   <trkpt lat="46.3429920" lon="12.8926610">
    <ele>698.6</ele>
    <time>2023-11-04T11:38:49Z</time>
   </trkpt>
   <trkpt lat="46.3429840" lon="12.8926540">
    <ele>698.8</ele>
    <time>2023-11-04T11:38:50Z</time>
   </trkpt>
   <trkpt lat="46.3429750" lon="12.8926520">
    <ele>698.9</ele>
    <time>2023-11-04T11:38:51Z</time>
   </trkpt>
   <trkpt lat="46.3429650" lon="12.8926520">
    <ele>699.1</ele>
    <time>2023-11-04T11:38:52Z</time>
   </trkpt>
   <trkpt lat="46.3429560" lon="12.8926520">
    <ele>699.3</ele>
    <time>2023-11-04T11:38:53Z</time>
   </trkpt>
   <trkpt lat="46.3429460" lon="12.8926500">
    <ele>699.5</ele>
    <time>2023-11-04T11:38:54Z</time>
   </trkpt>
   <trkpt lat="46.3429370" lon="12.8926490">
    <ele>699.7</ele>
    <time>2023-11-04T11:38:55Z</time>
   </trkpt>
   <trkpt lat="46.3429310" lon="12.8926420">
    <ele>699.8</ele>
    <time>2023-11-04T11:38:56Z</time>
   </trkpt>
   <trkpt lat="46.3429250" lon="12.8926340">
    <ele>700.0</ele>
    <time>2023-11-04T11:38:57Z</time>
   </trkpt>
   <trkpt lat="46.3429200" lon="12.8926290">
    <ele>700.1</ele>
    <time>2023-11-04T11:38:58Z</time>
   </trkpt>
   <trkpt lat="46.3429160" lon="12.8926240">
    <ele>700.2</ele>
    <time>2023-11-04T11:38:59Z</time>
   </trkpt>
   <trkpt lat="46.3429140" lon="12.8926150">
    <ele>700.3</ele>
    <time>2023-11-04T11:39:00Z</time>
   </trkpt>
   <trkpt lat="46.3429130" lon="12.8926060">
    <ele>700.4</ele>
    <time>2023-11-04T11:39:01Z</time>
   </trkpt>
   <trkpt lat="46.3429120" lon="12.8925980">
    <ele>700.6</ele>
    <time>2023-11-04T11:39:02Z</time>
   </trkpt>
   <trkpt lat="46.3429130" lon="12.8925960">
    <ele>700.6</ele>
    <time>2023-11-04T11:39:03Z</time>
   </trkpt>
   <trkpt lat="46.3429120" lon="12.8925950">
    <ele>700.6</ele>
    <time>2023-11-04T11:39:04Z</time>
   </trkpt>
   <trkpt lat="46.3429130" lon="12.8925920">
    <ele>700.7</ele>
    <time>2023-11-04T11:39:05Z</time>
   </trkpt>
   <trkpt lat="46.3429150" lon="12.8925880">
    <ele>700.7</ele>
    <time>2023-11-04T11:39:06Z</time>
   </trkpt>
   <trkpt lat="46.3429200" lon="12.8925840">
    <ele>700.8</ele>
    <time>2023-11-04T11:39:07Z</time>
   </trkpt>
   <trkpt lat="46.3429180" lon="12.8925850">
    <ele>700.9</ele>
    <time>2023-11-04T11:39:08Z</time>
   </trkpt>
   <trkpt lat="46.3429000" lon="12.8925680">
    <ele>701.3</ele>
    <time>2023-11-04T11:39:09Z</time>
   </trkpt>
   <trkpt lat="46.3428970" lon="12.8925640">
    <ele>701.4</ele>
    <time>2023-11-04T11:39:10Z</time>
   </trkpt>
   <trkpt lat="46.3428950" lon="12.8925590">
    <ele>701.5</ele>
    <time>2023-11-04T11:39:11Z</time>
   </trkpt>
   <trkpt lat="46.3429040" lon="12.8925720">
    <ele>701.3</ele>
    <time>2023-11-04T11:39:13Z</time>
   </trkpt>
   <trkpt lat="46.3429070" lon="12.8925780">
    <ele>701.2</ele>
    <time>2023-11-04T11:39:14Z</time>
   </trkpt>
   <trkpt lat="46.3429080" lon="12.8925810">
    <ele>701.2</ele>
    <time>2023-11-04T11:39:16Z</time>
   </trkpt>
   <trkpt lat="46.3429090" lon="12.8925830">
    <ele>701.1</ele>
    <time>2023-11-04T11:39:17Z</time>
   </trkpt>
   <trkpt lat="46.3429050" lon="12.8925830">
    <ele>701.1</ele>
    <time>2023-11-04T11:39:18Z</time>
   </trkpt>
   <trkpt lat="46.3429010" lon="12.8925830">
    <ele>701.1</ele>
    <time>2023-11-04T11:39:19Z</time>
   </trkpt>
   <trkpt lat="46.3428990" lon="12.8925840">
    <ele>701.0</ele>
    <time>2023-11-04T11:39:20Z</time>
   </trkpt>
   <trkpt lat="46.3428980" lon="12.8925840">
    <ele>701.2</ele>
    <time>2023-11-04T11:39:21Z</time>
   </trkpt>
   <trkpt lat="46.3428970" lon="12.8925840">
    <ele>701.1</ele>
    <time>2023-11-04T11:39:22Z</time>
   </trkpt>
   <trkpt lat="46.3428960" lon="12.8925840">
    <ele>701.1</ele>
    <time>2023-11-04T11:39:23Z</time>
   </trkpt>
   <trkpt lat="46.3428960" lon="12.8925840">
    <ele>701.1</ele>
    <time>2023-11-04T11:39:25Z</time>
   </trkpt>
   <trkpt lat="46.3428940" lon="12.8925820">
    <ele>701.0</ele>
    <time>2023-11-04T11:39:26Z</time>
   </trkpt>
   <trkpt lat="46.3428940" lon="12.8925820">
    <ele>701.0</ele>
    <time>2023-11-04T11:39:27Z</time>
   </trkpt>
   <trkpt lat="46.3428930" lon="12.8925810">
    <ele>700.9</ele>
    <time>2023-11-04T11:39:28Z</time>
   </trkpt>
   <trkpt lat="46.3428930" lon="12.8925820">
    <ele>700.9</ele>
    <time>2023-11-04T11:39:29Z</time>
   </trkpt>
   <trkpt lat="46.3428930" lon="12.8925820">
    <ele>700.9</ele>
    <time>2023-11-04T11:39:30Z</time>
   </trkpt>
   <trkpt lat="46.3428930" lon="12.8925820">
    <ele>700.8</ele>
    <time>2023-11-04T11:39:31Z</time>
   </trkpt>
   <trkpt lat="46.3428930" lon="12.8925830">
    <ele>700.8</ele>
    <time>2023-11-04T11:39:32Z</time>
   </trkpt>
   <trkpt lat="46.3428930" lon="12.8925830">
    <ele>700.8</ele>
    <time>2023-11-04T11:39:33Z</time>
   </trkpt>
   <trkpt lat="46.3428950" lon="12.8925880">
    <ele>699.8</ele>
    <time>2023-11-04T11:39:34Z</time>
   </trkpt>
   <trkpt lat="46.3428970" lon="12.8925890">
    <ele>699.7</ele>
    <time>2023-11-04T11:39:35Z</time>
   </trkpt>
   <trkpt lat="46.3429000" lon="12.8925900">
    <ele>699.5</ele>
    <time>2023-11-04T11:39:36Z</time>
   </trkpt>
   <trkpt lat="46.3429030" lon="12.8925900">
    <ele>699.5</ele>
    <time>2023-11-04T11:39:38Z</time>
   </trkpt>
   <trkpt lat="46.3429020" lon="12.8925890">
    <ele>699.4</ele>
    <time>2023-11-04T11:39:39Z</time>
   </trkpt>
   <trkpt lat="46.3429030" lon="12.8925800">
    <ele>700.4</ele>
    <time>2023-11-04T11:39:40Z</time>
   </trkpt>
   <trkpt lat="46.3429080" lon="12.8925790">
    <ele>700.3</ele>
    <time>2023-11-04T11:39:42Z</time>
   </trkpt>
   <trkpt lat="46.3429160" lon="12.8925820">
    <ele>700.3</ele>
    <time>2023-11-04T11:39:43Z</time>
   </trkpt>
   <trkpt lat="46.3429180" lon="12.8925830">
    <ele>700.3</ele>
    <time>2023-11-04T11:39:44Z</time>
   </trkpt>
   <trkpt lat="46.3429180" lon="12.8925820">
    <ele>700.2</ele>
    <time>2023-11-04T11:39:45Z</time>
   </trkpt>
   <trkpt lat="46.3429190" lon="12.8925820">
    <ele>700.2</ele>
    <time>2023-11-04T11:39:46Z</time>
   </trkpt>
   <trkpt lat="46.3429190" lon="12.8925820">
    <ele>700.2</ele>
    <time>2023-11-04T11:39:47Z</time>
   </trkpt>
   <trkpt lat="46.3429190" lon="12.8925830">
    <ele>700.1</ele>
    <time>2023-11-04T11:39:49Z</time>
   </trkpt>
   <trkpt lat="46.3429190" lon="12.8925830">
    <ele>700.1</ele>
    <time>2023-11-04T11:39:50Z</time>
   </trkpt>
   <trkpt lat="46.3429190" lon="12.8925840">
    <ele>700.0</ele>
    <time>2023-11-04T11:39:51Z</time>
   </trkpt>
   <trkpt lat="46.3429180" lon="12.8925840">
    <ele>700.0</ele>
    <time>2023-11-04T11:39:52Z</time>
   </trkpt>
   <trkpt lat="46.3429180" lon="12.8925900">
    <ele>699.0</ele>
    <time>2023-11-04T11:39:53Z</time>
   </trkpt>
   <trkpt lat="46.3429180" lon="12.8925940">
    <ele>699.0</ele>
    <time>2023-11-04T11:39:54Z</time>
   </trkpt>
   <trkpt lat="46.3429170" lon="12.8926020">
    <ele>698.9</ele>
    <time>2023-11-04T11:39:55Z</time>
   </trkpt>
   <trkpt lat="46.3429140" lon="12.8926070">
    <ele>698.9</ele>
    <time>2023-11-04T11:39:57Z</time>
   </trkpt>
   <trkpt lat="46.3429100" lon="12.8926060">
    <ele>698.9</ele>
    <time>2023-11-04T11:39:58Z</time>
   </trkpt>
   <trkpt lat="46.3429060" lon="12.8926000">
    <ele>698.8</ele>
    <time>2023-11-04T11:39:59Z</time>
   </trkpt>
   <trkpt lat="46.3429010" lon="12.8925920">
    <ele>698.8</ele>
    <time>2023-11-04T11:40:00Z</time>
   </trkpt>
   <trkpt lat="46.3428950" lon="12.8925880">
    <ele>698.9</ele>
    <time>2023-11-04T11:40:01Z</time>
   </trkpt>
   <trkpt lat="46.3428860" lon="12.8925890">
    <ele>698.9</ele>
    <time>2023-11-04T11:40:02Z</time>
   </trkpt>
   <trkpt lat="46.3428780" lon="12.8925910">
    <ele>698.8</ele>
    <time>2023-11-04T11:40:03Z</time>
   </trkpt>
   <trkpt lat="46.3428730" lon="12.8925920">
    <ele>698.8</ele>
    <time>2023-11-04T11:40:04Z</time>
   </trkpt>
   <trkpt lat="46.3428700" lon="12.8925940">
    <ele>698.8</ele>
    <time>2023-11-04T11:40:05Z</time>
   </trkpt>
   <trkpt lat="46.3428660" lon="12.8925940">
    <ele>698.9</ele>
    <time>2023-11-04T11:40:06Z</time>
   </trkpt>
   <trkpt lat="46.3428600" lon="12.8925870">
    <ele>698.9</ele>
    <time>2023-11-04T11:40:07Z</time>
   </trkpt>
   <trkpt lat="46.3428530" lon="12.8925850">
    <ele>698.9</ele>
    <time>2023-11-04T11:40:08Z</time>
   </trkpt>
   <trkpt lat="46.3428470" lon="12.8925860">
    <ele>698.8</ele>
    <time>2023-11-04T11:40:09Z</time>
   </trkpt>
   <trkpt lat="46.3428390" lon="12.8925910">
    <ele>699.0</ele>
    <time>2023-11-04T11:40:10Z</time>
   </trkpt>
   <trkpt lat="46.3428290" lon="12.8925970">
    <ele>699.1</ele>
    <time>2023-11-04T11:40:11Z</time>
   </trkpt>
   <trkpt lat="46.3428200" lon="12.8926010">
    <ele>699.3</ele>
    <time>2023-11-04T11:40:12Z</time>
   </trkpt>
   <trkpt lat="46.3428130" lon="12.8926060">
    <ele>699.4</ele>
    <time>2023-11-04T11:40:13Z</time>
   </trkpt>
   <trkpt lat="46.3428050" lon="12.8926130">
    <ele>699.5</ele>
    <time>2023-11-04T11:40:14Z</time>
   </trkpt>
   <trkpt lat="46.3427990" lon="12.8926200">
    <ele>699.6</ele>
    <time>2023-11-04T11:40:15Z</time>
   </trkpt>
   <trkpt lat="46.3427950" lon="12.8926270">
    <ele>699.7</ele>
    <time>2023-11-04T11:40:16Z</time>
   </trkpt>
   <trkpt lat="46.3427920" lon="12.8926300">
    <ele>699.8</ele>
    <time>2023-11-04T11:40:17Z</time>
   </trkpt>
   <trkpt lat="46.3427890" lon="12.8926320">
    <ele>699.8</ele>
    <time>2023-11-04T11:40:18Z</time>
   </trkpt>
   <trkpt lat="46.3427870" lon="12.8926350">
    <ele>699.9</ele>
    <time>2023-11-04T11:40:19Z</time>
   </trkpt>
   <trkpt lat="46.3427800" lon="12.8926370">
    <ele>700.0</ele>
    <time>2023-11-04T11:40:20Z</time>
   </trkpt>
   <trkpt lat="46.3427710" lon="12.8926390">
    <ele>700.1</ele>
    <time>2023-11-04T11:40:21Z</time>
   </trkpt>
   <trkpt lat="46.3427630" lon="12.8926460">
    <ele>700.3</ele>
    <time>2023-11-04T11:40:22Z</time>
   </trkpt>
   <trkpt lat="46.3427580" lon="12.8926610">
    <ele>700.4</ele>
    <time>2023-11-04T11:40:23Z</time>
   </trkpt>
   <trkpt lat="46.3427560" lon="12.8926750">
    <ele>700.6</ele>
    <time>2023-11-04T11:40:24Z</time>
   </trkpt>
   <trkpt lat="46.3427510" lon="12.8927030">
    <ele>700.9</ele>
    <time>2023-11-04T11:40:25Z</time>
   </trkpt>
   <trkpt lat="46.3427450" lon="12.8927130">
    <ele>701.0</ele>
    <time>2023-11-04T11:40:26Z</time>
   </trkpt>
   <trkpt lat="46.3427380" lon="12.8927230">
    <ele>701.2</ele>
    <time>2023-11-04T11:40:28Z</time>
   </trkpt>
   <trkpt lat="46.3427210" lon="12.8927440">
    <ele>701.5</ele>
    <time>2023-11-04T11:40:29Z</time>
   </trkpt>
   <trkpt lat="46.3427120" lon="12.8927510">
    <ele>701.6</ele>
    <time>2023-11-04T11:40:31Z</time>
   </trkpt>
   <trkpt lat="46.3427040" lon="12.8927540">
    <ele>701.7</ele>
    <time>2023-11-04T11:40:32Z</time>
   </trkpt>
   <trkpt lat="46.3426960" lon="12.8927560">
    <ele>701.8</ele>
    <time>2023-11-04T11:40:33Z</time>
   </trkpt>
   <trkpt lat="46.3426890" lon="12.8927610">
    <ele>701.9</ele>
    <time>2023-11-04T11:40:34Z</time>
   </trkpt>
   <trkpt lat="46.3426810" lon="12.8927670">
    <ele>702.0</ele>
    <time>2023-11-04T11:40:35Z</time>
   </trkpt>
   <trkpt lat="46.3426730" lon="12.8927700">
    <ele>702.1</ele>
    <time>2023-11-04T11:40:36Z</time>
   </trkpt>
   <trkpt lat="46.3426660" lon="12.8927700">
    <ele>702.2</ele>
    <time>2023-11-04T11:40:37Z</time>
   </trkpt>
   <trkpt lat="46.3426590" lon="12.8927710">
    <ele>702.3</ele>
    <time>2023-11-04T11:40:38Z</time>
   </trkpt>
   <trkpt lat="46.3426500" lon="12.8927730">
    <ele>702.4</ele>
    <time>2023-11-04T11:40:39Z</time>
   </trkpt>
   <trkpt lat="46.3426430" lon="12.8927750">
    <ele>702.5</ele>
    <time>2023-11-04T11:40:40Z</time>
   </trkpt>
   <trkpt lat="46.3426350" lon="12.8927770">
    <ele>702.6</ele>
    <time>2023-11-04T11:40:41Z</time>
   </trkpt>
   <trkpt lat="46.3426270" lon="12.8927840">
    <ele>702.7</ele>
    <time>2023-11-04T11:40:42Z</time>
   </trkpt>
   <trkpt lat="46.3426200" lon="12.8927930">
    <ele>702.8</ele>
    <time>2023-11-04T11:40:43Z</time>
   </trkpt>
   <trkpt lat="46.3426130" lon="12.8928010">
    <ele>703.0</ele>
    <time>2023-11-04T11:40:44Z</time>
   </trkpt>
   <trkpt lat="46.3426060" lon="12.8928090">
    <ele>703.1</ele>
    <time>2023-11-04T11:40:45Z</time>
   </trkpt>
   <trkpt lat="46.3425990" lon="12.8928120">
    <ele>703.2</ele>
    <time>2023-11-04T11:40:46Z</time>
   </trkpt>
   <trkpt lat="46.3425920" lon="12.8928100">
    <ele>703.2</ele>
    <time>2023-11-04T11:40:47Z</time>
   </trkpt>
   <trkpt lat="46.3425880" lon="12.8928040">
    <ele>703.3</ele>
    <time>2023-11-04T11:40:48Z</time>
   </trkpt>
   <trkpt lat="46.3425860" lon="12.8927950">
    <ele>703.4</ele>
    <time>2023-11-04T11:40:49Z</time>
   </trkpt>
   <trkpt lat="46.3425780" lon="12.8927930">
    <ele>703.5</ele>
    <time>2023-11-04T11:40:50Z</time>
   </trkpt>
   <trkpt lat="46.3425680" lon="12.8927960">
    <ele>703.6</ele>
    <time>2023-11-04T11:40:51Z</time>
   </trkpt>
   <trkpt lat="46.3425610" lon="12.8928020">
    <ele>703.7</ele>
    <time>2023-11-04T11:40:52Z</time>
   </trkpt>
   <trkpt lat="46.3425480" lon="12.8928250">
    <ele>704.0</ele>
    <time>2023-11-04T11:40:53Z</time>
   </trkpt>
   <trkpt lat="46.3425410" lon="12.8928350">
    <ele>704.1</ele>
    <time>2023-11-04T11:40:55Z</time>
   </trkpt>
   <trkpt lat="46.3425340" lon="12.8928410">
    <ele>704.2</ele>
    <time>2023-11-04T11:40:56Z</time>
   </trkpt>
   <trkpt lat="46.3425170" lon="12.8928480">
    <ele>704.4</ele>
    <time>2023-11-04T11:40:57Z</time>
   </trkpt>
   <trkpt lat="46.3425090" lon="12.8928550">
    <ele>704.5</ele>
    <time>2023-11-04T11:40:59Z</time>
   </trkpt>
   <trkpt lat="46.3425030" lon="12.8928630">
    <ele>704.6</ele>
    <time>2023-11-04T11:41:00Z</time>
   </trkpt>
   <trkpt lat="46.3424960" lon="12.8928690">
    <ele>704.7</ele>
    <time>2023-11-04T11:41:01Z</time>
   </trkpt>
   <trkpt lat="46.3424890" lon="12.8928740">
    <ele>704.8</ele>
    <time>2023-11-04T11:41:02Z</time>
   </trkpt>
   <trkpt lat="46.3424820" lon="12.8928820">
    <ele>704.9</ele>
    <time>2023-11-04T11:41:03Z</time>
   </trkpt>
   <trkpt lat="46.3424750" lon="12.8928900">
    <ele>705.0</ele>
    <time>2023-11-04T11:41:04Z</time>
   </trkpt>
   <trkpt lat="46.3424660" lon="12.8928990">
    <ele>705.2</ele>
    <time>2023-11-04T11:41:05Z</time>
   </trkpt>
   <trkpt lat="46.3424590" lon="12.8929060">
    <ele>705.3</ele>
    <time>2023-11-04T11:41:06Z</time>
   </trkpt>
   <trkpt lat="46.3424560" lon="12.8929100">
    <ele>705.3</ele>
    <time>2023-11-04T11:41:07Z</time>
   </trkpt>
   <trkpt lat="46.3424520" lon="12.8929130">
    <ele>705.4</ele>
    <time>2023-11-04T11:41:08Z</time>
   </trkpt>
   <trkpt lat="46.3424460" lon="12.8929190">
    <ele>705.5</ele>
    <time>2023-11-04T11:41:09Z</time>
   </trkpt>
   <trkpt lat="46.3424380" lon="12.8929260">
    <ele>705.6</ele>
    <time>2023-11-04T11:41:10Z</time>
   </trkpt>
   <trkpt lat="46.3424310" lon="12.8929350">
    <ele>705.7</ele>
    <time>2023-11-04T11:41:11Z</time>
   </trkpt>
   <trkpt lat="46.3424260" lon="12.8929440">
    <ele>705.8</ele>
    <time>2023-11-04T11:41:12Z</time>
   </trkpt>
   <trkpt lat="46.3424180" lon="12.8929550">
    <ele>705.9</ele>
    <time>2023-11-04T11:41:13Z</time>
   </trkpt>
   <trkpt lat="46.3424110" lon="12.8929620">
    <ele>706.0</ele>
    <time>2023-11-04T11:41:14Z</time>
   </trkpt>
   <trkpt lat="46.3423910" lon="12.8929850">
    <ele>706.3</ele>
    <time>2023-11-04T11:41:15Z</time>
   </trkpt>
   <trkpt lat="46.3423810" lon="12.8929970">
    <ele>706.5</ele>
    <time>2023-11-04T11:41:16Z</time>
   </trkpt>
   <trkpt lat="46.3423700" lon="12.8930090">
    <ele>706.7</ele>
    <time>2023-11-04T11:41:18Z</time>
   </trkpt>
   <trkpt lat="46.3423580" lon="12.8930210">
    <ele>706.8</ele>
    <time>2023-11-04T11:41:19Z</time>
   </trkpt>
   <trkpt lat="46.3423460" lon="12.8930340">
    <ele>707.0</ele>
    <time>2023-11-04T11:41:20Z</time>
   </trkpt>
   <trkpt lat="46.3423350" lon="12.8930460">
    <ele>707.2</ele>
    <time>2023-11-04T11:41:21Z</time>
   </trkpt>
   <trkpt lat="46.3423130" lon="12.8930690">
    <ele>707.5</ele>
    <time>2023-11-04T11:41:22Z</time>
   </trkpt>
   <trkpt lat="46.3423060" lon="12.8930760">
    <ele>707.6</ele>
    <time>2023-11-04T11:41:23Z</time>
   </trkpt>
   <trkpt lat="46.3422930" lon="12.8930890">
    <ele>707.8</ele>
    <time>2023-11-04T11:41:24Z</time>
   </trkpt>
   <trkpt lat="46.3422820" lon="12.8931020">
    <ele>707.9</ele>
    <time>2023-11-04T11:41:25Z</time>
   </trkpt>
   <trkpt lat="46.3422710" lon="12.8931170">
    <ele>708.1</ele>
    <time>2023-11-04T11:41:26Z</time>
   </trkpt>
   <trkpt lat="46.3422590" lon="12.8931280">
    <ele>708.3</ele>
    <time>2023-11-04T11:41:27Z</time>
   </trkpt>
   <trkpt lat="46.3422470" lon="12.8931430">
    <ele>708.4</ele>
    <time>2023-11-04T11:41:28Z</time>
   </trkpt>
   <trkpt lat="46.3422360" lon="12.8931580">
    <ele>708.6</ele>
    <time>2023-11-04T11:41:29Z</time>
   </trkpt>
   <trkpt lat="46.3422260" lon="12.8931740">
    <ele>708.8</ele>
    <time>2023-11-04T11:41:30Z</time>
   </trkpt>
   <trkpt lat="46.3422170" lon="12.8931900">
    <ele>709.0</ele>
    <time>2023-11-04T11:41:31Z</time>
   </trkpt>
   <trkpt lat="46.3422090" lon="12.8932040">
    <ele>709.1</ele>
    <time>2023-11-04T11:41:32Z</time>
   </trkpt>
   <trkpt lat="46.3422000" lon="12.8932160">
    <ele>709.2</ele>
    <time>2023-11-04T11:41:33Z</time>
   </trkpt>
   <trkpt lat="46.3421920" lon="12.8932230">
    <ele>709.3</ele>
    <time>2023-11-04T11:41:34Z</time>
   </trkpt>
   <trkpt lat="46.3421850" lon="12.8932280">
    <ele>709.4</ele>
    <time>2023-11-04T11:41:35Z</time>
   </trkpt>
   <trkpt lat="46.3421760" lon="12.8932360">
    <ele>709.6</ele>
    <time>2023-11-04T11:41:36Z</time>
   </trkpt>
   <trkpt lat="46.3421690" lon="12.8932420">
    <ele>709.7</ele>
    <time>2023-11-04T11:41:37Z</time>
   </trkpt>
   <trkpt lat="46.3421600" lon="12.8932470">
    <ele>709.8</ele>
    <time>2023-11-04T11:41:38Z</time>
   </trkpt>
   <trkpt lat="46.3421430" lon="12.8932550">
    <ele>710.0</ele>
    <time>2023-11-04T11:41:39Z</time>
   </trkpt>
   <trkpt lat="46.3421340" lon="12.8932580">
    <ele>710.1</ele>
    <time>2023-11-04T11:41:41Z</time>
   </trkpt>
   <trkpt lat="46.3421250" lon="12.8932600">
    <ele>710.2</ele>
    <time>2023-11-04T11:41:42Z</time>
   </trkpt>
   <trkpt lat="46.3421160" lon="12.8932630">
    <ele>710.4</ele>
    <time>2023-11-04T11:41:43Z</time>
   </trkpt>
   <trkpt lat="46.3421090" lon="12.8932620">
    <ele>710.4</ele>
    <time>2023-11-04T11:41:44Z</time>
   </trkpt>
   <trkpt lat="46.3421000" lon="12.8932630">
    <ele>710.6</ele>
    <time>2023-11-04T11:41:45Z</time>
   </trkpt>
   <trkpt lat="46.3420920" lon="12.8932650">
    <ele>710.7</ele>
    <time>2023-11-04T11:41:46Z</time>
   </trkpt>
   <trkpt lat="46.3420870" lon="12.8932690">
    <ele>710.7</ele>
    <time>2023-11-04T11:41:47Z</time>
   </trkpt>
   <trkpt lat="46.3420810" lon="12.8932700">
    <ele>710.8</ele>
    <time>2023-11-04T11:41:48Z</time>
   </trkpt>
   <trkpt lat="46.3420740" lon="12.8932820">
    <ele>710.9</ele>
    <time>2023-11-04T11:41:49Z</time>
   </trkpt>
   <trkpt lat="46.3420740" lon="12.8933000">
    <ele>711.1</ele>
    <time>2023-11-04T11:41:50Z</time>
   </trkpt>
   <trkpt lat="46.3420770" lon="12.8933130">
    <ele>711.2</ele>
    <time>2023-11-04T11:41:51Z</time>
   </trkpt>
   <trkpt lat="46.3420820" lon="12.8933200">
    <ele>711.3</ele>
    <time>2023-11-04T11:41:52Z</time>
   </trkpt>
   <trkpt lat="46.3420880" lon="12.8933220">
    <ele>711.4</ele>
    <time>2023-11-04T11:41:53Z</time>
   </trkpt>
   <trkpt lat="46.3421020" lon="12.8933180">
    <ele>711.5</ele>
    <time>2023-11-04T11:41:54Z</time>
   </trkpt>
   <trkpt lat="46.3421070" lon="12.8933160">
    <ele>711.6</ele>
    <time>2023-11-04T11:41:56Z</time>
   </trkpt>
   <trkpt lat="46.3421110" lon="12.8933140">
    <ele>711.7</ele>
    <time>2023-11-04T11:41:57Z</time>
   </trkpt>
   <trkpt lat="46.3421140" lon="12.8933120">
    <ele>711.7</ele>
    <time>2023-11-04T11:41:58Z</time>
   </trkpt>
   <trkpt lat="46.3421150" lon="12.8933100">
    <ele>711.7</ele>
    <time>2023-11-04T11:41:59Z</time>
   </trkpt>
   <trkpt lat="46.3421160" lon="12.8933110">
    <ele>711.7</ele>
    <time>2023-11-04T11:42:00Z</time>
   </trkpt>
   <trkpt lat="46.3421180" lon="12.8933130">
    <ele>711.8</ele>
    <time>2023-11-04T11:42:02Z</time>
   </trkpt>
   <trkpt lat="46.3421200" lon="12.8933150">
    <ele>711.8</ele>
    <time>2023-11-04T11:42:03Z</time>
   </trkpt>
   <trkpt lat="46.3421220" lon="12.8933160">
    <ele>711.8</ele>
    <time>2023-11-04T11:42:04Z</time>
   </trkpt>
   <trkpt lat="46.3421250" lon="12.8933170">
    <ele>711.8</ele>
    <time>2023-11-04T11:42:05Z</time>
   </trkpt>
   <trkpt lat="46.3421280" lon="12.8933170">
    <ele>711.9</ele>
    <time>2023-11-04T11:42:06Z</time>
   </trkpt>
   <trkpt lat="46.3421300" lon="12.8933170">
    <ele>711.9</ele>
    <time>2023-11-04T11:42:07Z</time>
   </trkpt>
   <trkpt lat="46.3421320" lon="12.8933160">
    <ele>711.9</ele>
    <time>2023-11-04T11:42:08Z</time>
   </trkpt>
   <trkpt lat="46.3421340" lon="12.8933160">
    <ele>712.0</ele>
    <time>2023-11-04T11:42:09Z</time>
   </trkpt>
   <trkpt lat="46.3421370" lon="12.8933180">
    <ele>712.0</ele>
    <time>2023-11-04T11:42:10Z</time>
   </trkpt>
   <trkpt lat="46.3421310" lon="12.8933170">
    <ele>712.1</ele>
    <time>2023-11-04T11:42:11Z</time>
   </trkpt>
   <trkpt lat="46.3421280" lon="12.8933160">
    <ele>712.1</ele>
    <time>2023-11-04T11:42:12Z</time>
   </trkpt>
   <trkpt lat="46.3421200" lon="12.8933100">
    <ele>712.2</ele>
    <time>2023-11-04T11:42:13Z</time>
   </trkpt>
   <trkpt lat="46.3421130" lon="12.8933050">
    <ele>712.3</ele>
    <time>2023-11-04T11:42:14Z</time>
   </trkpt>
   <trkpt lat="46.3421080" lon="12.8933020">
    <ele>712.3</ele>
    <time>2023-11-04T11:42:15Z</time>
   </trkpt>
   <trkpt lat="46.3421010" lon="12.8933010">
    <ele>712.4</ele>
    <time>2023-11-04T11:42:16Z</time>
   </trkpt>
   <trkpt lat="46.3420970" lon="12.8933010">
    <ele>712.5</ele>
    <time>2023-11-04T11:42:17Z</time>
   </trkpt>
   <trkpt lat="46.3420910" lon="12.8933000">
    <ele>712.5</ele>
    <time>2023-11-04T11:42:18Z</time>
   </trkpt>
   <trkpt lat="46.3420870" lon="12.8932970">
    <ele>712.6</ele>
    <time>2023-11-04T11:42:19Z</time>
   </trkpt>
   <trkpt lat="46.3420850" lon="12.8932920">
    <ele>712.6</ele>
    <time>2023-11-04T11:42:20Z</time>
   </trkpt>
   <trkpt lat="46.3420840" lon="12.8932870">
    <ele>712.6</ele>
    <time>2023-11-04T11:42:21Z</time>
   </trkpt>
   <trkpt lat="46.3420810" lon="12.8932830">
    <ele>712.7</ele>
    <time>2023-11-04T11:42:22Z</time>
   </trkpt>
   <trkpt lat="46.3420770" lon="12.8932790">
    <ele>712.7</ele>
    <time>2023-11-04T11:42:23Z</time>
   </trkpt>
   <trkpt lat="46.3420760" lon="12.8932770">
    <ele>712.8</ele>
    <time>2023-11-04T11:42:24Z</time>
   </trkpt>
   <trkpt lat="46.3420780" lon="12.8932750">
    <ele>712.8</ele>
    <time>2023-11-04T11:42:25Z</time>
   </trkpt>
   <trkpt lat="46.3420800" lon="12.8932740">
    <ele>712.8</ele>
    <time>2023-11-04T11:42:26Z</time>
   </trkpt>
   <trkpt lat="46.3420810" lon="12.8932730">
    <ele>712.8</ele>
    <time>2023-11-04T11:42:27Z</time>
   </trkpt>
   <trkpt lat="46.3420830" lon="12.8932710">
    <ele>712.8</ele>
    <time>2023-11-04T11:42:28Z</time>
   </trkpt>
   <trkpt lat="46.3420830" lon="12.8932680">
    <ele>712.9</ele>
    <time>2023-11-04T11:42:29Z</time>
   </trkpt>
   <trkpt lat="46.3420830" lon="12.8932610">
    <ele>712.9</ele>
    <time>2023-11-04T11:42:30Z</time>
   </trkpt>
   <trkpt lat="46.3420850" lon="12.8932510">
    <ele>713.0</ele>
    <time>2023-11-04T11:42:31Z</time>
   </trkpt>
   <trkpt lat="46.3420880" lon="12.8932370">
    <ele>713.1</ele>
    <time>2023-11-04T11:42:32Z</time>
   </trkpt>
   <trkpt lat="46.3420940" lon="12.8932230">
    <ele>713.2</ele>
    <time>2023-11-04T11:42:33Z</time>
   </trkpt>
   <trkpt lat="46.3421020" lon="12.8932120">
    <ele>713.4</ele>
    <time>2023-11-04T11:42:34Z</time>
   </trkpt>
   <trkpt lat="46.3421170" lon="12.8931930">
    <ele>713.6</ele>
    <time>2023-11-04T11:42:35Z</time>
   </trkpt>
   <trkpt lat="46.3421240" lon="12.8931860">
    <ele>713.7</ele>
    <time>2023-11-04T11:42:36Z</time>
   </trkpt>
   <trkpt lat="46.3421300" lon="12.8931790">
    <ele>713.7</ele>
    <time>2023-11-04T11:42:37Z</time>
   </trkpt>
   <trkpt lat="46.3421490" lon="12.8931660">
    <ele>714.0</ele>
    <time>2023-11-04T11:42:38Z</time>
   </trkpt>
   <trkpt lat="46.3421560" lon="12.8931600">
    <ele>714.1</ele>
    <time>2023-11-04T11:42:39Z</time>
   </trkpt>
   <trkpt lat="46.3421630" lon="12.8931550">
    <ele>714.2</ele>
    <time>2023-11-04T11:42:40Z</time>
   </trkpt>
   <trkpt lat="46.3421740" lon="12.8931410">
    <ele>714.3</ele>
    <time>2023-11-04T11:42:41Z</time>
   </trkpt>
   <trkpt lat="46.3421790" lon="12.8931230">
    <ele>714.5</ele>
    <time>2023-11-04T11:42:42Z</time>
   </trkpt>
   <trkpt lat="46.3421820" lon="12.8931090">
    <ele>714.6</ele>
    <time>2023-11-04T11:42:43Z</time>
   </trkpt>
   <trkpt lat="46.3421820" lon="12.8930990">
    <ele>714.7</ele>
    <time>2023-11-04T11:42:44Z</time>
   </trkpt>
   <trkpt lat="46.3421810" lon="12.8930950">
    <ele>714.7</ele>
    <time>2023-11-04T11:42:45Z</time>
   </trkpt>
   <trkpt lat="46.3421800" lon="12.8930940">
    <ele>714.7</ele>
    <time>2023-11-04T11:42:46Z</time>
   </trkpt>
   <trkpt lat="46.3421800" lon="12.8930880">
    <ele>714.8</ele>
    <time>2023-11-04T11:42:47Z</time>
   </trkpt>
   <trkpt lat="46.3421780" lon="12.8930790">
    <ele>714.9</ele>
    <time>2023-11-04T11:42:48Z</time>
   </trkpt>
   <trkpt lat="46.3421800" lon="12.8930650">
    <ele>715.0</ele>
    <time>2023-11-04T11:42:49Z</time>
   </trkpt>
   <trkpt lat="46.3421890" lon="12.8930500">
    <ele>715.1</ele>
    <time>2023-11-04T11:42:50Z</time>
   </trkpt>
   <trkpt lat="46.3422010" lon="12.8930410">
    <ele>715.3</ele>
    <time>2023-11-04T11:42:51Z</time>
   </trkpt>
   <trkpt lat="46.3422110" lon="12.8930350">
    <ele>715.4</ele>
    <time>2023-11-04T11:42:52Z</time>
   </trkpt>
   <trkpt lat="46.3422180" lon="12.8930290">
    <ele>715.5</ele>
    <time>2023-11-04T11:42:53Z</time>
   </trkpt>
   <trkpt lat="46.3422250" lon="12.8930200">
    <ele>715.6</ele>
    <time>2023-11-04T11:42:54Z</time>
   </trkpt>
   <trkpt lat="46.3422290" lon="12.8930100">
    <ele>715.7</ele>
    <time>2023-11-04T11:42:55Z</time>
   </trkpt>
   <trkpt lat="46.3422310" lon="12.8929960">
    <ele>715.9</ele>
    <time>2023-11-04T11:42:56Z</time>
   </trkpt>
   <trkpt lat="46.3422350" lon="12.8929830">
    <ele>716.0</ele>
    <time>2023-11-04T11:42:57Z</time>
   </trkpt>
   <trkpt lat="46.3422410" lon="12.8929750">
    <ele>716.1</ele>
    <time>2023-11-04T11:42:58Z</time>
   </trkpt>
   <trkpt lat="46.3422460" lon="12.8929660">
    <ele>716.2</ele>
    <time>2023-11-04T11:42:59Z</time>
   </trkpt>
   <trkpt lat="46.3422500" lon="12.8929550">
    <ele>716.3</ele>
    <time>2023-11-04T11:43:00Z</time>
   </trkpt>
   <trkpt lat="46.3422530" lon="12.8929420">
    <ele>716.4</ele>
    <time>2023-11-04T11:43:01Z</time>
   </trkpt>
   <trkpt lat="46.3422530" lon="12.8929270">
    <ele>716.6</ele>
    <time>2023-11-04T11:43:02Z</time>
   </trkpt>
   <trkpt lat="46.3422550" lon="12.8929110">
    <ele>716.7</ele>
    <time>2023-11-04T11:43:03Z</time>
   </trkpt>
   <trkpt lat="46.3422580" lon="12.8928950">
    <ele>716.9</ele>
    <time>2023-11-04T11:43:04Z</time>
   </trkpt>
   <trkpt lat="46.3422670" lon="12.8928660">
    <ele>717.2</ele>
    <time>2023-11-04T11:43:05Z</time>
   </trkpt>
   <trkpt lat="46.3422710" lon="12.8928540">
    <ele>717.3</ele>
    <time>2023-11-04T11:43:06Z</time>
   </trkpt>
   <trkpt lat="46.3422750" lon="12.8928420">
    <ele>717.4</ele>
    <time>2023-11-04T11:43:07Z</time>
   </trkpt>
   <trkpt lat="46.3422740" lon="12.8928270">
    <ele>717.6</ele>
    <time>2023-11-04T11:43:08Z</time>
   </trkpt>
   <trkpt lat="46.3422740" lon="12.8928180">
    <ele>717.7</ele>
    <time>2023-11-04T11:43:09Z</time>
   </trkpt>
   <trkpt lat="46.3422740" lon="12.8928100">
    <ele>717.7</ele>
    <time>2023-11-04T11:43:10Z</time>
   </trkpt>
   <trkpt lat="46.3422750" lon="12.8928000">
    <ele>717.8</ele>
    <time>2023-11-04T11:43:11Z</time>
   </trkpt>
   <trkpt lat="46.3422780" lon="12.8927790">
    <ele>718.1</ele>
    <time>2023-11-04T11:43:12Z</time>
   </trkpt>
   <trkpt lat="46.3422800" lon="12.8927690">
    <ele>718.2</ele>
    <time>2023-11-04T11:43:13Z</time>
   </trkpt>
   <trkpt lat="46.3422820" lon="12.8927580">
    <ele>718.3</ele>
    <time>2023-11-04T11:43:14Z</time>
   </trkpt>
   <trkpt lat="46.3422830" lon="12.8927480">
    <ele>718.4</ele>
    <time>2023-11-04T11:43:15Z</time>
   </trkpt>
   <trkpt lat="46.3422850" lon="12.8927210">
    <ele>718.6</ele>
    <time>2023-11-04T11:43:16Z</time>
   </trkpt>
   <trkpt lat="46.3422880" lon="12.8927100">
    <ele>718.7</ele>
    <time>2023-11-04T11:43:18Z</time>
   </trkpt>
   <trkpt lat="46.3422920" lon="12.8927000">
    <ele>718.8</ele>
    <time>2023-11-04T11:43:19Z</time>
   </trkpt>
   <trkpt lat="46.3422960" lon="12.8926910">
    <ele>719.0</ele>
    <time>2023-11-04T11:43:20Z</time>
   </trkpt>
   <trkpt lat="46.3422990" lon="12.8926810">
    <ele>719.1</ele>
    <time>2023-11-04T11:43:21Z</time>
   </trkpt>
   <trkpt lat="46.3423020" lon="12.8926690">
    <ele>719.2</ele>
    <time>2023-11-04T11:43:22Z</time>
   </trkpt>
   <trkpt lat="46.3423070" lon="12.8926550">
    <ele>719.3</ele>
    <time>2023-11-04T11:43:23Z</time>
   </trkpt>
   <trkpt lat="46.3423120" lon="12.8926410">
    <ele>719.5</ele>
    <time>2023-11-04T11:43:24Z</time>
   </trkpt>
   <trkpt lat="46.3423170" lon="12.8926270">
    <ele>719.6</ele>
    <time>2023-11-04T11:43:25Z</time>
   </trkpt>
   <trkpt lat="46.3423210" lon="12.8926140">
    <ele>719.8</ele>
    <time>2023-11-04T11:43:26Z</time>
   </trkpt>
   <trkpt lat="46.3423260" lon="12.8926020">
    <ele>719.9</ele>
    <time>2023-11-04T11:43:27Z</time>
   </trkpt>
   <trkpt lat="46.3423310" lon="12.8925890">
    <ele>720.1</ele>
    <time>2023-11-04T11:43:28Z</time>
   </trkpt>
   <trkpt lat="46.3423360" lon="12.8925750">
    <ele>720.2</ele>
    <time>2023-11-04T11:43:29Z</time>
   </trkpt>
   <trkpt lat="46.3423410" lon="12.8925620">
    <ele>720.4</ele>
    <time>2023-11-04T11:43:30Z</time>
   </trkpt>
   <trkpt lat="46.3423460" lon="12.8925510">
    <ele>720.5</ele>
    <time>2023-11-04T11:43:31Z</time>
   </trkpt>
   <trkpt lat="46.3423520" lon="12.8925390">
    <ele>720.6</ele>
    <time>2023-11-04T11:43:32Z</time>
   </trkpt>
   <trkpt lat="46.3423550" lon="12.8925270">
    <ele>720.7</ele>
    <time>2023-11-04T11:43:33Z</time>
   </trkpt>
   <trkpt lat="46.3423570" lon="12.8925110">
    <ele>720.9</ele>
    <time>2023-11-04T11:43:34Z</time>
   </trkpt>
   <trkpt lat="46.3423560" lon="12.8924960">
    <ele>721.0</ele>
    <time>2023-11-04T11:43:35Z</time>
   </trkpt>
   <trkpt lat="46.3423580" lon="12.8924820">
    <ele>721.2</ele>
    <time>2023-11-04T11:43:36Z</time>
   </trkpt>
   <trkpt lat="46.3423590" lon="12.8924670">
    <ele>721.3</ele>
    <time>2023-11-04T11:43:37Z</time>
   </trkpt>
   <trkpt lat="46.3423620" lon="12.8924560">
    <ele>721.4</ele>
    <time>2023-11-04T11:43:38Z</time>
   </trkpt>
   <trkpt lat="46.3423630" lon="12.8924420">
    <ele>721.5</ele>
    <time>2023-11-04T11:43:39Z</time>
   </trkpt>
   <trkpt lat="46.3423640" lon="12.8924280">
    <ele>721.7</ele>
    <time>2023-11-04T11:43:40Z</time>
   </trkpt>
   <trkpt lat="46.3423650" lon="12.8924150">
    <ele>721.8</ele>
    <time>2023-11-04T11:43:41Z</time>
   </trkpt>
   <trkpt lat="46.3423660" lon="12.8924030">
    <ele>721.9</ele>
    <time>2023-11-04T11:43:42Z</time>
   </trkpt>
   <trkpt lat="46.3423690" lon="12.8923920">
    <ele>722.0</ele>
    <time>2023-11-04T11:43:43Z</time>
   </trkpt>
   <trkpt lat="46.3423700" lon="12.8923790">
    <ele>722.1</ele>
    <time>2023-11-04T11:43:44Z</time>
   </trkpt>
   <trkpt lat="46.3423700" lon="12.8923670">
    <ele>722.2</ele>
    <time>2023-11-04T11:43:45Z</time>
   </trkpt>
   <trkpt lat="46.3423720" lon="12.8923550">
    <ele>722.3</ele>
    <time>2023-11-04T11:43:46Z</time>
   </trkpt>
   <trkpt lat="46.3423730" lon="12.8923430">
    <ele>722.4</ele>
    <time>2023-11-04T11:43:47Z</time>
   </trkpt>
   <trkpt lat="46.3423730" lon="12.8923310">
    <ele>722.5</ele>
    <time>2023-11-04T11:43:48Z</time>
   </trkpt>
   <trkpt lat="46.3423760" lon="12.8923200">
    <ele>722.6</ele>
    <time>2023-11-04T11:43:49Z</time>
   </trkpt>
   <trkpt lat="46.3423800" lon="12.8923130">
    <ele>722.7</ele>
    <time>2023-11-04T11:43:50Z</time>
   </trkpt>
   <trkpt lat="46.3423850" lon="12.8923040">
    <ele>722.8</ele>
    <time>2023-11-04T11:43:51Z</time>
   </trkpt>
   <trkpt lat="46.3423900" lon="12.8922960">
    <ele>722.8</ele>
    <time>2023-11-04T11:43:52Z</time>
   </trkpt>
   <trkpt lat="46.3423950" lon="12.8922900">
    <ele>722.9</ele>
    <time>2023-11-04T11:43:53Z</time>
   </trkpt>
   <trkpt lat="46.3424010" lon="12.8922830">
    <ele>723.0</ele>
    <time>2023-11-04T11:43:54Z</time>
   </trkpt>
   <trkpt lat="46.3424070" lon="12.8922770">
    <ele>723.1</ele>
    <time>2023-11-04T11:43:55Z</time>
   </trkpt>
   <trkpt lat="46.3424140" lon="12.8922710">
    <ele>723.2</ele>
    <time>2023-11-04T11:43:56Z</time>
   </trkpt>
   <trkpt lat="46.3424210" lon="12.8922650">
    <ele>723.3</ele>
    <time>2023-11-04T11:43:57Z</time>
   </trkpt>
   <trkpt lat="46.3424280" lon="12.8922550">
    <ele>723.4</ele>
    <time>2023-11-04T11:43:58Z</time>
   </trkpt>
   <trkpt lat="46.3424330" lon="12.8922430">
    <ele>723.5</ele>
    <time>2023-11-04T11:43:59Z</time>
   </trkpt>
   <trkpt lat="46.3424370" lon="12.8922300">
    <ele>723.6</ele>
    <time>2023-11-04T11:44:00Z</time>
   </trkpt>
   <trkpt lat="46.3424450" lon="12.8922180">
    <ele>723.7</ele>
    <time>2023-11-04T11:44:01Z</time>
   </trkpt>
   <trkpt lat="46.3424520" lon="12.8922090">
    <ele>723.8</ele>
    <time>2023-11-04T11:44:02Z</time>
   </trkpt>
   <trkpt lat="46.3424600" lon="12.8922010">
    <ele>723.9</ele>
    <time>2023-11-04T11:44:03Z</time>
   </trkpt>
   <trkpt lat="46.3424670" lon="12.8921930">
    <ele>724.0</ele>
    <time>2023-11-04T11:44:04Z</time>
   </trkpt>
   <trkpt lat="46.3424750" lon="12.8921860">
    <ele>724.0</ele>
    <time>2023-11-04T11:44:05Z</time>
   </trkpt>
   <trkpt lat="46.3424830" lon="12.8921780">
    <ele>724.1</ele>
    <time>2023-11-04T11:44:06Z</time>
   </trkpt>
   <trkpt lat="46.3424920" lon="12.8921700">
    <ele>724.2</ele>
    <time>2023-11-04T11:44:07Z</time>
   </trkpt>
   <trkpt lat="46.3425000" lon="12.8921590">
    <ele>724.3</ele>
    <time>2023-11-04T11:44:08Z</time>
   </trkpt>
   <trkpt lat="46.3425070" lon="12.8921470">
    <ele>724.4</ele>
    <time>2023-11-04T11:44:09Z</time>
   </trkpt>
   <trkpt lat="46.3425190" lon="12.8921230">
    <ele>724.6</ele>
    <time>2023-11-04T11:44:10Z</time>
   </trkpt>
   <trkpt lat="46.3425230" lon="12.8921130">
    <ele>724.6</ele>
    <time>2023-11-04T11:44:11Z</time>
   </trkpt>
   <trkpt lat="46.3425280" lon="12.8921030">
    <ele>724.7</ele>
    <time>2023-11-04T11:44:12Z</time>
   </trkpt>
   <trkpt lat="46.3425410" lon="12.8920770">
    <ele>724.9</ele>
    <time>2023-11-04T11:44:13Z</time>
   </trkpt>
   <trkpt lat="46.3425450" lon="12.8920650">
    <ele>724.9</ele>
    <time>2023-11-04T11:44:14Z</time>
   </trkpt>
   <trkpt lat="46.3425490" lon="12.8920540">
    <ele>725.0</ele>
    <time>2023-11-04T11:44:15Z</time>
   </trkpt>
   <trkpt lat="46.3425570" lon="12.8920380">
    <ele>725.1</ele>
    <time>2023-11-04T11:44:16Z</time>
   </trkpt>
   <trkpt lat="46.3425640" lon="12.8920240">
    <ele>725.1</ele>
    <time>2023-11-04T11:44:17Z</time>
   </trkpt>
   <trkpt lat="46.3425720" lon="12.8920140">
    <ele>725.2</ele>
    <time>2023-11-04T11:44:18Z</time>
   </trkpt>
   <trkpt lat="46.3425790" lon="12.8920070">
    <ele>725.2</ele>
    <time>2023-11-04T11:44:19Z</time>
   </trkpt>
   <trkpt lat="46.3425870" lon="12.8920000">
    <ele>725.3</ele>
    <time>2023-11-04T11:44:20Z</time>
   </trkpt>
   <trkpt lat="46.3425940" lon="12.8919910">
    <ele>725.3</ele>
    <time>2023-11-04T11:44:21Z</time>
   </trkpt>
   <trkpt lat="46.3426000" lon="12.8919790">
    <ele>725.4</ele>
    <time>2023-11-04T11:44:22Z</time>
   </trkpt>
   <trkpt lat="46.3426060" lon="12.8919650">
    <ele>725.5</ele>
    <time>2023-11-04T11:44:23Z</time>
   </trkpt>
   <trkpt lat="46.3426100" lon="12.8919480">
    <ele>725.5</ele>
    <time>2023-11-04T11:44:24Z</time>
   </trkpt>
   <trkpt lat="46.3426150" lon="12.8919330">
    <ele>725.6</ele>
    <time>2023-11-04T11:44:25Z</time>
   </trkpt>
   <trkpt lat="46.3426190" lon="12.8919190">
    <ele>725.6</ele>
    <time>2023-11-04T11:44:26Z</time>
   </trkpt>
   <trkpt lat="46.3426230" lon="12.8919050">
    <ele>725.7</ele>
    <time>2023-11-04T11:44:27Z</time>
   </trkpt>
   <trkpt lat="46.3426280" lon="12.8918910">
    <ele>725.7</ele>
    <time>2023-11-04T11:44:28Z</time>
   </trkpt>
   <trkpt lat="46.3426330" lon="12.8918760">
    <ele>725.8</ele>
    <time>2023-11-04T11:44:29Z</time>
   </trkpt>
   <trkpt lat="46.3426370" lon="12.8918610">
    <ele>725.8</ele>
    <time>2023-11-04T11:44:30Z</time>
   </trkpt>
   <trkpt lat="46.3426430" lon="12.8918470">
    <ele>725.9</ele>
    <time>2023-11-04T11:44:31Z</time>
   </trkpt>
   <trkpt lat="46.3426490" lon="12.8918320">
    <ele>725.9</ele>
    <time>2023-11-04T11:44:32Z</time>
   </trkpt>
   <trkpt lat="46.3426590" lon="12.8918260">
    <ele>726.0</ele>
    <time>2023-11-04T11:44:33Z</time>
   </trkpt>
   <trkpt lat="46.3426670" lon="12.8918210">
    <ele>726.0</ele>
    <time>2023-11-04T11:44:34Z</time>
   </trkpt>
   <trkpt lat="46.3426770" lon="12.8918130">
    <ele>726.1</ele>
    <time>2023-11-04T11:44:35Z</time>
   </trkpt>
   <trkpt lat="46.3426860" lon="12.8918060">
    <ele>726.1</ele>
    <time>2023-11-04T11:44:36Z</time>
   </trkpt>
   <trkpt lat="46.3426950" lon="12.8917960">
    <ele>726.1</ele>
    <time>2023-11-04T11:44:37Z</time>
   </trkpt>
   <trkpt lat="46.3427050" lon="12.8917860">
    <ele>726.2</ele>
    <time>2023-11-04T11:44:38Z</time>
   </trkpt>
   <trkpt lat="46.3427110" lon="12.8917740">
    <ele>726.2</ele>
    <time>2023-11-04T11:44:39Z</time>
   </trkpt>
   <trkpt lat="46.3427160" lon="12.8917640">
    <ele>726.3</ele>
    <time>2023-11-04T11:44:40Z</time>
   </trkpt>
   <trkpt lat="46.3427210" lon="12.8917540">
    <ele>726.3</ele>
    <time>2023-11-04T11:44:41Z</time>
   </trkpt>
   <trkpt lat="46.3427260" lon="12.8917450">
    <ele>726.4</ele>
    <time>2023-11-04T11:44:42Z</time>
   </trkpt>
   <trkpt lat="46.3427300" lon="12.8917360">
    <ele>726.4</ele>
    <time>2023-11-04T11:44:43Z</time>
   </trkpt>
   <trkpt lat="46.3427330" lon="12.8917260">
    <ele>726.4</ele>
    <time>2023-11-04T11:44:44Z</time>
   </trkpt>
   <trkpt lat="46.3427350" lon="12.8917130">
    <ele>726.5</ele>
    <time>2023-11-04T11:44:45Z</time>
   </trkpt>
   <trkpt lat="46.3427370" lon="12.8917000">
    <ele>726.5</ele>
    <time>2023-11-04T11:44:46Z</time>
   </trkpt>
   <trkpt lat="46.3427400" lon="12.8916880">
    <ele>726.6</ele>
    <time>2023-11-04T11:44:47Z</time>
   </trkpt>
   <trkpt lat="46.3427400" lon="12.8916790">
    <ele>726.6</ele>
    <time>2023-11-04T11:44:48Z</time>
   </trkpt>
   <trkpt lat="46.3427390" lon="12.8916730">
    <ele>726.6</ele>
    <time>2023-11-04T11:44:49Z</time>
   </trkpt>
   <trkpt lat="46.3427380" lon="12.8916690">
    <ele>726.7</ele>
    <time>2023-11-04T11:44:50Z</time>
   </trkpt>
   <trkpt lat="46.3427370" lon="12.8916660">
    <ele>726.7</ele>
    <time>2023-11-04T11:44:51Z</time>
   </trkpt>
   <trkpt lat="46.3427360" lon="12.8916630">
    <ele>726.7</ele>
    <time>2023-11-04T11:44:52Z</time>
   </trkpt>
   <trkpt lat="46.3427360" lon="12.8916620">
    <ele>726.7</ele>
    <time>2023-11-04T11:44:53Z</time>
   </trkpt>
   <trkpt lat="46.3427350" lon="12.8916610">
    <ele>726.7</ele>
    <time>2023-11-04T11:44:54Z</time>
   </trkpt>
   <trkpt lat="46.3427320" lon="12.8916590">
    <ele>726.7</ele>
    <time>2023-11-04T11:44:55Z</time>
   </trkpt>
   <trkpt lat="46.3427300" lon="12.8916580">
    <ele>726.7</ele>
    <time>2023-11-04T11:44:56Z</time>
   </trkpt>
   <trkpt lat="46.3427280" lon="12.8916570">
    <ele>726.7</ele>
    <time>2023-11-04T11:44:57Z</time>
   </trkpt>
   <trkpt lat="46.3427260" lon="12.8916560">
    <ele>726.8</ele>
    <time>2023-11-04T11:44:58Z</time>
   </trkpt>
   <trkpt lat="46.3427250" lon="12.8916560">
    <ele>726.8</ele>
    <time>2023-11-04T11:44:59Z</time>
   </trkpt>
   <trkpt lat="46.3427240" lon="12.8916560">
    <ele>726.8</ele>
    <time>2023-11-04T11:45:00Z</time>
   </trkpt>
   <trkpt lat="46.3427230" lon="12.8916560">
    <ele>726.8</ele>
    <time>2023-11-04T11:45:01Z</time>
   </trkpt>
   <trkpt lat="46.3427220" lon="12.8916560">
    <ele>726.8</ele>
    <time>2023-11-04T11:45:02Z</time>
   </trkpt>
   <trkpt lat="46.3427210" lon="12.8916560">
    <ele>726.8</ele>
    <time>2023-11-04T11:45:03Z</time>
   </trkpt>
   <trkpt lat="46.3427210" lon="12.8916560">
    <ele>726.8</ele>
    <time>2023-11-04T11:45:04Z</time>
   </trkpt>
   <trkpt lat="46.3427200" lon="12.8916560">
    <ele>726.8</ele>
    <time>2023-11-04T11:45:05Z</time>
   </trkpt>
   <trkpt lat="46.3427190" lon="12.8916570">
    <ele>726.8</ele>
    <time>2023-11-04T11:45:06Z</time>
   </trkpt>
   <trkpt lat="46.3427230" lon="12.8916580">
    <ele>726.8</ele>
    <time>2023-11-04T11:45:07Z</time>
   </trkpt>
   <trkpt lat="46.3427250" lon="12.8916600">
    <ele>726.8</ele>
    <time>2023-11-04T11:45:08Z</time>
   </trkpt>
   <trkpt lat="46.3427290" lon="12.8916640">
    <ele>726.9</ele>
    <time>2023-11-04T11:45:09Z</time>
   </trkpt>
   <trkpt lat="46.3427250" lon="12.8916570">
    <ele>726.9</ele>
    <time>2023-11-04T11:45:10Z</time>
   </trkpt>
   <trkpt lat="46.3427180" lon="12.8916450">
    <ele>727.0</ele>
    <time>2023-11-04T11:45:11Z</time>
   </trkpt>
   <trkpt lat="46.3426910" lon="12.8916410">
    <ele>727.1</ele>
    <time>2023-11-04T11:45:12Z</time>
   </trkpt>
   <trkpt lat="46.3426640" lon="12.8916370">
    <ele>727.3</ele>
    <time>2023-11-04T11:45:14Z</time>
   </trkpt>
   <trkpt lat="46.3426560" lon="12.8916330">
    <ele>727.4</ele>
    <time>2023-11-04T11:45:16Z</time>
   </trkpt>
   <trkpt lat="46.3426510" lon="12.8916300">
    <ele>727.4</ele>
    <time>2023-11-04T11:45:17Z</time>
   </trkpt>
   <trkpt lat="46.3426500" lon="12.8916280">
    <ele>727.4</ele>
    <time>2023-11-04T11:45:18Z</time>
   </trkpt>
   <trkpt lat="46.3426500" lon="12.8916270">
    <ele>727.4</ele>
    <time>2023-11-04T11:45:19Z</time>
   </trkpt>
   <trkpt lat="46.3426500" lon="12.8916260">
    <ele>727.5</ele>
    <time>2023-11-04T11:45:20Z</time>
   </trkpt>
   <trkpt lat="46.3426510" lon="12.8916260">
    <ele>727.5</ele>
    <time>2023-11-04T11:45:21Z</time>
   </trkpt>
   <trkpt lat="46.3426510" lon="12.8916260">
    <ele>727.5</ele>
    <time>2023-11-04T11:45:22Z</time>
   </trkpt>
   <trkpt lat="46.3426520" lon="12.8916260">
    <ele>727.5</ele>
    <time>2023-11-04T11:45:23Z</time>
   </trkpt>
   <trkpt lat="46.3426520" lon="12.8916260">
    <ele>727.5</ele>
    <time>2023-11-04T11:45:24Z</time>
   </trkpt>
   <trkpt lat="46.3426520" lon="12.8916260">
    <ele>727.5</ele>
    <time>2023-11-04T11:45:25Z</time>
   </trkpt>
   <trkpt lat="46.3426530" lon="12.8916260">
    <ele>727.5</ele>
    <time>2023-11-04T11:45:26Z</time>
   </trkpt>
   <trkpt lat="46.3426500" lon="12.8916270">
    <ele>727.5</ele>
    <time>2023-11-04T11:45:27Z</time>
   </trkpt>
   <trkpt lat="46.3426480" lon="12.8916270">
    <ele>727.5</ele>
    <time>2023-11-04T11:45:28Z</time>
   </trkpt>
   <trkpt lat="46.3426510" lon="12.8916310">
    <ele>727.5</ele>
    <time>2023-11-04T11:45:29Z</time>
   </trkpt>
   <trkpt lat="46.3426490" lon="12.8916330">
    <ele>727.6</ele>
    <time>2023-11-04T11:45:30Z</time>
   </trkpt>
   <trkpt lat="46.3426460" lon="12.8916330">
    <ele>727.6</ele>
    <time>2023-11-04T11:45:32Z</time>
   </trkpt>
   <trkpt lat="46.3426440" lon="12.8916330">
    <ele>727.6</ele>
    <time>2023-11-04T11:45:33Z</time>
   </trkpt>
   <trkpt lat="46.3426440" lon="12.8916330">
    <ele>727.6</ele>
    <time>2023-11-04T11:45:34Z</time>
   </trkpt>
   <trkpt lat="46.3426430" lon="12.8916320">
    <ele>727.6</ele>
    <time>2023-11-04T11:45:35Z</time>
   </trkpt>
   <trkpt lat="46.3426440" lon="12.8916320">
    <ele>727.6</ele>
    <time>2023-11-04T11:45:36Z</time>
   </trkpt>
   <trkpt lat="46.3426440" lon="12.8916320">
    <ele>727.6</ele>
    <time>2023-11-04T11:45:37Z</time>
   </trkpt>
   <trkpt lat="46.3426450" lon="12.8916320">
    <ele>727.6</ele>
    <time>2023-11-04T11:45:38Z</time>
   </trkpt>
   <trkpt lat="46.3426450" lon="12.8916320">
    <ele>727.6</ele>
    <time>2023-11-04T11:45:39Z</time>
   </trkpt>
   <trkpt lat="46.3426450" lon="12.8916320">
    <ele>727.6</ele>
    <time>2023-11-04T11:45:40Z</time>
   </trkpt>
   <trkpt lat="46.3426460" lon="12.8916310">
    <ele>727.6</ele>
    <time>2023-11-04T11:45:41Z</time>
   </trkpt>
   <trkpt lat="46.3426480" lon="12.8916300">
    <ele>727.6</ele>
    <time>2023-11-04T11:45:42Z</time>
   </trkpt>
   <trkpt lat="46.3426490" lon="12.8916290">
    <ele>727.6</ele>
    <time>2023-11-04T11:45:44Z</time>
   </trkpt>
   <trkpt lat="46.3426490" lon="12.8916290">
    <ele>727.6</ele>
    <time>2023-11-04T11:45:45Z</time>
   </trkpt>
   <trkpt lat="46.3426480" lon="12.8916290">
    <ele>727.6</ele>
    <time>2023-11-04T11:45:47Z</time>
   </trkpt>
   <trkpt lat="46.3426480" lon="12.8916290">
    <ele>727.6</ele>
    <time>2023-11-04T11:45:48Z</time>
   </trkpt>
   <trkpt lat="46.3426490" lon="12.8916290">
    <ele>727.7</ele>
    <time>2023-11-04T11:45:49Z</time>
   </trkpt>
   <trkpt lat="46.3426480" lon="12.8916290">
    <ele>727.7</ele>
    <time>2023-11-04T11:45:51Z</time>
   </trkpt>
   <trkpt lat="46.3426480" lon="12.8916290">
    <ele>727.7</ele>
    <time>2023-11-04T11:45:52Z</time>
   </trkpt>
   <trkpt lat="46.3426480" lon="12.8916290">
    <ele>727.7</ele>
    <time>2023-11-04T11:45:54Z</time>
   </trkpt>
   <trkpt lat="46.3426480" lon="12.8916290">
    <ele>727.7</ele>
    <time>2023-11-04T11:45:55Z</time>
   </trkpt>
   <trkpt lat="46.3426480" lon="12.8916290">
    <ele>727.7</ele>
    <time>2023-11-04T11:45:56Z</time>
   </trkpt>
   <trkpt lat="46.3426490" lon="12.8916290">
    <ele>727.7</ele>
    <time>2023-11-04T11:45:58Z</time>
   </trkpt>
   <trkpt lat="46.3426480" lon="12.8916290">
    <ele>727.7</ele>
    <time>2023-11-04T11:45:59Z</time>
   </trkpt>
   <trkpt lat="46.3426530" lon="12.8916310">
    <ele>727.7</ele>
    <time>2023-11-04T11:46:00Z</time>
   </trkpt>
   <trkpt lat="46.3426550" lon="12.8916320">
    <ele>727.7</ele>
    <time>2023-11-04T11:46:02Z</time>
   </trkpt>
   <trkpt lat="46.3426540" lon="12.8916330">
    <ele>727.7</ele>
    <time>2023-11-04T11:46:03Z</time>
   </trkpt>
   <trkpt lat="46.3426530" lon="12.8916330">
    <ele>727.7</ele>
    <time>2023-11-04T11:46:05Z</time>
   </trkpt>
   <trkpt lat="46.3426530" lon="12.8916320">
    <ele>727.7</ele>
    <time>2023-11-04T11:46:06Z</time>
   </trkpt>
   <trkpt lat="46.3426520" lon="12.8916340">
    <ele>727.8</ele>
    <time>2023-11-04T11:46:07Z</time>
   </trkpt>
   <trkpt lat="46.3426510" lon="12.8916340">
    <ele>727.8</ele>
    <time>2023-11-04T11:46:08Z</time>
   </trkpt>
   <trkpt lat="46.3426510" lon="12.8916340">
    <ele>727.8</ele>
    <time>2023-11-04T11:46:09Z</time>
   </trkpt>
   <trkpt lat="46.3426510" lon="12.8916340">
    <ele>727.8</ele>
    <time>2023-11-04T11:46:10Z</time>
   </trkpt>
   <trkpt lat="46.3426500" lon="12.8916340">
    <ele>727.8</ele>
    <time>2023-11-04T11:46:11Z</time>
   </trkpt>
   <trkpt lat="46.3426500" lon="12.8916340">
    <ele>727.8</ele>
    <time>2023-11-04T11:46:12Z</time>
   </trkpt>
   <trkpt lat="46.3426500" lon="12.8916340">
    <ele>727.8</ele>
    <time>2023-11-04T11:46:13Z</time>
   </trkpt>
   <trkpt lat="46.3426500" lon="12.8916340">
    <ele>727.8</ele>
    <time>2023-11-04T11:46:14Z</time>
   </trkpt>
   <trkpt lat="46.3426500" lon="12.8916340">
    <ele>727.8</ele>
    <time>2023-11-04T11:46:15Z</time>
   </trkpt>
   <trkpt lat="46.3426500" lon="12.8916340">
    <ele>727.8</ele>
    <time>2023-11-04T11:46:16Z</time>
   </trkpt>
   <trkpt lat="46.3426500" lon="12.8916340">
    <ele>727.8</ele>
    <time>2023-11-04T11:46:17Z</time>
   </trkpt>
   <trkpt lat="46.3426500" lon="12.8916340">
    <ele>727.8</ele>
    <time>2023-11-04T11:46:19Z</time>
   </trkpt>
   <trkpt lat="46.3426500" lon="12.8916340">
    <ele>727.8</ele>
    <time>2023-11-04T11:46:20Z</time>
   </trkpt>
   <trkpt lat="46.3426500" lon="12.8916340">
    <ele>727.8</ele>
    <time>2023-11-04T11:46:21Z</time>
   </trkpt>
   <trkpt lat="46.3426520" lon="12.8916340">
    <ele>727.8</ele>
    <time>2023-11-04T11:46:22Z</time>
   </trkpt>
   <trkpt lat="46.3426550" lon="12.8916340">
    <ele>727.8</ele>
    <time>2023-11-04T11:46:23Z</time>
   </trkpt>
   <trkpt lat="46.3426560" lon="12.8916340">
    <ele>727.8</ele>
    <time>2023-11-04T11:46:24Z</time>
   </trkpt>
   <trkpt lat="46.3426560" lon="12.8916340">
    <ele>727.8</ele>
    <time>2023-11-04T11:46:25Z</time>
   </trkpt>
   <trkpt lat="46.3426560" lon="12.8916340">
    <ele>727.8</ele>
    <time>2023-11-04T11:46:26Z</time>
   </trkpt>
   <trkpt lat="46.3426580" lon="12.8916360">
    <ele>727.8</ele>
    <time>2023-11-04T11:46:27Z</time>
   </trkpt>
   <trkpt lat="46.3426600" lon="12.8916380">
    <ele>727.9</ele>
    <time>2023-11-04T11:46:28Z</time>
   </trkpt>
   <trkpt lat="46.3426620" lon="12.8916410">
    <ele>727.9</ele>
    <time>2023-11-04T11:46:29Z</time>
   </trkpt>
   <trkpt lat="46.3426620" lon="12.8916440">
    <ele>727.9</ele>
    <time>2023-11-04T11:46:30Z</time>
   </trkpt>
   <trkpt lat="46.3426610" lon="12.8916480">
    <ele>727.9</ele>
    <time>2023-11-04T11:46:31Z</time>
   </trkpt>
   <trkpt lat="46.3426600" lon="12.8916500">
    <ele>728.0</ele>
    <time>2023-11-04T11:46:32Z</time>
   </trkpt>
   <trkpt lat="46.3426590" lon="12.8916510">
    <ele>728.0</ele>
    <time>2023-11-04T11:46:33Z</time>
   </trkpt>
   <trkpt lat="46.3426580" lon="12.8916510">
    <ele>728.0</ele>
    <time>2023-11-04T11:46:34Z</time>
   </trkpt>
   <trkpt lat="46.3426570" lon="12.8916500">
    <ele>728.0</ele>
    <time>2023-11-04T11:46:35Z</time>
   </trkpt>
   <trkpt lat="46.3426570" lon="12.8916510">
    <ele>728.0</ele>
    <time>2023-11-04T11:46:37Z</time>
   </trkpt>
   <trkpt lat="46.3426570" lon="12.8916500">
    <ele>728.0</ele>
    <time>2023-11-04T11:46:38Z</time>
   </trkpt>
   <trkpt lat="46.3426570" lon="12.8916500">
    <ele>728.0</ele>
    <time>2023-11-04T11:46:40Z</time>
   </trkpt>
   <trkpt lat="46.3426570" lon="12.8916500">
    <ele>728.0</ele>
    <time>2023-11-04T11:46:41Z</time>
   </trkpt>
   <trkpt lat="46.3426570" lon="12.8916500">
    <ele>728.0</ele>
    <time>2023-11-04T11:46:42Z</time>
   </trkpt>
   <trkpt lat="46.3426570" lon="12.8916490">
    <ele>728.0</ele>
    <time>2023-11-04T11:46:43Z</time>
   </trkpt>
   <trkpt lat="46.3426570" lon="12.8916490">
    <ele>728.0</ele>
    <time>2023-11-04T11:46:45Z</time>
   </trkpt>
   <trkpt lat="46.3426570" lon="12.8916490">
    <ele>728.0</ele>
    <time>2023-11-04T11:46:46Z</time>
   </trkpt>
   <trkpt lat="46.3426570" lon="12.8916490">
    <ele>728.0</ele>
    <time>2023-11-04T11:46:48Z</time>
   </trkpt>
   <trkpt lat="46.3426570" lon="12.8916490">
    <ele>728.0</ele>
    <time>2023-11-04T11:46:49Z</time>
   </trkpt>
   <trkpt lat="46.3426570" lon="12.8916490">
    <ele>728.0</ele>
    <time>2023-11-04T11:46:50Z</time>
   </trkpt>
   <trkpt lat="46.3426570" lon="12.8916570">
    <ele>728.0</ele>
    <time>2023-11-04T11:46:51Z</time>
   </trkpt>
   <trkpt lat="46.3426570" lon="12.8916610">
    <ele>728.1</ele>
    <time>2023-11-04T11:46:53Z</time>
   </trkpt>
   <trkpt lat="46.3426560" lon="12.8916620">
    <ele>728.1</ele>
    <time>2023-11-04T11:46:55Z</time>
   </trkpt>
   <trkpt lat="46.3426500" lon="12.8916560">
    <ele>728.1</ele>
    <time>2023-11-04T11:46:57Z</time>
   </trkpt>
   <trkpt lat="46.3426480" lon="12.8916530">
    <ele>728.2</ele>
    <time>2023-11-04T11:46:58Z</time>
   </trkpt>
   <trkpt lat="46.3426470" lon="12.8916510">
    <ele>728.2</ele>
    <time>2023-11-04T11:46:59Z</time>
   </trkpt>
   <trkpt lat="46.3426470" lon="12.8916500">
    <ele>728.2</ele>
    <time>2023-11-04T11:47:01Z</time>
   </trkpt>
   <trkpt lat="46.3426460" lon="12.8916480">
    <ele>728.2</ele>
    <time>2023-11-04T11:47:02Z</time>
   </trkpt>
   <trkpt lat="46.3426390" lon="12.8916500">
    <ele>728.3</ele>
    <time>2023-11-04T11:47:03Z</time>
   </trkpt>
   <trkpt lat="46.3426340" lon="12.8916510">
    <ele>728.3</ele>
    <time>2023-11-04T11:47:04Z</time>
   </trkpt>
   <trkpt lat="46.3426320" lon="12.8916520">
    <ele>728.3</ele>
    <time>2023-11-04T11:47:06Z</time>
   </trkpt>
   <trkpt lat="46.3426300" lon="12.8916530">
    <ele>728.3</ele>
    <time>2023-11-04T11:47:07Z</time>
   </trkpt>
   <trkpt lat="46.3426290" lon="12.8916530">
    <ele>728.4</ele>
    <time>2023-11-04T11:47:08Z</time>
   </trkpt>
   <trkpt lat="46.3426270" lon="12.8916510">
    <ele>728.4</ele>
    <time>2023-11-04T11:47:10Z</time>
   </trkpt>
   <trkpt lat="46.3426250" lon="12.8916490">
    <ele>728.4</ele>
    <time>2023-11-04T11:47:11Z</time>
   </trkpt>
   <trkpt lat="46.3426240" lon="12.8916470">
    <ele>728.4</ele>
    <time>2023-11-04T11:47:12Z</time>
   </trkpt>
   <trkpt lat="46.3426210" lon="12.8916440">
    <ele>728.4</ele>
    <time>2023-11-04T11:47:13Z</time>
   </trkpt>
   <trkpt lat="46.3426190" lon="12.8916410">
    <ele>728.5</ele>
    <time>2023-11-04T11:47:14Z</time>
   </trkpt>
   <trkpt lat="46.3426180" lon="12.8916390">
    <ele>728.5</ele>
    <time>2023-11-04T11:47:15Z</time>
   </trkpt>
   <trkpt lat="46.3426170" lon="12.8916390">
    <ele>728.5</ele>
    <time>2023-11-04T11:47:16Z</time>
   </trkpt>
   <trkpt lat="46.3426170" lon="12.8916380">
    <ele>728.5</ele>
    <time>2023-11-04T11:47:17Z</time>
   </trkpt>
   <trkpt lat="46.3426180" lon="12.8916390">
    <ele>728.5</ele>
    <time>2023-11-04T11:47:18Z</time>
   </trkpt>
   <trkpt lat="46.3426210" lon="12.8916400">
    <ele>728.5</ele>
    <time>2023-11-04T11:47:19Z</time>
   </trkpt>
   <trkpt lat="46.3426220" lon="12.8916410">
    <ele>728.6</ele>
    <time>2023-11-04T11:47:21Z</time>
   </trkpt>
   <trkpt lat="46.3426220" lon="12.8916410">
    <ele>728.6</ele>
    <time>2023-11-04T11:47:22Z</time>
   </trkpt>
   <trkpt lat="46.3426230" lon="12.8916410">
    <ele>728.6</ele>
    <time>2023-11-04T11:47:23Z</time>
   </trkpt>
   <trkpt lat="46.3426230" lon="12.8916420">
    <ele>728.6</ele>
    <time>2023-11-04T11:47:24Z</time>
   </trkpt>
   <trkpt lat="46.3426240" lon="12.8916420">
    <ele>728.6</ele>
    <time>2023-11-04T11:47:25Z</time>
   </trkpt>
   <trkpt lat="46.3426240" lon="12.8916420">
    <ele>728.6</ele>
    <time>2023-11-04T11:47:26Z</time>
   </trkpt>
   <trkpt lat="46.3426240" lon="12.8916420">
    <ele>728.6</ele>
    <time>2023-11-04T11:47:27Z</time>
   </trkpt>
   <trkpt lat="46.3426240" lon="12.8916420">
    <ele>728.6</ele>
    <time>2023-11-04T11:47:28Z</time>
   </trkpt>
   <trkpt lat="46.3426360" lon="12.8916570">
    <ele>728.7</ele>
    <time>2023-11-04T11:47:29Z</time>
   </trkpt>
   <trkpt lat="46.3426400" lon="12.8916560">
    <ele>728.7</ele>
    <time>2023-11-04T11:47:30Z</time>
   </trkpt>
   <trkpt lat="46.3426440" lon="12.8916490">
    <ele>728.8</ele>
    <time>2023-11-04T11:47:31Z</time>
   </trkpt>
   <trkpt lat="46.3426450" lon="12.8916400">
    <ele>728.9</ele>
    <time>2023-11-04T11:47:32Z</time>
   </trkpt>
   <trkpt lat="46.3426450" lon="12.8916320">
    <ele>728.9</ele>
    <time>2023-11-04T11:47:33Z</time>
   </trkpt>
   <trkpt lat="46.3426390" lon="12.8916240">
    <ele>729.0</ele>
    <time>2023-11-04T11:47:35Z</time>
   </trkpt>
   <trkpt lat="46.3426390" lon="12.8916230">
    <ele>729.0</ele>
    <time>2023-11-04T11:47:36Z</time>
   </trkpt>
   <trkpt lat="46.3426400" lon="12.8916210">
    <ele>729.0</ele>
    <time>2023-11-04T11:47:37Z</time>
   </trkpt>
   <trkpt lat="46.3426400" lon="12.8916210">
    <ele>729.0</ele>
    <time>2023-11-04T11:47:38Z</time>
   </trkpt>
   <trkpt lat="46.3426380" lon="12.8916240">
    <ele>729.1</ele>
    <time>2023-11-04T11:47:40Z</time>
   </trkpt>
   <trkpt lat="46.3426370" lon="12.8916270">
    <ele>729.1</ele>
    <time>2023-11-04T11:47:41Z</time>
   </trkpt>
   <trkpt lat="46.3426360" lon="12.8916290">
    <ele>729.1</ele>
    <time>2023-11-04T11:47:43Z</time>
   </trkpt>
   <trkpt lat="46.3426360" lon="12.8916300">
    <ele>729.1</ele>
    <time>2023-11-04T11:47:44Z</time>
   </trkpt>
   <trkpt lat="46.3426350" lon="12.8916320">
    <ele>729.1</ele>
    <time>2023-11-04T11:47:45Z</time>
   </trkpt>
   <trkpt lat="46.3426350" lon="12.8916320">
    <ele>729.1</ele>
    <time>2023-11-04T11:47:46Z</time>
   </trkpt>
   <trkpt lat="46.3426340" lon="12.8916330">
    <ele>729.1</ele>
    <time>2023-11-04T11:47:47Z</time>
   </trkpt>
   <trkpt lat="46.3426340" lon="12.8916330">
    <ele>729.1</ele>
    <time>2023-11-04T11:47:48Z</time>
   </trkpt>
   <trkpt lat="46.3426320" lon="12.8916230">
    <ele>729.2</ele>
    <time>2023-11-04T11:47:49Z</time>
   </trkpt>
   <trkpt lat="46.3426300" lon="12.8916220">
    <ele>729.2</ele>
    <time>2023-11-04T11:47:50Z</time>
   </trkpt>
   <trkpt lat="46.3426290" lon="12.8916230">
    <ele>729.2</ele>
    <time>2023-11-04T11:47:52Z</time>
   </trkpt>
   <trkpt lat="46.3426290" lon="12.8916250">
    <ele>729.2</ele>
    <time>2023-11-04T11:47:53Z</time>
   </trkpt>
   <trkpt lat="46.3426280" lon="12.8916270">
    <ele>729.3</ele>
    <time>2023-11-04T11:47:54Z</time>
   </trkpt>
   <trkpt lat="46.3426280" lon="12.8916310">
    <ele>729.3</ele>
    <time>2023-11-04T11:47:55Z</time>
   </trkpt>
   <trkpt lat="46.3426280" lon="12.8916330">
    <ele>729.3</ele>
    <time>2023-11-04T11:47:57Z</time>
   </trkpt>
   <trkpt lat="46.3426290" lon="12.8916350">
    <ele>729.3</ele>
    <time>2023-11-04T11:47:58Z</time>
   </trkpt>
   <trkpt lat="46.3426290" lon="12.8916360">
    <ele>729.3</ele>
    <time>2023-11-04T11:47:59Z</time>
   </trkpt>
   <trkpt lat="46.3426370" lon="12.8916300">
    <ele>729.4</ele>
    <time>2023-11-04T11:48:00Z</time>
   </trkpt>
   <trkpt lat="46.3426410" lon="12.8916270">
    <ele>729.5</ele>
    <time>2023-11-04T11:48:01Z</time>
   </trkpt>
   <trkpt lat="46.3426450" lon="12.8916230">
    <ele>729.5</ele>
    <time>2023-11-04T11:48:02Z</time>
   </trkpt>
   <trkpt lat="46.3426500" lon="12.8916170">
    <ele>729.6</ele>
    <time>2023-11-04T11:48:03Z</time>
   </trkpt>
   <trkpt lat="46.3426570" lon="12.8916090">
    <ele>729.7</ele>
    <time>2023-11-04T11:48:04Z</time>
   </trkpt>
   <trkpt lat="46.3426580" lon="12.8916070">
    <ele>729.7</ele>
    <time>2023-11-04T11:48:06Z</time>
   </trkpt>
   <trkpt lat="46.3426600" lon="12.8916050">
    <ele>729.7</ele>
    <time>2023-11-04T11:48:07Z</time>
   </trkpt>
   <trkpt lat="46.3426610" lon="12.8916040">
    <ele>729.7</ele>
    <time>2023-11-04T11:48:08Z</time>
   </trkpt>
   <trkpt lat="46.3426630" lon="12.8916020">
    <ele>729.7</ele>
    <time>2023-11-04T11:48:09Z</time>
   </trkpt>
   <trkpt lat="46.3426640" lon="12.8916000">
    <ele>729.8</ele>
    <time>2023-11-04T11:48:11Z</time>
   </trkpt>
   <trkpt lat="46.3426650" lon="12.8915980">
    <ele>729.8</ele>
    <time>2023-11-04T11:48:13Z</time>
   </trkpt>
   <trkpt lat="46.3426670" lon="12.8915960">
    <ele>729.8</ele>
    <time>2023-11-04T11:48:14Z</time>
   </trkpt>
   <trkpt lat="46.3426680" lon="12.8915940">
    <ele>729.8</ele>
    <time>2023-11-04T11:48:15Z</time>
   </trkpt>
   <trkpt lat="46.3426700" lon="12.8915920">
    <ele>729.8</ele>
    <time>2023-11-04T11:48:16Z</time>
   </trkpt>
   <trkpt lat="46.3426710" lon="12.8915900">
    <ele>729.9</ele>
    <time>2023-11-04T11:48:17Z</time>
   </trkpt>
   <trkpt lat="46.3426720" lon="12.8915880">
    <ele>729.9</ele>
    <time>2023-11-04T11:48:19Z</time>
   </trkpt>
   <trkpt lat="46.3426740" lon="12.8915860">
    <ele>729.9</ele>
    <time>2023-11-04T11:48:20Z</time>
   </trkpt>
   <trkpt lat="46.3426750" lon="12.8915840">
    <ele>729.9</ele>
    <time>2023-11-04T11:48:22Z</time>
   </trkpt>
   <trkpt lat="46.3426760" lon="12.8915820">
    <ele>729.9</ele>
    <time>2023-11-04T11:48:23Z</time>
   </trkpt>
   <trkpt lat="46.3426780" lon="12.8915800">
    <ele>730.0</ele>
    <time>2023-11-04T11:48:24Z</time>
   </trkpt>
   <trkpt lat="46.3426910" lon="12.8915750">
    <ele>730.1</ele>
    <time>2023-11-04T11:48:25Z</time>
   </trkpt>
   <trkpt lat="46.3427000" lon="12.8915730">
    <ele>730.2</ele>
    <time>2023-11-04T11:48:26Z</time>
   </trkpt>
   <trkpt lat="46.3427080" lon="12.8915700">
    <ele>730.3</ele>
    <time>2023-11-04T11:48:27Z</time>
   </trkpt>
   <trkpt lat="46.3427160" lon="12.8915650">
    <ele>730.3</ele>
    <time>2023-11-04T11:48:28Z</time>
   </trkpt>
   <trkpt lat="46.3427210" lon="12.8915580">
    <ele>730.4</ele>
    <time>2023-11-04T11:48:29Z</time>
   </trkpt>
   <trkpt lat="46.3427250" lon="12.8915530">
    <ele>730.5</ele>
    <time>2023-11-04T11:48:30Z</time>
   </trkpt>
   <trkpt lat="46.3427220" lon="12.8915480">
    <ele>730.5</ele>
    <time>2023-11-04T11:48:31Z</time>
   </trkpt>
   <trkpt lat="46.3427180" lon="12.8915430">
    <ele>730.6</ele>
    <time>2023-11-04T11:48:32Z</time>
   </trkpt>
   <trkpt lat="46.3427120" lon="12.8915390">
    <ele>730.6</ele>
    <time>2023-11-04T11:48:33Z</time>
   </trkpt>
   <trkpt lat="46.3427030" lon="12.8915350">
    <ele>730.7</ele>
    <time>2023-11-04T11:48:34Z</time>
   </trkpt>
   <trkpt lat="46.3426940" lon="12.8915310">
    <ele>730.8</ele>
    <time>2023-11-04T11:48:35Z</time>
   </trkpt>
   <trkpt lat="46.3426890" lon="12.8915230">
    <ele>730.9</ele>
    <time>2023-11-04T11:48:36Z</time>
   </trkpt>
   <trkpt lat="46.3426870" lon="12.8915130">
    <ele>731.0</ele>
    <time>2023-11-04T11:48:37Z</time>
   </trkpt>
   <trkpt lat="46.3426830" lon="12.8915060">
    <ele>731.0</ele>
    <time>2023-11-04T11:48:38Z</time>
   </trkpt>
   <trkpt lat="46.3426780" lon="12.8915030">
    <ele>731.1</ele>
    <time>2023-11-04T11:48:39Z</time>
   </trkpt>
   <trkpt lat="46.3426700" lon="12.8914990">
    <ele>731.2</ele>
    <time>2023-11-04T11:48:40Z</time>
   </trkpt>
   <trkpt lat="46.3426610" lon="12.8914950">
    <ele>731.2</ele>
    <time>2023-11-04T11:48:41Z</time>
   </trkpt>
   <trkpt lat="46.3426520" lon="12.8914940">
    <ele>731.3</ele>
    <time>2023-11-04T11:48:42Z</time>
   </trkpt>
   <trkpt lat="46.3426420" lon="12.8914940">
    <ele>731.4</ele>
    <time>2023-11-04T11:48:43Z</time>
   </trkpt>
   <trkpt lat="46.3426320" lon="12.8914970">
    <ele>731.5</ele>
    <time>2023-11-04T11:48:44Z</time>
   </trkpt>
   <trkpt lat="46.3426210" lon="12.8914990">
    <ele>731.6</ele>
    <time>2023-11-04T11:48:45Z</time>
   </trkpt>
   <trkpt lat="46.3426090" lon="12.8915020">
    <ele>731.8</ele>
    <time>2023-11-04T11:48:46Z</time>
   </trkpt>
   <trkpt lat="46.3425980" lon="12.8915050">
    <ele>731.9</ele>
    <time>2023-11-04T11:48:47Z</time>
   </trkpt>
   <trkpt lat="46.3425870" lon="12.8915100">
    <ele>732.0</ele>
    <time>2023-11-04T11:48:48Z</time>
   </trkpt>
   <trkpt lat="46.3425770" lon="12.8915140">
    <ele>732.1</ele>
    <time>2023-11-04T11:48:49Z</time>
   </trkpt>
   <trkpt lat="46.3425680" lon="12.8915160">
    <ele>732.2</ele>
    <time>2023-11-04T11:48:50Z</time>
   </trkpt>
   <trkpt lat="46.3425600" lon="12.8915130">
    <ele>732.3</ele>
    <time>2023-11-04T11:48:51Z</time>
   </trkpt>
   <trkpt lat="46.3425530" lon="12.8915050">
    <ele>732.3</ele>
    <time>2023-11-04T11:48:52Z</time>
   </trkpt>
   <trkpt lat="46.3425470" lon="12.8914990">
    <ele>732.4</ele>
    <time>2023-11-04T11:48:53Z</time>
   </trkpt>
   <trkpt lat="46.3425390" lon="12.8914950">
    <ele>732.5</ele>
    <time>2023-11-04T11:48:54Z</time>
   </trkpt>
   <trkpt lat="46.3425300" lon="12.8914950">
    <ele>732.6</ele>
    <time>2023-11-04T11:48:55Z</time>
   </trkpt>
   <trkpt lat="46.3425220" lon="12.8914940">
    <ele>732.7</ele>
    <time>2023-11-04T11:48:56Z</time>
   </trkpt>
   <trkpt lat="46.3425120" lon="12.8914970">
    <ele>732.8</ele>
    <time>2023-11-04T11:48:57Z</time>
   </trkpt>
   <trkpt lat="46.3425020" lon="12.8915000">
    <ele>732.9</ele>
    <time>2023-11-04T11:48:58Z</time>
   </trkpt>
   <trkpt lat="46.3424940" lon="12.8915010">
    <ele>733.0</ele>
    <time>2023-11-04T11:48:59Z</time>
   </trkpt>
   <trkpt lat="46.3424840" lon="12.8915030">
    <ele>733.1</ele>
    <time>2023-11-04T11:49:00Z</time>
   </trkpt>
   <trkpt lat="46.3424740" lon="12.8915050">
    <ele>733.1</ele>
    <time>2023-11-04T11:49:01Z</time>
   </trkpt>
   <trkpt lat="46.3424650" lon="12.8915090">
    <ele>733.2</ele>
    <time>2023-11-04T11:49:02Z</time>
   </trkpt>
   <trkpt lat="46.3424550" lon="12.8915110">
    <ele>733.3</ele>
    <time>2023-11-04T11:49:03Z</time>
   </trkpt>
   <trkpt lat="46.3424440" lon="12.8915170">
    <ele>733.5</ele>
    <time>2023-11-04T11:49:04Z</time>
   </trkpt>
   <trkpt lat="46.3424340" lon="12.8915230">
    <ele>733.6</ele>
    <time>2023-11-04T11:49:05Z</time>
   </trkpt>
   <trkpt lat="46.3424240" lon="12.8915310">
    <ele>733.7</ele>
    <time>2023-11-04T11:49:06Z</time>
   </trkpt>
   <trkpt lat="46.3424150" lon="12.8915400">
    <ele>733.8</ele>
    <time>2023-11-04T11:49:07Z</time>
   </trkpt>
   <trkpt lat="46.3424060" lon="12.8915500">
    <ele>733.9</ele>
    <time>2023-11-04T11:49:08Z</time>
   </trkpt>
   <trkpt lat="46.3423970" lon="12.8915580">
    <ele>734.0</ele>
    <time>2023-11-04T11:49:09Z</time>
   </trkpt>
   <trkpt lat="46.3423890" lon="12.8915660">
    <ele>734.1</ele>
    <time>2023-11-04T11:49:10Z</time>
   </trkpt>
   <trkpt lat="46.3423820" lon="12.8915730">
    <ele>734.2</ele>
    <time>2023-11-04T11:49:11Z</time>
   </trkpt>
   <trkpt lat="46.3423800" lon="12.8915780">
    <ele>734.2</ele>
    <time>2023-11-04T11:49:12Z</time>
   </trkpt>
   <trkpt lat="46.3423810" lon="12.8915830">
    <ele>734.3</ele>
    <time>2023-11-04T11:49:13Z</time>
   </trkpt>
   <trkpt lat="46.3423810" lon="12.8915860">
    <ele>734.3</ele>
    <time>2023-11-04T11:49:14Z</time>
   </trkpt>
   <trkpt lat="46.3423820" lon="12.8915890">
    <ele>734.3</ele>
    <time>2023-11-04T11:49:15Z</time>
   </trkpt>
   <trkpt lat="46.3423820" lon="12.8915900">
    <ele>734.3</ele>
    <time>2023-11-04T11:49:16Z</time>
   </trkpt>
   <trkpt lat="46.3423830" lon="12.8915910">
    <ele>734.3</ele>
    <time>2023-11-04T11:49:17Z</time>
   </trkpt>
   <trkpt lat="46.3423810" lon="12.8915920">
    <ele>734.3</ele>
    <time>2023-11-04T11:49:18Z</time>
   </trkpt>
   <trkpt lat="46.3423770" lon="12.8915970">
    <ele>734.4</ele>
    <time>2023-11-04T11:49:19Z</time>
   </trkpt>
   <trkpt lat="46.3423720" lon="12.8916020">
    <ele>734.5</ele>
    <time>2023-11-04T11:49:20Z</time>
   </trkpt>
   <trkpt lat="46.3423710" lon="12.8916020">
    <ele>734.5</ele>
    <time>2023-11-04T11:49:21Z</time>
   </trkpt>
   <trkpt lat="46.3423760" lon="12.8916010">
    <ele>734.5</ele>
    <time>2023-11-04T11:49:22Z</time>
   </trkpt>
   <trkpt lat="46.3423770" lon="12.8916000">
    <ele>734.5</ele>
    <time>2023-11-04T11:49:23Z</time>
   </trkpt>
   <trkpt lat="46.3423770" lon="12.8915990">
    <ele>734.5</ele>
    <time>2023-11-04T11:49:24Z</time>
   </trkpt>
   <trkpt lat="46.3423770" lon="12.8915990">
    <ele>734.5</ele>
    <time>2023-11-04T11:49:25Z</time>
   </trkpt>
   <trkpt lat="46.3423770" lon="12.8915980">
    <ele>734.5</ele>
    <time>2023-11-04T11:49:26Z</time>
   </trkpt>
   <trkpt lat="46.3423820" lon="12.8915980">
    <ele>734.6</ele>
    <time>2023-11-04T11:49:28Z</time>
   </trkpt>
   <trkpt lat="46.3423840" lon="12.8916000">
    <ele>734.6</ele>
    <time>2023-11-04T11:49:29Z</time>
   </trkpt>
   <trkpt lat="46.3423870" lon="12.8916020">
    <ele>734.7</ele>
    <time>2023-11-04T11:49:31Z</time>
   </trkpt>
   <trkpt lat="46.3423880" lon="12.8916050">
    <ele>734.7</ele>
    <time>2023-11-04T11:49:32Z</time>
   </trkpt>
   <trkpt lat="46.3423860" lon="12.8916080">
    <ele>734.7</ele>
    <time>2023-11-04T11:49:33Z</time>
   </trkpt>
   <trkpt lat="46.3423870" lon="12.8916040">
    <ele>734.7</ele>
    <time>2023-11-04T11:49:35Z</time>
   </trkpt>
   <trkpt lat="46.3423880" lon="12.8916010">
    <ele>734.8</ele>
    <time>2023-11-04T11:49:37Z</time>
   </trkpt>
   <trkpt lat="46.3423880" lon="12.8915980">
    <ele>734.8</ele>
    <time>2023-11-04T11:49:38Z</time>
   </trkpt>
   <trkpt lat="46.3423890" lon="12.8915960">
    <ele>734.8</ele>
    <time>2023-11-04T11:49:39Z</time>
   </trkpt>
   <trkpt lat="46.3423890" lon="12.8915940">
    <ele>734.8</ele>
    <time>2023-11-04T11:49:40Z</time>
   </trkpt>
   <trkpt lat="46.3423900" lon="12.8915920">
    <ele>734.8</ele>
    <time>2023-11-04T11:49:41Z</time>
   </trkpt>
   <trkpt lat="46.3423900" lon="12.8915920">
    <ele>734.8</ele>
    <time>2023-11-04T11:49:42Z</time>
   </trkpt>
   <trkpt lat="46.3423900" lon="12.8915910">
    <ele>734.8</ele>
    <time>2023-11-04T11:49:43Z</time>
   </trkpt>
   <trkpt lat="46.3423870" lon="12.8915880">
    <ele>734.9</ele>
    <time>2023-11-04T11:49:44Z</time>
   </trkpt>
   <trkpt lat="46.3423840" lon="12.8915910">
    <ele>734.9</ele>
    <time>2023-11-04T11:49:45Z</time>
   </trkpt>
   <trkpt lat="46.3423810" lon="12.8915940">
    <ele>735.0</ele>
    <time>2023-11-04T11:49:46Z</time>
   </trkpt>
   <trkpt lat="46.3423800" lon="12.8915970">
    <ele>735.0</ele>
    <time>2023-11-04T11:49:47Z</time>
   </trkpt>
   <trkpt lat="46.3423800" lon="12.8915990">
    <ele>735.0</ele>
    <time>2023-11-04T11:49:48Z</time>
   </trkpt>
   <trkpt lat="46.3423800" lon="12.8916050">
    <ele>735.0</ele>
    <time>2023-11-04T11:49:49Z</time>
   </trkpt>
   <trkpt lat="46.3423780" lon="12.8916110">
    <ele>735.1</ele>
    <time>2023-11-04T11:49:50Z</time>
   </trkpt>
   <trkpt lat="46.3423720" lon="12.8916210">
    <ele>735.2</ele>
    <time>2023-11-04T11:49:51Z</time>
   </trkpt>
   <trkpt lat="46.3423740" lon="12.8916180">
    <ele>735.2</ele>
    <time>2023-11-04T11:49:53Z</time>
   </trkpt>
   <trkpt lat="46.3423750" lon="12.8916140">
    <ele>735.2</ele>
    <time>2023-11-04T11:49:54Z</time>
   </trkpt>
   <trkpt lat="46.3423760" lon="12.8916110">
    <ele>735.3</ele>
    <time>2023-11-04T11:49:56Z</time>
   </trkpt>
   <trkpt lat="46.3423750" lon="12.8916090">
    <ele>735.3</ele>
    <time>2023-11-04T11:49:57Z</time>
   </trkpt>
   <trkpt lat="46.3423750" lon="12.8916070">
    <ele>735.3</ele>
    <time>2023-11-04T11:49:58Z</time>
   </trkpt>
   <trkpt lat="46.3423720" lon="12.8916060">
    <ele>735.3</ele>
    <time>2023-11-04T11:49:59Z</time>
   </trkpt>
   <trkpt lat="46.3423710" lon="12.8916070">
    <ele>735.3</ele>
    <time>2023-11-04T11:50:01Z</time>
   </trkpt>
   <trkpt lat="46.3423700" lon="12.8916070">
    <ele>735.4</ele>
    <time>2023-11-04T11:50:02Z</time>
   </trkpt>
   <trkpt lat="46.3423700" lon="12.8916080">
    <ele>735.4</ele>
    <time>2023-11-04T11:50:03Z</time>
   </trkpt>
   <trkpt lat="46.3423690" lon="12.8916080">
    <ele>735.4</ele>
    <time>2023-11-04T11:50:04Z</time>
   </trkpt>
   <trkpt lat="46.3423680" lon="12.8916090">
    <ele>735.4</ele>
    <time>2023-11-04T11:50:05Z</time>
   </trkpt>
   <trkpt lat="46.3423690" lon="12.8916150">
    <ele>735.4</ele>
    <time>2023-11-04T11:50:07Z</time>
   </trkpt>
   <trkpt lat="46.3423690" lon="12.8916200">
    <ele>735.5</ele>
    <time>2023-11-04T11:50:09Z</time>
   </trkpt>
   <trkpt lat="46.3423670" lon="12.8916190">
    <ele>735.5</ele>
    <time>2023-11-04T11:50:11Z</time>
   </trkpt>
   <trkpt lat="46.3423660" lon="12.8916180">
    <ele>735.5</ele>
    <time>2023-11-04T11:50:12Z</time>
   </trkpt>
   <trkpt lat="46.3423670" lon="12.8916110">
    <ele>735.5</ele>
    <time>2023-11-04T11:50:13Z</time>
   </trkpt>
   <trkpt lat="46.3423660" lon="12.8916030">
    <ele>735.6</ele>
    <time>2023-11-04T11:50:14Z</time>
   </trkpt>
   <trkpt lat="46.3423660" lon="12.8915970">
    <ele>735.6</ele>
    <time>2023-11-04T11:50:16Z</time>
   </trkpt>
   <trkpt lat="46.3423620" lon="12.8915970">
    <ele>735.7</ele>
    <time>2023-11-04T11:50:17Z</time>
   </trkpt>
   <trkpt lat="46.3423560" lon="12.8915970">
    <ele>735.7</ele>
    <time>2023-11-04T11:50:18Z</time>
   </trkpt>
   <trkpt lat="46.3423490" lon="12.8916000">
    <ele>735.8</ele>
    <time>2023-11-04T11:50:19Z</time>
   </trkpt>
   <trkpt lat="46.3423450" lon="12.8916080">
    <ele>735.9</ele>
    <time>2023-11-04T11:50:20Z</time>
   </trkpt>
   <trkpt lat="46.3423410" lon="12.8916150">
    <ele>736.0</ele>
    <time>2023-11-04T11:50:21Z</time>
   </trkpt>
   <trkpt lat="46.3423390" lon="12.8916220">
    <ele>736.0</ele>
    <time>2023-11-04T11:50:22Z</time>
   </trkpt>
   <trkpt lat="46.3423390" lon="12.8916240">
    <ele>736.0</ele>
    <time>2023-11-04T11:50:23Z</time>
   </trkpt>
   <trkpt lat="46.3423380" lon="12.8916250">
    <ele>736.0</ele>
    <time>2023-11-04T11:50:24Z</time>
   </trkpt>
   <trkpt lat="46.3423390" lon="12.8916250">
    <ele>736.1</ele>
    <time>2023-11-04T11:50:25Z</time>
   </trkpt>
   <trkpt lat="46.3423430" lon="12.8916260">
    <ele>736.1</ele>
    <time>2023-11-04T11:50:26Z</time>
   </trkpt>
   <trkpt lat="46.3423510" lon="12.8916260">
    <ele>736.2</ele>
    <time>2023-11-04T11:50:27Z</time>
   </trkpt>
   <trkpt lat="46.3423590" lon="12.8916200">
    <ele>736.3</ele>
    <time>2023-11-04T11:50:28Z</time>
   </trkpt>
   <trkpt lat="46.3423680" lon="12.8916100">
    <ele>736.4</ele>
    <time>2023-11-04T11:50:29Z</time>
   </trkpt>
   <trkpt lat="46.3423790" lon="12.8916000">
    <ele>736.5</ele>
    <time>2023-11-04T11:50:30Z</time>
   </trkpt>
   <trkpt lat="46.3423890" lon="12.8915910">
    <ele>736.6</ele>
    <time>2023-11-04T11:50:31Z</time>
   </trkpt>
   <trkpt lat="46.3423930" lon="12.8915780">
    <ele>736.7</ele>
    <time>2023-11-04T11:50:32Z</time>
   </trkpt>
   <trkpt lat="46.3423970" lon="12.8915640">
    <ele>736.9</ele>
    <time>2023-11-04T11:50:33Z</time>
   </trkpt>
   <trkpt lat="46.3424000" lon="12.8915350">
    <ele>737.1</ele>
    <time>2023-11-04T11:50:34Z</time>
   </trkpt>
   <trkpt lat="46.3424000" lon="12.8915210">
    <ele>737.2</ele>
    <time>2023-11-04T11:50:35Z</time>
   </trkpt>
   <trkpt lat="46.3424010" lon="12.8915070">
    <ele>737.3</ele>
    <time>2023-11-04T11:50:36Z</time>
   </trkpt>
   <trkpt lat="46.3423900" lon="12.8914820">
    <ele>737.5</ele>
    <time>2023-11-04T11:50:37Z</time>
   </trkpt>
   <trkpt lat="46.3423850" lon="12.8914730">
    <ele>737.6</ele>
    <time>2023-11-04T11:50:38Z</time>
   </trkpt>
   <trkpt lat="46.3423790" lon="12.8914640">
    <ele>737.6</ele>
    <time>2023-11-04T11:50:39Z</time>
   </trkpt>
   <trkpt lat="46.3423690" lon="12.8914530">
    <ele>737.8</ele>
    <time>2023-11-04T11:50:40Z</time>
   </trkpt>
   <trkpt lat="46.3423600" lon="12.8914420">
    <ele>737.9</ele>
    <time>2023-11-04T11:50:41Z</time>
   </trkpt>
   <trkpt lat="46.3423550" lon="12.8914270">
    <ele>738.0</ele>
    <time>2023-11-04T11:50:42Z</time>
   </trkpt>
   <trkpt lat="46.3423530" lon="12.8914110">
    <ele>738.1</ele>
    <time>2023-11-04T11:50:43Z</time>
   </trkpt>
   <trkpt lat="46.3423520" lon="12.8913970">
    <ele>738.2</ele>
    <time>2023-11-04T11:50:44Z</time>
   </trkpt>
   <trkpt lat="46.3423510" lon="12.8913840">
    <ele>738.3</ele>
    <time>2023-11-04T11:50:45Z</time>
   </trkpt>
   <trkpt lat="46.3423500" lon="12.8913690">
    <ele>738.4</ele>
    <time>2023-11-04T11:50:46Z</time>
   </trkpt>
   <trkpt lat="46.3423490" lon="12.8913540">
    <ele>738.5</ele>
    <time>2023-11-04T11:50:47Z</time>
   </trkpt>
   <trkpt lat="46.3423470" lon="12.8913400">
    <ele>738.6</ele>
    <time>2023-11-04T11:50:48Z</time>
   </trkpt>
   <trkpt lat="46.3423460" lon="12.8913280">
    <ele>738.7</ele>
    <time>2023-11-04T11:50:49Z</time>
   </trkpt>
   <trkpt lat="46.3423460" lon="12.8913210">
    <ele>738.7</ele>
    <time>2023-11-04T11:50:50Z</time>
   </trkpt>
   <trkpt lat="46.3423470" lon="12.8913130">
    <ele>738.8</ele>
    <time>2023-11-04T11:50:51Z</time>
   </trkpt>
   <trkpt lat="46.3423480" lon="12.8913100">
    <ele>738.8</ele>
    <time>2023-11-04T11:50:52Z</time>
   </trkpt>
   <trkpt lat="46.3423480" lon="12.8913090">
    <ele>738.8</ele>
    <time>2023-11-04T11:50:53Z</time>
   </trkpt>
   <trkpt lat="46.3423480" lon="12.8913100">
    <ele>738.8</ele>
    <time>2023-11-04T11:50:54Z</time>
   </trkpt>
   <trkpt lat="46.3423470" lon="12.8913120">
    <ele>738.8</ele>
    <time>2023-11-04T11:50:55Z</time>
   </trkpt>
   <trkpt lat="46.3423470" lon="12.8913130">
    <ele>738.9</ele>
    <time>2023-11-04T11:50:56Z</time>
   </trkpt>
   <trkpt lat="46.3423460" lon="12.8913150">
    <ele>738.9</ele>
    <time>2023-11-04T11:50:57Z</time>
   </trkpt>
   <trkpt lat="46.3423450" lon="12.8913170">
    <ele>738.9</ele>
    <time>2023-11-04T11:50:58Z</time>
   </trkpt>
   <trkpt lat="46.3423440" lon="12.8913180">
    <ele>738.9</ele>
    <time>2023-11-04T11:50:59Z</time>
   </trkpt>
   <trkpt lat="46.3423440" lon="12.8913200">
    <ele>738.9</ele>
    <time>2023-11-04T11:51:00Z</time>
   </trkpt>
   <trkpt lat="46.3423430" lon="12.8913210">
    <ele>738.9</ele>
    <time>2023-11-04T11:51:01Z</time>
   </trkpt>
   <trkpt lat="46.3423430" lon="12.8913220">
    <ele>738.9</ele>
    <time>2023-11-04T11:51:02Z</time>
   </trkpt>
   <trkpt lat="46.3423420" lon="12.8913220">
    <ele>738.9</ele>
    <time>2023-11-04T11:51:03Z</time>
   </trkpt>
   <trkpt lat="46.3423420" lon="12.8913230">
    <ele>738.9</ele>
    <time>2023-11-04T11:51:04Z</time>
   </trkpt>
   <trkpt lat="46.3423420" lon="12.8913240">
    <ele>738.9</ele>
    <time>2023-11-04T11:51:05Z</time>
   </trkpt>
   <trkpt lat="46.3423420" lon="12.8913250">
    <ele>739.0</ele>
    <time>2023-11-04T11:51:06Z</time>
   </trkpt>
   <trkpt lat="46.3423450" lon="12.8913210">
    <ele>739.0</ele>
    <time>2023-11-04T11:51:07Z</time>
   </trkpt>
   <trkpt lat="46.3423460" lon="12.8913210">
    <ele>739.0</ele>
    <time>2023-11-04T11:51:08Z</time>
   </trkpt>
   <trkpt lat="46.3423460" lon="12.8913250">
    <ele>739.0</ele>
    <time>2023-11-04T11:51:09Z</time>
   </trkpt>
   <trkpt lat="46.3423440" lon="12.8913260">
    <ele>739.1</ele>
    <time>2023-11-04T11:51:10Z</time>
   </trkpt>
   <trkpt lat="46.3423440" lon="12.8913260">
    <ele>739.1</ele>
    <time>2023-11-04T11:51:11Z</time>
   </trkpt>
   <trkpt lat="46.3423430" lon="12.8913230">
    <ele>739.1</ele>
    <time>2023-11-04T11:51:12Z</time>
   </trkpt>
   <trkpt lat="46.3423460" lon="12.8913180">
    <ele>739.1</ele>
    <time>2023-11-04T11:51:13Z</time>
   </trkpt>
   <trkpt lat="46.3423490" lon="12.8913130">
    <ele>739.2</ele>
    <time>2023-11-04T11:51:14Z</time>
   </trkpt>
   <trkpt lat="46.3423540" lon="12.8913110">
    <ele>739.2</ele>
    <time>2023-11-04T11:51:15Z</time>
   </trkpt>
   <trkpt lat="46.3423590" lon="12.8913090">
    <ele>739.3</ele>
    <time>2023-11-04T11:51:16Z</time>
   </trkpt>
   <trkpt lat="46.3423630" lon="12.8913070">
    <ele>739.3</ele>
    <time>2023-11-04T11:51:17Z</time>
   </trkpt>
   <trkpt lat="46.3423660" lon="12.8913060">
    <ele>739.3</ele>
    <time>2023-11-04T11:51:18Z</time>
   </trkpt>
   <trkpt lat="46.3423680" lon="12.8913060">
    <ele>739.3</ele>
    <time>2023-11-04T11:51:19Z</time>
   </trkpt>
   <trkpt lat="46.3423700" lon="12.8913050">
    <ele>739.4</ele>
    <time>2023-11-04T11:51:20Z</time>
   </trkpt>
   <trkpt lat="46.3423720" lon="12.8913050">
    <ele>739.4</ele>
    <time>2023-11-04T11:51:21Z</time>
   </trkpt>
   <trkpt lat="46.3423720" lon="12.8913050">
    <ele>739.4</ele>
    <time>2023-11-04T11:51:22Z</time>
   </trkpt>
   <trkpt lat="46.3423730" lon="12.8913040">
    <ele>739.4</ele>
    <time>2023-11-04T11:51:23Z</time>
   </trkpt>
   <trkpt lat="46.3423740" lon="12.8913040">
    <ele>739.4</ele>
    <time>2023-11-04T11:51:24Z</time>
   </trkpt>
   <trkpt lat="46.3423740" lon="12.8913040">
    <ele>739.4</ele>
    <time>2023-11-04T11:51:25Z</time>
   </trkpt>
   <trkpt lat="46.3423740" lon="12.8913060">
    <ele>739.4</ele>
    <time>2023-11-04T11:51:26Z</time>
   </trkpt>
   <trkpt lat="46.3423750" lon="12.8913060">
    <ele>739.4</ele>
    <time>2023-11-04T11:51:27Z</time>
   </trkpt>
   <trkpt lat="46.3423760" lon="12.8913050">
    <ele>739.4</ele>
    <time>2023-11-04T11:51:28Z</time>
   </trkpt>
   <trkpt lat="46.3423760" lon="12.8913040">
    <ele>739.4</ele>
    <time>2023-11-04T11:51:29Z</time>
   </trkpt>
   <trkpt lat="46.3423760" lon="12.8913040">
    <ele>739.4</ele>
    <time>2023-11-04T11:51:30Z</time>
   </trkpt>
   <trkpt lat="46.3423760" lon="12.8913030">
    <ele>739.5</ele>
    <time>2023-11-04T11:51:31Z</time>
   </trkpt>
   <trkpt lat="46.3423750" lon="12.8913040">
    <ele>739.5</ele>
    <time>2023-11-04T11:51:32Z</time>
   </trkpt>
   <trkpt lat="46.3423740" lon="12.8913050">
    <ele>739.5</ele>
    <time>2023-11-04T11:51:33Z</time>
   </trkpt>
   <trkpt lat="46.3423740" lon="12.8913060">
    <ele>739.5</ele>
    <time>2023-11-04T11:51:34Z</time>
   </trkpt>
   <trkpt lat="46.3423740" lon="12.8913060">
    <ele>739.5</ele>
    <time>2023-11-04T11:51:35Z</time>
   </trkpt>
   <trkpt lat="46.3423740" lon="12.8913070">
    <ele>739.5</ele>
    <time>2023-11-04T11:51:36Z</time>
   </trkpt>
   <trkpt lat="46.3423740" lon="12.8913090">
    <ele>739.5</ele>
    <time>2023-11-04T11:51:37Z</time>
   </trkpt>
   <trkpt lat="46.3423740" lon="12.8913160">
    <ele>739.5</ele>
    <time>2023-11-04T11:51:38Z</time>
   </trkpt>
   <trkpt lat="46.3423740" lon="12.8913190">
    <ele>739.6</ele>
    <time>2023-11-04T11:51:39Z</time>
   </trkpt>
   <trkpt lat="46.3423740" lon="12.8913200">
    <ele>739.6</ele>
    <time>2023-11-04T11:51:40Z</time>
   </trkpt>
   <trkpt lat="46.3423740" lon="12.8913210">
    <ele>739.6</ele>
    <time>2023-11-04T11:51:42Z</time>
   </trkpt>
   <trkpt lat="46.3423740" lon="12.8913210">
    <ele>739.6</ele>
    <time>2023-11-04T11:51:43Z</time>
   </trkpt>
   <trkpt lat="46.3423740" lon="12.8913210">
    <ele>739.6</ele>
    <time>2023-11-04T11:51:44Z</time>
   </trkpt>
   <trkpt lat="46.3423740" lon="12.8913210">
    <ele>739.6</ele>
    <time>2023-11-04T11:51:45Z</time>
   </trkpt>
   <trkpt lat="46.3423740" lon="12.8913200">
    <ele>739.6</ele>
    <time>2023-11-04T11:51:46Z</time>
   </trkpt>
   <trkpt lat="46.3423740" lon="12.8913200">
    <ele>739.6</ele>
    <time>2023-11-04T11:51:47Z</time>
   </trkpt>
   <trkpt lat="46.3423730" lon="12.8913200">
    <ele>739.6</ele>
    <time>2023-11-04T11:51:48Z</time>
   </trkpt>
   <trkpt lat="46.3423750" lon="12.8913220">
    <ele>739.6</ele>
    <time>2023-11-04T11:51:49Z</time>
   </trkpt>
   <trkpt lat="46.3423760" lon="12.8913290">
    <ele>739.7</ele>
    <time>2023-11-04T11:51:50Z</time>
   </trkpt>
   <trkpt lat="46.3423740" lon="12.8913370">
    <ele>739.7</ele>
    <time>2023-11-04T11:51:51Z</time>
   </trkpt>
   <trkpt lat="46.3423700" lon="12.8913440">
    <ele>739.8</ele>
    <time>2023-11-04T11:51:52Z</time>
   </trkpt>
   <trkpt lat="46.3423650" lon="12.8913490">
    <ele>739.8</ele>
    <time>2023-11-04T11:51:53Z</time>
   </trkpt>
   <trkpt lat="46.3423520" lon="12.8913580">
    <ele>740.0</ele>
    <time>2023-11-04T11:51:54Z</time>
   </trkpt>
   <trkpt lat="46.3423500" lon="12.8913590">
    <ele>740.0</ele>
    <time>2023-11-04T11:51:56Z</time>
   </trkpt>
   <trkpt lat="46.3423490" lon="12.8913600">
    <ele>740.0</ele>
    <time>2023-11-04T11:51:57Z</time>
   </trkpt>
   <trkpt lat="46.3423490" lon="12.8913610">
    <ele>740.0</ele>
    <time>2023-11-04T11:51:58Z</time>
   </trkpt>
   <trkpt lat="46.3423490" lon="12.8913610">
    <ele>740.0</ele>
    <time>2023-11-04T11:51:59Z</time>
   </trkpt>
   <trkpt lat="46.3423490" lon="12.8913610">
    <ele>740.0</ele>
    <time>2023-11-04T11:52:01Z</time>
   </trkpt>
   <trkpt lat="46.3423490" lon="12.8913620">
    <ele>740.0</ele>
    <time>2023-11-04T11:52:02Z</time>
   </trkpt>
   <trkpt lat="46.3423490" lon="12.8913620">
    <ele>740.0</ele>
    <time>2023-11-04T11:52:03Z</time>
   </trkpt>
   <trkpt lat="46.3423520" lon="12.8913620">
    <ele>740.0</ele>
    <time>2023-11-04T11:52:04Z</time>
   </trkpt>
   <trkpt lat="46.3423530" lon="12.8913630">
    <ele>740.1</ele>
    <time>2023-11-04T11:52:05Z</time>
   </trkpt>
   <trkpt lat="46.3423560" lon="12.8913650">
    <ele>740.1</ele>
    <time>2023-11-04T11:52:06Z</time>
   </trkpt>
   <trkpt lat="46.3423580" lon="12.8913680">
    <ele>740.1</ele>
    <time>2023-11-04T11:52:07Z</time>
   </trkpt>
   <trkpt lat="46.3423590" lon="12.8913650">
    <ele>740.1</ele>
    <time>2023-11-04T11:52:08Z</time>
   </trkpt>
   <trkpt lat="46.3423640" lon="12.8913650">
    <ele>740.2</ele>
    <time>2023-11-04T11:52:09Z</time>
   </trkpt>
   <trkpt lat="46.3423680" lon="12.8913720">
    <ele>740.2</ele>
    <time>2023-11-04T11:52:11Z</time>
   </trkpt>
   <trkpt lat="46.3423740" lon="12.8913950">
    <ele>740.4</ele>
    <time>2023-11-04T11:52:12Z</time>
   </trkpt>
   <trkpt lat="46.3423750" lon="12.8914060">
    <ele>740.5</ele>
    <time>2023-11-04T11:52:13Z</time>
   </trkpt>
   <trkpt lat="46.3423760" lon="12.8914150">
    <ele>740.5</ele>
    <time>2023-11-04T11:52:15Z</time>
   </trkpt>
   <trkpt lat="46.3423750" lon="12.8914210">
    <ele>740.6</ele>
    <time>2023-11-04T11:52:16Z</time>
   </trkpt>
   <trkpt lat="46.3423730" lon="12.8914230">
    <ele>740.6</ele>
    <time>2023-11-04T11:52:17Z</time>
   </trkpt>
   <trkpt lat="46.3423710" lon="12.8914260">
    <ele>740.6</ele>
    <time>2023-11-04T11:52:18Z</time>
   </trkpt>
   <trkpt lat="46.3423640" lon="12.8914290">
    <ele>740.7</ele>
    <time>2023-11-04T11:52:19Z</time>
   </trkpt>
   <trkpt lat="46.3423550" lon="12.8914320">
    <ele>740.8</ele>
    <time>2023-11-04T11:52:20Z</time>
   </trkpt>
   <trkpt lat="46.3423450" lon="12.8914310">
    <ele>740.9</ele>
    <time>2023-11-04T11:52:21Z</time>
   </trkpt>
   <trkpt lat="46.3423350" lon="12.8914270">
    <ele>741.0</ele>
    <time>2023-11-04T11:52:22Z</time>
   </trkpt>
   <trkpt lat="46.3423240" lon="12.8914240">
    <ele>741.1</ele>
    <time>2023-11-04T11:52:23Z</time>
   </trkpt>
   <trkpt lat="46.3423120" lon="12.8914210">
    <ele>741.2</ele>
    <time>2023-11-04T11:52:24Z</time>
   </trkpt>
   <trkpt lat="46.3423000" lon="12.8914170">
    <ele>741.3</ele>
    <time>2023-11-04T11:52:25Z</time>
   </trkpt>
   <trkpt lat="46.3422890" lon="12.8914150">
    <ele>741.4</ele>
    <time>2023-11-04T11:52:26Z</time>
   </trkpt>
   <trkpt lat="46.3422800" lon="12.8914110">
    <ele>741.5</ele>
    <time>2023-11-04T11:52:27Z</time>
   </trkpt>
   <trkpt lat="46.3422720" lon="12.8914060">
    <ele>741.6</ele>
    <time>2023-11-04T11:52:28Z</time>
   </trkpt>
   <trkpt lat="46.3422660" lon="12.8913970">
    <ele>741.7</ele>
    <time>2023-11-04T11:52:29Z</time>
   </trkpt>
   <trkpt lat="46.3422590" lon="12.8913880">
    <ele>741.8</ele>
    <time>2023-11-04T11:52:30Z</time>
   </trkpt>
   <trkpt lat="46.3422500" lon="12.8913800">
    <ele>741.9</ele>
    <time>2023-11-04T11:52:31Z</time>
   </trkpt>
   <trkpt lat="46.3422410" lon="12.8913710">
    <ele>742.0</ele>
    <time>2023-11-04T11:52:32Z</time>
   </trkpt>
   <trkpt lat="46.3422330" lon="12.8913630">
    <ele>742.1</ele>
    <time>2023-11-04T11:52:33Z</time>
   </trkpt>
   <trkpt lat="46.3422250" lon="12.8913550">
    <ele>742.2</ele>
    <time>2023-11-04T11:52:34Z</time>
   </trkpt>
   <trkpt lat="46.3422160" lon="12.8913480">
    <ele>742.3</ele>
    <time>2023-11-04T11:52:35Z</time>
   </trkpt>
   <trkpt lat="46.3422090" lon="12.8913430">
    <ele>742.3</ele>
    <time>2023-11-04T11:52:36Z</time>
   </trkpt>
   <trkpt lat="46.3422020" lon="12.8913380">
    <ele>742.4</ele>
    <time>2023-11-04T11:52:37Z</time>
   </trkpt>
   <trkpt lat="46.3421950" lon="12.8913340">
    <ele>742.5</ele>
    <time>2023-11-04T11:52:38Z</time>
   </trkpt>
   <trkpt lat="46.3421870" lon="12.8913340">
    <ele>742.6</ele>
    <time>2023-11-04T11:52:39Z</time>
   </trkpt>
   <trkpt lat="46.3421780" lon="12.8913350">
    <ele>742.7</ele>
    <time>2023-11-04T11:52:40Z</time>
   </trkpt>
   <trkpt lat="46.3421730" lon="12.8913430">
    <ele>742.7</ele>
    <time>2023-11-04T11:52:41Z</time>
   </trkpt>
   <trkpt lat="46.3421670" lon="12.8913450">
    <ele>742.8</ele>
    <time>2023-11-04T11:52:42Z</time>
   </trkpt>
   <trkpt lat="46.3421570" lon="12.8913510">
    <ele>742.9</ele>
    <time>2023-11-04T11:52:43Z</time>
   </trkpt>
   <trkpt lat="46.3421520" lon="12.8913570">
    <ele>743.0</ele>
    <time>2023-11-04T11:52:44Z</time>
   </trkpt>
   <trkpt lat="46.3421470" lon="12.8913670">
    <ele>743.1</ele>
    <time>2023-11-04T11:52:45Z</time>
   </trkpt>
   <trkpt lat="46.3421420" lon="12.8913750">
    <ele>743.1</ele>
    <time>2023-11-04T11:52:46Z</time>
   </trkpt>
   <trkpt lat="46.3421350" lon="12.8913800">
    <ele>743.2</ele>
    <time>2023-11-04T11:52:47Z</time>
   </trkpt>
   <trkpt lat="46.3421280" lon="12.8913810">
    <ele>743.3</ele>
    <time>2023-11-04T11:52:48Z</time>
   </trkpt>
   <trkpt lat="46.3421200" lon="12.8913800">
    <ele>743.4</ele>
    <time>2023-11-04T11:52:49Z</time>
   </trkpt>
   <trkpt lat="46.3421010" lon="12.8913840">
    <ele>743.6</ele>
    <time>2023-11-04T11:52:50Z</time>
   </trkpt>
   <trkpt lat="46.3420910" lon="12.8913850">
    <ele>743.7</ele>
    <time>2023-11-04T11:52:52Z</time>
   </trkpt>
   <trkpt lat="46.3420820" lon="12.8913830">
    <ele>743.7</ele>
    <time>2023-11-04T11:52:53Z</time>
   </trkpt>
   <trkpt lat="46.3420740" lon="12.8913780">
    <ele>743.8</ele>
    <time>2023-11-04T11:52:54Z</time>
   </trkpt>
   <trkpt lat="46.3420580" lon="12.8913700">
    <ele>744.0</ele>
    <time>2023-11-04T11:52:55Z</time>
   </trkpt>
   <trkpt lat="46.3420480" lon="12.8913660">
    <ele>744.1</ele>
    <time>2023-11-04T11:52:57Z</time>
   </trkpt>
   <trkpt lat="46.3420380" lon="12.8913620">
    <ele>744.2</ele>
    <time>2023-11-04T11:52:58Z</time>
   </trkpt>
   <trkpt lat="46.3420290" lon="12.8913590">
    <ele>744.3</ele>
    <time>2023-11-04T11:52:59Z</time>
   </trkpt>
   <trkpt lat="46.3420210" lon="12.8913570">
    <ele>744.4</ele>
    <time>2023-11-04T11:53:00Z</time>
   </trkpt>
   <trkpt lat="46.3420120" lon="12.8913570">
    <ele>744.5</ele>
    <time>2023-11-04T11:53:01Z</time>
   </trkpt>
   <trkpt lat="46.3420020" lon="12.8913580">
    <ele>744.6</ele>
    <time>2023-11-04T11:53:02Z</time>
   </trkpt>
   <trkpt lat="46.3419920" lon="12.8913600">
    <ele>744.7</ele>
    <time>2023-11-04T11:53:03Z</time>
   </trkpt>
   <trkpt lat="46.3419850" lon="12.8913640">
    <ele>744.7</ele>
    <time>2023-11-04T11:53:04Z</time>
   </trkpt>
   <trkpt lat="46.3419780" lon="12.8913690">
    <ele>744.8</ele>
    <time>2023-11-04T11:53:05Z</time>
   </trkpt>
   <trkpt lat="46.3419730" lon="12.8913740">
    <ele>744.9</ele>
    <time>2023-11-04T11:53:06Z</time>
   </trkpt>
   <trkpt lat="46.3419730" lon="12.8913780">
    <ele>744.9</ele>
    <time>2023-11-04T11:53:07Z</time>
   </trkpt>
   <trkpt lat="46.3419730" lon="12.8913820">
    <ele>744.9</ele>
    <time>2023-11-04T11:53:08Z</time>
   </trkpt>
   <trkpt lat="46.3419730" lon="12.8913860">
    <ele>745.0</ele>
    <time>2023-11-04T11:53:09Z</time>
   </trkpt>
   <trkpt lat="46.3419730" lon="12.8913910">
    <ele>745.0</ele>
    <time>2023-11-04T11:53:10Z</time>
   </trkpt>
   <trkpt lat="46.3419720" lon="12.8913960">
    <ele>745.0</ele>
    <time>2023-11-04T11:53:11Z</time>
   </trkpt>
   <trkpt lat="46.3419710" lon="12.8913990">
    <ele>745.1</ele>
    <time>2023-11-04T11:53:12Z</time>
   </trkpt>
   <trkpt lat="46.3419710" lon="12.8914020">
    <ele>745.1</ele>
    <time>2023-11-04T11:53:13Z</time>
   </trkpt>
   <trkpt lat="46.3419750" lon="12.8914010">
    <ele>745.1</ele>
    <time>2023-11-04T11:53:14Z</time>
   </trkpt>
   <trkpt lat="46.3419760" lon="12.8914020">
    <ele>745.1</ele>
    <time>2023-11-04T11:53:15Z</time>
   </trkpt>
   <trkpt lat="46.3419780" lon="12.8914020">
    <ele>745.2</ele>
    <time>2023-11-04T11:53:16Z</time>
   </trkpt>
   <trkpt lat="46.3419780" lon="12.8914020">
    <ele>745.2</ele>
    <time>2023-11-04T11:53:17Z</time>
   </trkpt>
   <trkpt lat="46.3419790" lon="12.8914030">
    <ele>745.2</ele>
    <time>2023-11-04T11:53:18Z</time>
   </trkpt>
   <trkpt lat="46.3419800" lon="12.8914030">
    <ele>745.2</ele>
    <time>2023-11-04T11:53:19Z</time>
   </trkpt>
   <trkpt lat="46.3419810" lon="12.8914020">
    <ele>745.2</ele>
    <time>2023-11-04T11:53:20Z</time>
   </trkpt>
   <trkpt lat="46.3419870" lon="12.8913990">
    <ele>745.3</ele>
    <time>2023-11-04T11:53:21Z</time>
   </trkpt>
   <trkpt lat="46.3419930" lon="12.8913940">
    <ele>745.3</ele>
    <time>2023-11-04T11:53:22Z</time>
   </trkpt>
   <trkpt lat="46.3419960" lon="12.8913920">
    <ele>745.3</ele>
    <time>2023-11-04T11:53:23Z</time>
   </trkpt>
   <trkpt lat="46.3419990" lon="12.8913910">
    <ele>745.4</ele>
    <time>2023-11-04T11:53:24Z</time>
   </trkpt>
   <trkpt lat="46.3420010" lon="12.8913880">
    <ele>745.4</ele>
    <time>2023-11-04T11:53:25Z</time>
   </trkpt>
   <trkpt lat="46.3420020" lon="12.8913850">
    <ele>745.4</ele>
    <time>2023-11-04T11:53:26Z</time>
   </trkpt>
   <trkpt lat="46.3420020" lon="12.8913820">
    <ele>745.4</ele>
    <time>2023-11-04T11:53:27Z</time>
   </trkpt>
   <trkpt lat="46.3420030" lon="12.8913790">
    <ele>745.5</ele>
    <time>2023-11-04T11:53:28Z</time>
   </trkpt>
   <trkpt lat="46.3420020" lon="12.8913760">
    <ele>745.5</ele>
    <time>2023-11-04T11:53:29Z</time>
   </trkpt>
   <trkpt lat="46.3420020" lon="12.8913740">
    <ele>745.5</ele>
    <time>2023-11-04T11:53:30Z</time>
   </trkpt>
   <trkpt lat="46.3420010" lon="12.8913740">
    <ele>745.5</ele>
    <time>2023-11-04T11:53:31Z</time>
   </trkpt>
   <trkpt lat="46.3420010" lon="12.8913730">
    <ele>745.5</ele>
    <time>2023-11-04T11:53:32Z</time>
   </trkpt>
   <trkpt lat="46.3420010" lon="12.8913740">
    <ele>745.5</ele>
    <time>2023-11-04T11:53:33Z</time>
   </trkpt>
   <trkpt lat="46.3420030" lon="12.8913740">
    <ele>745.5</ele>
    <time>2023-11-04T11:53:34Z</time>
   </trkpt>
   <trkpt lat="46.3420100" lon="12.8913730">
    <ele>745.6</ele>
    <time>2023-11-04T11:53:35Z</time>
   </trkpt>
   <trkpt lat="46.3420260" lon="12.8913960">
    <ele>745.8</ele>
    <time>2023-11-04T11:53:36Z</time>
   </trkpt>
   <trkpt lat="46.3420400" lon="12.8913980">
    <ele>745.9</ele>
    <time>2023-11-04T11:53:37Z</time>
   </trkpt>
   <trkpt lat="46.3420490" lon="12.8913900">
    <ele>746.0</ele>
    <time>2023-11-04T11:53:38Z</time>
   </trkpt>
   <trkpt lat="46.3420550" lon="12.8913830">
    <ele>746.1</ele>
    <time>2023-11-04T11:53:40Z</time>
   </trkpt>
   <trkpt lat="46.3420630" lon="12.8913800">
    <ele>746.1</ele>
    <time>2023-11-04T11:53:41Z</time>
   </trkpt>
   <trkpt lat="46.3420700" lon="12.8913790">
    <ele>746.2</ele>
    <time>2023-11-04T11:53:42Z</time>
   </trkpt>
   <trkpt lat="46.3420740" lon="12.8913820">
    <ele>746.2</ele>
    <time>2023-11-04T11:53:43Z</time>
   </trkpt>
   <trkpt lat="46.3420760" lon="12.8913870">
    <ele>746.3</ele>
    <time>2023-11-04T11:53:44Z</time>
   </trkpt>
   <trkpt lat="46.3420710" lon="12.8913940">
    <ele>746.3</ele>
    <time>2023-11-04T11:53:45Z</time>
   </trkpt>
   <trkpt lat="46.3420710" lon="12.8913970">
    <ele>746.3</ele>
    <time>2023-11-04T11:53:47Z</time>
   </trkpt>
   <trkpt lat="46.3420720" lon="12.8913980">
    <ele>746.3</ele>
    <time>2023-11-04T11:53:48Z</time>
   </trkpt>
   <trkpt lat="46.3420720" lon="12.8913980">
    <ele>746.3</ele>
    <time>2023-11-04T11:53:49Z</time>
   </trkpt>
   <trkpt lat="46.3420680" lon="12.8913960">
    <ele>746.4</ele>
    <time>2023-11-04T11:53:50Z</time>
   </trkpt>
   <trkpt lat="46.3420760" lon="12.8913880">
    <ele>746.4</ele>
    <time>2023-11-04T11:53:52Z</time>
   </trkpt>
   <trkpt lat="46.3420900" lon="12.8913820">
    <ele>746.5</ele>
    <time>2023-11-04T11:53:53Z</time>
   </trkpt>
   <trkpt lat="46.3421030" lon="12.8913810">
    <ele>746.6</ele>
    <time>2023-11-04T11:53:54Z</time>
   </trkpt>
   <trkpt lat="46.3421050" lon="12.8913770">
    <ele>746.6</ele>
    <time>2023-11-04T11:53:56Z</time>
   </trkpt>
   <trkpt lat="46.3421090" lon="12.8913740">
    <ele>746.7</ele>
    <time>2023-11-04T11:53:57Z</time>
   </trkpt>
   <trkpt lat="46.3421130" lon="12.8913790">
    <ele>746.7</ele>
    <time>2023-11-04T11:53:58Z</time>
   </trkpt>
   <trkpt lat="46.3421130" lon="12.8913930">
    <ele>746.8</ele>
    <time>2023-11-04T11:53:59Z</time>
   </trkpt>
   <trkpt lat="46.3421100" lon="12.8914060">
    <ele>746.8</ele>
    <time>2023-11-04T11:54:00Z</time>
   </trkpt>
   <trkpt lat="46.3421070" lon="12.8914190">
    <ele>746.9</ele>
    <time>2023-11-04T11:54:01Z</time>
   </trkpt>
   <trkpt lat="46.3421040" lon="12.8914330">
    <ele>747.0</ele>
    <time>2023-11-04T11:54:02Z</time>
   </trkpt>
   <trkpt lat="46.3421000" lon="12.8914410">
    <ele>747.0</ele>
    <time>2023-11-04T11:54:03Z</time>
   </trkpt>
   <trkpt lat="46.3420930" lon="12.8914480">
    <ele>747.0</ele>
    <time>2023-11-04T11:54:04Z</time>
   </trkpt>
   <trkpt lat="46.3420860" lon="12.8914530">
    <ele>747.1</ele>
    <time>2023-11-04T11:54:05Z</time>
   </trkpt>
   <trkpt lat="46.3420820" lon="12.8914550">
    <ele>747.1</ele>
    <time>2023-11-04T11:54:06Z</time>
   </trkpt>
   <trkpt lat="46.3420830" lon="12.8914560">
    <ele>747.1</ele>
    <time>2023-11-04T11:54:07Z</time>
   </trkpt>
   <trkpt lat="46.3420840" lon="12.8914560">
    <ele>747.1</ele>
    <time>2023-11-04T11:54:08Z</time>
   </trkpt>
   <trkpt lat="46.3420850" lon="12.8914570">
    <ele>747.1</ele>
    <time>2023-11-04T11:54:09Z</time>
   </trkpt>
   <trkpt lat="46.3420860" lon="12.8914570">
    <ele>747.1</ele>
    <time>2023-11-04T11:54:10Z</time>
   </trkpt>
   <trkpt lat="46.3420870" lon="12.8914580">
    <ele>747.1</ele>
    <time>2023-11-04T11:54:12Z</time>
   </trkpt>
   <trkpt lat="46.3420880" lon="12.8914590">
    <ele>747.1</ele>
    <time>2023-11-04T11:54:13Z</time>
   </trkpt>
   <trkpt lat="46.3420890" lon="12.8914590">
    <ele>747.1</ele>
    <time>2023-11-04T11:54:14Z</time>
   </trkpt>
   <trkpt lat="46.3420900" lon="12.8914600">
    <ele>747.1</ele>
    <time>2023-11-04T11:54:16Z</time>
   </trkpt>
   <trkpt lat="46.3420910" lon="12.8914600">
    <ele>747.2</ele>
    <time>2023-11-04T11:54:17Z</time>
   </trkpt>
   <trkpt lat="46.3420920" lon="12.8914610">
    <ele>747.2</ele>
    <time>2023-11-04T11:54:18Z</time>
   </trkpt>
   <trkpt lat="46.3420930" lon="12.8914620">
    <ele>747.2</ele>
    <time>2023-11-04T11:54:19Z</time>
   </trkpt>
   <trkpt lat="46.3420940" lon="12.8914620">
    <ele>747.2</ele>
    <time>2023-11-04T11:54:20Z</time>
   </trkpt>
   <trkpt lat="46.3420950" lon="12.8914630">
    <ele>747.2</ele>
    <time>2023-11-04T11:54:21Z</time>
   </trkpt>
   <trkpt lat="46.3420960" lon="12.8914630">
    <ele>747.2</ele>
    <time>2023-11-04T11:54:22Z</time>
   </trkpt>
   <trkpt lat="46.3420970" lon="12.8914640">
    <ele>747.2</ele>
    <time>2023-11-04T11:54:24Z</time>
   </trkpt>
   <trkpt lat="46.3420980" lon="12.8914640">
    <ele>747.2</ele>
    <time>2023-11-04T11:54:25Z</time>
   </trkpt>
   <trkpt lat="46.3420990" lon="12.8914650">
    <ele>747.2</ele>
    <time>2023-11-04T11:54:26Z</time>
   </trkpt>
   <trkpt lat="46.3421000" lon="12.8914660">
    <ele>747.2</ele>
    <time>2023-11-04T11:54:27Z</time>
   </trkpt>
   <trkpt lat="46.3421010" lon="12.8914660">
    <ele>747.2</ele>
    <time>2023-11-04T11:54:28Z</time>
   </trkpt>
   <trkpt lat="46.3421020" lon="12.8914670">
    <ele>747.2</ele>
    <time>2023-11-04T11:54:29Z</time>
   </trkpt>
   <trkpt lat="46.3421040" lon="12.8914670">
    <ele>747.2</ele>
    <time>2023-11-04T11:54:31Z</time>
   </trkpt>
   <trkpt lat="46.3421050" lon="12.8914680">
    <ele>747.2</ele>
    <time>2023-11-04T11:54:32Z</time>
   </trkpt>
   <trkpt lat="46.3421060" lon="12.8914680">
    <ele>747.2</ele>
    <time>2023-11-04T11:54:33Z</time>
   </trkpt>
   <trkpt lat="46.3421070" lon="12.8914690">
    <ele>747.2</ele>
    <time>2023-11-04T11:54:34Z</time>
   </trkpt>
   <trkpt lat="46.3421080" lon="12.8914700">
    <ele>747.2</ele>
    <time>2023-11-04T11:54:36Z</time>
   </trkpt>
   <trkpt lat="46.3421090" lon="12.8914700">
    <ele>747.2</ele>
    <time>2023-11-04T11:54:37Z</time>
   </trkpt>
   <trkpt lat="46.3421100" lon="12.8914710">
    <ele>747.3</ele>
    <time>2023-11-04T11:54:38Z</time>
   </trkpt>
   <trkpt lat="46.3421210" lon="12.8914630">
    <ele>747.3</ele>
    <time>2023-11-04T11:54:40Z</time>
   </trkpt>
   <trkpt lat="46.3421320" lon="12.8914540">
    <ele>747.4</ele>
    <time>2023-11-04T11:54:41Z</time>
   </trkpt>
   <trkpt lat="46.3421390" lon="12.8914440">
    <ele>747.4</ele>
    <time>2023-11-04T11:54:42Z</time>
   </trkpt>
   <trkpt lat="46.3421410" lon="12.8914320">
    <ele>747.5</ele>
    <time>2023-11-04T11:54:43Z</time>
   </trkpt>
   <trkpt lat="46.3421390" lon="12.8914230">
    <ele>747.5</ele>
    <time>2023-11-04T11:54:44Z</time>
   </trkpt>
   <trkpt lat="46.3421310" lon="12.8914160">
    <ele>747.5</ele>
    <time>2023-11-04T11:54:45Z</time>
   </trkpt>
   <trkpt lat="46.3421180" lon="12.8914100">
    <ele>747.6</ele>
    <time>2023-11-04T11:54:46Z</time>
   </trkpt>
   <trkpt lat="46.3421060" lon="12.8914030">
    <ele>747.6</ele>
    <time>2023-11-04T11:54:47Z</time>
   </trkpt>
   <trkpt lat="46.3420980" lon="12.8913940">
    <ele>747.6</ele>
    <time>2023-11-04T11:54:48Z</time>
   </trkpt>
   <trkpt lat="46.3420890" lon="12.8913850">
    <ele>747.6</ele>
    <time>2023-11-04T11:54:49Z</time>
   </trkpt>
   <trkpt lat="46.3420790" lon="12.8913770">
    <ele>747.7</ele>
    <time>2023-11-04T11:54:50Z</time>
   </trkpt>
   <trkpt lat="46.3420680" lon="12.8913740">
    <ele>747.7</ele>
    <time>2023-11-04T11:54:51Z</time>
   </trkpt>
   <trkpt lat="46.3420600" lon="12.8913740">
    <ele>747.7</ele>
    <time>2023-11-04T11:54:52Z</time>
   </trkpt>
   <trkpt lat="46.3420510" lon="12.8913790">
    <ele>747.7</ele>
    <time>2023-11-04T11:54:53Z</time>
   </trkpt>
   <trkpt lat="46.3420450" lon="12.8913830">
    <ele>747.8</ele>
    <time>2023-11-04T11:54:54Z</time>
   </trkpt>
   <trkpt lat="46.3420450" lon="12.8913880">
    <ele>747.8</ele>
    <time>2023-11-04T11:54:55Z</time>
   </trkpt>
   <trkpt lat="46.3420430" lon="12.8913920">
    <ele>747.8</ele>
    <time>2023-11-04T11:54:56Z</time>
   </trkpt>
   <trkpt lat="46.3420420" lon="12.8913910">
    <ele>747.8</ele>
    <time>2023-11-04T11:54:57Z</time>
   </trkpt>
   <trkpt lat="46.3420440" lon="12.8913850">
    <ele>747.8</ele>
    <time>2023-11-04T11:54:58Z</time>
   </trkpt>
   <trkpt lat="46.3420470" lon="12.8913730">
    <ele>747.8</ele>
    <time>2023-11-04T11:54:59Z</time>
   </trkpt>
   <trkpt lat="46.3420470" lon="12.8913550">
    <ele>747.8</ele>
    <time>2023-11-04T11:55:00Z</time>
   </trkpt>
   <trkpt lat="46.3420480" lon="12.8913370">
    <ele>747.8</ele>
    <time>2023-11-04T11:55:01Z</time>
   </trkpt>
   <trkpt lat="46.3420480" lon="12.8913220">
    <ele>747.8</ele>
    <time>2023-11-04T11:55:02Z</time>
   </trkpt>
   <trkpt lat="46.3420470" lon="12.8913110">
    <ele>747.8</ele>
    <time>2023-11-04T11:55:03Z</time>
   </trkpt>
   <trkpt lat="46.3420430" lon="12.8912980">
    <ele>747.8</ele>
    <time>2023-11-04T11:55:04Z</time>
   </trkpt>
   <trkpt lat="46.3420300" lon="12.8912720">
    <ele>747.8</ele>
    <time>2023-11-04T11:55:05Z</time>
   </trkpt>
   <trkpt lat="46.3420240" lon="12.8912620">
    <ele>747.8</ele>
    <time>2023-11-04T11:55:06Z</time>
   </trkpt>
   <trkpt lat="46.3420180" lon="12.8912520">
    <ele>747.8</ele>
    <time>2023-11-04T11:55:07Z</time>
   </trkpt>
   <trkpt lat="46.3420090" lon="12.8912360">
    <ele>747.8</ele>
    <time>2023-11-04T11:55:08Z</time>
   </trkpt>
   <trkpt lat="46.3420000" lon="12.8912200">
    <ele>747.8</ele>
    <time>2023-11-04T11:55:09Z</time>
   </trkpt>
   <trkpt lat="46.3419900" lon="12.8912060">
    <ele>747.8</ele>
    <time>2023-11-04T11:55:10Z</time>
   </trkpt>
   <trkpt lat="46.3419840" lon="12.8911960">
    <ele>747.8</ele>
    <time>2023-11-04T11:55:11Z</time>
   </trkpt>
   <trkpt lat="46.3419790" lon="12.8911840">
    <ele>747.8</ele>
    <time>2023-11-04T11:55:12Z</time>
   </trkpt>
   <trkpt lat="46.3419740" lon="12.8911710">
    <ele>747.8</ele>
    <time>2023-11-04T11:55:13Z</time>
   </trkpt>
   <trkpt lat="46.3419700" lon="12.8911590">
    <ele>747.7</ele>
    <time>2023-11-04T11:55:14Z</time>
   </trkpt>
   <trkpt lat="46.3419640" lon="12.8911480">
    <ele>747.7</ele>
    <time>2023-11-04T11:55:15Z</time>
   </trkpt>
   <trkpt lat="46.3419570" lon="12.8911390">
    <ele>747.7</ele>
    <time>2023-11-04T11:55:16Z</time>
   </trkpt>
   <trkpt lat="46.3419490" lon="12.8911260">
    <ele>747.7</ele>
    <time>2023-11-04T11:55:17Z</time>
   </trkpt>
   <trkpt lat="46.3419420" lon="12.8911160">
    <ele>747.7</ele>
    <time>2023-11-04T11:55:18Z</time>
   </trkpt>
   <trkpt lat="46.3419340" lon="12.8911020">
    <ele>747.7</ele>
    <time>2023-11-04T11:55:19Z</time>
   </trkpt>
   <trkpt lat="46.3419270" lon="12.8910890">
    <ele>747.7</ele>
    <time>2023-11-04T11:55:20Z</time>
   </trkpt>
   <trkpt lat="46.3419210" lon="12.8910790">
    <ele>747.6</ele>
    <time>2023-11-04T11:55:21Z</time>
   </trkpt>
   <trkpt lat="46.3419130" lon="12.8910670">
    <ele>747.6</ele>
    <time>2023-11-04T11:55:22Z</time>
   </trkpt>
   <trkpt lat="46.3419050" lon="12.8910580">
    <ele>747.6</ele>
    <time>2023-11-04T11:55:23Z</time>
   </trkpt>
   <trkpt lat="46.3418960" lon="12.8910490">
    <ele>747.6</ele>
    <time>2023-11-04T11:55:24Z</time>
   </trkpt>
   <trkpt lat="46.3418860" lon="12.8910410">
    <ele>747.6</ele>
    <time>2023-11-04T11:55:25Z</time>
   </trkpt>
   <trkpt lat="46.3418770" lon="12.8910340">
    <ele>747.5</ele>
    <time>2023-11-04T11:55:26Z</time>
   </trkpt>
   <trkpt lat="46.3418690" lon="12.8910270">
    <ele>747.5</ele>
    <time>2023-11-04T11:55:27Z</time>
   </trkpt>
   <trkpt lat="46.3418640" lon="12.8910230">
    <ele>747.5</ele>
    <time>2023-11-04T11:55:28Z</time>
   </trkpt>
   <trkpt lat="46.3418620" lon="12.8910160">
    <ele>747.5</ele>
    <time>2023-11-04T11:55:29Z</time>
   </trkpt>
   <trkpt lat="46.3418620" lon="12.8910090">
    <ele>747.5</ele>
    <time>2023-11-04T11:55:30Z</time>
   </trkpt>
   <trkpt lat="46.3418640" lon="12.8910060">
    <ele>747.5</ele>
    <time>2023-11-04T11:55:31Z</time>
   </trkpt>
   <trkpt lat="46.3418680" lon="12.8910030">
    <ele>747.5</ele>
    <time>2023-11-04T11:55:32Z</time>
   </trkpt>
   <trkpt lat="46.3418710" lon="12.8910020">
    <ele>747.5</ele>
    <time>2023-11-04T11:55:33Z</time>
   </trkpt>
   <trkpt lat="46.3418720" lon="12.8909990">
    <ele>747.5</ele>
    <time>2023-11-04T11:55:34Z</time>
   </trkpt>
   <trkpt lat="46.3418720" lon="12.8909970">
    <ele>747.5</ele>
    <time>2023-11-04T11:55:35Z</time>
   </trkpt>
   <trkpt lat="46.3418720" lon="12.8910030">
    <ele>747.5</ele>
    <time>2023-11-04T11:55:36Z</time>
   </trkpt>
   <trkpt lat="46.3418710" lon="12.8910060">
    <ele>747.5</ele>
    <time>2023-11-04T11:55:37Z</time>
   </trkpt>
   <trkpt lat="46.3418700" lon="12.8910090">
    <ele>747.5</ele>
    <time>2023-11-04T11:55:39Z</time>
   </trkpt>
   <trkpt lat="46.3418680" lon="12.8910110">
    <ele>747.4</ele>
    <time>2023-11-04T11:55:40Z</time>
   </trkpt>
   <trkpt lat="46.3418670" lon="12.8910120">
    <ele>747.4</ele>
    <time>2023-11-04T11:55:41Z</time>
   </trkpt>
   <trkpt lat="46.3418670" lon="12.8910140">
    <ele>747.4</ele>
    <time>2023-11-04T11:55:42Z</time>
   </trkpt>
   <trkpt lat="46.3418670" lon="12.8910150">
    <ele>747.4</ele>
    <time>2023-11-04T11:55:43Z</time>
   </trkpt>
   <trkpt lat="46.3418670" lon="12.8910150">
    <ele>747.4</ele>
    <time>2023-11-04T11:55:44Z</time>
   </trkpt>
   <trkpt lat="46.3418670" lon="12.8910150">
    <ele>747.4</ele>
    <time>2023-11-04T11:55:46Z</time>
   </trkpt>
   <trkpt lat="46.3418680" lon="12.8910160">
    <ele>747.4</ele>
    <time>2023-11-04T11:55:47Z</time>
   </trkpt>
   <trkpt lat="46.3418680" lon="12.8910160">
    <ele>747.4</ele>
    <time>2023-11-04T11:55:49Z</time>
   </trkpt>
   <trkpt lat="46.3418680" lon="12.8910160">
    <ele>747.4</ele>
    <time>2023-11-04T11:55:50Z</time>
   </trkpt>
   <trkpt lat="46.3418680" lon="12.8910160">
    <ele>747.4</ele>
    <time>2023-11-04T11:55:51Z</time>
   </trkpt>
   <trkpt lat="46.3418680" lon="12.8910160">
    <ele>747.4</ele>
    <time>2023-11-04T11:55:53Z</time>
   </trkpt>
   <trkpt lat="46.3418680" lon="12.8910150">
    <ele>747.4</ele>
    <time>2023-11-04T11:55:54Z</time>
   </trkpt>
   <trkpt lat="46.3418680" lon="12.8910150">
    <ele>747.4</ele>
    <time>2023-11-04T11:55:55Z</time>
   </trkpt>
   <trkpt lat="46.3418680" lon="12.8910150">
    <ele>747.4</ele>
    <time>2023-11-04T11:55:56Z</time>
   </trkpt>
   <trkpt lat="46.3418680" lon="12.8910150">
    <ele>747.4</ele>
    <time>2023-11-04T11:55:57Z</time>
   </trkpt>
   <trkpt lat="46.3418680" lon="12.8910150">
    <ele>747.4</ele>
    <time>2023-11-04T11:55:58Z</time>
   </trkpt>
   <trkpt lat="46.3418760" lon="12.8910240">
    <ele>747.4</ele>
    <time>2023-11-04T11:56:00Z</time>
   </trkpt>
   <trkpt lat="46.3418780" lon="12.8910280">
    <ele>747.4</ele>
    <time>2023-11-04T11:56:01Z</time>
   </trkpt>
   <trkpt lat="46.3418710" lon="12.8910180">
    <ele>747.4</ele>
    <time>2023-11-04T11:56:02Z</time>
   </trkpt>
   <trkpt lat="46.3418600" lon="12.8910050">
    <ele>747.3</ele>
    <time>2023-11-04T11:56:04Z</time>
   </trkpt>
   <trkpt lat="46.3418480" lon="12.8909920">
    <ele>747.3</ele>
    <time>2023-11-04T11:56:05Z</time>
   </trkpt>
   <trkpt lat="46.3418340" lon="12.8909810">
    <ele>747.3</ele>
    <time>2023-11-04T11:56:06Z</time>
   </trkpt>
   <trkpt lat="46.3418160" lon="12.8909690">
    <ele>747.2</ele>
    <time>2023-11-04T11:56:07Z</time>
   </trkpt>
   <trkpt lat="46.3417860" lon="12.8909480">
    <ele>747.1</ele>
    <time>2023-11-04T11:56:08Z</time>
   </trkpt>
   <trkpt lat="46.3417780" lon="12.8909440">
    <ele>747.1</ele>
    <time>2023-11-04T11:56:09Z</time>
   </trkpt>
   <trkpt lat="46.3417670" lon="12.8909400">
    <ele>747.1</ele>
    <time>2023-11-04T11:56:10Z</time>
   </trkpt>
   <trkpt lat="46.3417590" lon="12.8909350">
    <ele>747.1</ele>
    <time>2023-11-04T11:56:11Z</time>
   </trkpt>
   <trkpt lat="46.3417530" lon="12.8909310">
    <ele>747.1</ele>
    <time>2023-11-04T11:56:12Z</time>
   </trkpt>
   <trkpt lat="46.3417500" lon="12.8909260">
    <ele>747.0</ele>
    <time>2023-11-04T11:56:13Z</time>
   </trkpt>
   <trkpt lat="46.3417500" lon="12.8909190">
    <ele>747.0</ele>
    <time>2023-11-04T11:56:14Z</time>
   </trkpt>
   <trkpt lat="46.3417490" lon="12.8909080">
    <ele>747.0</ele>
    <time>2023-11-04T11:56:15Z</time>
   </trkpt>
   <trkpt lat="46.3417440" lon="12.8908970">
    <ele>747.0</ele>
    <time>2023-11-04T11:56:16Z</time>
   </trkpt>
   <trkpt lat="46.3417380" lon="12.8908870">
    <ele>747.0</ele>
    <time>2023-11-04T11:56:17Z</time>
   </trkpt>
   <trkpt lat="46.3417260" lon="12.8908630">
    <ele>747.0</ele>
    <time>2023-11-04T11:56:18Z</time>
   </trkpt>
   <trkpt lat="46.3417220" lon="12.8908530">
    <ele>747.0</ele>
    <time>2023-11-04T11:56:19Z</time>
   </trkpt>
   <trkpt lat="46.3417180" lon="12.8908420">
    <ele>747.0</ele>
    <time>2023-11-04T11:56:20Z</time>
   </trkpt>
   <trkpt lat="46.3417110" lon="12.8908360">
    <ele>747.1</ele>
    <time>2023-11-04T11:56:21Z</time>
   </trkpt>
   <trkpt lat="46.3417000" lon="12.8908400">
    <ele>747.1</ele>
    <time>2023-11-04T11:56:22Z</time>
   </trkpt>
   <trkpt lat="46.3417050" lon="12.8908660">
    <ele>747.1</ele>
    <time>2023-11-04T11:56:23Z</time>
   </trkpt>
   <trkpt lat="46.3417120" lon="12.8908870">
    <ele>747.1</ele>
    <time>2023-11-04T11:56:24Z</time>
   </trkpt>
   <trkpt lat="46.3417180" lon="12.8909010">
    <ele>747.1</ele>
    <time>2023-11-04T11:56:25Z</time>
   </trkpt>
   <trkpt lat="46.3417220" lon="12.8909100">
    <ele>747.1</ele>
    <time>2023-11-04T11:56:26Z</time>
   </trkpt>
   <trkpt lat="46.3417250" lon="12.8909140">
    <ele>747.2</ele>
    <time>2023-11-04T11:56:27Z</time>
   </trkpt>
   <trkpt lat="46.3417270" lon="12.8909160">
    <ele>747.2</ele>
    <time>2023-11-04T11:56:28Z</time>
   </trkpt>
   <trkpt lat="46.3417280" lon="12.8909160">
    <ele>747.2</ele>
    <time>2023-11-04T11:56:29Z</time>
   </trkpt>
   <trkpt lat="46.3417280" lon="12.8909160">
    <ele>747.2</ele>
    <time>2023-11-04T11:56:30Z</time>
   </trkpt>
   <trkpt lat="46.3417300" lon="12.8909120">
    <ele>747.2</ele>
    <time>2023-11-04T11:56:31Z</time>
   </trkpt>
   <trkpt lat="46.3417330" lon="12.8909010">
    <ele>747.2</ele>
    <time>2023-11-04T11:56:32Z</time>
   </trkpt>
   <trkpt lat="46.3417340" lon="12.8908930">
    <ele>747.2</ele>
    <time>2023-11-04T11:56:33Z</time>
   </trkpt>
   <trkpt lat="46.3417350" lon="12.8908880">
    <ele>747.2</ele>
    <time>2023-11-04T11:56:34Z</time>
   </trkpt>
   <trkpt lat="46.3417360" lon="12.8908860">
    <ele>747.2</ele>
    <time>2023-11-04T11:56:35Z</time>
   </trkpt>
   <trkpt lat="46.3417360" lon="12.8908850">
    <ele>747.2</ele>
    <time>2023-11-04T11:56:36Z</time>
   </trkpt>
   <trkpt lat="46.3417360" lon="12.8908850">
    <ele>747.2</ele>
    <time>2023-11-04T11:56:37Z</time>
   </trkpt>
   <trkpt lat="46.3417360" lon="12.8908840">
    <ele>747.2</ele>
    <time>2023-11-04T11:56:38Z</time>
   </trkpt>
   <trkpt lat="46.3417360" lon="12.8908840">
    <ele>747.2</ele>
    <time>2023-11-04T11:56:39Z</time>
   </trkpt>
   <trkpt lat="46.3417360" lon="12.8908840">
    <ele>747.2</ele>
    <time>2023-11-04T11:56:40Z</time>
   </trkpt>
   <trkpt lat="46.3417360" lon="12.8908840">
    <ele>747.2</ele>
    <time>2023-11-04T11:56:41Z</time>
   </trkpt>
   <trkpt lat="46.3417320" lon="12.8908860">
    <ele>747.2</ele>
    <time>2023-11-04T11:56:42Z</time>
   </trkpt>
   <trkpt lat="46.3417290" lon="12.8908880">
    <ele>747.2</ele>
    <time>2023-11-04T11:56:43Z</time>
   </trkpt>
   <trkpt lat="46.3417250" lon="12.8908900">
    <ele>747.2</ele>
    <time>2023-11-04T11:56:44Z</time>
   </trkpt>
   <trkpt lat="46.3417220" lon="12.8908900">
    <ele>747.2</ele>
    <time>2023-11-04T11:56:45Z</time>
   </trkpt>
   <trkpt lat="46.3417200" lon="12.8908900">
    <ele>747.2</ele>
    <time>2023-11-04T11:56:46Z</time>
   </trkpt>
   <trkpt lat="46.3417190" lon="12.8908900">
    <ele>747.2</ele>
    <time>2023-11-04T11:56:47Z</time>
   </trkpt>
   <trkpt lat="46.3417190" lon="12.8908900">
    <ele>747.2</ele>
    <time>2023-11-04T11:56:48Z</time>
   </trkpt>
   <trkpt lat="46.3417190" lon="12.8908900">
    <ele>747.2</ele>
    <time>2023-11-04T11:56:49Z</time>
   </trkpt>
   <trkpt lat="46.3417190" lon="12.8908890">
    <ele>747.2</ele>
    <time>2023-11-04T11:56:50Z</time>
   </trkpt>
   <trkpt lat="46.3417190" lon="12.8908890">
    <ele>747.2</ele>
    <time>2023-11-04T11:56:51Z</time>
   </trkpt>
   <trkpt lat="46.3417190" lon="12.8908890">
    <ele>747.2</ele>
    <time>2023-11-04T11:56:52Z</time>
   </trkpt>
   <trkpt lat="46.3417200" lon="12.8908890">
    <ele>747.2</ele>
    <time>2023-11-04T11:56:53Z</time>
   </trkpt>
   <trkpt lat="46.3417200" lon="12.8908890">
    <ele>747.2</ele>
    <time>2023-11-04T11:56:54Z</time>
   </trkpt>
   <trkpt lat="46.3417200" lon="12.8908890">
    <ele>747.2</ele>
    <time>2023-11-04T11:56:55Z</time>
   </trkpt>
   <trkpt lat="46.3417200" lon="12.8908890">
    <ele>747.2</ele>
    <time>2023-11-04T11:56:56Z</time>
   </trkpt>
   <trkpt lat="46.3417200" lon="12.8908890">
    <ele>747.2</ele>
    <time>2023-11-04T11:56:57Z</time>
   </trkpt>
   <trkpt lat="46.3417210" lon="12.8908900">
    <ele>747.2</ele>
    <time>2023-11-04T11:56:58Z</time>
   </trkpt>
   <trkpt lat="46.3417210" lon="12.8908900">
    <ele>747.2</ele>
    <time>2023-11-04T11:56:59Z</time>
   </trkpt>
   <trkpt lat="46.3417190" lon="12.8908750">
    <ele>747.2</ele>
    <time>2023-11-04T11:57:00Z</time>
   </trkpt>
   <trkpt lat="46.3417150" lon="12.8908630">
    <ele>747.2</ele>
    <time>2023-11-04T11:57:01Z</time>
   </trkpt>
   <trkpt lat="46.3417140" lon="12.8908560">
    <ele>747.3</ele>
    <time>2023-11-04T11:57:02Z</time>
   </trkpt>
   <trkpt lat="46.3417150" lon="12.8908490">
    <ele>747.3</ele>
    <time>2023-11-04T11:57:03Z</time>
   </trkpt>
   <trkpt lat="46.3417160" lon="12.8908450">
    <ele>747.3</ele>
    <time>2023-11-04T11:57:04Z</time>
   </trkpt>
   <trkpt lat="46.3417140" lon="12.8908400">
    <ele>747.3</ele>
    <time>2023-11-04T11:57:05Z</time>
   </trkpt>
   <trkpt lat="46.3417100" lon="12.8908370">
    <ele>747.3</ele>
    <time>2023-11-04T11:57:06Z</time>
   </trkpt>
   <trkpt lat="46.3417080" lon="12.8908370">
    <ele>747.3</ele>
    <time>2023-11-04T11:57:07Z</time>
   </trkpt>
   <trkpt lat="46.3417080" lon="12.8908390">
    <ele>747.3</ele>
    <time>2023-11-04T11:57:08Z</time>
   </trkpt>
   <trkpt lat="46.3417080" lon="12.8908420">
    <ele>747.3</ele>
    <time>2023-11-04T11:57:09Z</time>
   </trkpt>
   <trkpt lat="46.3417080" lon="12.8908450">
    <ele>747.3</ele>
    <time>2023-11-04T11:57:10Z</time>
   </trkpt>
   <trkpt lat="46.3417090" lon="12.8908490">
    <ele>747.3</ele>
    <time>2023-11-04T11:57:11Z</time>
   </trkpt>
   <trkpt lat="46.3417100" lon="12.8908520">
    <ele>747.3</ele>
    <time>2023-11-04T11:57:12Z</time>
   </trkpt>
   <trkpt lat="46.3417110" lon="12.8908540">
    <ele>747.3</ele>
    <time>2023-11-04T11:57:13Z</time>
   </trkpt>
   <trkpt lat="46.3417120" lon="12.8908560">
    <ele>747.3</ele>
    <time>2023-11-04T11:57:14Z</time>
   </trkpt>
   <trkpt lat="46.3417120" lon="12.8908570">
    <ele>747.3</ele>
    <time>2023-11-04T11:57:15Z</time>
   </trkpt>
   <trkpt lat="46.3417130" lon="12.8908580">
    <ele>747.3</ele>
    <time>2023-11-04T11:57:16Z</time>
   </trkpt>
   <trkpt lat="46.3417130" lon="12.8908580">
    <ele>747.3</ele>
    <time>2023-11-04T11:57:17Z</time>
   </trkpt>
   <trkpt lat="46.3417130" lon="12.8908580">
    <ele>747.3</ele>
    <time>2023-11-04T11:57:18Z</time>
   </trkpt>
   <trkpt lat="46.3417130" lon="12.8908580">
    <ele>747.3</ele>
    <time>2023-11-04T11:57:19Z</time>
   </trkpt>
   <trkpt lat="46.3417130" lon="12.8908580">
    <ele>747.3</ele>
    <time>2023-11-04T11:57:20Z</time>
   </trkpt>
   <trkpt lat="46.3417130" lon="12.8908580">
    <ele>747.3</ele>
    <time>2023-11-04T11:57:21Z</time>
   </trkpt>
   <trkpt lat="46.3417130" lon="12.8908580">
    <ele>747.3</ele>
    <time>2023-11-04T11:57:22Z</time>
   </trkpt>
   <trkpt lat="46.3417130" lon="12.8908580">
    <ele>747.3</ele>
    <time>2023-11-04T11:57:23Z</time>
   </trkpt>
   <trkpt lat="46.3417120" lon="12.8908570">
    <ele>747.3</ele>
    <time>2023-11-04T11:57:24Z</time>
   </trkpt>
   <trkpt lat="46.3417120" lon="12.8908590">
    <ele>747.3</ele>
    <time>2023-11-04T11:57:25Z</time>
   </trkpt>
   <trkpt lat="46.3417110" lon="12.8908630">
    <ele>747.3</ele>
    <time>2023-11-04T11:57:26Z</time>
   </trkpt>
   <trkpt lat="46.3417130" lon="12.8908700">
    <ele>747.3</ele>
    <time>2023-11-04T11:57:27Z</time>
   </trkpt>
   <trkpt lat="46.3417130" lon="12.8908800">
    <ele>747.3</ele>
    <time>2023-11-04T11:57:28Z</time>
   </trkpt>
   <trkpt lat="46.3417120" lon="12.8908870">
    <ele>747.3</ele>
    <time>2023-11-04T11:57:29Z</time>
   </trkpt>
   <trkpt lat="46.3417140" lon="12.8908880">
    <ele>747.3</ele>
    <time>2023-11-04T11:57:30Z</time>
   </trkpt>
   <trkpt lat="46.3417170" lon="12.8908910">
    <ele>747.3</ele>
    <time>2023-11-04T11:57:31Z</time>
   </trkpt>
   <trkpt lat="46.3417200" lon="12.8908930">
    <ele>747.3</ele>
    <time>2023-11-04T11:57:32Z</time>
   </trkpt>
   <trkpt lat="46.3417220" lon="12.8908940">
    <ele>747.3</ele>
    <time>2023-11-04T11:57:33Z</time>
   </trkpt>
   <trkpt lat="46.3417230" lon="12.8908920">
    <ele>747.3</ele>
    <time>2023-11-04T11:57:34Z</time>
   </trkpt>
   <trkpt lat="46.3417200" lon="12.8908940">
    <ele>747.4</ele>
    <time>2023-11-04T11:57:35Z</time>
   </trkpt>
   <trkpt lat="46.3417180" lon="12.8908990">
    <ele>747.4</ele>
    <time>2023-11-04T11:57:36Z</time>
   </trkpt>
   <trkpt lat="46.3417180" lon="12.8909040">
    <ele>747.4</ele>
    <time>2023-11-04T11:57:37Z</time>
   </trkpt>
   <trkpt lat="46.3417180" lon="12.8909090">
    <ele>747.4</ele>
    <time>2023-11-04T11:57:38Z</time>
   </trkpt>
   <trkpt lat="46.3417190" lon="12.8909120">
    <ele>747.4</ele>
    <time>2023-11-04T11:57:39Z</time>
   </trkpt>
   <trkpt lat="46.3417200" lon="12.8909130">
    <ele>747.4</ele>
    <time>2023-11-04T11:57:40Z</time>
   </trkpt>
   <trkpt lat="46.3417220" lon="12.8909120">
    <ele>747.4</ele>
    <time>2023-11-04T11:57:41Z</time>
   </trkpt>
   <trkpt lat="46.3417240" lon="12.8909120">
    <ele>747.4</ele>
    <time>2023-11-04T11:57:42Z</time>
   </trkpt>
   <trkpt lat="46.3417240" lon="12.8909080">
    <ele>747.4</ele>
    <time>2023-11-04T11:57:43Z</time>
   </trkpt>
   <trkpt lat="46.3417220" lon="12.8909090">
    <ele>747.4</ele>
    <time>2023-11-04T11:57:44Z</time>
   </trkpt>
   <trkpt lat="46.3417220" lon="12.8909090">
    <ele>747.4</ele>
    <time>2023-11-04T11:57:45Z</time>
   </trkpt>
   <trkpt lat="46.3417200" lon="12.8909080">
    <ele>747.4</ele>
    <time>2023-11-04T11:57:46Z</time>
   </trkpt>
   <trkpt lat="46.3417190" lon="12.8909070">
    <ele>747.4</ele>
    <time>2023-11-04T11:57:47Z</time>
   </trkpt>
   <trkpt lat="46.3417180" lon="12.8909060">
    <ele>747.4</ele>
    <time>2023-11-04T11:57:48Z</time>
   </trkpt>
   <trkpt lat="46.3417170" lon="12.8909060">
    <ele>747.4</ele>
    <time>2023-11-04T11:57:49Z</time>
   </trkpt>
   <trkpt lat="46.3417170" lon="12.8909060">
    <ele>747.4</ele>
    <time>2023-11-04T11:57:50Z</time>
   </trkpt>
   <trkpt lat="46.3417160" lon="12.8909030">
    <ele>747.4</ele>
    <time>2023-11-04T11:57:51Z</time>
   </trkpt>
   <trkpt lat="46.3417130" lon="12.8909020">
    <ele>747.4</ele>
    <time>2023-11-04T11:57:52Z</time>
   </trkpt>
   <trkpt lat="46.3417110" lon="12.8909010">
    <ele>747.4</ele>
    <time>2023-11-04T11:57:53Z</time>
   </trkpt>
   <trkpt lat="46.3417100" lon="12.8909010">
    <ele>747.4</ele>
    <time>2023-11-04T11:57:54Z</time>
   </trkpt>
   <trkpt lat="46.3417090" lon="12.8909010">
    <ele>747.4</ele>
    <time>2023-11-04T11:57:55Z</time>
   </trkpt>
   <trkpt lat="46.3417080" lon="12.8909010">
    <ele>747.4</ele>
    <time>2023-11-04T11:57:56Z</time>
   </trkpt>
   <trkpt lat="46.3417100" lon="12.8909000">
    <ele>747.4</ele>
    <time>2023-11-04T11:57:57Z</time>
   </trkpt>
   <trkpt lat="46.3417150" lon="12.8908910">
    <ele>747.4</ele>
    <time>2023-11-04T11:57:58Z</time>
   </trkpt>
   <trkpt lat="46.3417170" lon="12.8908850">
    <ele>747.4</ele>
    <time>2023-11-04T11:57:59Z</time>
   </trkpt>
   <trkpt lat="46.3417190" lon="12.8908790">
    <ele>747.4</ele>
    <time>2023-11-04T11:58:00Z</time>
   </trkpt>
   <trkpt lat="46.3417210" lon="12.8908740">
    <ele>747.4</ele>
    <time>2023-11-04T11:58:01Z</time>
   </trkpt>
   <trkpt lat="46.3417240" lon="12.8908680">
    <ele>747.4</ele>
    <time>2023-11-04T11:58:02Z</time>
   </trkpt>
   <trkpt lat="46.3417270" lon="12.8908580">
    <ele>747.5</ele>
    <time>2023-11-04T11:58:03Z</time>
   </trkpt>
   <trkpt lat="46.3417270" lon="12.8908500">
    <ele>747.5</ele>
    <time>2023-11-04T11:58:04Z</time>
   </trkpt>
   <trkpt lat="46.3417280" lon="12.8908440">
    <ele>747.5</ele>
    <time>2023-11-04T11:58:05Z</time>
   </trkpt>
   <trkpt lat="46.3417330" lon="12.8908450">
    <ele>747.5</ele>
    <time>2023-11-04T11:58:06Z</time>
   </trkpt>
   <trkpt lat="46.3417420" lon="12.8908520">
    <ele>747.5</ele>
    <time>2023-11-04T11:58:07Z</time>
   </trkpt>
   <trkpt lat="46.3417450" lon="12.8908610">
    <ele>747.5</ele>
    <time>2023-11-04T11:58:08Z</time>
   </trkpt>
   <trkpt lat="46.3417430" lon="12.8908670">
    <ele>747.5</ele>
    <time>2023-11-04T11:58:09Z</time>
   </trkpt>
   <trkpt lat="46.3417410" lon="12.8908700">
    <ele>747.5</ele>
    <time>2023-11-04T11:58:10Z</time>
   </trkpt>
   <trkpt lat="46.3417370" lon="12.8908680">
    <ele>747.5</ele>
    <time>2023-11-04T11:58:11Z</time>
   </trkpt>
   <trkpt lat="46.3417330" lon="12.8908650">
    <ele>747.5</ele>
    <time>2023-11-04T11:58:12Z</time>
   </trkpt>
   <trkpt lat="46.3417300" lon="12.8908620">
    <ele>747.5</ele>
    <time>2023-11-04T11:58:13Z</time>
   </trkpt>
   <trkpt lat="46.3417270" lon="12.8908660">
    <ele>747.5</ele>
    <time>2023-11-04T11:58:14Z</time>
   </trkpt>
   <trkpt lat="46.3417260" lon="12.8908710">
    <ele>747.5</ele>
    <time>2023-11-04T11:58:15Z</time>
   </trkpt>
   <trkpt lat="46.3417330" lon="12.8908760">
    <ele>747.5</ele>
    <time>2023-11-04T11:58:16Z</time>
   </trkpt>
   <trkpt lat="46.3417450" lon="12.8908770">
    <ele>747.6</ele>
    <time>2023-11-04T11:58:17Z</time>
   </trkpt>
   <trkpt lat="46.3417540" lon="12.8908720">
    <ele>747.6</ele>
    <time>2023-11-04T11:58:18Z</time>
   </trkpt>
   <trkpt lat="46.3417600" lon="12.8908640">
    <ele>747.6</ele>
    <time>2023-11-04T11:58:19Z</time>
   </trkpt>
   <trkpt lat="46.3417650" lon="12.8908550">
    <ele>747.6</ele>
    <time>2023-11-04T11:58:20Z</time>
   </trkpt>
   <trkpt lat="46.3417690" lon="12.8908460">
    <ele>747.6</ele>
    <time>2023-11-04T11:58:21Z</time>
   </trkpt>
   <trkpt lat="46.3417720" lon="12.8908370">
    <ele>747.6</ele>
    <time>2023-11-04T11:58:22Z</time>
   </trkpt>
   <trkpt lat="46.3417710" lon="12.8908070">
    <ele>747.6</ele>
    <time>2023-11-04T11:58:23Z</time>
   </trkpt>
   <trkpt lat="46.3417670" lon="12.8907890">
    <ele>747.7</ele>
    <time>2023-11-04T11:58:24Z</time>
   </trkpt>
   <trkpt lat="46.3417580" lon="12.8907790">
    <ele>747.7</ele>
    <time>2023-11-04T11:58:26Z</time>
   </trkpt>
   <trkpt lat="46.3417540" lon="12.8907810">
    <ele>747.7</ele>
    <time>2023-11-04T11:58:27Z</time>
   </trkpt>
   <trkpt lat="46.3417520" lon="12.8907840">
    <ele>747.7</ele>
    <time>2023-11-04T11:58:29Z</time>
   </trkpt>
   <trkpt lat="46.3417510" lon="12.8907860">
    <ele>747.7</ele>
    <time>2023-11-04T11:58:30Z</time>
   </trkpt>
   <trkpt lat="46.3417510" lon="12.8907880">
    <ele>747.7</ele>
    <time>2023-11-04T11:58:31Z</time>
   </trkpt>
   <trkpt lat="46.3417490" lon="12.8907790">
    <ele>747.7</ele>
    <time>2023-11-04T11:58:32Z</time>
   </trkpt>
   <trkpt lat="46.3417490" lon="12.8907700">
    <ele>747.7</ele>
    <time>2023-11-04T11:58:33Z</time>
   </trkpt>
   <trkpt lat="46.3417480" lon="12.8907600">
    <ele>747.7</ele>
    <time>2023-11-04T11:58:34Z</time>
   </trkpt>
   <trkpt lat="46.3417480" lon="12.8907400">
    <ele>747.7</ele>
    <time>2023-11-04T11:58:35Z</time>
   </trkpt>
   <trkpt lat="46.3417490" lon="12.8907310">
    <ele>747.7</ele>
    <time>2023-11-04T11:58:37Z</time>
   </trkpt>
   <trkpt lat="46.3417500" lon="12.8907260">
    <ele>747.8</ele>
    <time>2023-11-04T11:58:38Z</time>
   </trkpt>
   <trkpt lat="46.3417500" lon="12.8907220">
    <ele>747.8</ele>
    <time>2023-11-04T11:58:39Z</time>
   </trkpt>
   <trkpt lat="46.3417500" lon="12.8907230">
    <ele>747.8</ele>
    <time>2023-11-04T11:58:41Z</time>
   </trkpt>
   <trkpt lat="46.3417490" lon="12.8907240">
    <ele>747.8</ele>
    <time>2023-11-04T11:58:43Z</time>
   </trkpt>
   <trkpt lat="46.3417430" lon="12.8907200">
    <ele>747.8</ele>
    <time>2023-11-04T11:58:45Z</time>
   </trkpt>
   <trkpt lat="46.3417340" lon="12.8907150">
    <ele>747.8</ele>
    <time>2023-11-04T11:58:46Z</time>
   </trkpt>
   <trkpt lat="46.3417250" lon="12.8907080">
    <ele>747.8</ele>
    <time>2023-11-04T11:58:47Z</time>
   </trkpt>
   <trkpt lat="46.3417160" lon="12.8907010">
    <ele>747.8</ele>
    <time>2023-11-04T11:58:48Z</time>
   </trkpt>
   <trkpt lat="46.3417060" lon="12.8906960">
    <ele>747.8</ele>
    <time>2023-11-04T11:58:49Z</time>
   </trkpt>
   <trkpt lat="46.3416960" lon="12.8906900">
    <ele>747.8</ele>
    <time>2023-11-04T11:58:50Z</time>
   </trkpt>
   <trkpt lat="46.3416870" lon="12.8906830">
    <ele>747.9</ele>
    <time>2023-11-04T11:58:51Z</time>
   </trkpt>
   <trkpt lat="46.3416780" lon="12.8906700">
    <ele>747.9</ele>
    <time>2023-11-04T11:58:52Z</time>
   </trkpt>
   <trkpt lat="46.3416760" lon="12.8906670">
    <ele>747.9</ele>
    <time>2023-11-04T11:58:54Z</time>
   </trkpt>
   <trkpt lat="46.3416760" lon="12.8906660">
    <ele>747.9</ele>
    <time>2023-11-04T11:58:55Z</time>
   </trkpt>
   <trkpt lat="46.3416770" lon="12.8906650">
    <ele>747.9</ele>
    <time>2023-11-04T11:58:56Z</time>
   </trkpt>
   <trkpt lat="46.3416770" lon="12.8906650">
    <ele>747.9</ele>
    <time>2023-11-04T11:58:57Z</time>
   </trkpt>
   <trkpt lat="46.3416780" lon="12.8906660">
    <ele>747.9</ele>
    <time>2023-11-04T11:58:58Z</time>
   </trkpt>
   <trkpt lat="46.3416780" lon="12.8906660">
    <ele>747.9</ele>
    <time>2023-11-04T11:58:59Z</time>
   </trkpt>
   <trkpt lat="46.3416790" lon="12.8906660">
    <ele>747.9</ele>
    <time>2023-11-04T11:59:00Z</time>
   </trkpt>
   <trkpt lat="46.3416790" lon="12.8906660">
    <ele>747.9</ele>
    <time>2023-11-04T11:59:01Z</time>
   </trkpt>
   <trkpt lat="46.3416790" lon="12.8906660">
    <ele>747.9</ele>
    <time>2023-11-04T11:59:02Z</time>
   </trkpt>
   <trkpt lat="46.3416790" lon="12.8906670">
    <ele>747.9</ele>
    <time>2023-11-04T11:59:03Z</time>
   </trkpt>
   <trkpt lat="46.3416790" lon="12.8906650">
    <ele>747.9</ele>
    <time>2023-11-04T11:59:04Z</time>
   </trkpt>
   <trkpt lat="46.3416810" lon="12.8906640">
    <ele>747.9</ele>
    <time>2023-11-04T11:59:05Z</time>
   </trkpt>
   <trkpt lat="46.3416820" lon="12.8906650">
    <ele>747.9</ele>
    <time>2023-11-04T11:59:07Z</time>
   </trkpt>
   <trkpt lat="46.3416850" lon="12.8906640">
    <ele>747.9</ele>
    <time>2023-11-04T11:59:08Z</time>
   </trkpt>
   <trkpt lat="46.3416860" lon="12.8906630">
    <ele>747.9</ele>
    <time>2023-11-04T11:59:09Z</time>
   </trkpt>
   <trkpt lat="46.3416870" lon="12.8906650">
    <ele>747.9</ele>
    <time>2023-11-04T11:59:10Z</time>
   </trkpt>
   <trkpt lat="46.3416860" lon="12.8906670">
    <ele>747.9</ele>
    <time>2023-11-04T11:59:11Z</time>
   </trkpt>
   <trkpt lat="46.3416860" lon="12.8906680">
    <ele>747.9</ele>
    <time>2023-11-04T11:59:12Z</time>
   </trkpt>
   <trkpt lat="46.3416860" lon="12.8906660">
    <ele>747.9</ele>
    <time>2023-11-04T11:59:13Z</time>
   </trkpt>
   <trkpt lat="46.3416870" lon="12.8906650">
    <ele>747.9</ele>
    <time>2023-11-04T11:59:14Z</time>
   </trkpt>
   <trkpt lat="46.3416870" lon="12.8906620">
    <ele>747.9</ele>
    <time>2023-11-04T11:59:15Z</time>
   </trkpt>
   <trkpt lat="46.3416860" lon="12.8906600">
    <ele>747.9</ele>
    <time>2023-11-04T11:59:16Z</time>
   </trkpt>
   <trkpt lat="46.3416860" lon="12.8906590">
    <ele>747.9</ele>
    <time>2023-11-04T11:59:17Z</time>
   </trkpt>
   <trkpt lat="46.3416850" lon="12.8906590">
    <ele>747.9</ele>
    <time>2023-11-04T11:59:18Z</time>
   </trkpt>
   <trkpt lat="46.3416850" lon="12.8906590">
    <ele>747.9</ele>
    <time>2023-11-04T11:59:19Z</time>
   </trkpt>
   <trkpt lat="46.3416850" lon="12.8906590">
    <ele>747.9</ele>
    <time>2023-11-04T11:59:20Z</time>
   </trkpt>
   <trkpt lat="46.3416850" lon="12.8906590">
    <ele>747.9</ele>
    <time>2023-11-04T11:59:21Z</time>
   </trkpt>
   <trkpt lat="46.3416850" lon="12.8906590">
    <ele>747.9</ele>
    <time>2023-11-04T11:59:22Z</time>
   </trkpt>
   <trkpt lat="46.3416820" lon="12.8906570">
    <ele>747.9</ele>
    <time>2023-11-04T11:59:23Z</time>
   </trkpt>
   <trkpt lat="46.3416800" lon="12.8906550">
    <ele>747.9</ele>
    <time>2023-11-04T11:59:24Z</time>
   </trkpt>
   <trkpt lat="46.3416790" lon="12.8906540">
    <ele>747.9</ele>
    <time>2023-11-04T11:59:25Z</time>
   </trkpt>
   <trkpt lat="46.3416790" lon="12.8906540">
    <ele>747.9</ele>
    <time>2023-11-04T11:59:26Z</time>
   </trkpt>
   <trkpt lat="46.3416780" lon="12.8906540">
    <ele>747.9</ele>
    <time>2023-11-04T11:59:27Z</time>
   </trkpt>
   <trkpt lat="46.3416780" lon="12.8906540">
    <ele>747.9</ele>
    <time>2023-11-04T11:59:28Z</time>
   </trkpt>
   <trkpt lat="46.3416780" lon="12.8906540">
    <ele>747.9</ele>
    <time>2023-11-04T11:59:29Z</time>
   </trkpt>
   <trkpt lat="46.3416790" lon="12.8906540">
    <ele>747.9</ele>
    <time>2023-11-04T11:59:30Z</time>
   </trkpt>
   <trkpt lat="46.3416790" lon="12.8906540">
    <ele>747.9</ele>
    <time>2023-11-04T11:59:31Z</time>
   </trkpt>
   <trkpt lat="46.3416760" lon="12.8906540">
    <ele>747.9</ele>
    <time>2023-11-04T11:59:32Z</time>
   </trkpt>
   <trkpt lat="46.3416700" lon="12.8906520">
    <ele>747.9</ele>
    <time>2023-11-04T11:59:33Z</time>
   </trkpt>
   <trkpt lat="46.3416530" lon="12.8906380">
    <ele>748.0</ele>
    <time>2023-11-04T11:59:34Z</time>
   </trkpt>
   <trkpt lat="46.3416410" lon="12.8906270">
    <ele>748.0</ele>
    <time>2023-11-04T11:59:36Z</time>
   </trkpt>
   <trkpt lat="46.3416310" lon="12.8906200">
    <ele>748.0</ele>
    <time>2023-11-04T11:59:37Z</time>
   </trkpt>
   <trkpt lat="46.3416220" lon="12.8906160">
    <ele>748.0</ele>
    <time>2023-11-04T11:59:38Z</time>
   </trkpt>
   <trkpt lat="46.3416110" lon="12.8906150">
    <ele>748.0</ele>
    <time>2023-11-04T11:59:39Z</time>
   </trkpt>
   <trkpt lat="46.3416010" lon="12.8906200">
    <ele>748.0</ele>
    <time>2023-11-04T11:59:40Z</time>
   </trkpt>
   <trkpt lat="46.3416070" lon="12.8906210">
    <ele>748.0</ele>
    <time>2023-11-04T11:59:41Z</time>
   </trkpt>
   <trkpt lat="46.3416130" lon="12.8906260">
    <ele>748.1</ele>
    <time>2023-11-04T11:59:42Z</time>
   </trkpt>
   <trkpt lat="46.3416090" lon="12.8906370">
    <ele>748.1</ele>
    <time>2023-11-04T11:59:43Z</time>
   </trkpt>
   <trkpt lat="46.3415990" lon="12.8906470">
    <ele>748.1</ele>
    <time>2023-11-04T11:59:44Z</time>
   </trkpt>
   <trkpt lat="46.3415890" lon="12.8906470">
    <ele>748.1</ele>
    <time>2023-11-04T11:59:45Z</time>
   </trkpt>
   <trkpt lat="46.3415810" lon="12.8906430">
    <ele>748.1</ele>
    <time>2023-11-04T11:59:46Z</time>
   </trkpt>
   <trkpt lat="46.3415740" lon="12.8906390">
    <ele>748.1</ele>
    <time>2023-11-04T11:59:47Z</time>
   </trkpt>
   <trkpt lat="46.3415690" lon="12.8906340">
    <ele>748.1</ele>
    <time>2023-11-04T11:59:48Z</time>
   </trkpt>
   <trkpt lat="46.3415620" lon="12.8906280">
    <ele>748.1</ele>
    <time>2023-11-04T11:59:49Z</time>
   </trkpt>
   <trkpt lat="46.3415530" lon="12.8906230">
    <ele>748.2</ele>
    <time>2023-11-04T11:59:50Z</time>
   </trkpt>
   <trkpt lat="46.3415440" lon="12.8906190">
    <ele>748.2</ele>
    <time>2023-11-04T11:59:51Z</time>
   </trkpt>
   <trkpt lat="46.3415340" lon="12.8906140">
    <ele>748.2</ele>
    <time>2023-11-04T11:59:52Z</time>
   </trkpt>
   <trkpt lat="46.3415250" lon="12.8906100">
    <ele>748.2</ele>
    <time>2023-11-04T11:59:53Z</time>
   </trkpt>
   <trkpt lat="46.3415150" lon="12.8906030">
    <ele>748.2</ele>
    <time>2023-11-04T11:59:54Z</time>
   </trkpt>
   <trkpt lat="46.3415060" lon="12.8905960">
    <ele>748.2</ele>
    <time>2023-11-04T11:59:55Z</time>
   </trkpt>
   <trkpt lat="46.3414990" lon="12.8905950">
    <ele>748.2</ele>
    <time>2023-11-04T11:59:56Z</time>
   </trkpt>
   <trkpt lat="46.3414920" lon="12.8906020">
    <ele>748.2</ele>
    <time>2023-11-04T11:59:57Z</time>
   </trkpt>
   <trkpt lat="46.3414850" lon="12.8906110">
    <ele>748.3</ele>
    <time>2023-11-04T11:59:58Z</time>
   </trkpt>
   <trkpt lat="46.3414830" lon="12.8906130">
    <ele>748.3</ele>
    <time>2023-11-04T11:59:59Z</time>
   </trkpt>
   <trkpt lat="46.3414790" lon="12.8906170">
    <ele>748.3</ele>
    <time>2023-11-04T12:00:00Z</time>
   </trkpt>
   <trkpt lat="46.3414750" lon="12.8906220">
    <ele>748.3</ele>
    <time>2023-11-04T12:00:01Z</time>
   </trkpt>
   <trkpt lat="46.3414710" lon="12.8906290">
    <ele>748.3</ele>
    <time>2023-11-04T12:00:02Z</time>
   </trkpt>
   <trkpt lat="46.3414700" lon="12.8906340">
    <ele>748.3</ele>
    <time>2023-11-04T12:00:03Z</time>
   </trkpt>
   <trkpt lat="46.3414710" lon="12.8906360">
    <ele>748.3</ele>
    <time>2023-11-04T12:00:04Z</time>
   </trkpt>
   <trkpt lat="46.3414730" lon="12.8906360">
    <ele>748.3</ele>
    <time>2023-11-04T12:00:05Z</time>
   </trkpt>
   <trkpt lat="46.3414810" lon="12.8906360">
    <ele>748.3</ele>
    <time>2023-11-04T12:00:06Z</time>
   </trkpt>
   <trkpt lat="46.3414870" lon="12.8906350">
    <ele>748.3</ele>
    <time>2023-11-04T12:00:07Z</time>
   </trkpt>
   <trkpt lat="46.3414910" lon="12.8906350">
    <ele>748.3</ele>
    <time>2023-11-04T12:00:08Z</time>
   </trkpt>
   <trkpt lat="46.3414900" lon="12.8906300">
    <ele>748.3</ele>
    <time>2023-11-04T12:00:09Z</time>
   </trkpt>
   <trkpt lat="46.3414840" lon="12.8906180">
    <ele>748.3</ele>
    <time>2023-11-04T12:00:10Z</time>
   </trkpt>
   <trkpt lat="46.3414760" lon="12.8906070">
    <ele>748.3</ele>
    <time>2023-11-04T12:00:11Z</time>
   </trkpt>
   <trkpt lat="46.3414700" lon="12.8906000">
    <ele>748.4</ele>
    <time>2023-11-04T12:00:12Z</time>
   </trkpt>
   <trkpt lat="46.3414670" lon="12.8905980">
    <ele>748.4</ele>
    <time>2023-11-04T12:00:13Z</time>
   </trkpt>
   <trkpt lat="46.3414650" lon="12.8905990">
    <ele>748.4</ele>
    <time>2023-11-04T12:00:14Z</time>
   </trkpt>
   <trkpt lat="46.3414650" lon="12.8906050">
    <ele>748.4</ele>
    <time>2023-11-04T12:00:15Z</time>
   </trkpt>
   <trkpt lat="46.3414660" lon="12.8906070">
    <ele>748.4</ele>
    <time>2023-11-04T12:00:17Z</time>
   </trkpt>
   <trkpt lat="46.3414670" lon="12.8906100">
    <ele>748.4</ele>
    <time>2023-11-04T12:00:18Z</time>
   </trkpt>
   <trkpt lat="46.3414670" lon="12.8906110">
    <ele>748.4</ele>
    <time>2023-11-04T12:00:19Z</time>
   </trkpt>
   <trkpt lat="46.3414690" lon="12.8906130">
    <ele>748.4</ele>
    <time>2023-11-04T12:00:20Z</time>
   </trkpt>
   <trkpt lat="46.3414690" lon="12.8906130">
    <ele>748.4</ele>
    <time>2023-11-04T12:00:22Z</time>
   </trkpt>
   <trkpt lat="46.3414700" lon="12.8906130">
    <ele>748.4</ele>
    <time>2023-11-04T12:00:23Z</time>
   </trkpt>
   <trkpt lat="46.3414700" lon="12.8906130">
    <ele>748.4</ele>
    <time>2023-11-04T12:00:24Z</time>
   </trkpt>
   <trkpt lat="46.3414700" lon="12.8906130">
    <ele>748.4</ele>
    <time>2023-11-04T12:00:25Z</time>
   </trkpt>
   <trkpt lat="46.3414700" lon="12.8906130">
    <ele>748.4</ele>
    <time>2023-11-04T12:00:26Z</time>
   </trkpt>
   <trkpt lat="46.3414700" lon="12.8906130">
    <ele>748.4</ele>
    <time>2023-11-04T12:00:27Z</time>
   </trkpt>
   <trkpt lat="46.3414700" lon="12.8906130">
    <ele>748.4</ele>
    <time>2023-11-04T12:00:28Z</time>
   </trkpt>
   <trkpt lat="46.3414700" lon="12.8906130">
    <ele>748.4</ele>
    <time>2023-11-04T12:00:29Z</time>
   </trkpt>
   <trkpt lat="46.3414700" lon="12.8906130">
    <ele>748.4</ele>
    <time>2023-11-04T12:00:30Z</time>
   </trkpt>
   <trkpt lat="46.3414710" lon="12.8906130">
    <ele>748.4</ele>
    <time>2023-11-04T12:00:31Z</time>
   </trkpt>
   <trkpt lat="46.3414710" lon="12.8906130">
    <ele>748.4</ele>
    <time>2023-11-04T12:00:32Z</time>
   </trkpt>
   <trkpt lat="46.3414710" lon="12.8906130">
    <ele>748.4</ele>
    <time>2023-11-04T12:00:33Z</time>
   </trkpt>
   <trkpt lat="46.3414710" lon="12.8906130">
    <ele>748.4</ele>
    <time>2023-11-04T12:00:34Z</time>
   </trkpt>
   <trkpt lat="46.3414710" lon="12.8906130">
    <ele>748.4</ele>
    <time>2023-11-04T12:00:35Z</time>
   </trkpt>
   <trkpt lat="46.3414710" lon="12.8906130">
    <ele>748.4</ele>
    <time>2023-11-04T12:00:36Z</time>
   </trkpt>
   <trkpt lat="46.3414710" lon="12.8906130">
    <ele>748.4</ele>
    <time>2023-11-04T12:00:37Z</time>
   </trkpt>
   <trkpt lat="46.3414710" lon="12.8906130">
    <ele>748.4</ele>
    <time>2023-11-04T12:00:38Z</time>
   </trkpt>
   <trkpt lat="46.3414710" lon="12.8906130">
    <ele>748.4</ele>
    <time>2023-11-04T12:00:39Z</time>
   </trkpt>
   <trkpt lat="46.3414710" lon="12.8906140">
    <ele>748.4</ele>
    <time>2023-11-04T12:00:40Z</time>
   </trkpt>
   <trkpt lat="46.3414710" lon="12.8906140">
    <ele>748.4</ele>
    <time>2023-11-04T12:00:41Z</time>
   </trkpt>
   <trkpt lat="46.3414720" lon="12.8906060">
    <ele>748.4</ele>
    <time>2023-11-04T12:00:42Z</time>
   </trkpt>
   <trkpt lat="46.3414730" lon="12.8906050">
    <ele>748.4</ele>
    <time>2023-11-04T12:00:43Z</time>
   </trkpt>
   <trkpt lat="46.3414720" lon="12.8906080">
    <ele>748.4</ele>
    <time>2023-11-04T12:00:44Z</time>
   </trkpt>
   <trkpt lat="46.3414710" lon="12.8906100">
    <ele>748.4</ele>
    <time>2023-11-04T12:00:45Z</time>
   </trkpt>
   <trkpt lat="46.3414700" lon="12.8906120">
    <ele>748.4</ele>
    <time>2023-11-04T12:00:46Z</time>
   </trkpt>
   <trkpt lat="46.3414700" lon="12.8906140">
    <ele>748.4</ele>
    <time>2023-11-04T12:00:47Z</time>
   </trkpt>
   <trkpt lat="46.3414690" lon="12.8906150">
    <ele>748.4</ele>
    <time>2023-11-04T12:00:48Z</time>
   </trkpt>
   <trkpt lat="46.3414680" lon="12.8906160">
    <ele>748.4</ele>
    <time>2023-11-04T12:00:49Z</time>
   </trkpt>
   <trkpt lat="46.3414680" lon="12.8906160">
    <ele>748.4</ele>
    <time>2023-11-04T12:00:50Z</time>
   </trkpt>
   <trkpt lat="46.3414680" lon="12.8906160">
    <ele>748.4</ele>
    <time>2023-11-04T12:00:51Z</time>
   </trkpt>
   <trkpt lat="46.3414680" lon="12.8906160">
    <ele>748.4</ele>
    <time>2023-11-04T12:00:52Z</time>
   </trkpt>
   <trkpt lat="46.3414680" lon="12.8906160">
    <ele>748.4</ele>
    <time>2023-11-04T12:00:53Z</time>
   </trkpt>
   <trkpt lat="46.3414680" lon="12.8906160">
    <ele>748.4</ele>
    <time>2023-11-04T12:00:54Z</time>
   </trkpt>
   <trkpt lat="46.3414680" lon="12.8906160">
    <ele>748.4</ele>
    <time>2023-11-04T12:00:55Z</time>
   </trkpt>
   <trkpt lat="46.3414680" lon="12.8906160">
    <ele>748.4</ele>
    <time>2023-11-04T12:00:56Z</time>
   </trkpt>
   <trkpt lat="46.3414680" lon="12.8906140">
    <ele>748.4</ele>
    <time>2023-11-04T12:00:57Z</time>
   </trkpt>
   <trkpt lat="46.3414680" lon="12.8906130">
    <ele>748.4</ele>
    <time>2023-11-04T12:00:58Z</time>
   </trkpt>
   <trkpt lat="46.3414680" lon="12.8906130">
    <ele>748.4</ele>
    <time>2023-11-04T12:00:59Z</time>
   </trkpt>
   <trkpt lat="46.3414670" lon="12.8906130">
    <ele>748.4</ele>
    <time>2023-11-04T12:01:01Z</time>
   </trkpt>
   <trkpt lat="46.3414670" lon="12.8906130">
    <ele>748.4</ele>
    <time>2023-11-04T12:01:02Z</time>
   </trkpt>
   <trkpt lat="46.3414670" lon="12.8906130">
    <ele>748.4</ele>
    <time>2023-11-04T12:01:04Z</time>
   </trkpt>
   <trkpt lat="46.3414670" lon="12.8906130">
    <ele>748.4</ele>
    <time>2023-11-04T12:01:05Z</time>
   </trkpt>
   <trkpt lat="46.3414670" lon="12.8906140">
    <ele>748.4</ele>
    <time>2023-11-04T12:01:06Z</time>
   </trkpt>
   <trkpt lat="46.3414670" lon="12.8906130">
    <ele>748.4</ele>
    <time>2023-11-04T12:01:07Z</time>
   </trkpt>
   <trkpt lat="46.3414680" lon="12.8906130">
    <ele>748.4</ele>
    <time>2023-11-04T12:01:08Z</time>
   </trkpt>
   <trkpt lat="46.3414680" lon="12.8906130">
    <ele>748.4</ele>
    <time>2023-11-04T12:01:09Z</time>
   </trkpt>
   <trkpt lat="46.3414680" lon="12.8906130">
    <ele>748.4</ele>
    <time>2023-11-04T12:01:11Z</time>
   </trkpt>
   <trkpt lat="46.3414680" lon="12.8906130">
    <ele>748.4</ele>
    <time>2023-11-04T12:01:13Z</time>
   </trkpt>
   <trkpt lat="46.3414680" lon="12.8906130">
    <ele>748.4</ele>
    <time>2023-11-04T12:01:15Z</time>
   </trkpt>
   <trkpt lat="46.3414710" lon="12.8906110">
    <ele>748.4</ele>
    <time>2023-11-04T12:01:16Z</time>
   </trkpt>
   <trkpt lat="46.3414790" lon="12.8905990">
    <ele>748.4</ele>
    <time>2023-11-04T12:01:17Z</time>
   </trkpt>
   <trkpt lat="46.3414810" lon="12.8905850">
    <ele>748.4</ele>
    <time>2023-11-04T12:01:18Z</time>
   </trkpt>
   <trkpt lat="46.3414840" lon="12.8905690">
    <ele>748.5</ele>
    <time>2023-11-04T12:01:19Z</time>
   </trkpt>
   <trkpt lat="46.3414870" lon="12.8905620">
    <ele>748.5</ele>
    <time>2023-11-04T12:01:21Z</time>
   </trkpt>
   <trkpt lat="46.3414960" lon="12.8905620">
    <ele>748.5</ele>
    <time>2023-11-04T12:01:22Z</time>
   </trkpt>
   <trkpt lat="46.3415030" lon="12.8905670">
    <ele>748.5</ele>
    <time>2023-11-04T12:01:23Z</time>
   </trkpt>
   <trkpt lat="46.3415020" lon="12.8905700">
    <ele>748.5</ele>
    <time>2023-11-04T12:01:24Z</time>
   </trkpt>
   <trkpt lat="46.3415040" lon="12.8905760">
    <ele>748.5</ele>
    <time>2023-11-04T12:01:25Z</time>
   </trkpt>
   <trkpt lat="46.3415060" lon="12.8905800">
    <ele>748.5</ele>
    <time>2023-11-04T12:01:26Z</time>
   </trkpt>
   <trkpt lat="46.3415100" lon="12.8905800">
    <ele>748.5</ele>
    <time>2023-11-04T12:01:27Z</time>
   </trkpt>
   <trkpt lat="46.3415120" lon="12.8905780">
    <ele>748.5</ele>
    <time>2023-11-04T12:01:28Z</time>
   </trkpt>
   <trkpt lat="46.3415130" lon="12.8905720">
    <ele>748.5</ele>
    <time>2023-11-04T12:01:29Z</time>
   </trkpt>
   <trkpt lat="46.3415150" lon="12.8905640">
    <ele>748.5</ele>
    <time>2023-11-04T12:01:30Z</time>
   </trkpt>
   <trkpt lat="46.3415190" lon="12.8905550">
    <ele>748.5</ele>
    <time>2023-11-04T12:01:31Z</time>
   </trkpt>
   <trkpt lat="46.3415260" lon="12.8905460">
    <ele>748.6</ele>
    <time>2023-11-04T12:01:32Z</time>
   </trkpt>
   <trkpt lat="46.3415320" lon="12.8905370">
    <ele>748.6</ele>
    <time>2023-11-04T12:01:33Z</time>
   </trkpt>
   <trkpt lat="46.3415470" lon="12.8905280">
    <ele>748.6</ele>
    <time>2023-11-04T12:01:34Z</time>
   </trkpt>
   <trkpt lat="46.3415490" lon="12.8905230">
    <ele>748.6</ele>
    <time>2023-11-04T12:01:36Z</time>
   </trkpt>
   <trkpt lat="46.3415470" lon="12.8905200">
    <ele>748.6</ele>
    <time>2023-11-04T12:01:37Z</time>
   </trkpt>
   <trkpt lat="46.3415570" lon="12.8905210">
    <ele>748.6</ele>
    <time>2023-11-04T12:01:38Z</time>
   </trkpt>
   <trkpt lat="46.3415650" lon="12.8905220">
    <ele>748.6</ele>
    <time>2023-11-04T12:01:39Z</time>
   </trkpt>
   <trkpt lat="46.3415670" lon="12.8905210">
    <ele>748.6</ele>
    <time>2023-11-04T12:01:40Z</time>
   </trkpt>
   <trkpt lat="46.3415700" lon="12.8905190">
    <ele>748.6</ele>
    <time>2023-11-04T12:01:41Z</time>
   </trkpt>
   <trkpt lat="46.3415720" lon="12.8905180">
    <ele>748.6</ele>
    <time>2023-11-04T12:01:42Z</time>
   </trkpt>
   <trkpt lat="46.3415740" lon="12.8905160">
    <ele>748.6</ele>
    <time>2023-11-04T12:01:43Z</time>
   </trkpt>
   <trkpt lat="46.3415770" lon="12.8905150">
    <ele>748.6</ele>
    <time>2023-11-04T12:01:44Z</time>
   </trkpt>
   <trkpt lat="46.3415790" lon="12.8905130">
    <ele>748.6</ele>
    <time>2023-11-04T12:01:45Z</time>
   </trkpt>
   <trkpt lat="46.3415810" lon="12.8905120">
    <ele>748.6</ele>
    <time>2023-11-04T12:01:46Z</time>
   </trkpt>
   <trkpt lat="46.3415840" lon="12.8905100">
    <ele>748.7</ele>
    <time>2023-11-04T12:01:47Z</time>
   </trkpt>
   <trkpt lat="46.3415860" lon="12.8905090">
    <ele>748.7</ele>
    <time>2023-11-04T12:01:48Z</time>
   </trkpt>
   <trkpt lat="46.3415880" lon="12.8905070">
    <ele>748.7</ele>
    <time>2023-11-04T12:01:49Z</time>
   </trkpt>
   <trkpt lat="46.3415910" lon="12.8905060">
    <ele>748.7</ele>
    <time>2023-11-04T12:01:50Z</time>
   </trkpt>
   <trkpt lat="46.3415930" lon="12.8905040">
    <ele>748.7</ele>
    <time>2023-11-04T12:01:51Z</time>
   </trkpt>
   <trkpt lat="46.3416030" lon="12.8905080">
    <ele>748.6</ele>
    <time>2023-11-04T12:01:52Z</time>
   </trkpt>
   <trkpt lat="46.3416090" lon="12.8905140">
    <ele>748.6</ele>
    <time>2023-11-04T12:01:53Z</time>
   </trkpt>
   <trkpt lat="46.3416140" lon="12.8905220">
    <ele>748.5</ele>
    <time>2023-11-04T12:01:54Z</time>
   </trkpt>
   <trkpt lat="46.3416220" lon="12.8905420">
    <ele>748.4</ele>
    <time>2023-11-04T12:01:55Z</time>
   </trkpt>
   <trkpt lat="46.3416250" lon="12.8905520">
    <ele>748.4</ele>
    <time>2023-11-04T12:01:57Z</time>
   </trkpt>
   <trkpt lat="46.3416280" lon="12.8905630">
    <ele>748.4</ele>
    <time>2023-11-04T12:01:58Z</time>
   </trkpt>
   <trkpt lat="46.3416350" lon="12.8905730">
    <ele>748.3</ele>
    <time>2023-11-04T12:01:59Z</time>
   </trkpt>
   <trkpt lat="46.3416550" lon="12.8905860">
    <ele>748.2</ele>
    <time>2023-11-04T12:02:00Z</time>
   </trkpt>
   <trkpt lat="46.3416630" lon="12.8905930">
    <ele>748.2</ele>
    <time>2023-11-04T12:02:01Z</time>
   </trkpt>
   <trkpt lat="46.3416690" lon="12.8905980">
    <ele>748.1</ele>
    <time>2023-11-04T12:02:03Z</time>
   </trkpt>
   <trkpt lat="46.3416760" lon="12.8906030">
    <ele>748.1</ele>
    <time>2023-11-04T12:02:04Z</time>
   </trkpt>
   <trkpt lat="46.3416840" lon="12.8906090">
    <ele>748.0</ele>
    <time>2023-11-04T12:02:05Z</time>
   </trkpt>
   <trkpt lat="46.3416890" lon="12.8906110">
    <ele>748.0</ele>
    <time>2023-11-04T12:02:06Z</time>
   </trkpt>
   <trkpt lat="46.3416930" lon="12.8906150">
    <ele>748.0</ele>
    <time>2023-11-04T12:02:07Z</time>
   </trkpt>
   <trkpt lat="46.3416950" lon="12.8906220">
    <ele>748.0</ele>
    <time>2023-11-04T12:02:08Z</time>
   </trkpt>
   <trkpt lat="46.3416940" lon="12.8906300">
    <ele>747.9</ele>
    <time>2023-11-04T12:02:09Z</time>
   </trkpt>
   <trkpt lat="46.3416910" lon="12.8906430">
    <ele>747.9</ele>
    <time>2023-11-04T12:02:10Z</time>
   </trkpt>
   <trkpt lat="46.3416890" lon="12.8906550">
    <ele>747.8</ele>
    <time>2023-11-04T12:02:11Z</time>
   </trkpt>
   <trkpt lat="46.3416910" lon="12.8906650">
    <ele>747.8</ele>
    <time>2023-11-04T12:02:12Z</time>
   </trkpt>
   <trkpt lat="46.3416950" lon="12.8906770">
    <ele>747.8</ele>
    <time>2023-11-04T12:02:13Z</time>
   </trkpt>
   <trkpt lat="46.3417020" lon="12.8906900">
    <ele>747.7</ele>
    <time>2023-11-04T12:02:14Z</time>
   </trkpt>
   <trkpt lat="46.3417070" lon="12.8907020">
    <ele>747.6</ele>
    <time>2023-11-04T12:02:15Z</time>
   </trkpt>
   <trkpt lat="46.3417100" lon="12.8907130">
    <ele>747.6</ele>
    <time>2023-11-04T12:02:16Z</time>
   </trkpt>
   <trkpt lat="46.3417140" lon="12.8907240">
    <ele>747.6</ele>
    <time>2023-11-04T12:02:17Z</time>
   </trkpt>
   <trkpt lat="46.3417210" lon="12.8907320">
    <ele>747.5</ele>
    <time>2023-11-04T12:02:18Z</time>
   </trkpt>
   <trkpt lat="46.3417270" lon="12.8907410">
    <ele>747.5</ele>
    <time>2023-11-04T12:02:19Z</time>
   </trkpt>
   <trkpt lat="46.3417310" lon="12.8907510">
    <ele>747.4</ele>
    <time>2023-11-04T12:02:20Z</time>
   </trkpt>
   <trkpt lat="46.3417360" lon="12.8907590">
    <ele>747.4</ele>
    <time>2023-11-04T12:02:21Z</time>
   </trkpt>
   <trkpt lat="46.3417420" lon="12.8907700">
    <ele>747.3</ele>
    <time>2023-11-04T12:02:22Z</time>
   </trkpt>
   <trkpt lat="46.3417470" lon="12.8907820">
    <ele>747.3</ele>
    <time>2023-11-04T12:02:23Z</time>
   </trkpt>
   <trkpt lat="46.3417510" lon="12.8907960">
    <ele>747.2</ele>
    <time>2023-11-04T12:02:24Z</time>
   </trkpt>
   <trkpt lat="46.3417570" lon="12.8908280">
    <ele>747.1</ele>
    <time>2023-11-04T12:02:25Z</time>
   </trkpt>
   <trkpt lat="46.3417670" lon="12.8908520">
    <ele>747.0</ele>
    <time>2023-11-04T12:02:27Z</time>
   </trkpt>
   <trkpt lat="46.3417700" lon="12.8908600">
    <ele>747.0</ele>
    <time>2023-11-04T12:02:28Z</time>
   </trkpt>
   <trkpt lat="46.3417820" lon="12.8908720">
    <ele>747.1</ele>
    <time>2023-11-04T12:02:29Z</time>
   </trkpt>
   <trkpt lat="46.3417920" lon="12.8908780">
    <ele>747.1</ele>
    <time>2023-11-04T12:02:30Z</time>
   </trkpt>
   <trkpt lat="46.3417980" lon="12.8908820">
    <ele>747.1</ele>
    <time>2023-11-04T12:02:31Z</time>
   </trkpt>
   <trkpt lat="46.3418010" lon="12.8908860">
    <ele>747.2</ele>
    <time>2023-11-04T12:02:32Z</time>
   </trkpt>
   <trkpt lat="46.3418030" lon="12.8908930">
    <ele>747.2</ele>
    <time>2023-11-04T12:02:33Z</time>
   </trkpt>
   <trkpt lat="46.3418040" lon="12.8909040">
    <ele>747.2</ele>
    <time>2023-11-04T12:02:34Z</time>
   </trkpt>
   <trkpt lat="46.3418090" lon="12.8909270">
    <ele>747.3</ele>
    <time>2023-11-04T12:02:35Z</time>
   </trkpt>
   <trkpt lat="46.3418100" lon="12.8909350">
    <ele>747.3</ele>
    <time>2023-11-04T12:02:37Z</time>
   </trkpt>
   <trkpt lat="46.3418110" lon="12.8909440">
    <ele>747.4</ele>
    <time>2023-11-04T12:02:38Z</time>
   </trkpt>
   <trkpt lat="46.3418170" lon="12.8909550">
    <ele>747.4</ele>
    <time>2023-11-04T12:02:39Z</time>
   </trkpt>
   <trkpt lat="46.3418260" lon="12.8909660">
    <ele>747.5</ele>
    <time>2023-11-04T12:02:40Z</time>
   </trkpt>
   <trkpt lat="46.3418330" lon="12.8909780">
    <ele>747.5</ele>
    <time>2023-11-04T12:02:41Z</time>
   </trkpt>
   <trkpt lat="46.3418400" lon="12.8909890">
    <ele>747.6</ele>
    <time>2023-11-04T12:02:42Z</time>
   </trkpt>
   <trkpt lat="46.3418490" lon="12.8909940">
    <ele>747.6</ele>
    <time>2023-11-04T12:02:43Z</time>
   </trkpt>
   <trkpt lat="46.3418580" lon="12.8909990">
    <ele>747.6</ele>
    <time>2023-11-04T12:02:44Z</time>
   </trkpt>
   <trkpt lat="46.3418680" lon="12.8910020">
    <ele>747.7</ele>
    <time>2023-11-04T12:02:45Z</time>
   </trkpt>
   <trkpt lat="46.3418770" lon="12.8910040">
    <ele>747.7</ele>
    <time>2023-11-04T12:02:46Z</time>
   </trkpt>
   <trkpt lat="46.3418860" lon="12.8910100">
    <ele>747.7</ele>
    <time>2023-11-04T12:02:47Z</time>
   </trkpt>
   <trkpt lat="46.3418920" lon="12.8910210">
    <ele>747.8</ele>
    <time>2023-11-04T12:02:48Z</time>
   </trkpt>
   <trkpt lat="46.3418940" lon="12.8910350">
    <ele>747.8</ele>
    <time>2023-11-04T12:02:49Z</time>
   </trkpt>
   <trkpt lat="46.3418920" lon="12.8910440">
    <ele>747.8</ele>
    <time>2023-11-04T12:02:50Z</time>
   </trkpt>
   <trkpt lat="46.3418890" lon="12.8910510">
    <ele>747.8</ele>
    <time>2023-11-04T12:02:51Z</time>
   </trkpt>
   <trkpt lat="46.3418860" lon="12.8910590">
    <ele>747.8</ele>
    <time>2023-11-04T12:02:52Z</time>
   </trkpt>
   <trkpt lat="46.3418830" lon="12.8910650">
    <ele>747.8</ele>
    <time>2023-11-04T12:02:53Z</time>
   </trkpt>
   <trkpt lat="46.3418750" lon="12.8910650">
    <ele>747.8</ele>
    <time>2023-11-04T12:02:54Z</time>
   </trkpt>
   <trkpt lat="46.3418800" lon="12.8910700">
    <ele>747.8</ele>
    <time>2023-11-04T12:02:55Z</time>
   </trkpt>
   <trkpt lat="46.3418910" lon="12.8910750">
    <ele>747.8</ele>
    <time>2023-11-04T12:02:56Z</time>
   </trkpt>
   <trkpt lat="46.3419010" lon="12.8910800">
    <ele>747.8</ele>
    <time>2023-11-04T12:02:57Z</time>
   </trkpt>
   <trkpt lat="46.3419080" lon="12.8910890">
    <ele>747.8</ele>
    <time>2023-11-04T12:02:58Z</time>
   </trkpt>
   <trkpt lat="46.3419110" lon="12.8910970">
    <ele>747.8</ele>
    <time>2023-11-04T12:02:59Z</time>
   </trkpt>
   <trkpt lat="46.3419160" lon="12.8911010">
    <ele>747.7</ele>
    <time>2023-11-04T12:03:00Z</time>
   </trkpt>
   <trkpt lat="46.3419200" lon="12.8911090">
    <ele>747.7</ele>
    <time>2023-11-04T12:03:01Z</time>
   </trkpt>
   <trkpt lat="46.3419260" lon="12.8911210">
    <ele>747.6</ele>
    <time>2023-11-04T12:03:02Z</time>
   </trkpt>
   <trkpt lat="46.3419310" lon="12.8911350">
    <ele>747.6</ele>
    <time>2023-11-04T12:03:03Z</time>
   </trkpt>
   <trkpt lat="46.3419330" lon="12.8911490">
    <ele>747.5</ele>
    <time>2023-11-04T12:03:04Z</time>
   </trkpt>
   <trkpt lat="46.3419310" lon="12.8911630">
    <ele>747.4</ele>
    <time>2023-11-04T12:03:05Z</time>
   </trkpt>
   <trkpt lat="46.3419280" lon="12.8911750">
    <ele>747.3</ele>
    <time>2023-11-04T12:03:06Z</time>
   </trkpt>
   <trkpt lat="46.3419280" lon="12.8911890">
    <ele>747.2</ele>
    <time>2023-11-04T12:03:07Z</time>
   </trkpt>
   <trkpt lat="46.3419290" lon="12.8912020">
    <ele>747.2</ele>
    <time>2023-11-04T12:03:08Z</time>
   </trkpt>
   <trkpt lat="46.3419300" lon="12.8912130">
    <ele>747.1</ele>
    <time>2023-11-04T12:03:09Z</time>
   </trkpt>
   <trkpt lat="46.3419330" lon="12.8912270">
    <ele>747.0</ele>
    <time>2023-11-04T12:03:10Z</time>
   </trkpt>
   <trkpt lat="46.3419360" lon="12.8912400">
    <ele>746.8</ele>
    <time>2023-11-04T12:03:11Z</time>
   </trkpt>
   <trkpt lat="46.3419390" lon="12.8912530">
    <ele>746.7</ele>
    <time>2023-11-04T12:03:12Z</time>
   </trkpt>
   <trkpt lat="46.3419390" lon="12.8912660">
    <ele>746.6</ele>
    <time>2023-11-04T12:03:13Z</time>
   </trkpt>
   <trkpt lat="46.3419400" lon="12.8912740">
    <ele>746.5</ele>
    <time>2023-11-04T12:03:14Z</time>
   </trkpt>
   <trkpt lat="46.3419440" lon="12.8912810">
    <ele>746.4</ele>
    <time>2023-11-04T12:03:15Z</time>
   </trkpt>
   <trkpt lat="46.3419490" lon="12.8912860">
    <ele>746.3</ele>
    <time>2023-11-04T12:03:16Z</time>
   </trkpt>
   <trkpt lat="46.3419540" lon="12.8912990">
    <ele>746.1</ele>
    <time>2023-11-04T12:03:17Z</time>
   </trkpt>
   <trkpt lat="46.3419600" lon="12.8913070">
    <ele>746.0</ele>
    <time>2023-11-04T12:03:18Z</time>
   </trkpt>
   <trkpt lat="46.3419690" lon="12.8913160">
    <ele>745.8</ele>
    <time>2023-11-04T12:03:19Z</time>
   </trkpt>
   <trkpt lat="46.3419770" lon="12.8913230">
    <ele>745.6</ele>
    <time>2023-11-04T12:03:20Z</time>
   </trkpt>
   <trkpt lat="46.3419840" lon="12.8913260">
    <ele>745.4</ele>
    <time>2023-11-04T12:03:21Z</time>
   </trkpt>
   <trkpt lat="46.3419890" lon="12.8913370">
    <ele>745.3</ele>
    <time>2023-11-04T12:03:22Z</time>
   </trkpt>
   <trkpt lat="46.3419910" lon="12.8913420">
    <ele>745.2</ele>
    <time>2023-11-04T12:03:23Z</time>
   </trkpt>
   <trkpt lat="46.3419920" lon="12.8913540">
    <ele>745.0</ele>
    <time>2023-11-04T12:03:24Z</time>
   </trkpt>
   <trkpt lat="46.3419990" lon="12.8913590">
    <ele>744.8</ele>
    <time>2023-11-04T12:03:26Z</time>
   </trkpt>
   <trkpt lat="46.3420070" lon="12.8913640">
    <ele>744.6</ele>
    <time>2023-11-04T12:03:27Z</time>
   </trkpt>
   <trkpt lat="46.3420150" lon="12.8913670">
    <ele>744.5</ele>
    <time>2023-11-04T12:03:28Z</time>
   </trkpt>
   <trkpt lat="46.3420220" lon="12.8913670">
    <ele>744.3</ele>
    <time>2023-11-04T12:03:29Z</time>
   </trkpt>
   <trkpt lat="46.3420280" lon="12.8913650">
    <ele>744.2</ele>
    <time>2023-11-04T12:03:30Z</time>
   </trkpt>
   <trkpt lat="46.3420320" lon="12.8913620">
    <ele>744.1</ele>
    <time>2023-11-04T12:03:31Z</time>
   </trkpt>
   <trkpt lat="46.3420310" lon="12.8913430">
    <ele>743.8</ele>
    <time>2023-11-04T12:03:32Z</time>
   </trkpt>
   <trkpt lat="46.3420350" lon="12.8913280">
    <ele>743.6</ele>
    <time>2023-11-04T12:03:33Z</time>
   </trkpt>
   <trkpt lat="46.3420460" lon="12.8913170">
    <ele>743.3</ele>
    <time>2023-11-04T12:03:34Z</time>
   </trkpt>
   <trkpt lat="46.3420610" lon="12.8913150">
    <ele>742.9</ele>
    <time>2023-11-04T12:03:35Z</time>
   </trkpt>
   <trkpt lat="46.3420680" lon="12.8913190">
    <ele>742.8</ele>
    <time>2023-11-04T12:03:36Z</time>
   </trkpt>
   <trkpt lat="46.3420740" lon="12.8913250">
    <ele>742.6</ele>
    <time>2023-11-04T12:03:37Z</time>
   </trkpt>
   <trkpt lat="46.3420830" lon="12.8913310">
    <ele>742.4</ele>
    <time>2023-11-04T12:03:38Z</time>
   </trkpt>
   <trkpt lat="46.3420920" lon="12.8913370">
    <ele>742.2</ele>
    <time>2023-11-04T12:03:39Z</time>
   </trkpt>
   <trkpt lat="46.3420990" lon="12.8913440">
    <ele>742.0</ele>
    <time>2023-11-04T12:03:40Z</time>
   </trkpt>
   <trkpt lat="46.3421060" lon="12.8913500">
    <ele>741.8</ele>
    <time>2023-11-04T12:03:41Z</time>
   </trkpt>
   <trkpt lat="46.3421130" lon="12.8913540">
    <ele>741.7</ele>
    <time>2023-11-04T12:03:42Z</time>
   </trkpt>
   <trkpt lat="46.3421200" lon="12.8913520">
    <ele>741.5</ele>
    <time>2023-11-04T12:03:43Z</time>
   </trkpt>
   <trkpt lat="46.3421280" lon="12.8913460">
    <ele>741.4</ele>
    <time>2023-11-04T12:03:44Z</time>
   </trkpt>
   <trkpt lat="46.3421360" lon="12.8913350">
    <ele>741.1</ele>
    <time>2023-11-04T12:03:45Z</time>
   </trkpt>
   <trkpt lat="46.3421460" lon="12.8913230">
    <ele>740.9</ele>
    <time>2023-11-04T12:03:46Z</time>
   </trkpt>
   <trkpt lat="46.3421570" lon="12.8913140">
    <ele>740.6</ele>
    <time>2023-11-04T12:03:47Z</time>
   </trkpt>
   <trkpt lat="46.3421670" lon="12.8913060">
    <ele>740.4</ele>
    <time>2023-11-04T12:03:48Z</time>
   </trkpt>
   <trkpt lat="46.3421770" lon="12.8912990">
    <ele>740.2</ele>
    <time>2023-11-04T12:03:49Z</time>
   </trkpt>
   <trkpt lat="46.3421860" lon="12.8912930">
    <ele>740.0</ele>
    <time>2023-11-04T12:03:50Z</time>
   </trkpt>
   <trkpt lat="46.3421950" lon="12.8912900">
    <ele>739.8</ele>
    <time>2023-11-04T12:03:51Z</time>
   </trkpt>
   <trkpt lat="46.3422030" lon="12.8912910">
    <ele>739.6</ele>
    <time>2023-11-04T12:03:52Z</time>
   </trkpt>
   <trkpt lat="46.3422090" lon="12.8912920">
    <ele>739.5</ele>
    <time>2023-11-04T12:03:53Z</time>
   </trkpt>
   <trkpt lat="46.3422160" lon="12.8912940">
    <ele>739.3</ele>
    <time>2023-11-04T12:03:54Z</time>
   </trkpt>
   <trkpt lat="46.3422260" lon="12.8912970">
    <ele>739.1</ele>
    <time>2023-11-04T12:03:55Z</time>
   </trkpt>
   <trkpt lat="46.3422350" lon="12.8912990">
    <ele>738.9</ele>
    <time>2023-11-04T12:03:56Z</time>
   </trkpt>
   <trkpt lat="46.3422380" lon="12.8913030">
    <ele>738.9</ele>
    <time>2023-11-04T12:03:57Z</time>
   </trkpt>
   <trkpt lat="46.3422350" lon="12.8913130">
    <ele>738.7</ele>
    <time>2023-11-04T12:03:58Z</time>
   </trkpt>
   <trkpt lat="46.3422300" lon="12.8913280">
    <ele>738.4</ele>
    <time>2023-11-04T12:03:59Z</time>
   </trkpt>
   <trkpt lat="46.3422290" lon="12.8913360">
    <ele>738.3</ele>
    <time>2023-11-04T12:04:00Z</time>
   </trkpt>
   <trkpt lat="46.3422350" lon="12.8913400">
    <ele>738.2</ele>
    <time>2023-11-04T12:04:01Z</time>
   </trkpt>
   <trkpt lat="46.3422460" lon="12.8913440">
    <ele>737.9</ele>
    <time>2023-11-04T12:04:02Z</time>
   </trkpt>
   <trkpt lat="46.3422570" lon="12.8913460">
    <ele>737.7</ele>
    <time>2023-11-04T12:04:03Z</time>
   </trkpt>
   <trkpt lat="46.3422690" lon="12.8913460">
    <ele>737.4</ele>
    <time>2023-11-04T12:04:04Z</time>
   </trkpt>
   <trkpt lat="46.3422810" lon="12.8913470">
    <ele>737.2</ele>
    <time>2023-11-04T12:04:05Z</time>
   </trkpt>
   <trkpt lat="46.3422930" lon="12.8913500">
    <ele>736.9</ele>
    <time>2023-11-04T12:04:06Z</time>
   </trkpt>
   <trkpt lat="46.3423060" lon="12.8913520">
    <ele>736.6</ele>
    <time>2023-11-04T12:04:07Z</time>
   </trkpt>
   <trkpt lat="46.3423260" lon="12.8913530">
    <ele>736.1</ele>
    <time>2023-11-04T12:04:08Z</time>
   </trkpt>
   <trkpt lat="46.3423360" lon="12.8913510">
    <ele>735.9</ele>
    <time>2023-11-04T12:04:10Z</time>
   </trkpt>
   <trkpt lat="46.3423480" lon="12.8913500">
    <ele>735.7</ele>
    <time>2023-11-04T12:04:11Z</time>
   </trkpt>
   <trkpt lat="46.3423620" lon="12.8913520">
    <ele>735.3</ele>
    <time>2023-11-04T12:04:12Z</time>
   </trkpt>
   <trkpt lat="46.3423740" lon="12.8913550">
    <ele>735.1</ele>
    <time>2023-11-04T12:04:13Z</time>
   </trkpt>
   <trkpt lat="46.3423810" lon="12.8913610">
    <ele>734.9</ele>
    <time>2023-11-04T12:04:14Z</time>
   </trkpt>
   <trkpt lat="46.3423840" lon="12.8913740">
    <ele>734.7</ele>
    <time>2023-11-04T12:04:15Z</time>
   </trkpt>
   <trkpt lat="46.3423830" lon="12.8913950">
    <ele>734.4</ele>
    <time>2023-11-04T12:04:16Z</time>
   </trkpt>
   <trkpt lat="46.3423810" lon="12.8914110">
    <ele>734.1</ele>
    <time>2023-11-04T12:04:17Z</time>
   </trkpt>
   <trkpt lat="46.3423810" lon="12.8914200">
    <ele>734.0</ele>
    <time>2023-11-04T12:04:18Z</time>
   </trkpt>
   <trkpt lat="46.3423820" lon="12.8914300">
    <ele>733.8</ele>
    <time>2023-11-04T12:04:19Z</time>
   </trkpt>
   <trkpt lat="46.3423850" lon="12.8914370">
    <ele>733.7</ele>
    <time>2023-11-04T12:04:20Z</time>
   </trkpt>
   <trkpt lat="46.3423880" lon="12.8914400">
    <ele>733.6</ele>
    <time>2023-11-04T12:04:21Z</time>
   </trkpt>
   <trkpt lat="46.3423960" lon="12.8914430">
    <ele>733.5</ele>
    <time>2023-11-04T12:04:22Z</time>
   </trkpt>
   <trkpt lat="46.3424060" lon="12.8914470">
    <ele>733.2</ele>
    <time>2023-11-04T12:04:23Z</time>
   </trkpt>
   <trkpt lat="46.3424230" lon="12.8914590">
    <ele>732.8</ele>
    <time>2023-11-04T12:04:24Z</time>
   </trkpt>
   <trkpt lat="46.3424290" lon="12.8914700">
    <ele>732.6</ele>
    <time>2023-11-04T12:04:26Z</time>
   </trkpt>
   <trkpt lat="46.3424350" lon="12.8914830">
    <ele>732.4</ele>
    <time>2023-11-04T12:04:27Z</time>
   </trkpt>
   <trkpt lat="46.3424380" lon="12.8914960">
    <ele>732.2</ele>
    <time>2023-11-04T12:04:28Z</time>
   </trkpt>
   <trkpt lat="46.3424310" lon="12.8915210">
    <ele>731.8</ele>
    <time>2023-11-04T12:04:29Z</time>
   </trkpt>
   <trkpt lat="46.3424240" lon="12.8915290">
    <ele>731.6</ele>
    <time>2023-11-04T12:04:31Z</time>
   </trkpt>
   <trkpt lat="46.3424300" lon="12.8915500">
    <ele>731.3</ele>
    <time>2023-11-04T12:04:32Z</time>
   </trkpt>
   <trkpt lat="46.3424370" lon="12.8915490">
    <ele>731.1</ele>
    <time>2023-11-04T12:04:34Z</time>
   </trkpt>
   <trkpt lat="46.3424440" lon="12.8915490">
    <ele>731.0</ele>
    <time>2023-11-04T12:04:35Z</time>
   </trkpt>
   <trkpt lat="46.3424590" lon="12.8915430">
    <ele>730.6</ele>
    <time>2023-11-04T12:04:36Z</time>
   </trkpt>
   <trkpt lat="46.3424630" lon="12.8915400">
    <ele>730.5</ele>
    <time>2023-11-04T12:04:38Z</time>
   </trkpt>
   <trkpt lat="46.3424650" lon="12.8915390">
    <ele>730.5</ele>
    <time>2023-11-04T12:04:39Z</time>
   </trkpt>
   <trkpt lat="46.3424800" lon="12.8915430">
    <ele>730.2</ele>
    <time>2023-11-04T12:04:40Z</time>
   </trkpt>
   <trkpt lat="46.3424930" lon="12.8915430">
    <ele>729.9</ele>
    <time>2023-11-04T12:04:41Z</time>
   </trkpt>
   <trkpt lat="46.3425040" lon="12.8915450">
    <ele>729.7</ele>
    <time>2023-11-04T12:04:42Z</time>
   </trkpt>
   <trkpt lat="46.3425150" lon="12.8915490">
    <ele>729.4</ele>
    <time>2023-11-04T12:04:43Z</time>
   </trkpt>
   <trkpt lat="46.3425250" lon="12.8915520">
    <ele>729.2</ele>
    <time>2023-11-04T12:04:44Z</time>
   </trkpt>
   <trkpt lat="46.3425340" lon="12.8915530">
    <ele>729.0</ele>
    <time>2023-11-04T12:04:45Z</time>
   </trkpt>
   <trkpt lat="46.3425420" lon="12.8915570">
    <ele>728.8</ele>
    <time>2023-11-04T12:04:46Z</time>
   </trkpt>
   <trkpt lat="46.3425510" lon="12.8915600">
    <ele>728.6</ele>
    <time>2023-11-04T12:04:47Z</time>
   </trkpt>
   <trkpt lat="46.3425600" lon="12.8915620">
    <ele>728.5</ele>
    <time>2023-11-04T12:04:48Z</time>
   </trkpt>
   <trkpt lat="46.3425690" lon="12.8915630">
    <ele>728.3</ele>
    <time>2023-11-04T12:04:49Z</time>
   </trkpt>
   <trkpt lat="46.3425790" lon="12.8915630">
    <ele>728.1</ele>
    <time>2023-11-04T12:04:50Z</time>
   </trkpt>
   <trkpt lat="46.3425900" lon="12.8915660">
    <ele>727.9</ele>
    <time>2023-11-04T12:04:51Z</time>
   </trkpt>
   <trkpt lat="46.3425990" lon="12.8915690">
    <ele>727.7</ele>
    <time>2023-11-04T12:04:52Z</time>
   </trkpt>
   <trkpt lat="46.3426040" lon="12.8915730">
    <ele>727.7</ele>
    <time>2023-11-04T12:04:53Z</time>
   </trkpt>
   <trkpt lat="46.3426060" lon="12.8915740">
    <ele>727.6</ele>
    <time>2023-11-04T12:04:54Z</time>
   </trkpt>
   <trkpt lat="46.3426110" lon="12.8915780">
    <ele>727.5</ele>
    <time>2023-11-04T12:04:55Z</time>
   </trkpt>
   <trkpt lat="46.3426130" lon="12.8915820">
    <ele>727.5</ele>
    <time>2023-11-04T12:04:56Z</time>
   </trkpt>
   <trkpt lat="46.3426180" lon="12.8915890">
    <ele>727.4</ele>
    <time>2023-11-04T12:04:57Z</time>
   </trkpt>
   <trkpt lat="46.3426120" lon="12.8916180">
    <ele>727.1</ele>
    <time>2023-11-04T12:04:58Z</time>
   </trkpt>
   <trkpt lat="46.3426070" lon="12.8916200">
    <ele>727.0</ele>
    <time>2023-11-04T12:05:00Z</time>
   </trkpt>
   <trkpt lat="46.3426030" lon="12.8916220">
    <ele>726.9</ele>
    <time>2023-11-04T12:05:01Z</time>
   </trkpt>
   <trkpt lat="46.3425980" lon="12.8916240">
    <ele>726.9</ele>
    <time>2023-11-04T12:05:02Z</time>
   </trkpt>
   <trkpt lat="46.3425940" lon="12.8916260">
    <ele>726.8</ele>
    <time>2023-11-04T12:05:03Z</time>
   </trkpt>
   <trkpt lat="46.3425900" lon="12.8916280">
    <ele>726.8</ele>
    <time>2023-11-04T12:05:04Z</time>
   </trkpt>
   <trkpt lat="46.3425850" lon="12.8916300">
    <ele>726.7</ele>
    <time>2023-11-04T12:05:05Z</time>
   </trkpt>
   <trkpt lat="46.3425660" lon="12.8916460">
    <ele>726.4</ele>
    <time>2023-11-04T12:05:06Z</time>
   </trkpt>
   <trkpt lat="46.3425640" lon="12.8916470">
    <ele>726.4</ele>
    <time>2023-11-04T12:05:07Z</time>
   </trkpt>
   <trkpt lat="46.3425640" lon="12.8916470">
    <ele>726.4</ele>
    <time>2023-11-04T12:05:08Z</time>
   </trkpt>
   <trkpt lat="46.3425650" lon="12.8916460">
    <ele>726.4</ele>
    <time>2023-11-04T12:05:09Z</time>
   </trkpt>
   <trkpt lat="46.3425670" lon="12.8916450">
    <ele>726.4</ele>
    <time>2023-11-04T12:05:10Z</time>
   </trkpt>
   <trkpt lat="46.3425680" lon="12.8916450">
    <ele>726.4</ele>
    <time>2023-11-04T12:05:11Z</time>
   </trkpt>
   <trkpt lat="46.3425680" lon="12.8916440">
    <ele>726.4</ele>
    <time>2023-11-04T12:05:13Z</time>
   </trkpt>
   <trkpt lat="46.3425690" lon="12.8916430">
    <ele>726.4</ele>
    <time>2023-11-04T12:05:14Z</time>
   </trkpt>
   <trkpt lat="46.3425690" lon="12.8916430">
    <ele>726.4</ele>
    <time>2023-11-04T12:05:15Z</time>
   </trkpt>
   <trkpt lat="46.3425700" lon="12.8916430">
    <ele>726.4</ele>
    <time>2023-11-04T12:05:16Z</time>
   </trkpt>
   <trkpt lat="46.3425740" lon="12.8916410">
    <ele>726.4</ele>
    <time>2023-11-04T12:05:17Z</time>
   </trkpt>
   <trkpt lat="46.3425810" lon="12.8916350">
    <ele>726.4</ele>
    <time>2023-11-04T12:05:18Z</time>
   </trkpt>
   <trkpt lat="46.3425860" lon="12.8916290">
    <ele>726.4</ele>
    <time>2023-11-04T12:05:19Z</time>
   </trkpt>
   <trkpt lat="46.3425860" lon="12.8916220">
    <ele>726.4</ele>
    <time>2023-11-04T12:05:20Z</time>
   </trkpt>
   <trkpt lat="46.3425850" lon="12.8916160">
    <ele>726.4</ele>
    <time>2023-11-04T12:05:22Z</time>
   </trkpt>
   <trkpt lat="46.3425840" lon="12.8916120">
    <ele>726.4</ele>
    <time>2023-11-04T12:05:23Z</time>
   </trkpt>
   <trkpt lat="46.3425870" lon="12.8916100">
    <ele>726.4</ele>
    <time>2023-11-04T12:05:24Z</time>
   </trkpt>
   <trkpt lat="46.3425950" lon="12.8916060">
    <ele>726.4</ele>
    <time>2023-11-04T12:05:25Z</time>
   </trkpt>
   <trkpt lat="46.3426020" lon="12.8915970">
    <ele>726.4</ele>
    <time>2023-11-04T12:05:26Z</time>
   </trkpt>
   <trkpt lat="46.3426110" lon="12.8915870">
    <ele>726.4</ele>
    <time>2023-11-04T12:05:27Z</time>
   </trkpt>
   <trkpt lat="46.3426190" lon="12.8915830">
    <ele>726.4</ele>
    <time>2023-11-04T12:05:28Z</time>
   </trkpt>
   <trkpt lat="46.3426280" lon="12.8915810">
    <ele>726.4</ele>
    <time>2023-11-04T12:05:29Z</time>
   </trkpt>
   <trkpt lat="46.3426340" lon="12.8915780">
    <ele>726.4</ele>
    <time>2023-11-04T12:05:30Z</time>
   </trkpt>
   <trkpt lat="46.3426370" lon="12.8915740">
    <ele>726.4</ele>
    <time>2023-11-04T12:05:31Z</time>
   </trkpt>
   <trkpt lat="46.3426380" lon="12.8915680">
    <ele>726.4</ele>
    <time>2023-11-04T12:05:32Z</time>
   </trkpt>
   <trkpt lat="46.3426390" lon="12.8915630">
    <ele>726.4</ele>
    <time>2023-11-04T12:05:33Z</time>
   </trkpt>
   <trkpt lat="46.3426400" lon="12.8915600">
    <ele>726.4</ele>
    <time>2023-11-04T12:05:34Z</time>
   </trkpt>
   <trkpt lat="46.3426420" lon="12.8915580">
    <ele>726.4</ele>
    <time>2023-11-04T12:05:35Z</time>
   </trkpt>
   <trkpt lat="46.3426470" lon="12.8915570">
    <ele>726.4</ele>
    <time>2023-11-04T12:05:36Z</time>
   </trkpt>
   <trkpt lat="46.3426540" lon="12.8915540">
    <ele>726.4</ele>
    <time>2023-11-04T12:05:37Z</time>
   </trkpt>
   <trkpt lat="46.3426610" lon="12.8915510">
    <ele>726.4</ele>
    <time>2023-11-04T12:05:38Z</time>
   </trkpt>
   <trkpt lat="46.3426630" lon="12.8915480">
    <ele>726.4</ele>
    <time>2023-11-04T12:05:39Z</time>
   </trkpt>
   <trkpt lat="46.3426670" lon="12.8915420">
    <ele>726.4</ele>
    <time>2023-11-04T12:05:40Z</time>
   </trkpt>
   <trkpt lat="46.3426700" lon="12.8915360">
    <ele>726.4</ele>
    <time>2023-11-04T12:05:41Z</time>
   </trkpt>
   <trkpt lat="46.3426720" lon="12.8915300">
    <ele>726.4</ele>
    <time>2023-11-04T12:05:42Z</time>
   </trkpt>
   <trkpt lat="46.3426720" lon="12.8915270">
    <ele>726.4</ele>
    <time>2023-11-04T12:05:43Z</time>
   </trkpt>
   <trkpt lat="46.3426690" lon="12.8915250">
    <ele>726.4</ele>
    <time>2023-11-04T12:05:44Z</time>
   </trkpt>
   <trkpt lat="46.3426680" lon="12.8915210">
    <ele>726.4</ele>
    <time>2023-11-04T12:05:45Z</time>
   </trkpt>
   <trkpt lat="46.3426670" lon="12.8915180">
    <ele>726.4</ele>
    <time>2023-11-04T12:05:46Z</time>
   </trkpt>
   <trkpt lat="46.3426680" lon="12.8915150">
    <ele>726.4</ele>
    <time>2023-11-04T12:05:47Z</time>
   </trkpt>
   <trkpt lat="46.3426680" lon="12.8915160">
    <ele>726.4</ele>
    <time>2023-11-04T12:05:48Z</time>
   </trkpt>
   <trkpt lat="46.3426680" lon="12.8915160">
    <ele>726.4</ele>
    <time>2023-11-04T12:05:49Z</time>
   </trkpt>
   <trkpt lat="46.3426790" lon="12.8915210">
    <ele>726.4</ele>
    <time>2023-11-04T12:05:50Z</time>
   </trkpt>
   <trkpt lat="46.3426940" lon="12.8915250">
    <ele>726.4</ele>
    <time>2023-11-04T12:05:51Z</time>
   </trkpt>
   <trkpt lat="46.3427240" lon="12.8915310">
    <ele>726.4</ele>
    <time>2023-11-04T12:05:52Z</time>
   </trkpt>
   <trkpt lat="46.3427370" lon="12.8915390">
    <ele>726.4</ele>
    <time>2023-11-04T12:05:54Z</time>
   </trkpt>
   <trkpt lat="46.3427460" lon="12.8915490">
    <ele>726.4</ele>
    <time>2023-11-04T12:05:55Z</time>
   </trkpt>
   <trkpt lat="46.3427500" lon="12.8915620">
    <ele>726.4</ele>
    <time>2023-11-04T12:05:56Z</time>
   </trkpt>
   <trkpt lat="46.3427470" lon="12.8915750">
    <ele>726.4</ele>
    <time>2023-11-04T12:05:57Z</time>
   </trkpt>
   <trkpt lat="46.3427410" lon="12.8915820">
    <ele>726.4</ele>
    <time>2023-11-04T12:05:58Z</time>
   </trkpt>
   <trkpt lat="46.3427310" lon="12.8915920">
    <ele>726.4</ele>
    <time>2023-11-04T12:05:59Z</time>
   </trkpt>
   <trkpt lat="46.3427220" lon="12.8915960">
    <ele>726.4</ele>
    <time>2023-11-04T12:06:00Z</time>
   </trkpt>
   <trkpt lat="46.3427120" lon="12.8915980">
    <ele>726.4</ele>
    <time>2023-11-04T12:06:01Z</time>
   </trkpt>
   <trkpt lat="46.3426910" lon="12.8916060">
    <ele>726.4</ele>
    <time>2023-11-04T12:06:02Z</time>
   </trkpt>
   <trkpt lat="46.3426840" lon="12.8916110">
    <ele>726.4</ele>
    <time>2023-11-04T12:06:04Z</time>
   </trkpt>
   <trkpt lat="46.3426760" lon="12.8916180">
    <ele>726.4</ele>
    <time>2023-11-04T12:06:05Z</time>
   </trkpt>
   <trkpt lat="46.3426660" lon="12.8916270">
    <ele>726.4</ele>
    <time>2023-11-04T12:06:06Z</time>
   </trkpt>
   <trkpt lat="46.3426580" lon="12.8916390">
    <ele>726.4</ele>
    <time>2023-11-04T12:06:07Z</time>
   </trkpt>
   <trkpt lat="46.3426500" lon="12.8916500">
    <ele>726.4</ele>
    <time>2023-11-04T12:06:08Z</time>
   </trkpt>
   <trkpt lat="46.3426430" lon="12.8916600">
    <ele>726.4</ele>
    <time>2023-11-04T12:06:09Z</time>
   </trkpt>
   <trkpt lat="46.3426360" lon="12.8916700">
    <ele>726.4</ele>
    <time>2023-11-04T12:06:10Z</time>
   </trkpt>
   <trkpt lat="46.3426290" lon="12.8916790">
    <ele>726.4</ele>
    <time>2023-11-04T12:06:11Z</time>
   </trkpt>
   <trkpt lat="46.3426210" lon="12.8916870">
    <ele>726.4</ele>
    <time>2023-11-04T12:06:12Z</time>
   </trkpt>
   <trkpt lat="46.3426130" lon="12.8916970">
    <ele>726.3</ele>
    <time>2023-11-04T12:06:13Z</time>
   </trkpt>
   <trkpt lat="46.3426060" lon="12.8917060">
    <ele>726.3</ele>
    <time>2023-11-04T12:06:14Z</time>
   </trkpt>
   <trkpt lat="46.3426030" lon="12.8917160">
    <ele>726.2</ele>
    <time>2023-11-04T12:06:15Z</time>
   </trkpt>
   <trkpt lat="46.3425970" lon="12.8917170">
    <ele>726.2</ele>
    <time>2023-11-04T12:06:16Z</time>
   </trkpt>
   <trkpt lat="46.3425930" lon="12.8917130">
    <ele>726.2</ele>
    <time>2023-11-04T12:06:17Z</time>
   </trkpt>
   <trkpt lat="46.3425890" lon="12.8917080">
    <ele>726.2</ele>
    <time>2023-11-04T12:06:18Z</time>
   </trkpt>
   <trkpt lat="46.3425830" lon="12.8917060">
    <ele>726.1</ele>
    <time>2023-11-04T12:06:19Z</time>
   </trkpt>
   <trkpt lat="46.3425780" lon="12.8917060">
    <ele>726.1</ele>
    <time>2023-11-04T12:06:20Z</time>
   </trkpt>
   <trkpt lat="46.3425730" lon="12.8917080">
    <ele>726.1</ele>
    <time>2023-11-04T12:06:21Z</time>
   </trkpt>
   <trkpt lat="46.3425670" lon="12.8917120">
    <ele>726.1</ele>
    <time>2023-11-04T12:06:22Z</time>
   </trkpt>
   <trkpt lat="46.3425620" lon="12.8917160">
    <ele>726.0</ele>
    <time>2023-11-04T12:06:23Z</time>
   </trkpt>
   <trkpt lat="46.3425560" lon="12.8917230">
    <ele>726.0</ele>
    <time>2023-11-04T12:06:24Z</time>
   </trkpt>
   <trkpt lat="46.3425500" lon="12.8917310">
    <ele>726.0</ele>
    <time>2023-11-04T12:06:25Z</time>
   </trkpt>
   <trkpt lat="46.3425460" lon="12.8917410">
    <ele>725.9</ele>
    <time>2023-11-04T12:06:26Z</time>
   </trkpt>
   <trkpt lat="46.3425400" lon="12.8917520">
    <ele>725.9</ele>
    <time>2023-11-04T12:06:27Z</time>
   </trkpt>
   <trkpt lat="46.3425340" lon="12.8917630">
    <ele>725.8</ele>
    <time>2023-11-04T12:06:28Z</time>
   </trkpt>
   <trkpt lat="46.3425290" lon="12.8917730">
    <ele>725.8</ele>
    <time>2023-11-04T12:06:29Z</time>
   </trkpt>
   <trkpt lat="46.3425220" lon="12.8917820">
    <ele>725.8</ele>
    <time>2023-11-04T12:06:30Z</time>
   </trkpt>
   <trkpt lat="46.3425160" lon="12.8917950">
    <ele>725.7</ele>
    <time>2023-11-04T12:06:31Z</time>
   </trkpt>
   <trkpt lat="46.3425130" lon="12.8918090">
    <ele>725.7</ele>
    <time>2023-11-04T12:06:32Z</time>
   </trkpt>
   <trkpt lat="46.3425060" lon="12.8918220">
    <ele>725.6</ele>
    <time>2023-11-04T12:06:33Z</time>
   </trkpt>
   <trkpt lat="46.3424990" lon="12.8918350">
    <ele>725.5</ele>
    <time>2023-11-04T12:06:34Z</time>
   </trkpt>
   <trkpt lat="46.3424900" lon="12.8918470">
    <ele>725.5</ele>
    <time>2023-11-04T12:06:35Z</time>
   </trkpt>
   <trkpt lat="46.3424830" lon="12.8918600">
    <ele>725.4</ele>
    <time>2023-11-04T12:06:36Z</time>
   </trkpt>
   <trkpt lat="46.3424760" lon="12.8918740">
    <ele>725.4</ele>
    <time>2023-11-04T12:06:37Z</time>
   </trkpt>
   <trkpt lat="46.3424680" lon="12.8919010">
    <ele>725.2</ele>
    <time>2023-11-04T12:06:38Z</time>
   </trkpt>
   <trkpt lat="46.3424640" lon="12.8919130">
    <ele>725.2</ele>
    <time>2023-11-04T12:06:39Z</time>
   </trkpt>
   <trkpt lat="46.3424610" lon="12.8919250">
    <ele>725.1</ele>
    <time>2023-11-04T12:06:40Z</time>
   </trkpt>
   <trkpt lat="46.3424550" lon="12.8919380">
    <ele>725.1</ele>
    <time>2023-11-04T12:06:41Z</time>
   </trkpt>
   <trkpt lat="46.3424510" lon="12.8919510">
    <ele>725.0</ele>
    <time>2023-11-04T12:06:42Z</time>
   </trkpt>
   <trkpt lat="46.3424480" lon="12.8919670">
    <ele>724.9</ele>
    <time>2023-11-04T12:06:43Z</time>
   </trkpt>
   <trkpt lat="46.3424420" lon="12.8919800">
    <ele>724.8</ele>
    <time>2023-11-04T12:06:44Z</time>
   </trkpt>
   <trkpt lat="46.3424360" lon="12.8919910">
    <ele>724.8</ele>
    <time>2023-11-04T12:06:45Z</time>
   </trkpt>
   <trkpt lat="46.3424300" lon="12.8920000">
    <ele>724.7</ele>
    <time>2023-11-04T12:06:46Z</time>
   </trkpt>
   <trkpt lat="46.3424260" lon="12.8920090">
    <ele>724.7</ele>
    <time>2023-11-04T12:06:47Z</time>
   </trkpt>
   <trkpt lat="46.3424210" lon="12.8920140">
    <ele>724.6</ele>
    <time>2023-11-04T12:06:48Z</time>
   </trkpt>
   <trkpt lat="46.3424160" lon="12.8920250">
    <ele>724.5</ele>
    <time>2023-11-04T12:06:49Z</time>
   </trkpt>
   <trkpt lat="46.3424130" lon="12.8920350">
    <ele>724.5</ele>
    <time>2023-11-04T12:06:50Z</time>
   </trkpt>
   <trkpt lat="46.3424080" lon="12.8920420">
    <ele>724.4</ele>
    <time>2023-11-04T12:06:51Z</time>
   </trkpt>
   <trkpt lat="46.3423990" lon="12.8920550">
    <ele>724.3</ele>
    <time>2023-11-04T12:06:52Z</time>
   </trkpt>
   <trkpt lat="46.3423960" lon="12.8920670">
    <ele>724.2</ele>
    <time>2023-11-04T12:06:54Z</time>
   </trkpt>
   <trkpt lat="46.3423920" lon="12.8920790">
    <ele>724.1</ele>
    <time>2023-11-04T12:06:55Z</time>
   </trkpt>
   <trkpt lat="46.3423890" lon="12.8920900">
    <ele>724.1</ele>
    <time>2023-11-04T12:06:56Z</time>
   </trkpt>
   <trkpt lat="46.3423880" lon="12.8920920">
    <ele>724.0</ele>
    <time>2023-11-04T12:06:57Z</time>
   </trkpt>
   <trkpt lat="46.3423820" lon="12.8920950">
    <ele>724.0</ele>
    <time>2023-11-04T12:06:58Z</time>
   </trkpt>
   <trkpt lat="46.3423780" lon="12.8920970">
    <ele>723.9</ele>
    <time>2023-11-04T12:06:59Z</time>
   </trkpt>
   <trkpt lat="46.3423660" lon="12.8921040">
    <ele>723.8</ele>
    <time>2023-11-04T12:07:00Z</time>
   </trkpt>
   <trkpt lat="46.3423610" lon="12.8921150">
    <ele>723.7</ele>
    <time>2023-11-04T12:07:02Z</time>
   </trkpt>
   <trkpt lat="46.3423570" lon="12.8921250">
    <ele>723.6</ele>
    <time>2023-11-04T12:07:03Z</time>
   </trkpt>
   <trkpt lat="46.3423540" lon="12.8921330">
    <ele>723.6</ele>
    <time>2023-11-04T12:07:04Z</time>
   </trkpt>
   <trkpt lat="46.3423500" lon="12.8921400">
    <ele>723.5</ele>
    <time>2023-11-04T12:07:05Z</time>
   </trkpt>
   <trkpt lat="46.3423450" lon="12.8921470">
    <ele>723.4</ele>
    <time>2023-11-04T12:07:06Z</time>
   </trkpt>
   <trkpt lat="46.3423400" lon="12.8921550">
    <ele>723.3</ele>
    <time>2023-11-04T12:07:07Z</time>
   </trkpt>
   <trkpt lat="46.3423380" lon="12.8921650">
    <ele>723.3</ele>
    <time>2023-11-04T12:07:08Z</time>
   </trkpt>
   <trkpt lat="46.3423330" lon="12.8921770">
    <ele>723.1</ele>
    <time>2023-11-04T12:07:09Z</time>
   </trkpt>
   <trkpt lat="46.3423300" lon="12.8921910">
    <ele>723.0</ele>
    <time>2023-11-04T12:07:10Z</time>
   </trkpt>
   <trkpt lat="46.3423260" lon="12.8922050">
    <ele>722.9</ele>
    <time>2023-11-04T12:07:11Z</time>
   </trkpt>
   <trkpt lat="46.3423210" lon="12.8922180">
    <ele>722.8</ele>
    <time>2023-11-04T12:07:12Z</time>
   </trkpt>
   <trkpt lat="46.3423150" lon="12.8922280">
    <ele>722.7</ele>
    <time>2023-11-04T12:07:13Z</time>
   </trkpt>
   <trkpt lat="46.3423100" lon="12.8922390">
    <ele>722.6</ele>
    <time>2023-11-04T12:07:14Z</time>
   </trkpt>
   <trkpt lat="46.3423090" lon="12.8922610">
    <ele>722.4</ele>
    <time>2023-11-04T12:07:15Z</time>
   </trkpt>
   <trkpt lat="46.3423090" lon="12.8922720">
    <ele>722.3</ele>
    <time>2023-11-04T12:07:16Z</time>
   </trkpt>
   <trkpt lat="46.3423100" lon="12.8922840">
    <ele>722.2</ele>
    <time>2023-11-04T12:07:17Z</time>
   </trkpt>
   <trkpt lat="46.3423110" lon="12.8922950">
    <ele>722.1</ele>
    <time>2023-11-04T12:07:18Z</time>
   </trkpt>
   <trkpt lat="46.3423100" lon="12.8923110">
    <ele>721.9</ele>
    <time>2023-11-04T12:07:19Z</time>
   </trkpt>
   <trkpt lat="46.3423060" lon="12.8923240">
    <ele>721.8</ele>
    <time>2023-11-04T12:07:20Z</time>
   </trkpt>
   <trkpt lat="46.3423030" lon="12.8923340">
    <ele>721.7</ele>
    <time>2023-11-04T12:07:21Z</time>
   </trkpt>
   <trkpt lat="46.3423000" lon="12.8923440">
    <ele>721.6</ele>
    <time>2023-11-04T12:07:22Z</time>
   </trkpt>
   <trkpt lat="46.3422970" lon="12.8923520">
    <ele>721.5</ele>
    <time>2023-11-04T12:07:23Z</time>
   </trkpt>
   <trkpt lat="46.3422930" lon="12.8923580">
    <ele>721.4</ele>
    <time>2023-11-04T12:07:24Z</time>
   </trkpt>
   <trkpt lat="46.3422880" lon="12.8923630">
    <ele>721.4</ele>
    <time>2023-11-04T12:07:25Z</time>
   </trkpt>
   <trkpt lat="46.3422840" lon="12.8923690">
    <ele>721.3</ele>
    <time>2023-11-04T12:07:26Z</time>
   </trkpt>
   <trkpt lat="46.3422820" lon="12.8923770">
    <ele>721.2</ele>
    <time>2023-11-04T12:07:27Z</time>
   </trkpt>
   <trkpt lat="46.3422810" lon="12.8923900">
    <ele>721.1</ele>
    <time>2023-11-04T12:07:28Z</time>
   </trkpt>
   <trkpt lat="46.3422800" lon="12.8924040">
    <ele>720.9</ele>
    <time>2023-11-04T12:07:29Z</time>
   </trkpt>
   <trkpt lat="46.3422760" lon="12.8924160">
    <ele>720.8</ele>
    <time>2023-11-04T12:07:30Z</time>
   </trkpt>
   <trkpt lat="46.3422760" lon="12.8924230">
    <ele>720.7</ele>
    <time>2023-11-04T12:07:31Z</time>
   </trkpt>
   <trkpt lat="46.3422730" lon="12.8924300">
    <ele>720.7</ele>
    <time>2023-11-04T12:07:32Z</time>
   </trkpt>
   <trkpt lat="46.3422700" lon="12.8924380">
    <ele>720.6</ele>
    <time>2023-11-04T12:07:33Z</time>
   </trkpt>
   <trkpt lat="46.3422670" lon="12.8924490">
    <ele>720.4</ele>
    <time>2023-11-04T12:07:34Z</time>
   </trkpt>
   <trkpt lat="46.3422640" lon="12.8924630">
    <ele>720.3</ele>
    <time>2023-11-04T12:07:35Z</time>
   </trkpt>
   <trkpt lat="46.3422610" lon="12.8924780">
    <ele>720.1</ele>
    <time>2023-11-04T12:07:36Z</time>
   </trkpt>
   <trkpt lat="46.3422580" lon="12.8924900">
    <ele>720.0</ele>
    <time>2023-11-04T12:07:37Z</time>
   </trkpt>
   <trkpt lat="46.3422500" lon="12.8925010">
    <ele>719.8</ele>
    <time>2023-11-04T12:07:38Z</time>
   </trkpt>
   <trkpt lat="46.3422400" lon="12.8925110">
    <ele>719.7</ele>
    <time>2023-11-04T12:07:39Z</time>
   </trkpt>
   <trkpt lat="46.3422340" lon="12.8925230">
    <ele>719.5</ele>
    <time>2023-11-04T12:07:40Z</time>
   </trkpt>
   <trkpt lat="46.3422280" lon="12.8925370">
    <ele>719.3</ele>
    <time>2023-11-04T12:07:41Z</time>
   </trkpt>
   <trkpt lat="46.3422230" lon="12.8925550">
    <ele>719.1</ele>
    <time>2023-11-04T12:07:42Z</time>
   </trkpt>
   <trkpt lat="46.3422190" lon="12.8925750">
    <ele>718.9</ele>
    <time>2023-11-04T12:07:43Z</time>
   </trkpt>
   <trkpt lat="46.3422140" lon="12.8925920">
    <ele>718.7</ele>
    <time>2023-11-04T12:07:44Z</time>
   </trkpt>
   <trkpt lat="46.3422120" lon="12.8926060">
    <ele>718.6</ele>
    <time>2023-11-04T12:07:45Z</time>
   </trkpt>
   <trkpt lat="46.3422110" lon="12.8926200">
    <ele>718.5</ele>
    <time>2023-11-04T12:07:46Z</time>
   </trkpt>
   <trkpt lat="46.3422080" lon="12.8926350">
    <ele>718.3</ele>
    <time>2023-11-04T12:07:47Z</time>
   </trkpt>
   <trkpt lat="46.3422080" lon="12.8926510">
    <ele>718.1</ele>
    <time>2023-11-04T12:07:48Z</time>
   </trkpt>
   <trkpt lat="46.3422060" lon="12.8926650">
    <ele>718.0</ele>
    <time>2023-11-04T12:07:49Z</time>
   </trkpt>
   <trkpt lat="46.3422020" lon="12.8926870">
    <ele>717.8</ele>
    <time>2023-11-04T12:07:50Z</time>
   </trkpt>
   <trkpt lat="46.3422030" lon="12.8926980">
    <ele>717.7</ele>
    <time>2023-11-04T12:07:51Z</time>
   </trkpt>
   <trkpt lat="46.3422040" lon="12.8927080">
    <ele>717.5</ele>
    <time>2023-11-04T12:07:52Z</time>
   </trkpt>
   <trkpt lat="46.3422050" lon="12.8927190">
    <ele>717.4</ele>
    <time>2023-11-04T12:07:53Z</time>
   </trkpt>
   <trkpt lat="46.3422080" lon="12.8927340">
    <ele>717.3</ele>
    <time>2023-11-04T12:07:54Z</time>
   </trkpt>
   <trkpt lat="46.3422110" lon="12.8927510">
    <ele>717.1</ele>
    <time>2023-11-04T12:07:55Z</time>
   </trkpt>
   <trkpt lat="46.3422110" lon="12.8927680">
    <ele>716.9</ele>
    <time>2023-11-04T12:07:56Z</time>
   </trkpt>
   <trkpt lat="46.3422090" lon="12.8927820">
    <ele>716.8</ele>
    <time>2023-11-04T12:07:57Z</time>
   </trkpt>
   <trkpt lat="46.3422050" lon="12.8927960">
    <ele>716.7</ele>
    <time>2023-11-04T12:07:58Z</time>
   </trkpt>
   <trkpt lat="46.3422020" lon="12.8928080">
    <ele>716.5</ele>
    <time>2023-11-04T12:07:59Z</time>
   </trkpt>
   <trkpt lat="46.3422000" lon="12.8928200">
    <ele>716.4</ele>
    <time>2023-11-04T12:08:00Z</time>
   </trkpt>
   <trkpt lat="46.3421980" lon="12.8928340">
    <ele>716.3</ele>
    <time>2023-11-04T12:08:01Z</time>
   </trkpt>
   <trkpt lat="46.3421960" lon="12.8928500">
    <ele>716.1</ele>
    <time>2023-11-04T12:08:02Z</time>
   </trkpt>
   <trkpt lat="46.3421920" lon="12.8928630">
    <ele>716.0</ele>
    <time>2023-11-04T12:08:03Z</time>
   </trkpt>
   <trkpt lat="46.3421910" lon="12.8928710">
    <ele>715.9</ele>
    <time>2023-11-04T12:08:04Z</time>
   </trkpt>
   <trkpt lat="46.3421890" lon="12.8928830">
    <ele>715.8</ele>
    <time>2023-11-04T12:08:05Z</time>
   </trkpt>
   <trkpt lat="46.3421870" lon="12.8928980">
    <ele>715.6</ele>
    <time>2023-11-04T12:08:06Z</time>
   </trkpt>
   <trkpt lat="46.3421830" lon="12.8929150">
    <ele>715.5</ele>
    <time>2023-11-04T12:08:07Z</time>
   </trkpt>
   <trkpt lat="46.3421780" lon="12.8929270">
    <ele>715.4</ele>
    <time>2023-11-04T12:08:08Z</time>
   </trkpt>
   <trkpt lat="46.3421720" lon="12.8929360">
    <ele>715.3</ele>
    <time>2023-11-04T12:08:09Z</time>
   </trkpt>
   <trkpt lat="46.3421670" lon="12.8929450">
    <ele>715.2</ele>
    <time>2023-11-04T12:08:10Z</time>
   </trkpt>
   <trkpt lat="46.3421630" lon="12.8929580">
    <ele>715.0</ele>
    <time>2023-11-04T12:08:11Z</time>
   </trkpt>
   <trkpt lat="46.3421600" lon="12.8929720">
    <ele>714.9</ele>
    <time>2023-11-04T12:08:12Z</time>
   </trkpt>
   <trkpt lat="46.3421580" lon="12.8929810">
    <ele>714.8</ele>
    <time>2023-11-04T12:08:13Z</time>
   </trkpt>
   <trkpt lat="46.3421590" lon="12.8929910">
    <ele>714.8</ele>
    <time>2023-11-04T12:08:14Z</time>
   </trkpt>
   <trkpt lat="46.3421560" lon="12.8930020">
    <ele>714.7</ele>
    <time>2023-11-04T12:08:15Z</time>
   </trkpt>
   <trkpt lat="46.3421540" lon="12.8930140">
    <ele>714.6</ele>
    <time>2023-11-04T12:08:16Z</time>
   </trkpt>
   <trkpt lat="46.3421510" lon="12.8930280">
    <ele>714.4</ele>
    <time>2023-11-04T12:08:17Z</time>
   </trkpt>
   <trkpt lat="46.3421490" lon="12.8930380">
    <ele>714.3</ele>
    <time>2023-11-04T12:08:18Z</time>
   </trkpt>
   <trkpt lat="46.3421440" lon="12.8930450">
    <ele>714.3</ele>
    <time>2023-11-04T12:08:19Z</time>
   </trkpt>
   <trkpt lat="46.3421390" lon="12.8930510">
    <ele>714.2</ele>
    <time>2023-11-04T12:08:20Z</time>
   </trkpt>
   <trkpt lat="46.3421370" lon="12.8930570">
    <ele>714.1</ele>
    <time>2023-11-04T12:08:21Z</time>
   </trkpt>
   <trkpt lat="46.3421380" lon="12.8930620">
    <ele>714.1</ele>
    <time>2023-11-04T12:08:22Z</time>
   </trkpt>
   <trkpt lat="46.3421370" lon="12.8930750">
    <ele>714.0</ele>
    <time>2023-11-04T12:08:23Z</time>
   </trkpt>
   <trkpt lat="46.3421370" lon="12.8930860">
    <ele>713.9</ele>
    <time>2023-11-04T12:08:24Z</time>
   </trkpt>
   <trkpt lat="46.3421340" lon="12.8930960">
    <ele>713.8</ele>
    <time>2023-11-04T12:08:25Z</time>
   </trkpt>
   <trkpt lat="46.3421300" lon="12.8931080">
    <ele>713.7</ele>
    <time>2023-11-04T12:08:26Z</time>
   </trkpt>
   <trkpt lat="46.3421260" lon="12.8931180">
    <ele>713.6</ele>
    <time>2023-11-04T12:08:27Z</time>
   </trkpt>
   <trkpt lat="46.3421220" lon="12.8931230">
    <ele>713.5</ele>
    <time>2023-11-04T12:08:28Z</time>
   </trkpt>
   <trkpt lat="46.3421220" lon="12.8931270">
    <ele>713.5</ele>
    <time>2023-11-04T12:08:29Z</time>
   </trkpt>
   <trkpt lat="46.3421140" lon="12.8931360">
    <ele>713.4</ele>
    <time>2023-11-04T12:08:30Z</time>
   </trkpt>
   <trkpt lat="46.3421090" lon="12.8931420">
    <ele>713.3</ele>
    <time>2023-11-04T12:08:31Z</time>
   </trkpt>
   <trkpt lat="46.3421060" lon="12.8931490">
    <ele>713.2</ele>
    <time>2023-11-04T12:08:32Z</time>
   </trkpt>
   <trkpt lat="46.3421030" lon="12.8931590">
    <ele>713.2</ele>
    <time>2023-11-04T12:08:33Z</time>
   </trkpt>
   <trkpt lat="46.3421020" lon="12.8931680">
    <ele>713.1</ele>
    <time>2023-11-04T12:08:34Z</time>
   </trkpt>
   <trkpt lat="46.3420980" lon="12.8931780">
    <ele>713.0</ele>
    <time>2023-11-04T12:08:35Z</time>
   </trkpt>
   <trkpt lat="46.3420950" lon="12.8931870">
    <ele>712.9</ele>
    <time>2023-11-04T12:08:36Z</time>
   </trkpt>
   <trkpt lat="46.3420930" lon="12.8931930">
    <ele>712.9</ele>
    <time>2023-11-04T12:08:37Z</time>
   </trkpt>
   <trkpt lat="46.3420920" lon="12.8931950">
    <ele>712.9</ele>
    <time>2023-11-04T12:08:38Z</time>
   </trkpt>
   <trkpt lat="46.3420870" lon="12.8931990">
    <ele>712.8</ele>
    <time>2023-11-04T12:08:39Z</time>
   </trkpt>
   <trkpt lat="46.3420840" lon="12.8932040">
    <ele>712.7</ele>
    <time>2023-11-04T12:08:40Z</time>
   </trkpt>
   <trkpt lat="46.3420800" lon="12.8932100">
    <ele>712.7</ele>
    <time>2023-11-04T12:08:41Z</time>
   </trkpt>
   <trkpt lat="46.3420770" lon="12.8932220">
    <ele>712.6</ele>
    <time>2023-11-04T12:08:42Z</time>
   </trkpt>
   <trkpt lat="46.3420780" lon="12.8932360">
    <ele>712.5</ele>
    <time>2023-11-04T12:08:43Z</time>
   </trkpt>
   <trkpt lat="46.3420800" lon="12.8932500">
    <ele>712.3</ele>
    <time>2023-11-04T12:08:44Z</time>
   </trkpt>
   <trkpt lat="46.3420830" lon="12.8932620">
    <ele>712.2</ele>
    <time>2023-11-04T12:08:45Z</time>
   </trkpt>
   <trkpt lat="46.3420860" lon="12.8932710">
    <ele>712.2</ele>
    <time>2023-11-04T12:08:46Z</time>
   </trkpt>
   <trkpt lat="46.3420990" lon="12.8932830">
    <ele>712.0</ele>
    <time>2023-11-04T12:08:47Z</time>
   </trkpt>
   <trkpt lat="46.3421130" lon="12.8932890">
    <ele>711.8</ele>
    <time>2023-11-04T12:08:49Z</time>
   </trkpt>
   <trkpt lat="46.3421180" lon="12.8932870">
    <ele>711.7</ele>
    <time>2023-11-04T12:08:50Z</time>
   </trkpt>
   <trkpt lat="46.3421240" lon="12.8932860">
    <ele>711.7</ele>
    <time>2023-11-04T12:08:51Z</time>
   </trkpt>
   <trkpt lat="46.3421300" lon="12.8932820">
    <ele>711.6</ele>
    <time>2023-11-04T12:08:52Z</time>
   </trkpt>
   <trkpt lat="46.3421390" lon="12.8932750">
    <ele>711.5</ele>
    <time>2023-11-04T12:08:53Z</time>
   </trkpt>
   <trkpt lat="46.3421560" lon="12.8932630">
    <ele>711.2</ele>
    <time>2023-11-04T12:08:54Z</time>
   </trkpt>
   <trkpt lat="46.3421640" lon="12.8932570">
    <ele>711.1</ele>
    <time>2023-11-04T12:08:55Z</time>
   </trkpt>
   <trkpt lat="46.3421720" lon="12.8932520">
    <ele>711.0</ele>
    <time>2023-11-04T12:08:56Z</time>
   </trkpt>
   <trkpt lat="46.3421840" lon="12.8932420">
    <ele>710.8</ele>
    <time>2023-11-04T12:08:57Z</time>
   </trkpt>
   <trkpt lat="46.3421960" lon="12.8932300">
    <ele>710.6</ele>
    <time>2023-11-04T12:08:58Z</time>
   </trkpt>
   <trkpt lat="46.3422070" lon="12.8932170">
    <ele>710.4</ele>
    <time>2023-11-04T12:08:59Z</time>
   </trkpt>
   <trkpt lat="46.3422150" lon="12.8932030">
    <ele>710.3</ele>
    <time>2023-11-04T12:09:00Z</time>
   </trkpt>
   <trkpt lat="46.3422300" lon="12.8931790">
    <ele>710.0</ele>
    <time>2023-11-04T12:09:01Z</time>
   </trkpt>
   <trkpt lat="46.3422360" lon="12.8931690">
    <ele>709.9</ele>
    <time>2023-11-04T12:09:02Z</time>
   </trkpt>
   <trkpt lat="46.3422410" lon="12.8931590">
    <ele>709.7</ele>
    <time>2023-11-04T12:09:03Z</time>
   </trkpt>
   <trkpt lat="46.3422490" lon="12.8931440">
    <ele>709.6</ele>
    <time>2023-11-04T12:09:04Z</time>
   </trkpt>
   <trkpt lat="46.3422590" lon="12.8931320">
    <ele>709.4</ele>
    <time>2023-11-04T12:09:05Z</time>
   </trkpt>
   <trkpt lat="46.3422690" lon="12.8931250">
    <ele>709.3</ele>
    <time>2023-11-04T12:09:06Z</time>
   </trkpt>
   <trkpt lat="46.3422790" lon="12.8931220">
    <ele>709.2</ele>
    <time>2023-11-04T12:09:07Z</time>
   </trkpt>
   <trkpt lat="46.3422790" lon="12.8931220">
    <ele>709.2</ele>
    <time>2023-11-04T12:09:08Z</time>
   </trkpt>
   <trkpt lat="46.3422750" lon="12.8931220">
    <ele>709.1</ele>
    <time>2023-11-04T12:09:09Z</time>
   </trkpt>
   <trkpt lat="46.3422730" lon="12.8931220">
    <ele>709.1</ele>
    <time>2023-11-04T12:09:10Z</time>
   </trkpt>
   <trkpt lat="46.3422710" lon="12.8931220">
    <ele>709.1</ele>
    <time>2023-11-04T12:09:11Z</time>
   </trkpt>
   <trkpt lat="46.3422700" lon="12.8931230">
    <ele>709.0</ele>
    <time>2023-11-04T12:09:12Z</time>
   </trkpt>
   <trkpt lat="46.3422690" lon="12.8931230">
    <ele>709.0</ele>
    <time>2023-11-04T12:09:13Z</time>
   </trkpt>
   <trkpt lat="46.3422730" lon="12.8931220">
    <ele>709.0</ele>
    <time>2023-11-04T12:09:14Z</time>
   </trkpt>
   <trkpt lat="46.3422780" lon="12.8931200">
    <ele>708.9</ele>
    <time>2023-11-04T12:09:15Z</time>
   </trkpt>
   <trkpt lat="46.3422870" lon="12.8931160">
    <ele>708.8</ele>
    <time>2023-11-04T12:09:16Z</time>
   </trkpt>
   <trkpt lat="46.3422960" lon="12.8931110">
    <ele>708.7</ele>
    <time>2023-11-04T12:09:17Z</time>
   </trkpt>
   <trkpt lat="46.3423060" lon="12.8931070">
    <ele>708.6</ele>
    <time>2023-11-04T12:09:18Z</time>
   </trkpt>
   <trkpt lat="46.3423160" lon="12.8931040">
    <ele>708.4</ele>
    <time>2023-11-04T12:09:19Z</time>
   </trkpt>
   <trkpt lat="46.3423250" lon="12.8931030">
    <ele>708.3</ele>
    <time>2023-11-04T12:09:20Z</time>
   </trkpt>
   <trkpt lat="46.3423310" lon="12.8931020">
    <ele>708.3</ele>
    <time>2023-11-04T12:09:21Z</time>
   </trkpt>
   <trkpt lat="46.3423390" lon="12.8931020">
    <ele>708.2</ele>
    <time>2023-11-04T12:09:22Z</time>
   </trkpt>
   <trkpt lat="46.3423460" lon="12.8931020">
    <ele>708.1</ele>
    <time>2023-11-04T12:09:23Z</time>
   </trkpt>
   <trkpt lat="46.3423570" lon="12.8931010">
    <ele>707.9</ele>
    <time>2023-11-04T12:09:24Z</time>
   </trkpt>
   <trkpt lat="46.3423810" lon="12.8930910">
    <ele>707.6</ele>
    <time>2023-11-04T12:09:25Z</time>
   </trkpt>
   <trkpt lat="46.3423860" lon="12.8930880">
    <ele>707.6</ele>
    <time>2023-11-04T12:09:27Z</time>
   </trkpt>
   <trkpt lat="46.3423940" lon="12.8930840">
    <ele>707.5</ele>
    <time>2023-11-04T12:09:28Z</time>
   </trkpt>
   <trkpt lat="46.3424040" lon="12.8930790">
    <ele>707.4</ele>
    <time>2023-11-04T12:09:29Z</time>
   </trkpt>
   <trkpt lat="46.3424140" lon="12.8930750">
    <ele>707.2</ele>
    <time>2023-11-04T12:09:30Z</time>
   </trkpt>
   <trkpt lat="46.3424120" lon="12.8930730">
    <ele>707.2</ele>
    <time>2023-11-04T12:09:31Z</time>
   </trkpt>
   <trkpt lat="46.3424150" lon="12.8930700">
    <ele>707.2</ele>
    <time>2023-11-04T12:09:32Z</time>
   </trkpt>
   <trkpt lat="46.3424200" lon="12.8930650">
    <ele>707.1</ele>
    <time>2023-11-04T12:09:33Z</time>
   </trkpt>
   <trkpt lat="46.3424270" lon="12.8930600">
    <ele>707.0</ele>
    <time>2023-11-04T12:09:34Z</time>
   </trkpt>
   <trkpt lat="46.3424320" lon="12.8930530">
    <ele>706.9</ele>
    <time>2023-11-04T12:09:35Z</time>
   </trkpt>
   <trkpt lat="46.3424370" lon="12.8930460">
    <ele>706.8</ele>
    <time>2023-11-04T12:09:36Z</time>
   </trkpt>
   <trkpt lat="46.3424420" lon="12.8930370">
    <ele>706.7</ele>
    <time>2023-11-04T12:09:37Z</time>
   </trkpt>
   <trkpt lat="46.3424470" lon="12.8930290">
    <ele>706.6</ele>
    <time>2023-11-04T12:09:38Z</time>
   </trkpt>
   <trkpt lat="46.3424560" lon="12.8930220">
    <ele>706.5</ele>
    <time>2023-11-04T12:09:39Z</time>
   </trkpt>
   <trkpt lat="46.3424610" lon="12.8930150">
    <ele>706.4</ele>
    <time>2023-11-04T12:09:40Z</time>
   </trkpt>
   <trkpt lat="46.3424710" lon="12.8930080">
    <ele>706.3</ele>
    <time>2023-11-04T12:09:41Z</time>
   </trkpt>
   <trkpt lat="46.3424790" lon="12.8930000">
    <ele>706.1</ele>
    <time>2023-11-04T12:09:42Z</time>
   </trkpt>
   <trkpt lat="46.3424840" lon="12.8929940">
    <ele>706.1</ele>
    <time>2023-11-04T12:09:43Z</time>
   </trkpt>
   <trkpt lat="46.3424900" lon="12.8929860">
    <ele>706.0</ele>
    <time>2023-11-04T12:09:44Z</time>
   </trkpt>
   <trkpt lat="46.3424980" lon="12.8929770">
    <ele>705.8</ele>
    <time>2023-11-04T12:09:45Z</time>
   </trkpt>
   <trkpt lat="46.3425060" lon="12.8929690">
    <ele>705.7</ele>
    <time>2023-11-04T12:09:46Z</time>
   </trkpt>
   <trkpt lat="46.3425140" lon="12.8929630">
    <ele>705.6</ele>
    <time>2023-11-04T12:09:47Z</time>
   </trkpt>
   <trkpt lat="46.3425220" lon="12.8929570">
    <ele>705.5</ele>
    <time>2023-11-04T12:09:48Z</time>
   </trkpt>
   <trkpt lat="46.3425300" lon="12.8929510">
    <ele>705.4</ele>
    <time>2023-11-04T12:09:49Z</time>
   </trkpt>
   <trkpt lat="46.3425390" lon="12.8929450">
    <ele>705.2</ele>
    <time>2023-11-04T12:09:50Z</time>
   </trkpt>
   <trkpt lat="46.3425470" lon="12.8929430">
    <ele>705.1</ele>
    <time>2023-11-04T12:09:51Z</time>
   </trkpt>
   <trkpt lat="46.3425550" lon="12.8929400">
    <ele>705.0</ele>
    <time>2023-11-04T12:09:52Z</time>
   </trkpt>
   <trkpt lat="46.3425620" lon="12.8929340">
    <ele>704.9</ele>
    <time>2023-11-04T12:09:53Z</time>
   </trkpt>
   <trkpt lat="46.3425690" lon="12.8929270">
    <ele>704.8</ele>
    <time>2023-11-04T12:09:54Z</time>
   </trkpt>
   <trkpt lat="46.3425780" lon="12.8929180">
    <ele>704.7</ele>
    <time>2023-11-04T12:09:55Z</time>
   </trkpt>
   <trkpt lat="46.3425860" lon="12.8929090">
    <ele>704.5</ele>
    <time>2023-11-04T12:09:56Z</time>
   </trkpt>
   <trkpt lat="46.3425950" lon="12.8929040">
    <ele>704.4</ele>
    <time>2023-11-04T12:09:57Z</time>
   </trkpt>
   <trkpt lat="46.3426040" lon="12.8928980">
    <ele>704.3</ele>
    <time>2023-11-04T12:09:58Z</time>
   </trkpt>
   <trkpt lat="46.3426140" lon="12.8928900">
    <ele>704.1</ele>
    <time>2023-11-04T12:09:59Z</time>
   </trkpt>
   <trkpt lat="46.3426240" lon="12.8928850">
    <ele>704.0</ele>
    <time>2023-11-04T12:10:00Z</time>
   </trkpt>
   <trkpt lat="46.3426330" lon="12.8928800">
    <ele>703.9</ele>
    <time>2023-11-04T12:10:01Z</time>
   </trkpt>
   <trkpt lat="46.3426420" lon="12.8928750">
    <ele>703.7</ele>
    <time>2023-11-04T12:10:02Z</time>
   </trkpt>
   <trkpt lat="46.3426510" lon="12.8928680">
    <ele>703.6</ele>
    <time>2023-11-04T12:10:03Z</time>
   </trkpt>
   <trkpt lat="46.3426600" lon="12.8928610">
    <ele>703.5</ele>
    <time>2023-11-04T12:10:04Z</time>
   </trkpt>
   <trkpt lat="46.3426690" lon="12.8928550">
    <ele>703.4</ele>
    <time>2023-11-04T12:10:05Z</time>
   </trkpt>
   <trkpt lat="46.3426780" lon="12.8928460">
    <ele>703.2</ele>
    <time>2023-11-04T12:10:06Z</time>
   </trkpt>
   <trkpt lat="46.3426860" lon="12.8928390">
    <ele>703.1</ele>
    <time>2023-11-04T12:10:07Z</time>
   </trkpt>
   <trkpt lat="46.3426910" lon="12.8928320">
    <ele>703.0</ele>
    <time>2023-11-04T12:10:08Z</time>
   </trkpt>
   <trkpt lat="46.3426970" lon="12.8928280">
    <ele>702.9</ele>
    <time>2023-11-04T12:10:09Z</time>
   </trkpt>
   <trkpt lat="46.3427010" lon="12.8928230">
    <ele>702.8</ele>
    <time>2023-11-04T12:10:10Z</time>
   </trkpt>
   <trkpt lat="46.3427050" lon="12.8928190">
    <ele>702.8</ele>
    <time>2023-11-04T12:10:11Z</time>
   </trkpt>
   <trkpt lat="46.3427120" lon="12.8928120">
    <ele>702.7</ele>
    <time>2023-11-04T12:10:12Z</time>
   </trkpt>
   <trkpt lat="46.3427200" lon="12.8928030">
    <ele>702.5</ele>
    <time>2023-11-04T12:10:13Z</time>
   </trkpt>
   <trkpt lat="46.3427290" lon="12.8927950">
    <ele>702.4</ele>
    <time>2023-11-04T12:10:14Z</time>
   </trkpt>
   <trkpt lat="46.3427380" lon="12.8927880">
    <ele>702.3</ele>
    <time>2023-11-04T12:10:15Z</time>
   </trkpt>
   <trkpt lat="46.3427460" lon="12.8927850">
    <ele>702.2</ele>
    <time>2023-11-04T12:10:16Z</time>
   </trkpt>
   <trkpt lat="46.3427540" lon="12.8927830">
    <ele>702.1</ele>
    <time>2023-11-04T12:10:17Z</time>
   </trkpt>
   <trkpt lat="46.3427600" lon="12.8927790">
    <ele>702.0</ele>
    <time>2023-11-04T12:10:18Z</time>
   </trkpt>
   <trkpt lat="46.3427670" lon="12.8927760">
    <ele>701.9</ele>
    <time>2023-11-04T12:10:19Z</time>
   </trkpt>
   <trkpt lat="46.3427740" lon="12.8927700">
    <ele>701.8</ele>
    <time>2023-11-04T12:10:20Z</time>
   </trkpt>
   <trkpt lat="46.3427820" lon="12.8927660">
    <ele>701.7</ele>
    <time>2023-11-04T12:10:21Z</time>
   </trkpt>
   <trkpt lat="46.3427880" lon="12.8927590">
    <ele>701.5</ele>
    <time>2023-11-04T12:10:22Z</time>
   </trkpt>
   <trkpt lat="46.3427950" lon="12.8927520">
    <ele>701.4</ele>
    <time>2023-11-04T12:10:23Z</time>
   </trkpt>
   <trkpt lat="46.3428030" lon="12.8927430">
    <ele>701.3</ele>
    <time>2023-11-04T12:10:24Z</time>
   </trkpt>
   <trkpt lat="46.3428110" lon="12.8927330">
    <ele>701.1</ele>
    <time>2023-11-04T12:10:25Z</time>
   </trkpt>
   <trkpt lat="46.3428170" lon="12.8927210">
    <ele>701.0</ele>
    <time>2023-11-04T12:10:26Z</time>
   </trkpt>
   <trkpt lat="46.3428260" lon="12.8927130">
    <ele>700.8</ele>
    <time>2023-11-04T12:10:27Z</time>
   </trkpt>
   <trkpt lat="46.3428340" lon="12.8927070">
    <ele>700.7</ele>
    <time>2023-11-04T12:10:28Z</time>
   </trkpt>
   <trkpt lat="46.3428420" lon="12.8927010">
    <ele>700.5</ele>
    <time>2023-11-04T12:10:29Z</time>
   </trkpt>
   <trkpt lat="46.3428510" lon="12.8926930">
    <ele>700.4</ele>
    <time>2023-11-04T12:10:30Z</time>
   </trkpt>
   <trkpt lat="46.3428640" lon="12.8926860">
    <ele>700.1</ele>
    <time>2023-11-04T12:10:31Z</time>
   </trkpt>
   <trkpt lat="46.3428790" lon="12.8926820">
    <ele>699.9</ele>
    <time>2023-11-04T12:10:32Z</time>
   </trkpt>
   <trkpt lat="46.3428920" lon="12.8926800">
    <ele>699.7</ele>
    <time>2023-11-04T12:10:33Z</time>
   </trkpt>
   <trkpt lat="46.3429040" lon="12.8926790">
    <ele>699.5</ele>
    <time>2023-11-04T12:10:34Z</time>
   </trkpt>
   <trkpt lat="46.3429120" lon="12.8926800">
    <ele>699.4</ele>
    <time>2023-11-04T12:10:35Z</time>
   </trkpt>
   <trkpt lat="46.3429150" lon="12.8926830">
    <ele>699.3</ele>
    <time>2023-11-04T12:10:36Z</time>
   </trkpt>
   <trkpt lat="46.3429220" lon="12.8926870">
    <ele>699.2</ele>
    <time>2023-11-04T12:10:37Z</time>
   </trkpt>
   <trkpt lat="46.3429330" lon="12.8926900">
    <ele>699.0</ele>
    <time>2023-11-04T12:10:38Z</time>
   </trkpt>
   <trkpt lat="46.3429470" lon="12.8926930">
    <ele>698.8</ele>
    <time>2023-11-04T12:10:39Z</time>
   </trkpt>
   <trkpt lat="46.3429490" lon="12.8926910">
    <ele>698.8</ele>
    <time>2023-11-04T12:10:40Z</time>
   </trkpt>
   <trkpt lat="46.3429390" lon="12.8926840">
    <ele>698.8</ele>
    <time>2023-11-04T12:10:41Z</time>
   </trkpt>
   <trkpt lat="46.3429310" lon="12.8926800">
    <ele>698.8</ele>
    <time>2023-11-04T12:10:42Z</time>
   </trkpt>
   <trkpt lat="46.3429230" lon="12.8926750">
    <ele>699.0</ele>
    <time>2023-11-04T12:10:43Z</time>
   </trkpt>
   <trkpt lat="46.3429160" lon="12.8926700">
    <ele>699.9</ele>
    <time>2023-11-04T12:10:44Z</time>
   </trkpt>
   <trkpt lat="46.3429080" lon="12.8926650">
    <ele>700.0</ele>
    <time>2023-11-04T12:10:45Z</time>
   </trkpt>
   <trkpt lat="46.3428960" lon="12.8926410">
    <ele>700.1</ele>
    <time>2023-11-04T12:10:46Z</time>
   </trkpt>
   <trkpt lat="46.3428970" lon="12.8926210">
    <ele>701.1</ele>
    <time>2023-11-04T12:10:47Z</time>
   </trkpt>
   <trkpt lat="46.3429080" lon="12.8926190">
    <ele>700.9</ele>
    <time>2023-11-04T12:10:48Z</time>
   </trkpt>
   <trkpt lat="46.3429250" lon="12.8926240">
    <ele>700.9</ele>
    <time>2023-11-04T12:10:49Z</time>
   </trkpt>
   <trkpt lat="46.3429390" lon="12.8926270">
    <ele>700.8</ele>
    <time>2023-11-04T12:10:50Z</time>
   </trkpt>
   <trkpt lat="46.3429450" lon="12.8926250">
    <ele>700.8</ele>
    <time>2023-11-04T12:10:51Z</time>
   </trkpt>
   <trkpt lat="46.3429460" lon="12.8926190">
    <ele>700.8</ele>
    <time>2023-11-04T12:10:52Z</time>
   </trkpt>
   <trkpt lat="46.3429450" lon="12.8926140">
    <ele>700.8</ele>
    <time>2023-11-04T12:10:53Z</time>
   </trkpt>
   <trkpt lat="46.3429450" lon="12.8926080">
    <ele>700.9</ele>
    <time>2023-11-04T12:10:54Z</time>
   </trkpt>
   <trkpt lat="46.3429500" lon="12.8926040">
    <ele>700.9</ele>
    <time>2023-11-04T12:10:55Z</time>
   </trkpt>
   <trkpt lat="46.3429450" lon="12.8925880">
    <ele>700.9</ele>
    <time>2023-11-04T12:10:56Z</time>
   </trkpt>
   <trkpt lat="46.3429410" lon="12.8925720">
    <ele>701.9</ele>
    <time>2023-11-04T12:10:57Z</time>
   </trkpt>
   <trkpt lat="46.3429400" lon="12.8925620">
    <ele>701.9</ele>
    <time>2023-11-04T12:10:58Z</time>
   </trkpt>
   <trkpt lat="46.3429360" lon="12.8925480">
    <ele>701.9</ele>
    <time>2023-11-04T12:10:59Z</time>
   </trkpt>
   <trkpt lat="46.3429340" lon="12.8925360">
    <ele>703.0</ele>
    <time>2023-11-04T12:11:00Z</time>
   </trkpt>
   <trkpt lat="46.3429340" lon="12.8925290">
    <ele>703.0</ele>
    <time>2023-11-04T12:11:01Z</time>
   </trkpt>
   <trkpt lat="46.3429340" lon="12.8925230">
    <ele>703.0</ele>
    <time>2023-11-04T12:11:02Z</time>
   </trkpt>
   <trkpt lat="46.3429350" lon="12.8925240">
    <ele>703.0</ele>
    <time>2023-11-04T12:11:03Z</time>
   </trkpt>
   <trkpt lat="46.3429350" lon="12.8925280">
    <ele>703.0</ele>
    <time>2023-11-04T12:11:04Z</time>
   </trkpt>
   <trkpt lat="46.3429360" lon="12.8925330">
    <ele>702.9</ele>
    <time>2023-11-04T12:11:05Z</time>
   </trkpt>
   <trkpt lat="46.3429340" lon="12.8925410">
    <ele>702.8</ele>
    <time>2023-11-04T12:11:06Z</time>
   </trkpt>
   <trkpt lat="46.3429340" lon="12.8925490">
    <ele>702.7</ele>
    <time>2023-11-04T12:11:07Z</time>
   </trkpt>
   <trkpt lat="46.3429360" lon="12.8925570">
    <ele>702.6</ele>
    <time>2023-11-04T12:11:08Z</time>
   </trkpt>
   <trkpt lat="46.3429360" lon="12.8925650">
    <ele>702.5</ele>
    <time>2023-11-04T12:11:09Z</time>
   </trkpt>
   <trkpt lat="46.3429380" lon="12.8925810">
    <ele>702.4</ele>
    <time>2023-11-04T12:11:10Z</time>
   </trkpt>
   <trkpt lat="46.3429410" lon="12.8925890">
    <ele>702.3</ele>
    <time>2023-11-04T12:11:11Z</time>
   </trkpt>
   <trkpt lat="46.3429450" lon="12.8925970">
    <ele>702.2</ele>
    <time>2023-11-04T12:11:12Z</time>
   </trkpt>
   <trkpt lat="46.3429480" lon="12.8926060">
    <ele>702.1</ele>
    <time>2023-11-04T12:11:13Z</time>
   </trkpt>
   <trkpt lat="46.3429510" lon="12.8926140">
    <ele>702.0</ele>
    <time>2023-11-04T12:11:14Z</time>
   </trkpt>
   <trkpt lat="46.3429540" lon="12.8926220">
    <ele>701.9</ele>
    <time>2023-11-04T12:11:15Z</time>
   </trkpt>
   <trkpt lat="46.3429640" lon="12.8926600">
    <ele>701.4</ele>
    <time>2023-11-04T12:11:16Z</time>
   </trkpt>
   <trkpt lat="46.3429710" lon="12.8926730">
    <ele>701.2</ele>
    <time>2023-11-04T12:11:17Z</time>
   </trkpt>
   <trkpt lat="46.3429890" lon="12.8926940">
    <ele>700.9</ele>
    <time>2023-11-04T12:11:18Z</time>
   </trkpt>
   <trkpt lat="46.3429960" lon="12.8926940">
    <ele>700.8</ele>
    <time>2023-11-04T12:11:19Z</time>
   </trkpt>
   <trkpt lat="46.3430020" lon="12.8926870">
    <ele>700.7</ele>
    <time>2023-11-04T12:11:20Z</time>
   </trkpt>
   <trkpt lat="46.3430000" lon="12.8926760">
    <ele>700.5</ele>
    <time>2023-11-04T12:11:21Z</time>
   </trkpt>
   <trkpt lat="46.3430050" lon="12.8926690">
    <ele>700.4</ele>
    <time>2023-11-04T12:11:22Z</time>
   </trkpt>
   <trkpt lat="46.3430110" lon="12.8926640">
    <ele>700.3</ele>
    <time>2023-11-04T12:11:23Z</time>
   </trkpt>
   <trkpt lat="46.3430180" lon="12.8926610">
    <ele>700.2</ele>
    <time>2023-11-04T12:11:24Z</time>
   </trkpt>
   <trkpt lat="46.3430280" lon="12.8926600">
    <ele>700.0</ele>
    <time>2023-11-04T12:11:25Z</time>
   </trkpt>
   <trkpt lat="46.3430360" lon="12.8926590">
    <ele>699.9</ele>
    <time>2023-11-04T12:11:26Z</time>
   </trkpt>
   <trkpt lat="46.3430500" lon="12.8926640">
    <ele>699.7</ele>
    <time>2023-11-04T12:11:27Z</time>
   </trkpt>
   <trkpt lat="46.3430550" lon="12.8926690">
    <ele>699.6</ele>
    <time>2023-11-04T12:11:29Z</time>
   </trkpt>
   <trkpt lat="46.3430560" lon="12.8926790">
    <ele>699.5</ele>
    <time>2023-11-04T12:11:30Z</time>
   </trkpt>
   <trkpt lat="46.3430560" lon="12.8926880">
    <ele>699.4</ele>
    <time>2023-11-04T12:11:31Z</time>
   </trkpt>
   <trkpt lat="46.3430560" lon="12.8926930">
    <ele>699.3</ele>
    <time>2023-11-04T12:11:32Z</time>
   </trkpt>
   <trkpt lat="46.3430590" lon="12.8926970">
    <ele>699.3</ele>
    <time>2023-11-04T12:11:33Z</time>
   </trkpt>
   <trkpt lat="46.3430560" lon="12.8926980">
    <ele>699.2</ele>
    <time>2023-11-04T12:11:34Z</time>
   </trkpt>
   <trkpt lat="46.3430560" lon="12.8926990">
    <ele>699.2</ele>
    <time>2023-11-04T12:11:35Z</time>
   </trkpt>
   <trkpt lat="46.3430590" lon="12.8926990">
    <ele>699.2</ele>
    <time>2023-11-04T12:11:36Z</time>
   </trkpt>
   <trkpt lat="46.3430640" lon="12.8926990">
    <ele>699.1</ele>
    <time>2023-11-04T12:11:37Z</time>
   </trkpt>
   <trkpt lat="46.3430700" lon="12.8926980">
    <ele>699.0</ele>
    <time>2023-11-04T12:11:38Z</time>
   </trkpt>
   <trkpt lat="46.3430770" lon="12.8926940">
    <ele>698.9</ele>
    <time>2023-11-04T12:11:39Z</time>
   </trkpt>
   <trkpt lat="46.3430820" lon="12.8926870">
    <ele>698.8</ele>
    <time>2023-11-04T12:11:40Z</time>
   </trkpt>
   <trkpt lat="46.3430890" lon="12.8926790">
    <ele>698.6</ele>
    <time>2023-11-04T12:11:41Z</time>
   </trkpt>
   <trkpt lat="46.3430940" lon="12.8926730">
    <ele>698.5</ele>
    <time>2023-11-04T12:11:42Z</time>
   </trkpt>
   <trkpt lat="46.3430990" lon="12.8926690">
    <ele>698.4</ele>
    <time>2023-11-04T12:11:43Z</time>
   </trkpt>
   <trkpt lat="46.3431050" lon="12.8926680">
    <ele>698.3</ele>
    <time>2023-11-04T12:11:44Z</time>
   </trkpt>
   <trkpt lat="46.3431090" lon="12.8926640">
    <ele>698.3</ele>
    <time>2023-11-04T12:11:45Z</time>
   </trkpt>
   <trkpt lat="46.3431110" lon="12.8926570">
    <ele>698.2</ele>
    <time>2023-11-04T12:11:46Z</time>
   </trkpt>
   <trkpt lat="46.3431070" lon="12.8926460">
    <ele>698.1</ele>
    <time>2023-11-04T12:11:47Z</time>
   </trkpt>
   <trkpt lat="46.3431020" lon="12.8926320">
    <ele>697.9</ele>
    <time>2023-11-04T12:11:48Z</time>
   </trkpt>
   <trkpt lat="46.3430950" lon="12.8926220">
    <ele>697.7</ele>
    <time>2023-11-04T12:11:49Z</time>
   </trkpt>
   <trkpt lat="46.3430880" lon="12.8926200">
    <ele>697.6</ele>
    <time>2023-11-04T12:11:50Z</time>
   </trkpt>
   <trkpt lat="46.3430860" lon="12.8926140">
    <ele>697.5</ele>
    <time>2023-11-04T12:11:51Z</time>
   </trkpt>
   <trkpt lat="46.3430840" lon="12.8926090">
    <ele>697.5</ele>
    <time>2023-11-04T12:11:52Z</time>
   </trkpt>
   <trkpt lat="46.3430960" lon="12.8925820">
    <ele>697.1</ele>
    <time>2023-11-04T12:11:53Z</time>
   </trkpt>
   <trkpt lat="46.3431030" lon="12.8925640">
    <ele>696.9</ele>
    <time>2023-11-04T12:11:54Z</time>
   </trkpt>
   <trkpt lat="46.3431080" lon="12.8925550">
    <ele>696.8</ele>
    <time>2023-11-04T12:11:55Z</time>
   </trkpt>
   <trkpt lat="46.3431050" lon="12.8925570">
    <ele>696.7</ele>
    <time>2023-11-04T12:11:56Z</time>
   </trkpt>
   <trkpt lat="46.3431030" lon="12.8925570">
    <ele>696.7</ele>
    <time>2023-11-04T12:11:57Z</time>
   </trkpt>
   <trkpt lat="46.3431020" lon="12.8925570">
    <ele>696.7</ele>
    <time>2023-11-04T12:11:58Z</time>
   </trkpt>
   <trkpt lat="46.3431000" lon="12.8925580">
    <ele>696.7</ele>
    <time>2023-11-04T12:11:59Z</time>
   </trkpt>
   <trkpt lat="46.3430990" lon="12.8925590">
    <ele>696.6</ele>
    <time>2023-11-04T12:12:00Z</time>
   </trkpt>
   <trkpt lat="46.3430980" lon="12.8925590">
    <ele>696.6</ele>
    <time>2023-11-04T12:12:01Z</time>
   </trkpt>
   <trkpt lat="46.3430950" lon="12.8925580">
    <ele>696.6</ele>
    <time>2023-11-04T12:12:02Z</time>
   </trkpt>
   <trkpt lat="46.3430920" lon="12.8925580">
    <ele>696.5</ele>
    <time>2023-11-04T12:12:03Z</time>
   </trkpt>
   <trkpt lat="46.3430900" lon="12.8925570">
    <ele>696.5</ele>
    <time>2023-11-04T12:12:04Z</time>
   </trkpt>
   <trkpt lat="46.3430890" lon="12.8925560">
    <ele>696.5</ele>
    <time>2023-11-04T12:12:05Z</time>
   </trkpt>
   <trkpt lat="46.3430890" lon="12.8925550">
    <ele>696.5</ele>
    <time>2023-11-04T12:12:06Z</time>
   </trkpt>
   <trkpt lat="46.3430890" lon="12.8925550">
    <ele>696.5</ele>
    <time>2023-11-04T12:12:07Z</time>
   </trkpt>
   <trkpt lat="46.3430890" lon="12.8925550">
    <ele>696.5</ele>
    <time>2023-11-04T12:12:08Z</time>
   </trkpt>
   <trkpt lat="46.3430900" lon="12.8925550">
    <ele>696.4</ele>
    <time>2023-11-04T12:12:10Z</time>
   </trkpt>
   <trkpt lat="46.3430900" lon="12.8925550">
    <ele>696.4</ele>
    <time>2023-11-04T12:12:11Z</time>
   </trkpt>
   <trkpt lat="46.3430900" lon="12.8925550">
    <ele>696.4</ele>
    <time>2023-11-04T12:12:12Z</time>
   </trkpt>
   <trkpt lat="46.3430900" lon="12.8925550">
    <ele>696.4</ele>
    <time>2023-11-04T12:12:13Z</time>
   </trkpt>
   <trkpt lat="46.3430900" lon="12.8925550">
    <ele>696.4</ele>
    <time>2023-11-04T12:12:14Z</time>
   </trkpt>
   <trkpt lat="46.3430900" lon="12.8925550">
    <ele>696.4</ele>
    <time>2023-11-04T12:12:15Z</time>
   </trkpt>
   <trkpt lat="46.3430900" lon="12.8925550">
    <ele>696.4</ele>
    <time>2023-11-04T12:12:16Z</time>
   </trkpt>
   <trkpt lat="46.3430900" lon="12.8925550">
    <ele>696.4</ele>
    <time>2023-11-04T12:12:17Z</time>
   </trkpt>
   <trkpt lat="46.3430900" lon="12.8925550">
    <ele>696.4</ele>
    <time>2023-11-04T12:12:18Z</time>
   </trkpt>
   <trkpt lat="46.3430900" lon="12.8925550">
    <ele>696.4</ele>
    <time>2023-11-04T12:12:19Z</time>
   </trkpt>
   <trkpt lat="46.3430900" lon="12.8925550">
    <ele>696.4</ele>
    <time>2023-11-04T12:12:20Z</time>
   </trkpt>
   <trkpt lat="46.3430900" lon="12.8925550">
    <ele>696.4</ele>
    <time>2023-11-04T12:12:21Z</time>
   </trkpt>
   <trkpt lat="46.3430900" lon="12.8925550">
    <ele>696.4</ele>
    <time>2023-11-04T12:12:22Z</time>
   </trkpt>
   <trkpt lat="46.3430900" lon="12.8925550">
    <ele>696.4</ele>
    <time>2023-11-04T12:12:23Z</time>
   </trkpt>
   <trkpt lat="46.3430880" lon="12.8925630">
    <ele>696.4</ele>
    <time>2023-11-04T12:12:24Z</time>
   </trkpt>
   <trkpt lat="46.3430930" lon="12.8925700">
    <ele>696.2</ele>
    <time>2023-11-04T12:12:25Z</time>
   </trkpt>
   <trkpt lat="46.3430970" lon="12.8925720">
    <ele>696.2</ele>
    <time>2023-11-04T12:12:27Z</time>
   </trkpt>
   <trkpt lat="46.3431010" lon="12.8925760">
    <ele>696.1</ele>
    <time>2023-11-04T12:12:28Z</time>
   </trkpt>
   <trkpt lat="46.3431020" lon="12.8925810">
    <ele>696.0</ele>
    <time>2023-11-04T12:12:29Z</time>
   </trkpt>
   <trkpt lat="46.3430990" lon="12.8925900">
    <ele>695.9</ele>
    <time>2023-11-04T12:12:30Z</time>
   </trkpt>
   <trkpt lat="46.3430940" lon="12.8925960">
    <ele>695.8</ele>
    <time>2023-11-04T12:12:31Z</time>
   </trkpt>
   <trkpt lat="46.3430890" lon="12.8926010">
    <ele>695.7</ele>
    <time>2023-11-04T12:12:32Z</time>
   </trkpt>
   <trkpt lat="46.3430840" lon="12.8926070">
    <ele>695.6</ele>
    <time>2023-11-04T12:12:33Z</time>
   </trkpt>
   <trkpt lat="46.3430780" lon="12.8926130">
    <ele>695.5</ele>
    <time>2023-11-04T12:12:34Z</time>
   </trkpt>
   <trkpt lat="46.3430740" lon="12.8926240">
    <ele>695.4</ele>
    <time>2023-11-04T12:12:35Z</time>
   </trkpt>
   <trkpt lat="46.3430710" lon="12.8926340">
    <ele>695.3</ele>
    <time>2023-11-04T12:12:36Z</time>
   </trkpt>
   <trkpt lat="46.3430710" lon="12.8926470">
    <ele>695.1</ele>
    <time>2023-11-04T12:12:37Z</time>
   </trkpt>
   <trkpt lat="46.3430730" lon="12.8926600">
    <ele>695.0</ele>
    <time>2023-11-04T12:12:38Z</time>
   </trkpt>
   <trkpt lat="46.3430780" lon="12.8926700">
    <ele>694.9</ele>
    <time>2023-11-04T12:12:39Z</time>
   </trkpt>
   <trkpt lat="46.3430840" lon="12.8926760">
    <ele>694.7</ele>
    <time>2023-11-04T12:12:40Z</time>
   </trkpt>
   <trkpt lat="46.3430910" lon="12.8926810">
    <ele>694.6</ele>
    <time>2023-11-04T12:12:41Z</time>
   </trkpt>
   <trkpt lat="46.3430990" lon="12.8926860">
    <ele>694.5</ele>
    <time>2023-11-04T12:12:42Z</time>
   </trkpt>
   <trkpt lat="46.3431060" lon="12.8926910">
    <ele>694.4</ele>
    <time>2023-11-04T12:12:43Z</time>
   </trkpt>
   <trkpt lat="46.3431130" lon="12.8926940">
    <ele>694.3</ele>
    <time>2023-11-04T12:12:44Z</time>
   </trkpt>
   <trkpt lat="46.3431200" lon="12.8926950">
    <ele>694.1</ele>
    <time>2023-11-04T12:12:45Z</time>
   </trkpt>
   <trkpt lat="46.3431260" lon="12.8926970">
    <ele>694.0</ele>
    <time>2023-11-04T12:12:46Z</time>
   </trkpt>
   <trkpt lat="46.3431310" lon="12.8926970">
    <ele>694.0</ele>
    <time>2023-11-04T12:12:47Z</time>
   </trkpt>
   <trkpt lat="46.3431340" lon="12.8926950">
    <ele>693.9</ele>
    <time>2023-11-04T12:12:48Z</time>
   </trkpt>
   <trkpt lat="46.3431360" lon="12.8926940">
    <ele>693.9</ele>
    <time>2023-11-04T12:12:49Z</time>
   </trkpt>
   <trkpt lat="46.3431380" lon="12.8926920">
    <ele>693.8</ele>
    <time>2023-11-04T12:12:50Z</time>
   </trkpt>
   <trkpt lat="46.3431380" lon="12.8926910">
    <ele>693.8</ele>
    <time>2023-11-04T12:12:51Z</time>
   </trkpt>
   <trkpt lat="46.3431370" lon="12.8926900">
    <ele>693.8</ele>
    <time>2023-11-04T12:12:52Z</time>
   </trkpt>
   <trkpt lat="46.3431350" lon="12.8926890">
    <ele>693.8</ele>
    <time>2023-11-04T12:12:53Z</time>
   </trkpt>
   <trkpt lat="46.3431330" lon="12.8926880">
    <ele>693.8</ele>
    <time>2023-11-04T12:12:54Z</time>
   </trkpt>
   <trkpt lat="46.3431320" lon="12.8926860">
    <ele>693.7</ele>
    <time>2023-11-04T12:12:55Z</time>
   </trkpt>
   <trkpt lat="46.3431190" lon="12.8926810">
    <ele>693.5</ele>
    <time>2023-11-04T12:12:56Z</time>
   </trkpt>
   <trkpt lat="46.3431160" lon="12.8926780">
    <ele>693.5</ele>
    <time>2023-11-04T12:12:57Z</time>
   </trkpt>
   <trkpt lat="46.3431090" lon="12.8926760">
    <ele>693.3</ele>
    <time>2023-11-04T12:12:58Z</time>
   </trkpt>
   <trkpt lat="46.3431030" lon="12.8926750">
    <ele>693.3</ele>
    <time>2023-11-04T12:12:59Z</time>
   </trkpt>
   <trkpt lat="46.3431000" lon="12.8926810">
    <ele>693.2</ele>
    <time>2023-11-04T12:13:00Z</time>
   </trkpt>
   <trkpt lat="46.3431000" lon="12.8926910">
    <ele>693.1</ele>
    <time>2023-11-04T12:13:01Z</time>
   </trkpt>
   <trkpt lat="46.3431040" lon="12.8927030">
    <ele>692.9</ele>
    <time>2023-11-04T12:13:02Z</time>
   </trkpt>
   <trkpt lat="46.3431110" lon="12.8927140">
    <ele>692.8</ele>
    <time>2023-11-04T12:13:03Z</time>
   </trkpt>
   <trkpt lat="46.3431220" lon="12.8927230">
    <ele>692.6</ele>
    <time>2023-11-04T12:13:04Z</time>
   </trkpt>
   <trkpt lat="46.3431310" lon="12.8927340">
    <ele>692.4</ele>
    <time>2023-11-04T12:13:05Z</time>
   </trkpt>
   <trkpt lat="46.3431370" lon="12.8927460">
    <ele>692.2</ele>
    <time>2023-11-04T12:13:06Z</time>
   </trkpt>
   <trkpt lat="46.3431410" lon="12.8927600">
    <ele>692.1</ele>
    <time>2023-11-04T12:13:07Z</time>
   </trkpt>
   <trkpt lat="46.3431440" lon="12.8927730">
    <ele>691.9</ele>
    <time>2023-11-04T12:13:08Z</time>
   </trkpt>
   <trkpt lat="46.3431470" lon="12.8927850">
    <ele>691.8</ele>
    <time>2023-11-04T12:13:09Z</time>
   </trkpt>
   <trkpt lat="46.3431510" lon="12.8927970">
    <ele>691.6</ele>
    <time>2023-11-04T12:13:10Z</time>
   </trkpt>
   <trkpt lat="46.3431530" lon="12.8928000">
    <ele>691.6</ele>
    <time>2023-11-04T12:13:11Z</time>
   </trkpt>
   <trkpt lat="46.3431550" lon="12.8928030">
    <ele>691.5</ele>
    <time>2023-11-04T12:13:12Z</time>
   </trkpt>
   <trkpt lat="46.3431560" lon="12.8928060">
    <ele>691.5</ele>
    <time>2023-11-04T12:13:13Z</time>
   </trkpt>
   <trkpt lat="46.3431580" lon="12.8928090">
    <ele>691.5</ele>
    <time>2023-11-04T12:13:14Z</time>
   </trkpt>
   <trkpt lat="46.3431600" lon="12.8928120">
    <ele>691.4</ele>
    <time>2023-11-04T12:13:15Z</time>
   </trkpt>
   <trkpt lat="46.3431610" lon="12.8928150">
    <ele>691.4</ele>
    <time>2023-11-04T12:13:16Z</time>
   </trkpt>
   <trkpt lat="46.3431630" lon="12.8928180">
    <ele>691.3</ele>
    <time>2023-11-04T12:13:17Z</time>
   </trkpt>
   <trkpt lat="46.3431650" lon="12.8928210">
    <ele>691.3</ele>
    <time>2023-11-04T12:13:18Z</time>
   </trkpt>
   <trkpt lat="46.3431670" lon="12.8928240">
    <ele>691.2</ele>
    <time>2023-11-04T12:13:19Z</time>
   </trkpt>
   <trkpt lat="46.3431680" lon="12.8928270">
    <ele>691.2</ele>
    <time>2023-11-04T12:13:20Z</time>
   </trkpt>
   <trkpt lat="46.3431760" lon="12.8928320">
    <ele>691.1</ele>
    <time>2023-11-04T12:13:21Z</time>
   </trkpt>
   <trkpt lat="46.3431870" lon="12.8928380">
    <ele>690.9</ele>
    <time>2023-11-04T12:13:22Z</time>
   </trkpt>
   <trkpt lat="46.3431990" lon="12.8928420">
    <ele>690.7</ele>
    <time>2023-11-04T12:13:23Z</time>
   </trkpt>
   <trkpt lat="46.3432090" lon="12.8928440">
    <ele>690.5</ele>
    <time>2023-11-04T12:13:24Z</time>
   </trkpt>
   <trkpt lat="46.3432210" lon="12.8928460">
    <ele>690.3</ele>
    <time>2023-11-04T12:13:25Z</time>
   </trkpt>
   <trkpt lat="46.3432250" lon="12.8928490">
    <ele>690.3</ele>
    <time>2023-11-04T12:13:26Z</time>
   </trkpt>
   <trkpt lat="46.3432210" lon="12.8928530">
    <ele>690.2</ele>
    <time>2023-11-04T12:13:27Z</time>
   </trkpt>
   <trkpt lat="46.3432140" lon="12.8928660">
    <ele>690.0</ele>
    <time>2023-11-04T12:13:28Z</time>
   </trkpt>
   <trkpt lat="46.3432070" lon="12.8928740">
    <ele>689.9</ele>
    <time>2023-11-04T12:13:29Z</time>
   </trkpt>
   <trkpt lat="46.3431970" lon="12.8928730">
    <ele>689.7</ele>
    <time>2023-11-04T12:13:30Z</time>
   </trkpt>
   <trkpt lat="46.3431890" lon="12.8928660">
    <ele>689.6</ele>
    <time>2023-11-04T12:13:31Z</time>
   </trkpt>
   <trkpt lat="46.3431840" lon="12.8928570">
    <ele>689.5</ele>
    <time>2023-11-04T12:13:32Z</time>
   </trkpt>
   <trkpt lat="46.3431800" lon="12.8928500">
    <ele>689.4</ele>
    <time>2023-11-04T12:13:33Z</time>
   </trkpt>
   <trkpt lat="46.3431790" lon="12.8928450">
    <ele>689.3</ele>
    <time>2023-11-04T12:13:34Z</time>
   </trkpt>
   <trkpt lat="46.3431780" lon="12.8928430">
    <ele>689.3</ele>
    <time>2023-11-04T12:13:35Z</time>
   </trkpt>
   <trkpt lat="46.3431770" lon="12.8928410">
    <ele>689.2</ele>
    <time>2023-11-04T12:13:36Z</time>
   </trkpt>
   <trkpt lat="46.3431790" lon="12.8928410">
    <ele>689.2</ele>
    <time>2023-11-04T12:13:37Z</time>
   </trkpt>
   <trkpt lat="46.3431830" lon="12.8928440">
    <ele>689.1</ele>
    <time>2023-11-04T12:13:38Z</time>
   </trkpt>
   <trkpt lat="46.3431900" lon="12.8928520">
    <ele>689.0</ele>
    <time>2023-11-04T12:13:39Z</time>
   </trkpt>
   <trkpt lat="46.3431970" lon="12.8928600">
    <ele>688.9</ele>
    <time>2023-11-04T12:13:40Z</time>
   </trkpt>
   <trkpt lat="46.3432000" lon="12.8928700">
    <ele>688.7</ele>
    <time>2023-11-04T12:13:41Z</time>
   </trkpt>
   <trkpt lat="46.3432010" lon="12.8928840">
    <ele>688.6</ele>
    <time>2023-11-04T12:13:42Z</time>
   </trkpt>
   <trkpt lat="46.3432020" lon="12.8928960">
    <ele>688.5</ele>
    <time>2023-11-04T12:13:43Z</time>
   </trkpt>
   <trkpt lat="46.3432050" lon="12.8929060">
    <ele>688.3</ele>
    <time>2023-11-04T12:13:44Z</time>
   </trkpt>
   <trkpt lat="46.3432070" lon="12.8929150">
    <ele>688.2</ele>
    <time>2023-11-04T12:13:45Z</time>
   </trkpt>
   <trkpt lat="46.3432080" lon="12.8929300">
    <ele>688.1</ele>
    <time>2023-11-04T12:13:46Z</time>
   </trkpt>
   <trkpt lat="46.3432080" lon="12.8929450">
    <ele>687.9</ele>
    <time>2023-11-04T12:13:47Z</time>
   </trkpt>
   <trkpt lat="46.3432070" lon="12.8929580">
    <ele>687.8</ele>
    <time>2023-11-04T12:13:48Z</time>
   </trkpt>
   <trkpt lat="46.3432070" lon="12.8929690">
    <ele>687.7</ele>
    <time>2023-11-04T12:13:49Z</time>
   </trkpt>
   <trkpt lat="46.3432070" lon="12.8929770">
    <ele>687.6</ele>
    <time>2023-11-04T12:13:50Z</time>
   </trkpt>
   <trkpt lat="46.3432080" lon="12.8929810">
    <ele>687.5</ele>
    <time>2023-11-04T12:13:51Z</time>
   </trkpt>
   <trkpt lat="46.3432060" lon="12.8929840">
    <ele>687.5</ele>
    <time>2023-11-04T12:13:52Z</time>
   </trkpt>
   <trkpt lat="46.3432040" lon="12.8929860">
    <ele>687.4</ele>
    <time>2023-11-04T12:13:53Z</time>
   </trkpt>
   <trkpt lat="46.3432050" lon="12.8929900">
    <ele>687.4</ele>
    <time>2023-11-04T12:13:54Z</time>
   </trkpt>
   <trkpt lat="46.3432110" lon="12.8929970">
    <ele>687.3</ele>
    <time>2023-11-04T12:13:55Z</time>
   </trkpt>
   <trkpt lat="46.3432180" lon="12.8930060">
    <ele>687.1</ele>
    <time>2023-11-04T12:13:56Z</time>
   </trkpt>
   <trkpt lat="46.3432270" lon="12.8930110">
    <ele>687.0</ele>
    <time>2023-11-04T12:13:57Z</time>
   </trkpt>
   <trkpt lat="46.3432360" lon="12.8930120">
    <ele>686.8</ele>
    <time>2023-11-04T12:13:58Z</time>
   </trkpt>
   <trkpt lat="46.3432440" lon="12.8930090">
    <ele>686.7</ele>
    <time>2023-11-04T12:13:59Z</time>
   </trkpt>
   <trkpt lat="46.3432500" lon="12.8930080">
    <ele>686.6</ele>
    <time>2023-11-04T12:14:00Z</time>
   </trkpt>
   <trkpt lat="46.3432550" lon="12.8930130">
    <ele>686.5</ele>
    <time>2023-11-04T12:14:01Z</time>
   </trkpt>
   <trkpt lat="46.3432590" lon="12.8930200">
    <ele>686.4</ele>
    <time>2023-11-04T12:14:02Z</time>
   </trkpt>
   <trkpt lat="46.3432610" lon="12.8930300">
    <ele>686.3</ele>
    <time>2023-11-04T12:14:03Z</time>
   </trkpt>
   <trkpt lat="46.3432620" lon="12.8930380">
    <ele>686.2</ele>
    <time>2023-11-04T12:14:04Z</time>
   </trkpt>
   <trkpt lat="46.3432630" lon="12.8930460">
    <ele>686.1</ele>
    <time>2023-11-04T12:14:05Z</time>
   </trkpt>
   <trkpt lat="46.3432630" lon="12.8930510">
    <ele>686.1</ele>
    <time>2023-11-04T12:14:06Z</time>
   </trkpt>
   <trkpt lat="46.3432590" lon="12.8930670">
    <ele>685.9</ele>
    <time>2023-11-04T12:14:07Z</time>
   </trkpt>
   <trkpt lat="46.3432510" lon="12.8930810">
    <ele>685.7</ele>
    <time>2023-11-04T12:14:08Z</time>
   </trkpt>
   <trkpt lat="46.3432400" lon="12.8930850">
    <ele>685.5</ele>
    <time>2023-11-04T12:14:09Z</time>
   </trkpt>
   <trkpt lat="46.3432310" lon="12.8930800">
    <ele>685.4</ele>
    <time>2023-11-04T12:14:10Z</time>
   </trkpt>
   <trkpt lat="46.3432240" lon="12.8930670">
    <ele>685.2</ele>
    <time>2023-11-04T12:14:11Z</time>
   </trkpt>
   <trkpt lat="46.3432210" lon="12.8930530">
    <ele>685.0</ele>
    <time>2023-11-04T12:14:12Z</time>
   </trkpt>
   <trkpt lat="46.3432190" lon="12.8930450">
    <ele>685.0</ele>
    <time>2023-11-04T12:14:13Z</time>
   </trkpt>
   <trkpt lat="46.3432180" lon="12.8930420">
    <ele>684.9</ele>
    <time>2023-11-04T12:14:14Z</time>
   </trkpt>
   <trkpt lat="46.3432170" lon="12.8930410">
    <ele>684.9</ele>
    <time>2023-11-04T12:14:15Z</time>
   </trkpt>
   <trkpt lat="46.3432140" lon="12.8930410">
    <ele>684.8</ele>
    <time>2023-11-04T12:14:16Z</time>
   </trkpt>
   <trkpt lat="46.3432100" lon="12.8930460">
    <ele>684.8</ele>
    <time>2023-11-04T12:14:17Z</time>
   </trkpt>
   <trkpt lat="46.3432070" lon="12.8930540">
    <ele>684.7</ele>
    <time>2023-11-04T12:14:18Z</time>
   </trkpt>
   <trkpt lat="46.3432040" lon="12.8930590">
    <ele>684.6</ele>
    <time>2023-11-04T12:14:19Z</time>
   </trkpt>
   <trkpt lat="46.3431980" lon="12.8930660">
    <ele>684.5</ele>
    <time>2023-11-04T12:14:20Z</time>
   </trkpt>
   <trkpt lat="46.3431920" lon="12.8930760">
    <ele>684.3</ele>
    <time>2023-11-04T12:14:21Z</time>
   </trkpt>
   <trkpt lat="46.3431860" lon="12.8930830">
    <ele>684.2</ele>
    <time>2023-11-04T12:14:22Z</time>
   </trkpt>
   <trkpt lat="46.3431800" lon="12.8930870">
    <ele>684.1</ele>
    <time>2023-11-04T12:14:23Z</time>
   </trkpt>
   <trkpt lat="46.3431740" lon="12.8930920">
    <ele>684.0</ele>
    <time>2023-11-04T12:14:24Z</time>
   </trkpt>
   <trkpt lat="46.3431680" lon="12.8931010">
    <ele>683.9</ele>
    <time>2023-11-04T12:14:25Z</time>
   </trkpt>
   <trkpt lat="46.3431630" lon="12.8931100">
    <ele>683.7</ele>
    <time>2023-11-04T12:14:26Z</time>
   </trkpt>
   <trkpt lat="46.3431580" lon="12.8931240">
    <ele>683.6</ele>
    <time>2023-11-04T12:14:27Z</time>
   </trkpt>
   <trkpt lat="46.3431540" lon="12.8931390">
    <ele>683.4</ele>
    <time>2023-11-04T12:14:28Z</time>
   </trkpt>
   <trkpt lat="46.3431520" lon="12.8931520">
    <ele>683.3</ele>
    <time>2023-11-04T12:14:29Z</time>
   </trkpt>
   <trkpt lat="46.3431510" lon="12.8931590">
    <ele>683.2</ele>
    <time>2023-11-04T12:14:30Z</time>
   </trkpt>
   <trkpt lat="46.3431490" lon="12.8931640">
    <ele>683.1</ele>
    <time>2023-11-04T12:14:31Z</time>
   </trkpt>
   <trkpt lat="46.3431490" lon="12.8931670">
    <ele>683.1</ele>
    <time>2023-11-04T12:14:32Z</time>
   </trkpt>
   <trkpt lat="46.3431520" lon="12.8931710">
    <ele>683.0</ele>
    <time>2023-11-04T12:14:33Z</time>
   </trkpt>
   <trkpt lat="46.3431590" lon="12.8931730">
    <ele>682.9</ele>
    <time>2023-11-04T12:14:34Z</time>
   </trkpt>
   <trkpt lat="46.3431670" lon="12.8931740">
    <ele>682.7</ele>
    <time>2023-11-04T12:14:35Z</time>
   </trkpt>
   <trkpt lat="46.3431760" lon="12.8931700">
    <ele>682.5</ele>
    <time>2023-11-04T12:14:36Z</time>
   </trkpt>
   <trkpt lat="46.3431820" lon="12.8931660">
    <ele>682.4</ele>
    <time>2023-11-04T12:14:37Z</time>
   </trkpt>
   <trkpt lat="46.3431900" lon="12.8931630">
    <ele>682.2</ele>
    <time>2023-11-04T12:14:38Z</time>
   </trkpt>
   <trkpt lat="46.3431970" lon="12.8931590">
    <ele>682.1</ele>
    <time>2023-11-04T12:14:39Z</time>
   </trkpt>
   <trkpt lat="46.3432000" lon="12.8931580">
    <ele>682.0</ele>
    <time>2023-11-04T12:14:40Z</time>
   </trkpt>
   <trkpt lat="46.3432020" lon="12.8931630">
    <ele>681.9</ele>
    <time>2023-11-04T12:14:41Z</time>
   </trkpt>
   <trkpt lat="46.3432080" lon="12.8931690">
    <ele>681.8</ele>
    <time>2023-11-04T12:14:42Z</time>
   </trkpt>
   <trkpt lat="46.3432180" lon="12.8931730">
    <ele>681.6</ele>
    <time>2023-11-04T12:14:43Z</time>
   </trkpt>
   <trkpt lat="46.3432290" lon="12.8931750">
    <ele>681.4</ele>
    <time>2023-11-04T12:14:44Z</time>
   </trkpt>
   <trkpt lat="46.3432540" lon="12.8931690">
    <ele>680.9</ele>
    <time>2023-11-04T12:14:45Z</time>
   </trkpt>
   <trkpt lat="46.3432670" lon="12.8931660">
    <ele>680.6</ele>
    <time>2023-11-04T12:14:46Z</time>
   </trkpt>
   <trkpt lat="46.3432790" lon="12.8931610">
    <ele>680.4</ele>
    <time>2023-11-04T12:14:48Z</time>
   </trkpt>
   <trkpt lat="46.3432880" lon="12.8931540">
    <ele>680.2</ele>
    <time>2023-11-04T12:14:49Z</time>
   </trkpt>
   <trkpt lat="46.3432980" lon="12.8931480">
    <ele>680.0</ele>
    <time>2023-11-04T12:14:50Z</time>
   </trkpt>
   <trkpt lat="46.3433080" lon="12.8931440">
    <ele>679.8</ele>
    <time>2023-11-04T12:14:51Z</time>
   </trkpt>
   <trkpt lat="46.3433180" lon="12.8931410">
    <ele>679.6</ele>
    <time>2023-11-04T12:14:52Z</time>
   </trkpt>
   <trkpt lat="46.3433300" lon="12.8931410">
    <ele>679.4</ele>
    <time>2023-11-04T12:14:53Z</time>
   </trkpt>
   <trkpt lat="46.3433420" lon="12.8931420">
    <ele>679.2</ele>
    <time>2023-11-04T12:14:54Z</time>
   </trkpt>
   <trkpt lat="46.3433510" lon="12.8931470">
    <ele>679.0</ele>
    <time>2023-11-04T12:14:55Z</time>
   </trkpt>
   <trkpt lat="46.3433600" lon="12.8931500">
    <ele>678.8</ele>
    <time>2023-11-04T12:14:56Z</time>
   </trkpt>
   <trkpt lat="46.3433670" lon="12.8931510">
    <ele>678.7</ele>
    <time>2023-11-04T12:14:57Z</time>
   </trkpt>
   <trkpt lat="46.3433750" lon="12.8931520">
    <ele>678.6</ele>
    <time>2023-11-04T12:14:58Z</time>
   </trkpt>
   <trkpt lat="46.3433810" lon="12.8931560">
    <ele>678.4</ele>
    <time>2023-11-04T12:14:59Z</time>
   </trkpt>
   <trkpt lat="46.3433830" lon="12.8931630">
    <ele>678.4</ele>
    <time>2023-11-04T12:15:00Z</time>
   </trkpt>
   <trkpt lat="46.3433810" lon="12.8931740">
    <ele>678.2</ele>
    <time>2023-11-04T12:15:01Z</time>
   </trkpt>
   <trkpt lat="46.3433800" lon="12.8931820">
    <ele>678.1</ele>
    <time>2023-11-04T12:15:02Z</time>
   </trkpt>
   <trkpt lat="46.3433760" lon="12.8931910">
    <ele>678.0</ele>
    <time>2023-11-04T12:15:03Z</time>
   </trkpt>
   <trkpt lat="46.3433740" lon="12.8931960">
    <ele>678.0</ele>
    <time>2023-11-04T12:15:04Z</time>
   </trkpt>
   <trkpt lat="46.3433720" lon="12.8931980">
    <ele>677.9</ele>
    <time>2023-11-04T12:15:05Z</time>
   </trkpt>
   <trkpt lat="46.3433710" lon="12.8931990">
    <ele>677.9</ele>
    <time>2023-11-04T12:15:06Z</time>
   </trkpt>
   <trkpt lat="46.3433680" lon="12.8932020">
    <ele>677.8</ele>
    <time>2023-11-04T12:15:07Z</time>
   </trkpt>
   <trkpt lat="46.3433630" lon="12.8932060">
    <ele>677.7</ele>
    <time>2023-11-04T12:15:08Z</time>
   </trkpt>
   <trkpt lat="46.3433580" lon="12.8932060">
    <ele>677.7</ele>
    <time>2023-11-04T12:15:09Z</time>
   </trkpt>
   <trkpt lat="46.3433530" lon="12.8932060">
    <ele>677.6</ele>
    <time>2023-11-04T12:15:10Z</time>
   </trkpt>
   <trkpt lat="46.3433480" lon="12.8932070">
    <ele>677.5</ele>
    <time>2023-11-04T12:15:11Z</time>
   </trkpt>
   <trkpt lat="46.3433420" lon="12.8932120">
    <ele>677.4</ele>
    <time>2023-11-04T12:15:12Z</time>
   </trkpt>
   <trkpt lat="46.3433360" lon="12.8932190">
    <ele>677.3</ele>
    <time>2023-11-04T12:15:13Z</time>
   </trkpt>
   <trkpt lat="46.3433300" lon="12.8932240">
    <ele>677.1</ele>
    <time>2023-11-04T12:15:14Z</time>
   </trkpt>
   <trkpt lat="46.3433220" lon="12.8932310">
    <ele>677.0</ele>
    <time>2023-11-04T12:15:15Z</time>
   </trkpt>
   <trkpt lat="46.3433140" lon="12.8932390">
    <ele>676.8</ele>
    <time>2023-11-04T12:15:16Z</time>
   </trkpt>
   <trkpt lat="46.3433080" lon="12.8932500">
    <ele>676.7</ele>
    <time>2023-11-04T12:15:17Z</time>
   </trkpt>
   <trkpt lat="46.3433030" lon="12.8932660">
    <ele>676.5</ele>
    <time>2023-11-04T12:15:18Z</time>
   </trkpt>
   <trkpt lat="46.3433020" lon="12.8932830">
    <ele>676.3</ele>
    <time>2023-11-04T12:15:19Z</time>
   </trkpt>
   <trkpt lat="46.3432990" lon="12.8932990">
    <ele>676.2</ele>
    <time>2023-11-04T12:15:20Z</time>
   </trkpt>
   <trkpt lat="46.3432980" lon="12.8933150">
    <ele>676.0</ele>
    <time>2023-11-04T12:15:21Z</time>
   </trkpt>
   <trkpt lat="46.3432990" lon="12.8933300">
    <ele>675.8</ele>
    <time>2023-11-04T12:15:22Z</time>
   </trkpt>
   <trkpt lat="46.3433010" lon="12.8933470">
    <ele>675.7</ele>
    <time>2023-11-04T12:15:23Z</time>
   </trkpt>
   <trkpt lat="46.3433070" lon="12.8933750">
    <ele>675.4</ele>
    <time>2023-11-04T12:15:24Z</time>
   </trkpt>
   <trkpt lat="46.3433100" lon="12.8933860">
    <ele>675.3</ele>
    <time>2023-11-04T12:15:25Z</time>
   </trkpt>
   <trkpt lat="46.3433120" lon="12.8933970">
    <ele>675.2</ele>
    <time>2023-11-04T12:15:26Z</time>
   </trkpt>
   <trkpt lat="46.3433170" lon="12.8934110">
    <ele>675.0</ele>
    <time>2023-11-04T12:15:27Z</time>
   </trkpt>
   <trkpt lat="46.3433210" lon="12.8934240">
    <ele>674.9</ele>
    <time>2023-11-04T12:15:28Z</time>
   </trkpt>
   <trkpt lat="46.3433290" lon="12.8934350">
    <ele>674.5</ele>
    <time>2023-11-04T12:15:29Z</time>
   </trkpt>
   <trkpt lat="46.3433350" lon="12.8934500">
    <ele>673.8</ele>
    <time>2023-11-04T12:15:30Z</time>
   </trkpt>
   <trkpt lat="46.3433400" lon="12.8934650">
    <ele>673.1</ele>
    <time>2023-11-04T12:15:31Z</time>
   </trkpt>
   <trkpt lat="46.3433440" lon="12.8934770">
    <ele>672.6</ele>
    <time>2023-11-04T12:15:32Z</time>
   </trkpt>
   <trkpt lat="46.3433460" lon="12.8934890">
    <ele>672.1</ele>
    <time>2023-11-04T12:15:33Z</time>
   </trkpt>
   <trkpt lat="46.3433510" lon="12.8935020">
    <ele>671.5</ele>
    <time>2023-11-04T12:15:34Z</time>
   </trkpt>
   <trkpt lat="46.3433670" lon="12.8935320">
    <ele>670.0</ele>
    <time>2023-11-04T12:15:35Z</time>
   </trkpt>
   <trkpt lat="46.3433770" lon="12.8935460">
    <ele>669.2</ele>
    <time>2023-11-04T12:15:36Z</time>
   </trkpt>
   <trkpt lat="46.3433830" lon="12.8935620">
    <ele>669.0</ele>
    <time>2023-11-04T12:15:38Z</time>
   </trkpt>
   <trkpt lat="46.3433850" lon="12.8935800">
    <ele>669.0</ele>
    <time>2023-11-04T12:15:39Z</time>
   </trkpt>
   <trkpt lat="46.3433830" lon="12.8935970">
    <ele>668.9</ele>
    <time>2023-11-04T12:15:40Z</time>
   </trkpt>
   <trkpt lat="46.3433820" lon="12.8936120">
    <ele>668.9</ele>
    <time>2023-11-04T12:15:41Z</time>
   </trkpt>
   <trkpt lat="46.3433830" lon="12.8936270">
    <ele>668.9</ele>
    <time>2023-11-04T12:15:42Z</time>
   </trkpt>
   <trkpt lat="46.3433850" lon="12.8936410">
    <ele>668.8</ele>
    <time>2023-11-04T12:15:43Z</time>
   </trkpt>
   <trkpt lat="46.3433910" lon="12.8936540">
    <ele>668.8</ele>
    <time>2023-11-04T12:15:44Z</time>
   </trkpt>
   <trkpt lat="46.3433970" lon="12.8936650">
    <ele>668.7</ele>
    <time>2023-11-04T12:15:45Z</time>
   </trkpt>
   <trkpt lat="46.3434020" lon="12.8936790">
    <ele>668.7</ele>
    <time>2023-11-04T12:15:46Z</time>
   </trkpt>
   <trkpt lat="46.3434030" lon="12.8936940">
    <ele>668.7</ele>
    <time>2023-11-04T12:15:47Z</time>
   </trkpt>
   <trkpt lat="46.3434060" lon="12.8937090">
    <ele>668.6</ele>
    <time>2023-11-04T12:15:48Z</time>
   </trkpt>
   <trkpt lat="46.3434140" lon="12.8937210">
    <ele>668.6</ele>
    <time>2023-11-04T12:15:49Z</time>
   </trkpt>
   <trkpt lat="46.3434240" lon="12.8937290">
    <ele>668.5</ele>
    <time>2023-11-04T12:15:50Z</time>
   </trkpt>
   <trkpt lat="46.3434340" lon="12.8937380">
    <ele>668.5</ele>
    <time>2023-11-04T12:15:51Z</time>
   </trkpt>
   <trkpt lat="46.3434420" lon="12.8937510">
    <ele>668.4</ele>
    <time>2023-11-04T12:15:52Z</time>
   </trkpt>
   <trkpt lat="46.3434510" lon="12.8937770">
    <ele>668.3</ele>
    <time>2023-11-04T12:15:53Z</time>
   </trkpt>
   <trkpt lat="46.3434560" lon="12.8937870">
    <ele>668.3</ele>
    <time>2023-11-04T12:15:54Z</time>
   </trkpt>
   <trkpt lat="46.3434610" lon="12.8937970">
    <ele>668.2</ele>
    <time>2023-11-04T12:15:55Z</time>
   </trkpt>
   <trkpt lat="46.3434740" lon="12.8938110">
    <ele>668.1</ele>
    <time>2023-11-04T12:15:56Z</time>
   </trkpt>
   <trkpt lat="46.3434840" lon="12.8938260">
    <ele>668.0</ele>
    <time>2023-11-04T12:15:57Z</time>
   </trkpt>
   <trkpt lat="46.3434920" lon="12.8938430">
    <ele>667.9</ele>
    <time>2023-11-04T12:15:58Z</time>
   </trkpt>
   <trkpt lat="46.3435000" lon="12.8938600">
    <ele>667.8</ele>
    <time>2023-11-04T12:15:59Z</time>
   </trkpt>
   <trkpt lat="46.3435090" lon="12.8938740">
    <ele>667.6</ele>
    <time>2023-11-04T12:16:00Z</time>
   </trkpt>
   <trkpt lat="46.3435180" lon="12.8938860">
    <ele>667.5</ele>
    <time>2023-11-04T12:16:01Z</time>
   </trkpt>
   <trkpt lat="46.3435260" lon="12.8938950">
    <ele>667.4</ele>
    <time>2023-11-04T12:16:02Z</time>
   </trkpt>
   <trkpt lat="46.3435340" lon="12.8939060">
    <ele>667.3</ele>
    <time>2023-11-04T12:16:03Z</time>
   </trkpt>
   <trkpt lat="46.3435400" lon="12.8939170">
    <ele>667.2</ele>
    <time>2023-11-04T12:16:04Z</time>
   </trkpt>
   <trkpt lat="46.3435460" lon="12.8939290">
    <ele>667.1</ele>
    <time>2023-11-04T12:16:05Z</time>
   </trkpt>
   <trkpt lat="46.3435530" lon="12.8939400">
    <ele>667.0</ele>
    <time>2023-11-04T12:16:06Z</time>
   </trkpt>
   <trkpt lat="46.3435610" lon="12.8939680">
    <ele>666.8</ele>
    <time>2023-11-04T12:16:07Z</time>
   </trkpt>
   <trkpt lat="46.3435580" lon="12.8939820">
    <ele>666.7</ele>
    <time>2023-11-04T12:16:09Z</time>
   </trkpt>
   <trkpt lat="46.3435580" lon="12.8939950">
    <ele>666.6</ele>
    <time>2023-11-04T12:16:10Z</time>
   </trkpt>
   <trkpt lat="46.3435600" lon="12.8940090">
    <ele>666.5</ele>
    <time>2023-11-04T12:16:11Z</time>
   </trkpt>
   <trkpt lat="46.3435650" lon="12.8940220">
    <ele>666.4</ele>
    <time>2023-11-04T12:16:12Z</time>
   </trkpt>
   <trkpt lat="46.3435710" lon="12.8940360">
    <ele>666.3</ele>
    <time>2023-11-04T12:16:13Z</time>
   </trkpt>
   <trkpt lat="46.3435780" lon="12.8940500">
    <ele>666.2</ele>
    <time>2023-11-04T12:16:14Z</time>
   </trkpt>
   <trkpt lat="46.3435840" lon="12.8940640">
    <ele>666.2</ele>
    <time>2023-11-04T12:16:15Z</time>
   </trkpt>
   <trkpt lat="46.3435890" lon="12.8940770">
    <ele>666.1</ele>
    <time>2023-11-04T12:16:16Z</time>
   </trkpt>
   <trkpt lat="46.3436060" lon="12.8941010">
    <ele>665.9</ele>
    <time>2023-11-04T12:16:17Z</time>
   </trkpt>
   <trkpt lat="46.3436100" lon="12.8941130">
    <ele>665.8</ele>
    <time>2023-11-04T12:16:19Z</time>
   </trkpt>
   <trkpt lat="46.3436140" lon="12.8941240">
    <ele>665.8</ele>
    <time>2023-11-04T12:16:20Z</time>
   </trkpt>
   <trkpt lat="46.3436160" lon="12.8941340">
    <ele>665.7</ele>
    <time>2023-11-04T12:16:21Z</time>
   </trkpt>
   <trkpt lat="46.3436190" lon="12.8941450">
    <ele>665.7</ele>
    <time>2023-11-04T12:16:22Z</time>
   </trkpt>
   <trkpt lat="46.3436210" lon="12.8941580">
    <ele>665.6</ele>
    <time>2023-11-04T12:16:23Z</time>
   </trkpt>
   <trkpt lat="46.3436240" lon="12.8941710">
    <ele>665.6</ele>
    <time>2023-11-04T12:16:24Z</time>
   </trkpt>
   <trkpt lat="46.3436270" lon="12.8941860">
    <ele>665.5</ele>
    <time>2023-11-04T12:16:25Z</time>
   </trkpt>
   <trkpt lat="46.3436280" lon="12.8942010">
    <ele>665.5</ele>
    <time>2023-11-04T12:16:26Z</time>
   </trkpt>
   <trkpt lat="46.3436300" lon="12.8942160">
    <ele>665.4</ele>
    <time>2023-11-04T12:16:27Z</time>
   </trkpt>
   <trkpt lat="46.3436330" lon="12.8942300">
    <ele>665.4</ele>
    <time>2023-11-04T12:16:28Z</time>
   </trkpt>
   <trkpt lat="46.3436340" lon="12.8942440">
    <ele>665.3</ele>
    <time>2023-11-04T12:16:29Z</time>
   </trkpt>
   <trkpt lat="46.3436370" lon="12.8942580">
    <ele>665.3</ele>
    <time>2023-11-04T12:16:30Z</time>
   </trkpt>
   <trkpt lat="46.3436390" lon="12.8942740">
    <ele>665.2</ele>
    <time>2023-11-04T12:16:31Z</time>
   </trkpt>
   <trkpt lat="46.3436420" lon="12.8942890">
    <ele>665.2</ele>
    <time>2023-11-04T12:16:32Z</time>
   </trkpt>
   <trkpt lat="46.3436430" lon="12.8943040">
    <ele>665.1</ele>
    <time>2023-11-04T12:16:33Z</time>
   </trkpt>
   <trkpt lat="46.3436440" lon="12.8943180">
    <ele>665.1</ele>
    <time>2023-11-04T12:16:34Z</time>
   </trkpt>
   <trkpt lat="46.3436430" lon="12.8943320">
    <ele>665.1</ele>
    <time>2023-11-04T12:16:35Z</time>
   </trkpt>
   <trkpt lat="46.3436430" lon="12.8943470">
    <ele>665.0</ele>
    <time>2023-11-04T12:16:36Z</time>
   </trkpt>
   <trkpt lat="46.3436430" lon="12.8943610">
    <ele>665.0</ele>
    <time>2023-11-04T12:16:37Z</time>
   </trkpt>
   <trkpt lat="46.3436460" lon="12.8943750">
    <ele>664.9</ele>
    <time>2023-11-04T12:16:38Z</time>
   </trkpt>
   <trkpt lat="46.3436480" lon="12.8943900">
    <ele>664.9</ele>
    <time>2023-11-04T12:16:39Z</time>
   </trkpt>
   <trkpt lat="46.3436500" lon="12.8944050">
    <ele>664.8</ele>
    <time>2023-11-04T12:16:40Z</time>
   </trkpt>
   <trkpt lat="46.3436550" lon="12.8944180">
    <ele>664.8</ele>
    <time>2023-11-04T12:16:41Z</time>
   </trkpt>
   <trkpt lat="46.3436590" lon="12.8944320">
    <ele>664.8</ele>
    <time>2023-11-04T12:16:42Z</time>
   </trkpt>
   <trkpt lat="46.3436620" lon="12.8944460">
    <ele>664.7</ele>
    <time>2023-11-04T12:16:43Z</time>
   </trkpt>
   <trkpt lat="46.3436650" lon="12.8944600">
    <ele>664.7</ele>
    <time>2023-11-04T12:16:44Z</time>
   </trkpt>
   <trkpt lat="46.3436660" lon="12.8944750">
    <ele>664.6</ele>
    <time>2023-11-04T12:16:45Z</time>
   </trkpt>
   <trkpt lat="46.3436670" lon="12.8944950">
    <ele>664.6</ele>
    <time>2023-11-04T12:16:46Z</time>
   </trkpt>
   <trkpt lat="46.3436670" lon="12.8945170">
    <ele>664.5</ele>
    <time>2023-11-04T12:16:47Z</time>
   </trkpt>
   <trkpt lat="46.3436640" lon="12.8945340">
    <ele>664.5</ele>
    <time>2023-11-04T12:16:48Z</time>
   </trkpt>
   <trkpt lat="46.3436640" lon="12.8945500">
    <ele>664.4</ele>
    <time>2023-11-04T12:16:49Z</time>
   </trkpt>
   <trkpt lat="46.3436640" lon="12.8945650">
    <ele>664.4</ele>
    <time>2023-11-04T12:16:50Z</time>
   </trkpt>
   <trkpt lat="46.3436620" lon="12.8945810">
    <ele>664.3</ele>
    <time>2023-11-04T12:16:51Z</time>
   </trkpt>
   <trkpt lat="46.3436600" lon="12.8945970">
    <ele>664.3</ele>
    <time>2023-11-04T12:16:52Z</time>
   </trkpt>
   <trkpt lat="46.3436600" lon="12.8946150">
    <ele>664.2</ele>
    <time>2023-11-04T12:16:53Z</time>
   </trkpt>
   <trkpt lat="46.3436590" lon="12.8946330">
    <ele>664.2</ele>
    <time>2023-11-04T12:16:54Z</time>
   </trkpt>
   <trkpt lat="46.3436590" lon="12.8946500">
    <ele>664.2</ele>
    <time>2023-11-04T12:16:55Z</time>
   </trkpt>
   <trkpt lat="46.3436580" lon="12.8946660">
    <ele>664.1</ele>
    <time>2023-11-04T12:16:56Z</time>
   </trkpt>
   <trkpt lat="46.3436570" lon="12.8946830">
    <ele>664.1</ele>
    <time>2023-11-04T12:16:57Z</time>
   </trkpt>
   <trkpt lat="46.3436560" lon="12.8946980">
    <ele>664.0</ele>
    <time>2023-11-04T12:16:58Z</time>
   </trkpt>
   <trkpt lat="46.3436550" lon="12.8947140">
    <ele>664.0</ele>
    <time>2023-11-04T12:16:59Z</time>
   </trkpt>
   <trkpt lat="46.3436540" lon="12.8947450">
    <ele>664.0</ele>
    <time>2023-11-04T12:17:00Z</time>
   </trkpt>
   <trkpt lat="46.3436520" lon="12.8947570">
    <ele>663.9</ele>
    <time>2023-11-04T12:17:01Z</time>
   </trkpt>
   <trkpt lat="46.3436510" lon="12.8947700">
    <ele>663.9</ele>
    <time>2023-11-04T12:17:02Z</time>
   </trkpt>
   <trkpt lat="46.3436530" lon="12.8948010">
    <ele>663.9</ele>
    <time>2023-11-04T12:17:03Z</time>
   </trkpt>
   <trkpt lat="46.3436540" lon="12.8948140">
    <ele>663.9</ele>
    <time>2023-11-04T12:17:04Z</time>
   </trkpt>
   <trkpt lat="46.3436560" lon="12.8948260">
    <ele>663.8</ele>
    <time>2023-11-04T12:17:05Z</time>
   </trkpt>
   <trkpt lat="46.3436570" lon="12.8948470">
    <ele>663.8</ele>
    <time>2023-11-04T12:17:06Z</time>
   </trkpt>
   <trkpt lat="46.3436580" lon="12.8948690">
    <ele>663.8</ele>
    <time>2023-11-04T12:17:07Z</time>
   </trkpt>
   <trkpt lat="46.3436610" lon="12.8949010">
    <ele>663.7</ele>
    <time>2023-11-04T12:17:08Z</time>
   </trkpt>
   <trkpt lat="46.3436610" lon="12.8949130">
    <ele>663.7</ele>
    <time>2023-11-04T12:17:09Z</time>
   </trkpt>
   <trkpt lat="46.3436610" lon="12.8949250">
    <ele>663.7</ele>
    <time>2023-11-04T12:17:10Z</time>
   </trkpt>
   <trkpt lat="46.3436600" lon="12.8949420">
    <ele>663.7</ele>
    <time>2023-11-04T12:17:11Z</time>
   </trkpt>
   <trkpt lat="46.3436560" lon="12.8949560">
    <ele>663.7</ele>
    <time>2023-11-04T12:17:12Z</time>
   </trkpt>
   <trkpt lat="46.3436510" lon="12.8949690">
    <ele>663.7</ele>
    <time>2023-11-04T12:17:13Z</time>
   </trkpt>
   <trkpt lat="46.3436450" lon="12.8949820">
    <ele>663.7</ele>
    <time>2023-11-04T12:17:14Z</time>
   </trkpt>
   <trkpt lat="46.3436380" lon="12.8949940">
    <ele>663.7</ele>
    <time>2023-11-04T12:17:15Z</time>
   </trkpt>
   <trkpt lat="46.3436330" lon="12.8950060">
    <ele>663.7</ele>
    <time>2023-11-04T12:17:16Z</time>
   </trkpt>
   <trkpt lat="46.3436300" lon="12.8950210">
    <ele>663.7</ele>
    <time>2023-11-04T12:17:17Z</time>
   </trkpt>
   <trkpt lat="46.3436270" lon="12.8950360">
    <ele>663.7</ele>
    <time>2023-11-04T12:17:18Z</time>
   </trkpt>
   <trkpt lat="46.3436230" lon="12.8950520">
    <ele>663.7</ele>
    <time>2023-11-04T12:17:19Z</time>
   </trkpt>
   <trkpt lat="46.3436130" lon="12.8950810">
    <ele>663.7</ele>
    <time>2023-11-04T12:17:20Z</time>
   </trkpt>
   <trkpt lat="46.3436100" lon="12.8950920">
    <ele>663.7</ele>
    <time>2023-11-04T12:17:21Z</time>
   </trkpt>
   <trkpt lat="46.3436070" lon="12.8951030">
    <ele>663.7</ele>
    <time>2023-11-04T12:17:22Z</time>
   </trkpt>
   <trkpt lat="46.3436050" lon="12.8951170">
    <ele>663.7</ele>
    <time>2023-11-04T12:17:23Z</time>
   </trkpt>
   <trkpt lat="46.3436050" lon="12.8951340">
    <ele>663.7</ele>
    <time>2023-11-04T12:17:24Z</time>
   </trkpt>
   <trkpt lat="46.3436040" lon="12.8951510">
    <ele>663.7</ele>
    <time>2023-11-04T12:17:25Z</time>
   </trkpt>
   <trkpt lat="46.3436040" lon="12.8951820">
    <ele>663.7</ele>
    <time>2023-11-04T12:17:26Z</time>
   </trkpt>
   <trkpt lat="46.3436040" lon="12.8951950">
    <ele>663.7</ele>
    <time>2023-11-04T12:17:27Z</time>
   </trkpt>
   <trkpt lat="46.3436040" lon="12.8952070">
    <ele>663.7</ele>
    <time>2023-11-04T12:17:28Z</time>
   </trkpt>
   <trkpt lat="46.3436050" lon="12.8952400">
    <ele>663.7</ele>
    <time>2023-11-04T12:17:29Z</time>
   </trkpt>
   <trkpt lat="46.3436060" lon="12.8952530">
    <ele>663.7</ele>
    <time>2023-11-04T12:17:30Z</time>
   </trkpt>
   <trkpt lat="46.3436070" lon="12.8952660">
    <ele>663.7</ele>
    <time>2023-11-04T12:17:31Z</time>
   </trkpt>
   <trkpt lat="46.3436120" lon="12.8952970">
    <ele>663.6</ele>
    <time>2023-11-04T12:17:32Z</time>
   </trkpt>
   <trkpt lat="46.3436130" lon="12.8953090">
    <ele>663.6</ele>
    <time>2023-11-04T12:17:33Z</time>
   </trkpt>
   <trkpt lat="46.3436140" lon="12.8953220">
    <ele>663.6</ele>
    <time>2023-11-04T12:17:34Z</time>
   </trkpt>
   <trkpt lat="46.3436160" lon="12.8953520">
    <ele>663.6</ele>
    <time>2023-11-04T12:17:35Z</time>
   </trkpt>
   <trkpt lat="46.3436180" lon="12.8953640">
    <ele>663.6</ele>
    <time>2023-11-04T12:17:36Z</time>
   </trkpt>
   <trkpt lat="46.3436190" lon="12.8953770">
    <ele>663.5</ele>
    <time>2023-11-04T12:17:37Z</time>
   </trkpt>
   <trkpt lat="46.3436210" lon="12.8954060">
    <ele>663.5</ele>
    <time>2023-11-04T12:17:38Z</time>
   </trkpt>
   <trkpt lat="46.3436230" lon="12.8954180">
    <ele>663.5</ele>
    <time>2023-11-04T12:17:39Z</time>
   </trkpt>
   <trkpt lat="46.3436240" lon="12.8954300">
    <ele>663.5</ele>
    <time>2023-11-04T12:17:40Z</time>
   </trkpt>
   <trkpt lat="46.3436260" lon="12.8954500">
    <ele>663.4</ele>
    <time>2023-11-04T12:17:41Z</time>
   </trkpt>
   <trkpt lat="46.3436280" lon="12.8954690">
    <ele>663.4</ele>
    <time>2023-11-04T12:17:42Z</time>
   </trkpt>
   <trkpt lat="46.3436280" lon="12.8954890">
    <ele>663.3</ele>
    <time>2023-11-04T12:17:43Z</time>
   </trkpt>
   <trkpt lat="46.3436320" lon="12.8955090">
    <ele>663.3</ele>
    <time>2023-11-04T12:17:44Z</time>
   </trkpt>
   <trkpt lat="46.3436380" lon="12.8955380">
    <ele>663.2</ele>
    <time>2023-11-04T12:17:45Z</time>
   </trkpt>
   <trkpt lat="46.3436410" lon="12.8955490">
    <ele>663.2</ele>
    <time>2023-11-04T12:17:46Z</time>
   </trkpt>
   <trkpt lat="46.3436440" lon="12.8955600">
    <ele>663.2</ele>
    <time>2023-11-04T12:17:47Z</time>
   </trkpt>
   <trkpt lat="46.3436510" lon="12.8955900">
    <ele>663.1</ele>
    <time>2023-11-04T12:17:48Z</time>
   </trkpt>
   <trkpt lat="46.3436540" lon="12.8956030">
    <ele>663.1</ele>
    <time>2023-11-04T12:17:49Z</time>
   </trkpt>
   <trkpt lat="46.3436570" lon="12.8956150">
    <ele>663.0</ele>
    <time>2023-11-04T12:17:50Z</time>
   </trkpt>
   <trkpt lat="46.3436620" lon="12.8956440">
    <ele>662.9</ele>
    <time>2023-11-04T12:17:51Z</time>
   </trkpt>
   <trkpt lat="46.3436630" lon="12.8956560">
    <ele>662.9</ele>
    <time>2023-11-04T12:17:52Z</time>
   </trkpt>
   <trkpt lat="46.3436650" lon="12.8956680">
    <ele>662.9</ele>
    <time>2023-11-04T12:17:53Z</time>
   </trkpt>
   <trkpt lat="46.3436690" lon="12.8956960">
    <ele>662.8</ele>
    <time>2023-11-04T12:17:54Z</time>
   </trkpt>
   <trkpt lat="46.3436710" lon="12.8957080">
    <ele>662.8</ele>
    <time>2023-11-04T12:17:55Z</time>
   </trkpt>
   <trkpt lat="46.3436740" lon="12.8957200">
    <ele>662.7</ele>
    <time>2023-11-04T12:17:56Z</time>
   </trkpt>
   <trkpt lat="46.3436810" lon="12.8957500">
    <ele>662.6</ele>
    <time>2023-11-04T12:17:57Z</time>
   </trkpt>
   <trkpt lat="46.3436830" lon="12.8957620">
    <ele>662.6</ele>
    <time>2023-11-04T12:17:58Z</time>
   </trkpt>
   <trkpt lat="46.3436850" lon="12.8957740">
    <ele>662.6</ele>
    <time>2023-11-04T12:17:59Z</time>
   </trkpt>
   <trkpt lat="46.3436920" lon="12.8958020">
    <ele>662.5</ele>
    <time>2023-11-04T12:18:00Z</time>
   </trkpt>
   <trkpt lat="46.3436950" lon="12.8958130">
    <ele>662.4</ele>
    <time>2023-11-04T12:18:01Z</time>
   </trkpt>
   <trkpt lat="46.3436980" lon="12.8958250">
    <ele>662.4</ele>
    <time>2023-11-04T12:18:02Z</time>
   </trkpt>
   <trkpt lat="46.3437020" lon="12.8958400">
    <ele>662.3</ele>
    <time>2023-11-04T12:18:03Z</time>
   </trkpt>
   <trkpt lat="46.3437070" lon="12.8958570">
    <ele>662.3</ele>
    <time>2023-11-04T12:18:04Z</time>
   </trkpt>
   <trkpt lat="46.3437100" lon="12.8958730">
    <ele>662.2</ele>
    <time>2023-11-04T12:18:05Z</time>
   </trkpt>
   <trkpt lat="46.3437120" lon="12.8958890">
    <ele>662.2</ele>
    <time>2023-11-04T12:18:06Z</time>
   </trkpt>
   <trkpt lat="46.3437180" lon="12.8959030">
    <ele>662.1</ele>
    <time>2023-11-04T12:18:07Z</time>
   </trkpt>
   <trkpt lat="46.3437250" lon="12.8959170">
    <ele>662.1</ele>
    <time>2023-11-04T12:18:08Z</time>
   </trkpt>
   <trkpt lat="46.3437330" lon="12.8959440">
    <ele>662.0</ele>
    <time>2023-11-04T12:18:09Z</time>
   </trkpt>
   <trkpt lat="46.3437370" lon="12.8959540">
    <ele>662.0</ele>
    <time>2023-11-04T12:18:10Z</time>
   </trkpt>
   <trkpt lat="46.3437410" lon="12.8959640">
    <ele>661.9</ele>
    <time>2023-11-04T12:18:11Z</time>
   </trkpt>
   <trkpt lat="46.3437460" lon="12.8959790">
    <ele>661.9</ele>
    <time>2023-11-04T12:18:12Z</time>
   </trkpt>
   <trkpt lat="46.3437490" lon="12.8959940">
    <ele>661.9</ele>
    <time>2023-11-04T12:18:13Z</time>
   </trkpt>
   <trkpt lat="46.3437500" lon="12.8960100">
    <ele>661.8</ele>
    <time>2023-11-04T12:18:14Z</time>
   </trkpt>
   <trkpt lat="46.3437510" lon="12.8960260">
    <ele>661.8</ele>
    <time>2023-11-04T12:18:15Z</time>
   </trkpt>
   <trkpt lat="46.3437520" lon="12.8960430">
    <ele>661.8</ele>
    <time>2023-11-04T12:18:16Z</time>
   </trkpt>
   <trkpt lat="46.3437560" lon="12.8960600">
    <ele>661.7</ele>
    <time>2023-11-04T12:18:17Z</time>
   </trkpt>
   <trkpt lat="46.3437620" lon="12.8960760">
    <ele>661.7</ele>
    <time>2023-11-04T12:18:18Z</time>
   </trkpt>
   <trkpt lat="46.3437670" lon="12.8960910">
    <ele>661.6</ele>
    <time>2023-11-04T12:18:19Z</time>
   </trkpt>
   <trkpt lat="46.3437680" lon="12.8961070">
    <ele>661.6</ele>
    <time>2023-11-04T12:18:20Z</time>
   </trkpt>
   <trkpt lat="46.3437720" lon="12.8961250">
    <ele>661.6</ele>
    <time>2023-11-04T12:18:21Z</time>
   </trkpt>
   <trkpt lat="46.3437720" lon="12.8961430">
    <ele>661.5</ele>
    <time>2023-11-04T12:18:22Z</time>
   </trkpt>
   <trkpt lat="46.3437700" lon="12.8961580">
    <ele>661.5</ele>
    <time>2023-11-04T12:18:23Z</time>
   </trkpt>
   <trkpt lat="46.3437720" lon="12.8961880">
    <ele>661.4</ele>
    <time>2023-11-04T12:18:24Z</time>
   </trkpt>
   <trkpt lat="46.3437740" lon="12.8962000">
    <ele>661.4</ele>
    <time>2023-11-04T12:18:25Z</time>
   </trkpt>
   <trkpt lat="46.3437760" lon="12.8962120">
    <ele>661.4</ele>
    <time>2023-11-04T12:18:26Z</time>
   </trkpt>
   <trkpt lat="46.3437830" lon="12.8962290">
    <ele>661.3</ele>
    <time>2023-11-04T12:18:27Z</time>
   </trkpt>
   <trkpt lat="46.3437860" lon="12.8962500">
    <ele>661.3</ele>
    <time>2023-11-04T12:18:28Z</time>
   </trkpt>
   <trkpt lat="46.3437900" lon="12.8962680">
    <ele>661.2</ele>
    <time>2023-11-04T12:18:29Z</time>
   </trkpt>
   <trkpt lat="46.3437870" lon="12.8962890">
    <ele>661.2</ele>
    <time>2023-11-04T12:18:30Z</time>
   </trkpt>
   <trkpt lat="46.3437900" lon="12.8963110">
    <ele>661.1</ele>
    <time>2023-11-04T12:18:31Z</time>
   </trkpt>
   <trkpt lat="46.3437960" lon="12.8963300">
    <ele>661.1</ele>
    <time>2023-11-04T12:18:32Z</time>
   </trkpt>
   <trkpt lat="46.3438020" lon="12.8963480">
    <ele>661.1</ele>
    <time>2023-11-04T12:18:33Z</time>
   </trkpt>
   <trkpt lat="46.3438090" lon="12.8963650">
    <ele>661.0</ele>
    <time>2023-11-04T12:18:34Z</time>
   </trkpt>
   <trkpt lat="46.3438180" lon="12.8963920">
    <ele>661.0</ele>
    <time>2023-11-04T12:18:35Z</time>
   </trkpt>
   <trkpt lat="46.3438220" lon="12.8964030">
    <ele>661.0</ele>
    <time>2023-11-04T12:18:36Z</time>
   </trkpt>
   <trkpt lat="46.3438260" lon="12.8964140">
    <ele>660.9</ele>
    <time>2023-11-04T12:18:37Z</time>
   </trkpt>
   <trkpt lat="46.3438340" lon="12.8964430">
    <ele>660.9</ele>
    <time>2023-11-04T12:18:38Z</time>
   </trkpt>
   <trkpt lat="46.3438370" lon="12.8964540">
    <ele>660.9</ele>
    <time>2023-11-04T12:18:39Z</time>
   </trkpt>
   <trkpt lat="46.3438400" lon="12.8964650">
    <ele>660.8</ele>
    <time>2023-11-04T12:18:40Z</time>
   </trkpt>
   <trkpt lat="46.3438450" lon="12.8964810">
    <ele>660.8</ele>
    <time>2023-11-04T12:18:41Z</time>
   </trkpt>
   <trkpt lat="46.3438500" lon="12.8964960">
    <ele>660.8</ele>
    <time>2023-11-04T12:18:42Z</time>
   </trkpt>
   <trkpt lat="46.3438550" lon="12.8965110">
    <ele>660.8</ele>
    <time>2023-11-04T12:18:43Z</time>
   </trkpt>
   <trkpt lat="46.3438670" lon="12.8965350">
    <ele>660.7</ele>
    <time>2023-11-04T12:18:44Z</time>
   </trkpt>
   <trkpt lat="46.3438720" lon="12.8965450">
    <ele>660.7</ele>
    <time>2023-11-04T12:18:45Z</time>
   </trkpt>
   <trkpt lat="46.3438770" lon="12.8965540">
    <ele>660.7</ele>
    <time>2023-11-04T12:18:46Z</time>
   </trkpt>
   <trkpt lat="46.3438810" lon="12.8965700">
    <ele>660.7</ele>
    <time>2023-11-04T12:18:47Z</time>
   </trkpt>
   <trkpt lat="46.3438860" lon="12.8965860">
    <ele>660.6</ele>
    <time>2023-11-04T12:18:48Z</time>
   </trkpt>
   <trkpt lat="46.3438900" lon="12.8966020">
    <ele>660.6</ele>
    <time>2023-11-04T12:18:49Z</time>
   </trkpt>
   <trkpt lat="46.3438950" lon="12.8966170">
    <ele>660.6</ele>
    <time>2023-11-04T12:18:50Z</time>
   </trkpt>
   <trkpt lat="46.3439000" lon="12.8966320">
    <ele>660.5</ele>
    <time>2023-11-04T12:18:51Z</time>
   </trkpt>
   <trkpt lat="46.3439050" lon="12.8966460">
    <ele>660.5</ele>
    <time>2023-11-04T12:18:52Z</time>
   </trkpt>
   <trkpt lat="46.3439110" lon="12.8966610">
    <ele>660.5</ele>
    <time>2023-11-04T12:18:53Z</time>
   </trkpt>
   <trkpt lat="46.3439170" lon="12.8966760">
    <ele>660.5</ele>
    <time>2023-11-04T12:18:54Z</time>
   </trkpt>
   <trkpt lat="46.3439220" lon="12.8966920">
    <ele>660.5</ele>
    <time>2023-11-04T12:18:55Z</time>
   </trkpt>
   <trkpt lat="46.3439310" lon="12.8967180">
    <ele>660.4</ele>
    <time>2023-11-04T12:18:56Z</time>
   </trkpt>
   <trkpt lat="46.3439340" lon="12.8967280">
    <ele>660.4</ele>
    <time>2023-11-04T12:18:57Z</time>
   </trkpt>
   <trkpt lat="46.3439380" lon="12.8967390">
    <ele>660.4</ele>
    <time>2023-11-04T12:18:58Z</time>
   </trkpt>
   <trkpt lat="46.3439470" lon="12.8967650">
    <ele>660.3</ele>
    <time>2023-11-04T12:18:59Z</time>
   </trkpt>
   <trkpt lat="46.3439500" lon="12.8967760">
    <ele>660.3</ele>
    <time>2023-11-04T12:19:00Z</time>
   </trkpt>
   <trkpt lat="46.3439540" lon="12.8967860">
    <ele>660.3</ele>
    <time>2023-11-04T12:19:01Z</time>
   </trkpt>
   <trkpt lat="46.3439620" lon="12.8968120">
    <ele>660.3</ele>
    <time>2023-11-04T12:19:02Z</time>
   </trkpt>
   <trkpt lat="46.3439660" lon="12.8968220">
    <ele>660.3</ele>
    <time>2023-11-04T12:19:03Z</time>
   </trkpt>
   <trkpt lat="46.3439700" lon="12.8968330">
    <ele>660.3</ele>
    <time>2023-11-04T12:19:04Z</time>
   </trkpt>
   <trkpt lat="46.3439820" lon="12.8968580">
    <ele>660.2</ele>
    <time>2023-11-04T12:19:05Z</time>
   </trkpt>
   <trkpt lat="46.3439860" lon="12.8968680">
    <ele>660.2</ele>
    <time>2023-11-04T12:19:06Z</time>
   </trkpt>
   <trkpt lat="46.3439910" lon="12.8968790">
    <ele>660.2</ele>
    <time>2023-11-04T12:19:07Z</time>
   </trkpt>
   <trkpt lat="46.3439960" lon="12.8968970">
    <ele>660.2</ele>
    <time>2023-11-04T12:19:08Z</time>
   </trkpt>
   <trkpt lat="46.3440030" lon="12.8969150">
    <ele>660.1</ele>
    <time>2023-11-04T12:19:09Z</time>
   </trkpt>
   <trkpt lat="46.3440130" lon="12.8969430">
    <ele>660.1</ele>
    <time>2023-11-04T12:19:10Z</time>
   </trkpt>
   <trkpt lat="46.3440160" lon="12.8969540">
    <ele>660.1</ele>
    <time>2023-11-04T12:19:11Z</time>
   </trkpt>
   <trkpt lat="46.3440190" lon="12.8969640">
    <ele>660.1</ele>
    <time>2023-11-04T12:19:12Z</time>
   </trkpt>
   <trkpt lat="46.3440240" lon="12.8969930">
    <ele>660.1</ele>
    <time>2023-11-04T12:19:13Z</time>
   </trkpt>
   <trkpt lat="46.3440260" lon="12.8970040">
    <ele>660.0</ele>
    <time>2023-11-04T12:19:14Z</time>
   </trkpt>
   <trkpt lat="46.3440270" lon="12.8970150">
    <ele>660.0</ele>
    <time>2023-11-04T12:19:15Z</time>
   </trkpt>
   <trkpt lat="46.3440330" lon="12.8970440">
    <ele>660.0</ele>
    <time>2023-11-04T12:19:16Z</time>
   </trkpt>
   <trkpt lat="46.3440360" lon="12.8970550">
    <ele>660.0</ele>
    <time>2023-11-04T12:19:17Z</time>
   </trkpt>
   <trkpt lat="46.3440380" lon="12.8970660">
    <ele>660.0</ele>
    <time>2023-11-04T12:19:18Z</time>
   </trkpt>
   <trkpt lat="46.3440430" lon="12.8970820">
    <ele>660.0</ele>
    <time>2023-11-04T12:19:19Z</time>
   </trkpt>
   <trkpt lat="46.3440490" lon="12.8970970">
    <ele>660.0</ele>
    <time>2023-11-04T12:19:20Z</time>
   </trkpt>
   <trkpt lat="46.3440540" lon="12.8971120">
    <ele>660.0</ele>
    <time>2023-11-04T12:19:21Z</time>
   </trkpt>
   <trkpt lat="46.3440660" lon="12.8971360">
    <ele>660.0</ele>
    <time>2023-11-04T12:19:22Z</time>
   </trkpt>
   <trkpt lat="46.3440710" lon="12.8971450">
    <ele>660.0</ele>
    <time>2023-11-04T12:19:23Z</time>
   </trkpt>
   <trkpt lat="46.3440770" lon="12.8971540">
    <ele>660.0</ele>
    <time>2023-11-04T12:19:24Z</time>
   </trkpt>
   <trkpt lat="46.3440850" lon="12.8971690">
    <ele>660.0</ele>
    <time>2023-11-04T12:19:25Z</time>
   </trkpt>
   <trkpt lat="46.3440950" lon="12.8971840">
    <ele>660.0</ele>
    <time>2023-11-04T12:19:26Z</time>
   </trkpt>
   <trkpt lat="46.3441070" lon="12.8972110">
    <ele>660.0</ele>
    <time>2023-11-04T12:19:27Z</time>
   </trkpt>
   <trkpt lat="46.3441110" lon="12.8972210">
    <ele>660.0</ele>
    <time>2023-11-04T12:19:28Z</time>
   </trkpt>
   <trkpt lat="46.3441160" lon="12.8972320">
    <ele>660.0</ele>
    <time>2023-11-04T12:19:29Z</time>
   </trkpt>
   <trkpt lat="46.3441210" lon="12.8972470">
    <ele>660.0</ele>
    <time>2023-11-04T12:19:30Z</time>
   </trkpt>
   <trkpt lat="46.3441270" lon="12.8972620">
    <ele>660.0</ele>
    <time>2023-11-04T12:19:31Z</time>
   </trkpt>
   <trkpt lat="46.3441360" lon="12.8972740">
    <ele>660.0</ele>
    <time>2023-11-04T12:19:32Z</time>
   </trkpt>
   <trkpt lat="46.3441510" lon="12.8973030">
    <ele>660.1</ele>
    <time>2023-11-04T12:19:33Z</time>
   </trkpt>
   <trkpt lat="46.3441580" lon="12.8973170">
    <ele>660.1</ele>
    <time>2023-11-04T12:19:34Z</time>
   </trkpt>
   <trkpt lat="46.3441660" lon="12.8973300">
    <ele>660.1</ele>
    <time>2023-11-04T12:19:36Z</time>
   </trkpt>
   <trkpt lat="46.3441740" lon="12.8973420">
    <ele>660.1</ele>
    <time>2023-11-04T12:19:37Z</time>
   </trkpt>
   <trkpt lat="46.3441810" lon="12.8973550">
    <ele>660.1</ele>
    <time>2023-11-04T12:19:38Z</time>
   </trkpt>
   <trkpt lat="46.3441890" lon="12.8973680">
    <ele>660.1</ele>
    <time>2023-11-04T12:19:39Z</time>
   </trkpt>
   <trkpt lat="46.3441940" lon="12.8973810">
    <ele>660.1</ele>
    <time>2023-11-04T12:19:40Z</time>
   </trkpt>
   <trkpt lat="46.3442010" lon="12.8973950">
    <ele>660.2</ele>
    <time>2023-11-04T12:19:41Z</time>
   </trkpt>
   <trkpt lat="46.3442190" lon="12.8974140">
    <ele>660.2</ele>
    <time>2023-11-04T12:19:42Z</time>
   </trkpt>
   <trkpt lat="46.3442260" lon="12.8974220">
    <ele>660.2</ele>
    <time>2023-11-04T12:19:43Z</time>
   </trkpt>
   <trkpt lat="46.3442330" lon="12.8974300">
    <ele>660.2</ele>
    <time>2023-11-04T12:19:44Z</time>
   </trkpt>
   <trkpt lat="46.3442440" lon="12.8974450">
    <ele>660.2</ele>
    <time>2023-11-04T12:19:45Z</time>
   </trkpt>
   <trkpt lat="46.3442540" lon="12.8974590">
    <ele>660.2</ele>
    <time>2023-11-04T12:19:46Z</time>
   </trkpt>
   <trkpt lat="46.3442690" lon="12.8974840">
    <ele>660.3</ele>
    <time>2023-11-04T12:19:47Z</time>
   </trkpt>
   <trkpt lat="46.3442750" lon="12.8974930">
    <ele>660.3</ele>
    <time>2023-11-04T12:19:48Z</time>
   </trkpt>
   <trkpt lat="46.3442800" lon="12.8975030">
    <ele>660.3</ele>
    <time>2023-11-04T12:19:49Z</time>
   </trkpt>
   <trkpt lat="46.3442970" lon="12.8975270">
    <ele>660.3</ele>
    <time>2023-11-04T12:19:50Z</time>
   </trkpt>
   <trkpt lat="46.3443060" lon="12.8975370">
    <ele>660.3</ele>
    <time>2023-11-04T12:19:51Z</time>
   </trkpt>
   <trkpt lat="46.3443150" lon="12.8975470">
    <ele>660.3</ele>
    <time>2023-11-04T12:19:52Z</time>
   </trkpt>
   <trkpt lat="46.3443270" lon="12.8975730">
    <ele>660.3</ele>
    <time>2023-11-04T12:19:53Z</time>
   </trkpt>
   <trkpt lat="46.3443320" lon="12.8975830">
    <ele>660.3</ele>
    <time>2023-11-04T12:19:54Z</time>
   </trkpt>
   <trkpt lat="46.3443360" lon="12.8975930">
    <ele>660.3</ele>
    <time>2023-11-04T12:19:55Z</time>
   </trkpt>
   <trkpt lat="46.3443400" lon="12.8976080">
    <ele>660.3</ele>
    <time>2023-11-04T12:19:56Z</time>
   </trkpt>
   <trkpt lat="46.3443440" lon="12.8976220">
    <ele>660.3</ele>
    <time>2023-11-04T12:19:57Z</time>
   </trkpt>
   <trkpt lat="46.3443480" lon="12.8976350">
    <ele>660.3</ele>
    <time>2023-11-04T12:19:58Z</time>
   </trkpt>
   <trkpt lat="46.3443540" lon="12.8976480">
    <ele>660.3</ele>
    <time>2023-11-04T12:19:59Z</time>
   </trkpt>
   <trkpt lat="46.3443580" lon="12.8976630">
    <ele>660.3</ele>
    <time>2023-11-04T12:20:00Z</time>
   </trkpt>
   <trkpt lat="46.3443670" lon="12.8976770">
    <ele>660.3</ele>
    <time>2023-11-04T12:20:01Z</time>
   </trkpt>
   <trkpt lat="46.3443910" lon="12.8977010">
    <ele>660.3</ele>
    <time>2023-11-04T12:20:02Z</time>
   </trkpt>
   <trkpt lat="46.3444050" lon="12.8977130">
    <ele>660.3</ele>
    <time>2023-11-04T12:20:04Z</time>
   </trkpt>
   <trkpt lat="46.3444190" lon="12.8977260">
    <ele>660.3</ele>
    <time>2023-11-04T12:20:05Z</time>
   </trkpt>
   <trkpt lat="46.3444310" lon="12.8977390">
    <ele>660.2</ele>
    <time>2023-11-04T12:20:06Z</time>
   </trkpt>
   <trkpt lat="46.3444440" lon="12.8977500">
    <ele>660.2</ele>
    <time>2023-11-04T12:20:07Z</time>
   </trkpt>
   <trkpt lat="46.3444560" lon="12.8977640">
    <ele>660.2</ele>
    <time>2023-11-04T12:20:08Z</time>
   </trkpt>
   <trkpt lat="46.3444650" lon="12.8977790">
    <ele>660.2</ele>
    <time>2023-11-04T12:20:09Z</time>
   </trkpt>
   <trkpt lat="46.3444760" lon="12.8977930">
    <ele>660.2</ele>
    <time>2023-11-04T12:20:10Z</time>
   </trkpt>
   <trkpt lat="46.3444870" lon="12.8978090">
    <ele>660.1</ele>
    <time>2023-11-04T12:20:11Z</time>
   </trkpt>
   <trkpt lat="46.3444980" lon="12.8978240">
    <ele>660.1</ele>
    <time>2023-11-04T12:20:12Z</time>
   </trkpt>
   <trkpt lat="46.3445080" lon="12.8978410">
    <ele>660.1</ele>
    <time>2023-11-04T12:20:13Z</time>
   </trkpt>
   <trkpt lat="46.3445190" lon="12.8978570">
    <ele>660.1</ele>
    <time>2023-11-04T12:20:14Z</time>
   </trkpt>
   <trkpt lat="46.3445280" lon="12.8978730">
    <ele>660.0</ele>
    <time>2023-11-04T12:20:15Z</time>
   </trkpt>
   <trkpt lat="46.3445390" lon="12.8978880">
    <ele>660.0</ele>
    <time>2023-11-04T12:20:16Z</time>
   </trkpt>
   <trkpt lat="46.3445470" lon="12.8979040">
    <ele>660.0</ele>
    <time>2023-11-04T12:20:17Z</time>
   </trkpt>
   <trkpt lat="46.3445570" lon="12.8979300">
    <ele>660.0</ele>
    <time>2023-11-04T12:20:18Z</time>
   </trkpt>
   <trkpt lat="46.3445600" lon="12.8979410">
    <ele>660.0</ele>
    <time>2023-11-04T12:20:19Z</time>
   </trkpt>
   <trkpt lat="46.3445640" lon="12.8979520">
    <ele>660.0</ele>
    <time>2023-11-04T12:20:20Z</time>
   </trkpt>
   <trkpt lat="46.3445690" lon="12.8979800">
    <ele>659.9</ele>
    <time>2023-11-04T12:20:21Z</time>
   </trkpt>
   <trkpt lat="46.3445710" lon="12.8979920">
    <ele>659.9</ele>
    <time>2023-11-04T12:20:22Z</time>
   </trkpt>
   <trkpt lat="46.3445730" lon="12.8980040">
    <ele>659.9</ele>
    <time>2023-11-04T12:20:23Z</time>
   </trkpt>
   <trkpt lat="46.3445780" lon="12.8980240">
    <ele>659.9</ele>
    <time>2023-11-04T12:20:24Z</time>
   </trkpt>
   <trkpt lat="46.3445840" lon="12.8980420">
    <ele>659.9</ele>
    <time>2023-11-04T12:20:25Z</time>
   </trkpt>
   <trkpt lat="46.3445920" lon="12.8980730">
    <ele>659.9</ele>
    <time>2023-11-04T12:20:26Z</time>
   </trkpt>
   <trkpt lat="46.3445940" lon="12.8980840">
    <ele>659.8</ele>
    <time>2023-11-04T12:20:27Z</time>
   </trkpt>
   <trkpt lat="46.3445970" lon="12.8980950">
    <ele>659.8</ele>
    <time>2023-11-04T12:20:28Z</time>
   </trkpt>
   <trkpt lat="46.3446020" lon="12.8981110">
    <ele>659.8</ele>
    <time>2023-11-04T12:20:29Z</time>
   </trkpt>
   <trkpt lat="46.3446050" lon="12.8981260">
    <ele>659.8</ele>
    <time>2023-11-04T12:20:30Z</time>
   </trkpt>
   <trkpt lat="46.3446080" lon="12.8981420">
    <ele>659.8</ele>
    <time>2023-11-04T12:20:31Z</time>
   </trkpt>
   <trkpt lat="46.3446090" lon="12.8981580">
    <ele>659.8</ele>
    <time>2023-11-04T12:20:32Z</time>
   </trkpt>
   <trkpt lat="46.3446130" lon="12.8981750">
    <ele>659.8</ele>
    <time>2023-11-04T12:20:33Z</time>
   </trkpt>
   <trkpt lat="46.3446170" lon="12.8981910">
    <ele>659.8</ele>
    <time>2023-11-04T12:20:34Z</time>
   </trkpt>
   <trkpt lat="46.3446220" lon="12.8982100">
    <ele>659.8</ele>
    <time>2023-11-04T12:20:35Z</time>
   </trkpt>
   <trkpt lat="46.3446280" lon="12.8982290">
    <ele>659.8</ele>
    <time>2023-11-04T12:20:36Z</time>
   </trkpt>
   <trkpt lat="46.3446350" lon="12.8982490">
    <ele>659.7</ele>
    <time>2023-11-04T12:20:37Z</time>
   </trkpt>
   <trkpt lat="46.3446400" lon="12.8982690">
    <ele>659.7</ele>
    <time>2023-11-04T12:20:38Z</time>
   </trkpt>
   <trkpt lat="46.3446460" lon="12.8982890">
    <ele>659.7</ele>
    <time>2023-11-04T12:20:39Z</time>
   </trkpt>
   <trkpt lat="46.3446560" lon="12.8983070">
    <ele>659.7</ele>
    <time>2023-11-04T12:20:40Z</time>
   </trkpt>
   <trkpt lat="46.3446640" lon="12.8983250">
    <ele>659.7</ele>
    <time>2023-11-04T12:20:41Z</time>
   </trkpt>
   <trkpt lat="46.3446710" lon="12.8983430">
    <ele>659.7</ele>
    <time>2023-11-04T12:20:42Z</time>
   </trkpt>
   <trkpt lat="46.3446770" lon="12.8983730">
    <ele>659.7</ele>
    <time>2023-11-04T12:20:43Z</time>
   </trkpt>
   <trkpt lat="46.3446800" lon="12.8983850">
    <ele>659.7</ele>
    <time>2023-11-04T12:20:44Z</time>
   </trkpt>
   <trkpt lat="46.3446840" lon="12.8983970">
    <ele>659.6</ele>
    <time>2023-11-04T12:20:45Z</time>
   </trkpt>
   <trkpt lat="46.3446890" lon="12.8984270">
    <ele>659.6</ele>
    <time>2023-11-04T12:20:46Z</time>
   </trkpt>
   <trkpt lat="46.3446920" lon="12.8984390">
    <ele>659.6</ele>
    <time>2023-11-04T12:20:47Z</time>
   </trkpt>
   <trkpt lat="46.3446960" lon="12.8984510">
    <ele>659.6</ele>
    <time>2023-11-04T12:20:48Z</time>
   </trkpt>
   <trkpt lat="46.3447030" lon="12.8984660">
    <ele>659.6</ele>
    <time>2023-11-04T12:20:49Z</time>
   </trkpt>
   <trkpt lat="46.3447060" lon="12.8984830">
    <ele>659.6</ele>
    <time>2023-11-04T12:20:50Z</time>
   </trkpt>
   <trkpt lat="46.3447070" lon="12.8984990">
    <ele>659.6</ele>
    <time>2023-11-04T12:20:51Z</time>
   </trkpt>
   <trkpt lat="46.3447100" lon="12.8985160">
    <ele>659.6</ele>
    <time>2023-11-04T12:20:52Z</time>
   </trkpt>
   <trkpt lat="46.3447140" lon="12.8985320">
    <ele>659.6</ele>
    <time>2023-11-04T12:20:53Z</time>
   </trkpt>
   <trkpt lat="46.3447190" lon="12.8985480">
    <ele>659.6</ele>
    <time>2023-11-04T12:20:54Z</time>
   </trkpt>
   <trkpt lat="46.3447250" lon="12.8985780">
    <ele>659.6</ele>
    <time>2023-11-04T12:20:55Z</time>
   </trkpt>
   <trkpt lat="46.3447280" lon="12.8985900">
    <ele>659.6</ele>
    <time>2023-11-04T12:20:56Z</time>
   </trkpt>
   <trkpt lat="46.3447310" lon="12.8986020">
    <ele>659.7</ele>
    <time>2023-11-04T12:20:57Z</time>
   </trkpt>
   <trkpt lat="46.3447360" lon="12.8986190">
    <ele>659.7</ele>
    <time>2023-11-04T12:20:58Z</time>
   </trkpt>
   <trkpt lat="46.3447390" lon="12.8986360">
    <ele>659.7</ele>
    <time>2023-11-04T12:20:59Z</time>
   </trkpt>
   <trkpt lat="46.3447410" lon="12.8986510">
    <ele>659.7</ele>
    <time>2023-11-04T12:21:00Z</time>
   </trkpt>
   <trkpt lat="46.3447430" lon="12.8986670">
    <ele>659.7</ele>
    <time>2023-11-04T12:21:01Z</time>
   </trkpt>
   <trkpt lat="46.3447440" lon="12.8986840">
    <ele>659.7</ele>
    <time>2023-11-04T12:21:02Z</time>
   </trkpt>
   <trkpt lat="46.3447460" lon="12.8987010">
    <ele>659.7</ele>
    <time>2023-11-04T12:21:03Z</time>
   </trkpt>
   <trkpt lat="46.3447480" lon="12.8987170">
    <ele>659.7</ele>
    <time>2023-11-04T12:21:04Z</time>
   </trkpt>
   <trkpt lat="46.3447480" lon="12.8987330">
    <ele>659.7</ele>
    <time>2023-11-04T12:21:05Z</time>
   </trkpt>
   <trkpt lat="46.3447470" lon="12.8987500">
    <ele>659.7</ele>
    <time>2023-11-04T12:21:06Z</time>
   </trkpt>
   <trkpt lat="46.3447450" lon="12.8987650">
    <ele>659.7</ele>
    <time>2023-11-04T12:21:07Z</time>
   </trkpt>
   <trkpt lat="46.3447450" lon="12.8987810">
    <ele>659.7</ele>
    <time>2023-11-04T12:21:08Z</time>
   </trkpt>
   <trkpt lat="46.3447460" lon="12.8987970">
    <ele>659.7</ele>
    <time>2023-11-04T12:21:09Z</time>
   </trkpt>
   <trkpt lat="46.3447450" lon="12.8988130">
    <ele>659.6</ele>
    <time>2023-11-04T12:21:10Z</time>
   </trkpt>
   <trkpt lat="46.3447430" lon="12.8988280">
    <ele>659.6</ele>
    <time>2023-11-04T12:21:11Z</time>
   </trkpt>
   <trkpt lat="46.3447400" lon="12.8988440">
    <ele>659.6</ele>
    <time>2023-11-04T12:21:12Z</time>
   </trkpt>
   <trkpt lat="46.3447370" lon="12.8988590">
    <ele>659.6</ele>
    <time>2023-11-04T12:21:13Z</time>
   </trkpt>
   <trkpt lat="46.3447370" lon="12.8988770">
    <ele>659.5</ele>
    <time>2023-11-04T12:21:14Z</time>
   </trkpt>
   <trkpt lat="46.3447420" lon="12.8988940">
    <ele>659.5</ele>
    <time>2023-11-04T12:21:15Z</time>
   </trkpt>
   <trkpt lat="46.3447560" lon="12.8989190">
    <ele>659.5</ele>
    <time>2023-11-04T12:21:16Z</time>
   </trkpt>
   <trkpt lat="46.3447620" lon="12.8989290">
    <ele>659.4</ele>
    <time>2023-11-04T12:21:17Z</time>
   </trkpt>
   <trkpt lat="46.3447680" lon="12.8989380">
    <ele>659.4</ele>
    <time>2023-11-04T12:21:18Z</time>
   </trkpt>
   <trkpt lat="46.3447780" lon="12.8989530">
    <ele>659.4</ele>
    <time>2023-11-04T12:21:19Z</time>
   </trkpt>
   <trkpt lat="46.3447860" lon="12.8989680">
    <ele>659.3</ele>
    <time>2023-11-04T12:21:20Z</time>
   </trkpt>
   <trkpt lat="46.3447910" lon="12.8989840">
    <ele>659.3</ele>
    <time>2023-11-04T12:21:21Z</time>
   </trkpt>
   <trkpt lat="46.3447920" lon="12.8990000">
    <ele>659.3</ele>
    <time>2023-11-04T12:21:22Z</time>
   </trkpt>
   <trkpt lat="46.3447940" lon="12.8990160">
    <ele>659.2</ele>
    <time>2023-11-04T12:21:23Z</time>
   </trkpt>
   <trkpt lat="46.3448000" lon="12.8990420">
    <ele>659.2</ele>
    <time>2023-11-04T12:21:24Z</time>
   </trkpt>
   <trkpt lat="46.3448040" lon="12.8990530">
    <ele>659.2</ele>
    <time>2023-11-04T12:21:25Z</time>
   </trkpt>
   <trkpt lat="46.3448080" lon="12.8990640">
    <ele>659.1</ele>
    <time>2023-11-04T12:21:26Z</time>
   </trkpt>
   <trkpt lat="46.3448120" lon="12.8990810">
    <ele>659.1</ele>
    <time>2023-11-04T12:21:27Z</time>
   </trkpt>
   <trkpt lat="46.3448160" lon="12.8990970">
    <ele>659.1</ele>
    <time>2023-11-04T12:21:28Z</time>
   </trkpt>
   <trkpt lat="46.3448200" lon="12.8991130">
    <ele>659.0</ele>
    <time>2023-11-04T12:21:29Z</time>
   </trkpt>
   <trkpt lat="46.3448240" lon="12.8991280">
    <ele>659.0</ele>
    <time>2023-11-04T12:21:30Z</time>
   </trkpt>
   <trkpt lat="46.3448290" lon="12.8991430">
    <ele>659.0</ele>
    <time>2023-11-04T12:21:31Z</time>
   </trkpt>
   <trkpt lat="46.3448330" lon="12.8991570">
    <ele>659.0</ele>
    <time>2023-11-04T12:21:32Z</time>
   </trkpt>
   <trkpt lat="46.3448370" lon="12.8991710">
    <ele>658.9</ele>
    <time>2023-11-04T12:21:33Z</time>
   </trkpt>
   <trkpt lat="46.3448390" lon="12.8991850">
    <ele>658.9</ele>
    <time>2023-11-04T12:21:34Z</time>
   </trkpt>
   <trkpt lat="46.3448460" lon="12.8991980">
    <ele>658.9</ele>
    <time>2023-11-04T12:21:35Z</time>
   </trkpt>
   <trkpt lat="46.3448580" lon="12.8992220">
    <ele>658.8</ele>
    <time>2023-11-04T12:21:36Z</time>
   </trkpt>
   <trkpt lat="46.3448640" lon="12.8992330">
    <ele>658.8</ele>
    <time>2023-11-04T12:21:37Z</time>
   </trkpt>
   <trkpt lat="46.3448690" lon="12.8992430">
    <ele>658.8</ele>
    <time>2023-11-04T12:21:38Z</time>
   </trkpt>
   <trkpt lat="46.3448930" lon="12.8992760">
    <ele>658.7</ele>
    <time>2023-11-04T12:21:39Z</time>
   </trkpt>
   <trkpt lat="46.3449030" lon="12.8992920">
    <ele>658.7</ele>
    <time>2023-11-04T12:21:40Z</time>
   </trkpt>
   <trkpt lat="46.3449200" lon="12.8993230">
    <ele>658.6</ele>
    <time>2023-11-04T12:21:42Z</time>
   </trkpt>
   <trkpt lat="46.3449350" lon="12.8993540">
    <ele>658.5</ele>
    <time>2023-11-04T12:21:44Z</time>
   </trkpt>
   <trkpt lat="46.3449470" lon="12.8993840">
    <ele>658.5</ele>
    <time>2023-11-04T12:21:46Z</time>
   </trkpt>
   <trkpt lat="46.3449520" lon="12.8994000">
    <ele>658.4</ele>
    <time>2023-11-04T12:21:48Z</time>
   </trkpt>
   <trkpt lat="46.3449560" lon="12.8994150">
    <ele>658.4</ele>
    <time>2023-11-04T12:21:49Z</time>
   </trkpt>
   <trkpt lat="46.3449590" lon="12.8994310">
    <ele>658.4</ele>
    <time>2023-11-04T12:21:50Z</time>
   </trkpt>
   <trkpt lat="46.3449630" lon="12.8994470">
    <ele>658.3</ele>
    <time>2023-11-04T12:21:51Z</time>
   </trkpt>
   <trkpt lat="46.3449760" lon="12.8994900">
    <ele>658.2</ele>
    <time>2023-11-04T12:21:52Z</time>
   </trkpt>
   <trkpt lat="46.3449790" lon="12.8994990">
    <ele>658.2</ele>
    <time>2023-11-04T12:21:53Z</time>
   </trkpt>
   <trkpt lat="46.3449840" lon="12.8995150">
    <ele>658.2</ele>
    <time>2023-11-04T12:21:54Z</time>
   </trkpt>
   <trkpt lat="46.3449890" lon="12.8995310">
    <ele>658.1</ele>
    <time>2023-11-04T12:21:55Z</time>
   </trkpt>
   <trkpt lat="46.3449950" lon="12.8995460">
    <ele>658.1</ele>
    <time>2023-11-04T12:21:57Z</time>
   </trkpt>
   <trkpt lat="46.3450020" lon="12.8995730">
    <ele>658.0</ele>
    <time>2023-11-04T12:21:58Z</time>
   </trkpt>
   <trkpt lat="46.3450040" lon="12.8995860">
    <ele>658.0</ele>
    <time>2023-11-04T12:21:59Z</time>
   </trkpt>
   <trkpt lat="46.3450060" lon="12.8995980">
    <ele>658.0</ele>
    <time>2023-11-04T12:22:00Z</time>
   </trkpt>
   <trkpt lat="46.3450120" lon="12.8996280">
    <ele>657.9</ele>
    <time>2023-11-04T12:22:01Z</time>
   </trkpt>
   <trkpt lat="46.3450150" lon="12.8996400">
    <ele>657.9</ele>
    <time>2023-11-04T12:22:02Z</time>
   </trkpt>
   <trkpt lat="46.3450180" lon="12.8996510">
    <ele>657.9</ele>
    <time>2023-11-04T12:22:03Z</time>
   </trkpt>
   <trkpt lat="46.3450230" lon="12.8996690">
    <ele>657.9</ele>
    <time>2023-11-04T12:22:04Z</time>
   </trkpt>
   <trkpt lat="46.3450280" lon="12.8996880">
    <ele>657.8</ele>
    <time>2023-11-04T12:22:05Z</time>
   </trkpt>
   <trkpt lat="46.3450290" lon="12.8997180">
    <ele>657.8</ele>
    <time>2023-11-04T12:22:06Z</time>
   </trkpt>
   <trkpt lat="46.3450270" lon="12.8997300">
    <ele>657.8</ele>
    <time>2023-11-04T12:22:07Z</time>
   </trkpt>
   <trkpt lat="46.3450250" lon="12.8997420">
    <ele>657.7</ele>
    <time>2023-11-04T12:22:08Z</time>
   </trkpt>
   <trkpt lat="46.3450250" lon="12.8997580">
    <ele>657.7</ele>
    <time>2023-11-04T12:22:09Z</time>
   </trkpt>
   <trkpt lat="46.3450230" lon="12.8997760">
    <ele>657.7</ele>
    <time>2023-11-04T12:22:10Z</time>
   </trkpt>
   <trkpt lat="46.3450220" lon="12.8997940">
    <ele>657.7</ele>
    <time>2023-11-04T12:22:11Z</time>
   </trkpt>
   <trkpt lat="46.3450200" lon="12.8998080">
    <ele>657.6</ele>
    <time>2023-11-04T12:22:12Z</time>
   </trkpt>
   <trkpt lat="46.3450230" lon="12.8998250">
    <ele>657.6</ele>
    <time>2023-11-04T12:22:13Z</time>
   </trkpt>
   <trkpt lat="46.3450290" lon="12.8998330">
    <ele>657.6</ele>
    <time>2023-11-04T12:22:14Z</time>
   </trkpt>
   <trkpt lat="46.3450370" lon="12.8998410">
    <ele>657.6</ele>
    <time>2023-11-04T12:22:15Z</time>
   </trkpt>
   <trkpt lat="46.3450450" lon="12.8998530">
    <ele>657.5</ele>
    <time>2023-11-04T12:22:16Z</time>
   </trkpt>
   <trkpt lat="46.3450510" lon="12.8998650">
    <ele>657.5</ele>
    <time>2023-11-04T12:22:17Z</time>
   </trkpt>
   <trkpt lat="46.3450570" lon="12.8998780">
    <ele>657.4</ele>
    <time>2023-11-04T12:22:18Z</time>
   </trkpt>
   <trkpt lat="46.3450610" lon="12.8998910">
    <ele>657.4</ele>
    <time>2023-11-04T12:22:19Z</time>
   </trkpt>
   <trkpt lat="46.3450660" lon="12.8999040">
    <ele>657.4</ele>
    <time>2023-11-04T12:22:20Z</time>
   </trkpt>
   <trkpt lat="46.3450710" lon="12.8999180">
    <ele>657.4</ele>
    <time>2023-11-04T12:22:21Z</time>
   </trkpt>
   <trkpt lat="46.3450770" lon="12.8999300">
    <ele>657.3</ele>
    <time>2023-11-04T12:22:22Z</time>
   </trkpt>
   <trkpt lat="46.3450820" lon="12.8999430">
    <ele>657.3</ele>
    <time>2023-11-04T12:22:23Z</time>
   </trkpt>
   <trkpt lat="46.3450870" lon="12.8999570">
    <ele>657.3</ele>
    <time>2023-11-04T12:22:24Z</time>
   </trkpt>
   <trkpt lat="46.3450900" lon="12.8999690">
    <ele>657.2</ele>
    <time>2023-11-04T12:22:25Z</time>
   </trkpt>
   <trkpt lat="46.3450930" lon="12.8999810">
    <ele>657.2</ele>
    <time>2023-11-04T12:22:26Z</time>
   </trkpt>
   <trkpt lat="46.3450880" lon="12.9000030">
    <ele>657.1</ele>
    <time>2023-11-04T12:22:27Z</time>
   </trkpt>
   <trkpt lat="46.3450820" lon="12.9000110">
    <ele>657.1</ele>
    <time>2023-11-04T12:22:28Z</time>
   </trkpt>
   <trkpt lat="46.3450760" lon="12.9000180">
    <ele>657.1</ele>
    <time>2023-11-04T12:22:29Z</time>
   </trkpt>
   <trkpt lat="46.3450710" lon="12.9000260">
    <ele>657.1</ele>
    <time>2023-11-04T12:22:30Z</time>
   </trkpt>
   <trkpt lat="46.3450650" lon="12.9000390">
    <ele>657.0</ele>
    <time>2023-11-04T12:22:31Z</time>
   </trkpt>
   <trkpt lat="46.3450620" lon="12.9000530">
    <ele>657.0</ele>
    <time>2023-11-04T12:22:32Z</time>
   </trkpt>
   <trkpt lat="46.3450650" lon="12.9000660">
    <ele>657.0</ele>
    <time>2023-11-04T12:22:33Z</time>
   </trkpt>
   <trkpt lat="46.3450690" lon="12.9000760">
    <ele>657.0</ele>
    <time>2023-11-04T12:22:34Z</time>
   </trkpt>
   <trkpt lat="46.3450740" lon="12.9000880">
    <ele>656.9</ele>
    <time>2023-11-04T12:22:35Z</time>
   </trkpt>
   <trkpt lat="46.3450820" lon="12.9000990">
    <ele>656.9</ele>
    <time>2023-11-04T12:22:36Z</time>
   </trkpt>
   <trkpt lat="46.3450890" lon="12.9001110">
    <ele>656.9</ele>
    <time>2023-11-04T12:22:37Z</time>
   </trkpt>
   <trkpt lat="46.3450940" lon="12.9001220">
    <ele>656.8</ele>
    <time>2023-11-04T12:22:38Z</time>
   </trkpt>
   <trkpt lat="46.3450980" lon="12.9001350">
    <ele>656.8</ele>
    <time>2023-11-04T12:22:39Z</time>
   </trkpt>
   <trkpt lat="46.3451030" lon="12.9001490">
    <ele>656.8</ele>
    <time>2023-11-04T12:22:40Z</time>
   </trkpt>
   <trkpt lat="46.3451080" lon="12.9001630">
    <ele>656.8</ele>
    <time>2023-11-04T12:22:41Z</time>
   </trkpt>
   <trkpt lat="46.3451140" lon="12.9001740">
    <ele>656.7</ele>
    <time>2023-11-04T12:22:42Z</time>
   </trkpt>
   <trkpt lat="46.3451220" lon="12.9001860">
    <ele>656.7</ele>
    <time>2023-11-04T12:22:43Z</time>
   </trkpt>
   <trkpt lat="46.3451270" lon="12.9001990">
    <ele>656.7</ele>
    <time>2023-11-04T12:22:44Z</time>
   </trkpt>
   <trkpt lat="46.3451330" lon="12.9002120">
    <ele>656.6</ele>
    <time>2023-11-04T12:22:45Z</time>
   </trkpt>
   <trkpt lat="46.3451370" lon="12.9002260">
    <ele>656.6</ele>
    <time>2023-11-04T12:22:46Z</time>
   </trkpt>
   <trkpt lat="46.3451440" lon="12.9002400">
    <ele>656.6</ele>
    <time>2023-11-04T12:22:47Z</time>
   </trkpt>
   <trkpt lat="46.3451510" lon="12.9002540">
    <ele>656.5</ele>
    <time>2023-11-04T12:22:48Z</time>
   </trkpt>
   <trkpt lat="46.3451630" lon="12.9002770">
    <ele>656.5</ele>
    <time>2023-11-04T12:22:49Z</time>
   </trkpt>
   <trkpt lat="46.3451680" lon="12.9002870">
    <ele>656.5</ele>
    <time>2023-11-04T12:22:50Z</time>
   </trkpt>
   <trkpt lat="46.3451720" lon="12.9002960">
    <ele>656.4</ele>
    <time>2023-11-04T12:22:51Z</time>
   </trkpt>
   <trkpt lat="46.3451840" lon="12.9003210">
    <ele>656.4</ele>
    <time>2023-11-04T12:22:52Z</time>
   </trkpt>
   <trkpt lat="46.3451890" lon="12.9003300">
    <ele>656.3</ele>
    <time>2023-11-04T12:22:53Z</time>
   </trkpt>
   <trkpt lat="46.3451930" lon="12.9003400">
    <ele>656.3</ele>
    <time>2023-11-04T12:22:54Z</time>
   </trkpt>
   <trkpt lat="46.3451980" lon="12.9003540">
    <ele>656.3</ele>
    <time>2023-11-04T12:22:55Z</time>
   </trkpt>
   <trkpt lat="46.3452060" lon="12.9003690">
    <ele>656.2</ele>
    <time>2023-11-04T12:22:56Z</time>
   </trkpt>
   <trkpt lat="46.3452130" lon="12.9003830">
    <ele>656.2</ele>
    <time>2023-11-04T12:22:57Z</time>
   </trkpt>
   <trkpt lat="46.3452190" lon="12.9003970">
    <ele>656.2</ele>
    <time>2023-11-04T12:22:58Z</time>
   </trkpt>
   <trkpt lat="46.3452230" lon="12.9004120">
    <ele>656.2</ele>
    <time>2023-11-04T12:22:59Z</time>
   </trkpt>
   <trkpt lat="46.3452250" lon="12.9004270">
    <ele>656.1</ele>
    <time>2023-11-04T12:23:00Z</time>
   </trkpt>
   <trkpt lat="46.3452280" lon="12.9004420">
    <ele>656.1</ele>
    <time>2023-11-04T12:23:01Z</time>
   </trkpt>
   <trkpt lat="46.3452300" lon="12.9004570">
    <ele>656.1</ele>
    <time>2023-11-04T12:23:02Z</time>
   </trkpt>
   <trkpt lat="46.3452340" lon="12.9004710">
    <ele>656.0</ele>
    <time>2023-11-04T12:23:03Z</time>
   </trkpt>
   <trkpt lat="46.3452460" lon="12.9004940">
    <ele>656.0</ele>
    <time>2023-11-04T12:23:04Z</time>
   </trkpt>
   <trkpt lat="46.3452530" lon="12.9005030">
    <ele>656.0</ele>
    <time>2023-11-04T12:23:05Z</time>
   </trkpt>
   <trkpt lat="46.3452600" lon="12.9005130">
    <ele>656.0</ele>
    <time>2023-11-04T12:23:06Z</time>
   </trkpt>
   <trkpt lat="46.3452700" lon="12.9005250">
    <ele>655.9</ele>
    <time>2023-11-04T12:23:07Z</time>
   </trkpt>
   <trkpt lat="46.3452790" lon="12.9005370">
    <ele>655.9</ele>
    <time>2023-11-04T12:23:08Z</time>
   </trkpt>
   <trkpt lat="46.3452870" lon="12.9005480">
    <ele>655.9</ele>
    <time>2023-11-04T12:23:09Z</time>
   </trkpt>
   <trkpt lat="46.3452930" lon="12.9005590">
    <ele>655.9</ele>
    <time>2023-11-04T12:23:10Z</time>
   </trkpt>
   <trkpt lat="46.3453000" lon="12.9005710">
    <ele>655.8</ele>
    <time>2023-11-04T12:23:11Z</time>
   </trkpt>
   <trkpt lat="46.3453040" lon="12.9005850">
    <ele>655.8</ele>
    <time>2023-11-04T12:23:12Z</time>
   </trkpt>
   <trkpt lat="46.3453080" lon="12.9005990">
    <ele>655.8</ele>
    <time>2023-11-04T12:23:13Z</time>
   </trkpt>
   <trkpt lat="46.3453130" lon="12.9006110">
    <ele>655.8</ele>
    <time>2023-11-04T12:23:14Z</time>
   </trkpt>
   <trkpt lat="46.3453190" lon="12.9006240">
    <ele>655.7</ele>
    <time>2023-11-04T12:23:15Z</time>
   </trkpt>
   <trkpt lat="46.3453230" lon="12.9006360">
    <ele>655.7</ele>
    <time>2023-11-04T12:23:16Z</time>
   </trkpt>
   <trkpt lat="46.3453270" lon="12.9006480">
    <ele>655.7</ele>
    <time>2023-11-04T12:23:17Z</time>
   </trkpt>
   <trkpt lat="46.3453320" lon="12.9006610">
    <ele>655.7</ele>
    <time>2023-11-04T12:23:18Z</time>
   </trkpt>
   <trkpt lat="46.3453370" lon="12.9006740">
    <ele>655.7</ele>
    <time>2023-11-04T12:23:19Z</time>
   </trkpt>
   <trkpt lat="46.3453400" lon="12.9006880">
    <ele>655.7</ele>
    <time>2023-11-04T12:23:20Z</time>
   </trkpt>
   <trkpt lat="46.3453420" lon="12.9007020">
    <ele>655.6</ele>
    <time>2023-11-04T12:23:21Z</time>
   </trkpt>
   <trkpt lat="46.3453440" lon="12.9007170">
    <ele>655.6</ele>
    <time>2023-11-04T12:23:22Z</time>
   </trkpt>
   <trkpt lat="46.3453460" lon="12.9007310">
    <ele>655.6</ele>
    <time>2023-11-04T12:23:23Z</time>
   </trkpt>
   <trkpt lat="46.3453480" lon="12.9007450">
    <ele>655.6</ele>
    <time>2023-11-04T12:23:24Z</time>
   </trkpt>
   <trkpt lat="46.3453500" lon="12.9007580">
    <ele>655.6</ele>
    <time>2023-11-04T12:23:25Z</time>
   </trkpt>
   <trkpt lat="46.3453540" lon="12.9007710">
    <ele>655.6</ele>
    <time>2023-11-04T12:23:26Z</time>
   </trkpt>
   <trkpt lat="46.3453570" lon="12.9007860">
    <ele>655.6</ele>
    <time>2023-11-04T12:23:27Z</time>
   </trkpt>
   <trkpt lat="46.3453690" lon="12.9008100">
    <ele>655.5</ele>
    <time>2023-11-04T12:23:28Z</time>
   </trkpt>
   <trkpt lat="46.3453740" lon="12.9008190">
    <ele>655.5</ele>
    <time>2023-11-04T12:23:29Z</time>
   </trkpt>
   <trkpt lat="46.3453800" lon="12.9008270">
    <ele>655.5</ele>
    <time>2023-11-04T12:23:30Z</time>
   </trkpt>
   <trkpt lat="46.3453910" lon="12.9008400">
    <ele>655.5</ele>
    <time>2023-11-04T12:23:31Z</time>
   </trkpt>
   <trkpt lat="46.3454010" lon="12.9008530">
    <ele>655.5</ele>
    <time>2023-11-04T12:23:32Z</time>
   </trkpt>
   <trkpt lat="46.3454170" lon="12.9008740">
    <ele>655.5</ele>
    <time>2023-11-04T12:23:33Z</time>
   </trkpt>
   <trkpt lat="46.3454230" lon="12.9008830">
    <ele>655.4</ele>
    <time>2023-11-04T12:23:34Z</time>
   </trkpt>
   <trkpt lat="46.3454280" lon="12.9008920">
    <ele>655.4</ele>
    <time>2023-11-04T12:23:35Z</time>
   </trkpt>
   <trkpt lat="46.3454350" lon="12.9009060">
    <ele>655.4</ele>
    <time>2023-11-04T12:23:36Z</time>
   </trkpt>
   <trkpt lat="46.3454400" lon="12.9009210">
    <ele>655.4</ele>
    <time>2023-11-04T12:23:37Z</time>
   </trkpt>
   <trkpt lat="46.3454430" lon="12.9009360">
    <ele>655.4</ele>
    <time>2023-11-04T12:23:38Z</time>
   </trkpt>
   <trkpt lat="46.3454460" lon="12.9009520">
    <ele>655.4</ele>
    <time>2023-11-04T12:23:39Z</time>
   </trkpt>
   <trkpt lat="46.3454500" lon="12.9009680">
    <ele>655.4</ele>
    <time>2023-11-04T12:23:40Z</time>
   </trkpt>
   <trkpt lat="46.3454530" lon="12.9009850">
    <ele>655.4</ele>
    <time>2023-11-04T12:23:41Z</time>
   </trkpt>
   <trkpt lat="46.3454650" lon="12.9010110">
    <ele>655.4</ele>
    <time>2023-11-04T12:23:42Z</time>
   </trkpt>
   <trkpt lat="46.3454710" lon="12.9010210">
    <ele>655.3</ele>
    <time>2023-11-04T12:23:43Z</time>
   </trkpt>
   <trkpt lat="46.3454760" lon="12.9010320">
    <ele>655.3</ele>
    <time>2023-11-04T12:23:44Z</time>
   </trkpt>
   <trkpt lat="46.3454880" lon="12.9010550">
    <ele>655.3</ele>
    <time>2023-11-04T12:23:45Z</time>
   </trkpt>
   <trkpt lat="46.3454920" lon="12.9010650">
    <ele>655.3</ele>
    <time>2023-11-04T12:23:46Z</time>
   </trkpt>
   <trkpt lat="46.3454960" lon="12.9010760">
    <ele>655.3</ele>
    <time>2023-11-04T12:23:47Z</time>
   </trkpt>
   <trkpt lat="46.3455020" lon="12.9011030">
    <ele>655.3</ele>
    <time>2023-11-04T12:23:48Z</time>
   </trkpt>
   <trkpt lat="46.3455060" lon="12.9011140">
    <ele>655.3</ele>
    <time>2023-11-04T12:23:49Z</time>
   </trkpt>
   <trkpt lat="46.3455100" lon="12.9011250">
    <ele>655.3</ele>
    <time>2023-11-04T12:23:50Z</time>
   </trkpt>
   <trkpt lat="46.3455140" lon="12.9011380">
    <ele>655.3</ele>
    <time>2023-11-04T12:23:51Z</time>
   </trkpt>
   <trkpt lat="46.3455160" lon="12.9011520">
    <ele>655.2</ele>
    <time>2023-11-04T12:23:52Z</time>
   </trkpt>
   <trkpt lat="46.3455190" lon="12.9011670">
    <ele>655.2</ele>
    <time>2023-11-04T12:23:53Z</time>
   </trkpt>
   <trkpt lat="46.3455220" lon="12.9011800">
    <ele>655.2</ele>
    <time>2023-11-04T12:23:54Z</time>
   </trkpt>
   <trkpt lat="46.3455260" lon="12.9011930">
    <ele>655.2</ele>
    <time>2023-11-04T12:23:55Z</time>
   </trkpt>
   <trkpt lat="46.3455280" lon="12.9012070">
    <ele>655.2</ele>
    <time>2023-11-04T12:23:56Z</time>
   </trkpt>
   <trkpt lat="46.3455310" lon="12.9012210">
    <ele>655.2</ele>
    <time>2023-11-04T12:23:57Z</time>
   </trkpt>
   <trkpt lat="46.3455340" lon="12.9012350">
    <ele>655.2</ele>
    <time>2023-11-04T12:23:58Z</time>
   </trkpt>
   <trkpt lat="46.3455370" lon="12.9012500">
    <ele>655.2</ele>
    <time>2023-11-04T12:23:59Z</time>
   </trkpt>
   <trkpt lat="46.3455390" lon="12.9012660">
    <ele>655.2</ele>
    <time>2023-11-04T12:24:00Z</time>
   </trkpt>
   <trkpt lat="46.3455440" lon="12.9012820">
    <ele>655.2</ele>
    <time>2023-11-04T12:24:01Z</time>
   </trkpt>
   <trkpt lat="46.3455480" lon="12.9012980">
    <ele>655.2</ele>
    <time>2023-11-04T12:24:02Z</time>
   </trkpt>
   <trkpt lat="46.3455540" lon="12.9013120">
    <ele>655.2</ele>
    <time>2023-11-04T12:24:03Z</time>
   </trkpt>
   <trkpt lat="46.3455610" lon="12.9013240">
    <ele>655.2</ele>
    <time>2023-11-04T12:24:04Z</time>
   </trkpt>
   <trkpt lat="46.3455690" lon="12.9013360">
    <ele>655.2</ele>
    <time>2023-11-04T12:24:05Z</time>
   </trkpt>
   <trkpt lat="46.3455780" lon="12.9013490">
    <ele>655.2</ele>
    <time>2023-11-04T12:24:06Z</time>
   </trkpt>
   <trkpt lat="46.3455860" lon="12.9013600">
    <ele>655.2</ele>
    <time>2023-11-04T12:24:07Z</time>
   </trkpt>
   <trkpt lat="46.3455930" lon="12.9013740">
    <ele>655.2</ele>
    <time>2023-11-04T12:24:08Z</time>
   </trkpt>
   <trkpt lat="46.3455990" lon="12.9013860">
    <ele>655.2</ele>
    <time>2023-11-04T12:24:09Z</time>
   </trkpt>
   <trkpt lat="46.3456080" lon="12.9013970">
    <ele>655.2</ele>
    <time>2023-11-04T12:24:10Z</time>
   </trkpt>
   <trkpt lat="46.3456150" lon="12.9014070">
    <ele>655.2</ele>
    <time>2023-11-04T12:24:11Z</time>
   </trkpt>
   <trkpt lat="46.3456210" lon="12.9014180">
    <ele>655.2</ele>
    <time>2023-11-04T12:24:12Z</time>
   </trkpt>
   <trkpt lat="46.3456300" lon="12.9014290">
    <ele>655.2</ele>
    <time>2023-11-04T12:24:13Z</time>
   </trkpt>
   <trkpt lat="46.3456400" lon="12.9014380">
    <ele>655.2</ele>
    <time>2023-11-04T12:24:14Z</time>
   </trkpt>
   <trkpt lat="46.3456490" lon="12.9014480">
    <ele>655.2</ele>
    <time>2023-11-04T12:24:15Z</time>
   </trkpt>
   <trkpt lat="46.3456540" lon="12.9014590">
    <ele>655.2</ele>
    <time>2023-11-04T12:24:16Z</time>
   </trkpt>
   <trkpt lat="46.3456590" lon="12.9014700">
    <ele>655.2</ele>
    <time>2023-11-04T12:24:17Z</time>
   </trkpt>
   <trkpt lat="46.3456620" lon="12.9014840">
    <ele>655.2</ele>
    <time>2023-11-04T12:24:18Z</time>
   </trkpt>
   <trkpt lat="46.3456630" lon="12.9014970">
    <ele>655.2</ele>
    <time>2023-11-04T12:24:19Z</time>
   </trkpt>
   <trkpt lat="46.3456650" lon="12.9015110">
    <ele>655.2</ele>
    <time>2023-11-04T12:24:20Z</time>
   </trkpt>
   <trkpt lat="46.3456680" lon="12.9015250">
    <ele>655.2</ele>
    <time>2023-11-04T12:24:21Z</time>
   </trkpt>
   <trkpt lat="46.3456740" lon="12.9015390">
    <ele>655.2</ele>
    <time>2023-11-04T12:24:22Z</time>
   </trkpt>
   <trkpt lat="46.3456800" lon="12.9015540">
    <ele>655.2</ele>
    <time>2023-11-04T12:24:23Z</time>
   </trkpt>
   <trkpt lat="46.3456860" lon="12.9015660">
    <ele>655.2</ele>
    <time>2023-11-04T12:24:24Z</time>
   </trkpt>
   <trkpt lat="46.3456920" lon="12.9015780">
    <ele>655.2</ele>
    <time>2023-11-04T12:24:25Z</time>
   </trkpt>
   <trkpt lat="46.3457080" lon="12.9016030">
    <ele>655.2</ele>
    <time>2023-11-04T12:24:26Z</time>
   </trkpt>
   <trkpt lat="46.3457210" lon="12.9016240">
    <ele>655.2</ele>
    <time>2023-11-04T12:24:28Z</time>
   </trkpt>
   <trkpt lat="46.3457250" lon="12.9016310">
    <ele>655.2</ele>
    <time>2023-11-04T12:24:29Z</time>
   </trkpt>
   <trkpt lat="46.3457320" lon="12.9016420">
    <ele>655.2</ele>
    <time>2023-11-04T12:24:30Z</time>
   </trkpt>
   <trkpt lat="46.3457390" lon="12.9016540">
    <ele>655.2</ele>
    <time>2023-11-04T12:24:31Z</time>
   </trkpt>
   <trkpt lat="46.3457440" lon="12.9016650">
    <ele>655.2</ele>
    <time>2023-11-04T12:24:32Z</time>
   </trkpt>
   <trkpt lat="46.3457510" lon="12.9016760">
    <ele>655.2</ele>
    <time>2023-11-04T12:24:33Z</time>
   </trkpt>
   <trkpt lat="46.3457600" lon="12.9016890">
    <ele>655.2</ele>
    <time>2023-11-04T12:24:34Z</time>
   </trkpt>
   <trkpt lat="46.3457660" lon="12.9017030">
    <ele>655.2</ele>
    <time>2023-11-04T12:24:35Z</time>
   </trkpt>
   <trkpt lat="46.3457680" lon="12.9017160">
    <ele>655.2</ele>
    <time>2023-11-04T12:24:36Z</time>
   </trkpt>
   <trkpt lat="46.3457730" lon="12.9017300">
    <ele>655.2</ele>
    <time>2023-11-04T12:24:37Z</time>
   </trkpt>
   <trkpt lat="46.3457760" lon="12.9017440">
    <ele>655.2</ele>
    <time>2023-11-04T12:24:38Z</time>
   </trkpt>
   <trkpt lat="46.3457800" lon="12.9017580">
    <ele>655.2</ele>
    <time>2023-11-04T12:24:39Z</time>
   </trkpt>
   <trkpt lat="46.3457820" lon="12.9017720">
    <ele>655.2</ele>
    <time>2023-11-04T12:24:40Z</time>
   </trkpt>
   <trkpt lat="46.3457850" lon="12.9017850">
    <ele>655.2</ele>
    <time>2023-11-04T12:24:41Z</time>
   </trkpt>
   <trkpt lat="46.3457860" lon="12.9017990">
    <ele>655.2</ele>
    <time>2023-11-04T12:24:42Z</time>
   </trkpt>
   <trkpt lat="46.3457880" lon="12.9018140">
    <ele>655.2</ele>
    <time>2023-11-04T12:24:43Z</time>
   </trkpt>
   <trkpt lat="46.3457930" lon="12.9018290">
    <ele>655.2</ele>
    <time>2023-11-04T12:24:44Z</time>
   </trkpt>
   <trkpt lat="46.3457970" lon="12.9018440">
    <ele>655.2</ele>
    <time>2023-11-04T12:24:45Z</time>
   </trkpt>
   <trkpt lat="46.3458020" lon="12.9018600">
    <ele>655.2</ele>
    <time>2023-11-04T12:24:46Z</time>
   </trkpt>
   <trkpt lat="46.3458040" lon="12.9018770">
    <ele>655.2</ele>
    <time>2023-11-04T12:24:47Z</time>
   </trkpt>
   <trkpt lat="46.3458060" lon="12.9018920">
    <ele>655.3</ele>
    <time>2023-11-04T12:24:48Z</time>
   </trkpt>
   <trkpt lat="46.3458050" lon="12.9019070">
    <ele>655.3</ele>
    <time>2023-11-04T12:24:49Z</time>
   </trkpt>
   <trkpt lat="46.3458070" lon="12.9019220">
    <ele>655.3</ele>
    <time>2023-11-04T12:24:50Z</time>
   </trkpt>
   <trkpt lat="46.3458090" lon="12.9019350">
    <ele>655.3</ele>
    <time>2023-11-04T12:24:51Z</time>
   </trkpt>
   <trkpt lat="46.3458090" lon="12.9019510">
    <ele>655.3</ele>
    <time>2023-11-04T12:24:52Z</time>
   </trkpt>
   <trkpt lat="46.3458120" lon="12.9019680">
    <ele>655.3</ele>
    <time>2023-11-04T12:24:53Z</time>
   </trkpt>
   <trkpt lat="46.3458130" lon="12.9019830">
    <ele>655.3</ele>
    <time>2023-11-04T12:24:54Z</time>
   </trkpt>
   <trkpt lat="46.3458140" lon="12.9019990">
    <ele>655.3</ele>
    <time>2023-11-04T12:24:55Z</time>
   </trkpt>
   <trkpt lat="46.3458140" lon="12.9020130">
    <ele>655.3</ele>
    <time>2023-11-04T12:24:56Z</time>
   </trkpt>
   <trkpt lat="46.3458160" lon="12.9020280">
    <ele>655.3</ele>
    <time>2023-11-04T12:24:57Z</time>
   </trkpt>
   <trkpt lat="46.3458210" lon="12.9020400">
    <ele>655.3</ele>
    <time>2023-11-04T12:24:58Z</time>
   </trkpt>
   <trkpt lat="46.3458250" lon="12.9020540">
    <ele>655.2</ele>
    <time>2023-11-04T12:24:59Z</time>
   </trkpt>
   <trkpt lat="46.3458290" lon="12.9020670">
    <ele>655.2</ele>
    <time>2023-11-04T12:25:00Z</time>
   </trkpt>
   <trkpt lat="46.3458290" lon="12.9020800">
    <ele>655.2</ele>
    <time>2023-11-04T12:25:01Z</time>
   </trkpt>
   <trkpt lat="46.3458290" lon="12.9020920">
    <ele>655.2</ele>
    <time>2023-11-04T12:25:02Z</time>
   </trkpt>
   <trkpt lat="46.3458290" lon="12.9021040">
    <ele>655.1</ele>
    <time>2023-11-04T12:25:03Z</time>
   </trkpt>
   <trkpt lat="46.3458270" lon="12.9021150">
    <ele>655.1</ele>
    <time>2023-11-04T12:25:04Z</time>
   </trkpt>
   <trkpt lat="46.3458270" lon="12.9021290">
    <ele>655.1</ele>
    <time>2023-11-04T12:25:05Z</time>
   </trkpt>
   <trkpt lat="46.3458270" lon="12.9021420">
    <ele>655.1</ele>
    <time>2023-11-04T12:25:06Z</time>
   </trkpt>
   <trkpt lat="46.3458280" lon="12.9021530">
    <ele>655.0</ele>
    <time>2023-11-04T12:25:07Z</time>
   </trkpt>
   <trkpt lat="46.3458290" lon="12.9021640">
    <ele>655.0</ele>
    <time>2023-11-04T12:25:08Z</time>
   </trkpt>
   <trkpt lat="46.3458290" lon="12.9021770">
    <ele>654.9</ele>
    <time>2023-11-04T12:25:09Z</time>
   </trkpt>
   <trkpt lat="46.3458300" lon="12.9021900">
    <ele>654.9</ele>
    <time>2023-11-04T12:25:10Z</time>
   </trkpt>
   <trkpt lat="46.3458310" lon="12.9022030">
    <ele>654.9</ele>
    <time>2023-11-04T12:25:11Z</time>
   </trkpt>
   <trkpt lat="46.3458310" lon="12.9022170">
    <ele>654.8</ele>
    <time>2023-11-04T12:25:12Z</time>
   </trkpt>
   <trkpt lat="46.3458340" lon="12.9022300">
    <ele>654.8</ele>
    <time>2023-11-04T12:25:13Z</time>
   </trkpt>
   <trkpt lat="46.3458360" lon="12.9022440">
    <ele>654.7</ele>
    <time>2023-11-04T12:25:14Z</time>
   </trkpt>
   <trkpt lat="46.3458390" lon="12.9022680">
    <ele>654.6</ele>
    <time>2023-11-04T12:25:15Z</time>
   </trkpt>
   <trkpt lat="46.3458410" lon="12.9022790">
    <ele>654.6</ele>
    <time>2023-11-04T12:25:16Z</time>
   </trkpt>
   <trkpt lat="46.3458430" lon="12.9022900">
    <ele>654.6</ele>
    <time>2023-11-04T12:25:17Z</time>
   </trkpt>
   <trkpt lat="46.3458450" lon="12.9023010">
    <ele>654.5</ele>
    <time>2023-11-04T12:25:18Z</time>
   </trkpt>
   <trkpt lat="46.3458540" lon="12.9023130">
    <ele>654.5</ele>
    <time>2023-11-04T12:25:19Z</time>
   </trkpt>
   <trkpt lat="46.3458630" lon="12.9023230">
    <ele>654.4</ele>
    <time>2023-11-04T12:25:20Z</time>
   </trkpt>
   <trkpt lat="46.3458700" lon="12.9023330">
    <ele>654.4</ele>
    <time>2023-11-04T12:25:21Z</time>
   </trkpt>
   <trkpt lat="46.3458710" lon="12.9023450">
    <ele>654.3</ele>
    <time>2023-11-04T12:25:22Z</time>
   </trkpt>
   <trkpt lat="46.3458700" lon="12.9023560">
    <ele>654.3</ele>
    <time>2023-11-04T12:25:23Z</time>
   </trkpt>
   <trkpt lat="46.3458670" lon="12.9023660">
    <ele>654.3</ele>
    <time>2023-11-04T12:25:24Z</time>
   </trkpt>
   <trkpt lat="46.3458680" lon="12.9023800">
    <ele>654.2</ele>
    <time>2023-11-04T12:25:25Z</time>
   </trkpt>
   <trkpt lat="46.3458710" lon="12.9023940">
    <ele>654.2</ele>
    <time>2023-11-04T12:25:26Z</time>
   </trkpt>
   <trkpt lat="46.3458740" lon="12.9024070">
    <ele>654.2</ele>
    <time>2023-11-04T12:25:27Z</time>
   </trkpt>
   <trkpt lat="46.3458800" lon="12.9024170">
    <ele>654.1</ele>
    <time>2023-11-04T12:25:28Z</time>
   </trkpt>
   <trkpt lat="46.3458850" lon="12.9024270">
    <ele>654.1</ele>
    <time>2023-11-04T12:25:29Z</time>
   </trkpt>
   <trkpt lat="46.3458980" lon="12.9024460">
    <ele>654.0</ele>
    <time>2023-11-04T12:25:30Z</time>
   </trkpt>
   <trkpt lat="46.3459010" lon="12.9024560">
    <ele>654.0</ele>
    <time>2023-11-04T12:25:32Z</time>
   </trkpt>
   <trkpt lat="46.3459010" lon="12.9024660">
    <ele>654.0</ele>
    <time>2023-11-04T12:25:33Z</time>
   </trkpt>
   <trkpt lat="46.3458990" lon="12.9024760">
    <ele>653.9</ele>
    <time>2023-11-04T12:25:34Z</time>
   </trkpt>
   <trkpt lat="46.3458960" lon="12.9024850">
    <ele>653.9</ele>
    <time>2023-11-04T12:25:35Z</time>
   </trkpt>
   <trkpt lat="46.3458940" lon="12.9024970">
    <ele>653.9</ele>
    <time>2023-11-04T12:25:36Z</time>
   </trkpt>
   <trkpt lat="46.3458910" lon="12.9025080">
    <ele>653.8</ele>
    <time>2023-11-04T12:25:37Z</time>
   </trkpt>
   <trkpt lat="46.3458920" lon="12.9025230">
    <ele>653.8</ele>
    <time>2023-11-04T12:25:38Z</time>
   </trkpt>
   <trkpt lat="46.3458970" lon="12.9025360">
    <ele>653.8</ele>
    <time>2023-11-04T12:25:39Z</time>
   </trkpt>
   <trkpt lat="46.3459040" lon="12.9025460">
    <ele>653.7</ele>
    <time>2023-11-04T12:25:40Z</time>
   </trkpt>
   <trkpt lat="46.3459110" lon="12.9025560">
    <ele>653.7</ele>
    <time>2023-11-04T12:25:41Z</time>
   </trkpt>
   <trkpt lat="46.3459200" lon="12.9025640">
    <ele>653.6</ele>
    <time>2023-11-04T12:25:42Z</time>
   </trkpt>
   <trkpt lat="46.3459280" lon="12.9025730">
    <ele>653.6</ele>
    <time>2023-11-04T12:25:43Z</time>
   </trkpt>
   <trkpt lat="46.3459350" lon="12.9025810">
    <ele>653.6</ele>
    <time>2023-11-04T12:25:44Z</time>
   </trkpt>
   <trkpt lat="46.3459410" lon="12.9025900">
    <ele>653.6</ele>
    <time>2023-11-04T12:25:45Z</time>
   </trkpt>
   <trkpt lat="46.3459480" lon="12.9025970">
    <ele>653.5</ele>
    <time>2023-11-04T12:25:46Z</time>
   </trkpt>
   <trkpt lat="46.3459570" lon="12.9026030">
    <ele>653.5</ele>
    <time>2023-11-04T12:25:47Z</time>
   </trkpt>
   <trkpt lat="46.3459830" lon="12.9026010">
    <ele>653.4</ele>
    <time>2023-11-04T12:25:48Z</time>
   </trkpt>
   <trkpt lat="46.3459930" lon="12.9026020">
    <ele>653.4</ele>
    <time>2023-11-04T12:25:50Z</time>
   </trkpt>
   <trkpt lat="46.3460020" lon="12.9026090">
    <ele>653.4</ele>
    <time>2023-11-04T12:25:51Z</time>
   </trkpt>
   <trkpt lat="46.3460100" lon="12.9026190">
    <ele>653.4</ele>
    <time>2023-11-04T12:25:52Z</time>
   </trkpt>
   <trkpt lat="46.3460200" lon="12.9026300">
    <ele>653.4</ele>
    <time>2023-11-04T12:25:53Z</time>
   </trkpt>
   <trkpt lat="46.3460290" lon="12.9026420">
    <ele>653.3</ele>
    <time>2023-11-04T12:25:54Z</time>
   </trkpt>
   <trkpt lat="46.3460340" lon="12.9026550">
    <ele>653.3</ele>
    <time>2023-11-04T12:25:55Z</time>
   </trkpt>
   <trkpt lat="46.3460420" lon="12.9026660">
    <ele>653.3</ele>
    <time>2023-11-04T12:25:56Z</time>
   </trkpt>
   <trkpt lat="46.3460510" lon="12.9026770">
    <ele>653.3</ele>
    <time>2023-11-04T12:25:57Z</time>
   </trkpt>
   <trkpt lat="46.3460580" lon="12.9026910">
    <ele>653.3</ele>
    <time>2023-11-04T12:25:58Z</time>
   </trkpt>
   <trkpt lat="46.3460650" lon="12.9027030">
    <ele>653.3</ele>
    <time>2023-11-04T12:25:59Z</time>
   </trkpt>
   <trkpt lat="46.3460700" lon="12.9027160">
    <ele>653.3</ele>
    <time>2023-11-04T12:26:00Z</time>
   </trkpt>
   <trkpt lat="46.3460750" lon="12.9027280">
    <ele>653.3</ele>
    <time>2023-11-04T12:26:01Z</time>
   </trkpt>
   <trkpt lat="46.3460770" lon="12.9027380">
    <ele>653.3</ele>
    <time>2023-11-04T12:26:02Z</time>
   </trkpt>
   <trkpt lat="46.3460770" lon="12.9027470">
    <ele>653.3</ele>
    <time>2023-11-04T12:26:03Z</time>
   </trkpt>
   <trkpt lat="46.3460790" lon="12.9027580">
    <ele>653.3</ele>
    <time>2023-11-04T12:26:04Z</time>
   </trkpt>
   <trkpt lat="46.3460800" lon="12.9027690">
    <ele>653.3</ele>
    <time>2023-11-04T12:26:05Z</time>
   </trkpt>
   <trkpt lat="46.3460810" lon="12.9027800">
    <ele>653.3</ele>
    <time>2023-11-04T12:26:06Z</time>
   </trkpt>
   <trkpt lat="46.3460830" lon="12.9027920">
    <ele>653.3</ele>
    <time>2023-11-04T12:26:07Z</time>
   </trkpt>
   <trkpt lat="46.3460860" lon="12.9028030">
    <ele>653.3</ele>
    <time>2023-11-04T12:26:08Z</time>
   </trkpt>
   <trkpt lat="46.3460910" lon="12.9028140">
    <ele>653.3</ele>
    <time>2023-11-04T12:26:09Z</time>
   </trkpt>
   <trkpt lat="46.3461090" lon="12.9028300">
    <ele>653.3</ele>
    <time>2023-11-04T12:26:10Z</time>
   </trkpt>
   <trkpt lat="46.3461180" lon="12.9028410">
    <ele>653.3</ele>
    <time>2023-11-04T12:26:12Z</time>
   </trkpt>
   <trkpt lat="46.3461300" lon="12.9028620">
    <ele>653.3</ele>
    <time>2023-11-04T12:26:13Z</time>
   </trkpt>
   <trkpt lat="46.3461320" lon="12.9028730">
    <ele>653.3</ele>
    <time>2023-11-04T12:26:15Z</time>
   </trkpt>
   <trkpt lat="46.3461350" lon="12.9028840">
    <ele>653.3</ele>
    <time>2023-11-04T12:26:16Z</time>
   </trkpt>
   <trkpt lat="46.3461410" lon="12.9028920">
    <ele>653.3</ele>
    <time>2023-11-04T12:26:17Z</time>
   </trkpt>
   <trkpt lat="46.3461480" lon="12.9028970">
    <ele>653.3</ele>
    <time>2023-11-04T12:26:18Z</time>
   </trkpt>
   <trkpt lat="46.3461550" lon="12.9029030">
    <ele>653.3</ele>
    <time>2023-11-04T12:26:19Z</time>
   </trkpt>
   <trkpt lat="46.3461630" lon="12.9029080">
    <ele>653.3</ele>
    <time>2023-11-04T12:26:20Z</time>
   </trkpt>
   <trkpt lat="46.3461700" lon="12.9029120">
    <ele>653.3</ele>
    <time>2023-11-04T12:26:21Z</time>
   </trkpt>
   <trkpt lat="46.3461790" lon="12.9029140">
    <ele>653.4</ele>
    <time>2023-11-04T12:26:22Z</time>
   </trkpt>
   <trkpt lat="46.3461870" lon="12.9029200">
    <ele>653.4</ele>
    <time>2023-11-04T12:26:23Z</time>
   </trkpt>
   <trkpt lat="46.3461950" lon="12.9029260">
    <ele>653.4</ele>
    <time>2023-11-04T12:26:24Z</time>
   </trkpt>
   <trkpt lat="46.3462020" lon="12.9029330">
    <ele>653.4</ele>
    <time>2023-11-04T12:26:25Z</time>
   </trkpt>
   <trkpt lat="46.3462100" lon="12.9029380">
    <ele>653.4</ele>
    <time>2023-11-04T12:26:26Z</time>
   </trkpt>
   <trkpt lat="46.3462200" lon="12.9029410">
    <ele>653.4</ele>
    <time>2023-11-04T12:26:27Z</time>
   </trkpt>
   <trkpt lat="46.3462300" lon="12.9029400">
    <ele>653.4</ele>
    <time>2023-11-04T12:26:28Z</time>
   </trkpt>
   <trkpt lat="46.3462400" lon="12.9029360">
    <ele>653.4</ele>
    <time>2023-11-04T12:26:29Z</time>
   </trkpt>
   <trkpt lat="46.3462500" lon="12.9029350">
    <ele>653.4</ele>
    <time>2023-11-04T12:26:30Z</time>
   </trkpt>
   <trkpt lat="46.3462590" lon="12.9029370">
    <ele>653.4</ele>
    <time>2023-11-04T12:26:31Z</time>
   </trkpt>
   <trkpt lat="46.3462680" lon="12.9029420">
    <ele>653.5</ele>
    <time>2023-11-04T12:26:32Z</time>
   </trkpt>
   <trkpt lat="46.3462780" lon="12.9029500">
    <ele>653.5</ele>
    <time>2023-11-04T12:26:33Z</time>
   </trkpt>
   <trkpt lat="46.3462880" lon="12.9029570">
    <ele>653.5</ele>
    <time>2023-11-04T12:26:34Z</time>
   </trkpt>
   <trkpt lat="46.3463100" lon="12.9029710">
    <ele>653.5</ele>
    <time>2023-11-04T12:26:35Z</time>
   </trkpt>
   <trkpt lat="46.3463250" lon="12.9029870">
    <ele>653.5</ele>
    <time>2023-11-04T12:26:37Z</time>
   </trkpt>
   <trkpt lat="46.3463300" lon="12.9029920">
    <ele>653.5</ele>
    <time>2023-11-04T12:26:38Z</time>
   </trkpt>
   <trkpt lat="46.3463380" lon="12.9030030">
    <ele>653.5</ele>
    <time>2023-11-04T12:26:39Z</time>
   </trkpt>
   <trkpt lat="46.3463450" lon="12.9030170">
    <ele>653.5</ele>
    <time>2023-11-04T12:26:40Z</time>
   </trkpt>
   <trkpt lat="46.3463510" lon="12.9030310">
    <ele>653.5</ele>
    <time>2023-11-04T12:26:41Z</time>
   </trkpt>
   <trkpt lat="46.3463580" lon="12.9030440">
    <ele>653.5</ele>
    <time>2023-11-04T12:26:42Z</time>
   </trkpt>
   <trkpt lat="46.3463650" lon="12.9030560">
    <ele>653.6</ele>
    <time>2023-11-04T12:26:43Z</time>
   </trkpt>
   <trkpt lat="46.3463730" lon="12.9030680">
    <ele>653.6</ele>
    <time>2023-11-04T12:26:44Z</time>
   </trkpt>
   <trkpt lat="46.3463780" lon="12.9030810">
    <ele>653.6</ele>
    <time>2023-11-04T12:26:45Z</time>
   </trkpt>
   <trkpt lat="46.3463800" lon="12.9030940">
    <ele>653.6</ele>
    <time>2023-11-04T12:26:46Z</time>
   </trkpt>
   <trkpt lat="46.3463830" lon="12.9031050">
    <ele>653.6</ele>
    <time>2023-11-04T12:26:47Z</time>
   </trkpt>
   <trkpt lat="46.3463890" lon="12.9031160">
    <ele>653.6</ele>
    <time>2023-11-04T12:26:48Z</time>
   </trkpt>
   <trkpt lat="46.3463980" lon="12.9031260">
    <ele>653.6</ele>
    <time>2023-11-04T12:26:49Z</time>
   </trkpt>
   <trkpt lat="46.3464060" lon="12.9031370">
    <ele>653.6</ele>
    <time>2023-11-04T12:26:50Z</time>
   </trkpt>
   <trkpt lat="46.3464160" lon="12.9031620">
    <ele>653.6</ele>
    <time>2023-11-04T12:26:51Z</time>
   </trkpt>
   <trkpt lat="46.3464200" lon="12.9031730">
    <ele>653.6</ele>
    <time>2023-11-04T12:26:52Z</time>
   </trkpt>
   <trkpt lat="46.3464230" lon="12.9031850">
    <ele>653.5</ele>
    <time>2023-11-04T12:26:53Z</time>
   </trkpt>
   <trkpt lat="46.3464330" lon="12.9031980">
    <ele>653.5</ele>
    <time>2023-11-04T12:26:54Z</time>
   </trkpt>
   <trkpt lat="46.3464420" lon="12.9032130">
    <ele>653.5</ele>
    <time>2023-11-04T12:26:55Z</time>
   </trkpt>
   <trkpt lat="46.3464490" lon="12.9032280">
    <ele>653.5</ele>
    <time>2023-11-04T12:26:56Z</time>
   </trkpt>
   <trkpt lat="46.3464540" lon="12.9032450">
    <ele>653.5</ele>
    <time>2023-11-04T12:26:57Z</time>
   </trkpt>
   <trkpt lat="46.3464560" lon="12.9032590">
    <ele>653.5</ele>
    <time>2023-11-04T12:26:58Z</time>
   </trkpt>
   <trkpt lat="46.3464590" lon="12.9032710">
    <ele>653.5</ele>
    <time>2023-11-04T12:26:59Z</time>
   </trkpt>
   <trkpt lat="46.3464620" lon="12.9032820">
    <ele>653.5</ele>
    <time>2023-11-04T12:27:00Z</time>
   </trkpt>
   <trkpt lat="46.3464660" lon="12.9032930">
    <ele>653.5</ele>
    <time>2023-11-04T12:27:01Z</time>
   </trkpt>
   <trkpt lat="46.3464690" lon="12.9033050">
    <ele>653.5</ele>
    <time>2023-11-04T12:27:02Z</time>
   </trkpt>
   <trkpt lat="46.3464740" lon="12.9033180">
    <ele>653.4</ele>
    <time>2023-11-04T12:27:03Z</time>
   </trkpt>
   <trkpt lat="46.3464780" lon="12.9033320">
    <ele>653.4</ele>
    <time>2023-11-04T12:27:04Z</time>
   </trkpt>
   <trkpt lat="46.3464810" lon="12.9033450">
    <ele>653.4</ele>
    <time>2023-11-04T12:27:05Z</time>
   </trkpt>
   <trkpt lat="46.3464810" lon="12.9033720">
    <ele>653.4</ele>
    <time>2023-11-04T12:27:06Z</time>
   </trkpt>
   <trkpt lat="46.3464790" lon="12.9033850">
    <ele>653.4</ele>
    <time>2023-11-04T12:27:07Z</time>
   </trkpt>
   <trkpt lat="46.3464770" lon="12.9033980">
    <ele>653.4</ele>
    <time>2023-11-04T12:27:08Z</time>
   </trkpt>
   <trkpt lat="46.3464760" lon="12.9034290">
    <ele>653.4</ele>
    <time>2023-11-04T12:27:09Z</time>
   </trkpt>
   <trkpt lat="46.3464760" lon="12.9034390">
    <ele>653.4</ele>
    <time>2023-11-04T12:27:10Z</time>
   </trkpt>
   <trkpt lat="46.3464760" lon="12.9034500">
    <ele>653.3</ele>
    <time>2023-11-04T12:27:11Z</time>
   </trkpt>
   <trkpt lat="46.3464760" lon="12.9034640">
    <ele>653.3</ele>
    <time>2023-11-04T12:27:12Z</time>
   </trkpt>
   <trkpt lat="46.3464770" lon="12.9034760">
    <ele>653.3</ele>
    <time>2023-11-04T12:27:13Z</time>
   </trkpt>
   <trkpt lat="46.3464800" lon="12.9034900">
    <ele>653.3</ele>
    <time>2023-11-04T12:27:14Z</time>
   </trkpt>
   <trkpt lat="46.3464840" lon="12.9035030">
    <ele>653.3</ele>
    <time>2023-11-04T12:27:15Z</time>
   </trkpt>
   <trkpt lat="46.3464910" lon="12.9035330">
    <ele>653.4</ele>
    <time>2023-11-04T12:27:16Z</time>
   </trkpt>
   <trkpt lat="46.3464930" lon="12.9035480">
    <ele>653.4</ele>
    <time>2023-11-04T12:27:18Z</time>
   </trkpt>
   <trkpt lat="46.3464940" lon="12.9035620">
    <ele>653.4</ele>
    <time>2023-11-04T12:27:19Z</time>
   </trkpt>
   <trkpt lat="46.3464930" lon="12.9035770">
    <ele>653.4</ele>
    <time>2023-11-04T12:27:20Z</time>
   </trkpt>
   <trkpt lat="46.3464900" lon="12.9035920">
    <ele>653.4</ele>
    <time>2023-11-04T12:27:21Z</time>
   </trkpt>
   <trkpt lat="46.3464860" lon="12.9036070">
    <ele>653.4</ele>
    <time>2023-11-04T12:27:22Z</time>
   </trkpt>
   <trkpt lat="46.3464870" lon="12.9036220">
    <ele>653.5</ele>
    <time>2023-11-04T12:27:23Z</time>
   </trkpt>
   <trkpt lat="46.3464900" lon="12.9036350">
    <ele>653.5</ele>
    <time>2023-11-04T12:27:24Z</time>
   </trkpt>
   <trkpt lat="46.3464920" lon="12.9036480">
    <ele>653.5</ele>
    <time>2023-11-04T12:27:25Z</time>
   </trkpt>
   <trkpt lat="46.3464960" lon="12.9036600">
    <ele>653.6</ele>
    <time>2023-11-04T12:27:26Z</time>
   </trkpt>
   <trkpt lat="46.3465010" lon="12.9036720">
    <ele>653.6</ele>
    <time>2023-11-04T12:27:27Z</time>
   </trkpt>
   <trkpt lat="46.3465050" lon="12.9036870">
    <ele>653.7</ele>
    <time>2023-11-04T12:27:28Z</time>
   </trkpt>
   <trkpt lat="46.3465070" lon="12.9037010">
    <ele>653.7</ele>
    <time>2023-11-04T12:27:29Z</time>
   </trkpt>
   <trkpt lat="46.3465120" lon="12.9037160">
    <ele>653.8</ele>
    <time>2023-11-04T12:27:30Z</time>
   </trkpt>
   <trkpt lat="46.3465170" lon="12.9037290">
    <ele>653.9</ele>
    <time>2023-11-04T12:27:31Z</time>
   </trkpt>
   <trkpt lat="46.3465220" lon="12.9037420">
    <ele>653.9</ele>
    <time>2023-11-04T12:27:32Z</time>
   </trkpt>
   <trkpt lat="46.3465330" lon="12.9037660">
    <ele>654.1</ele>
    <time>2023-11-04T12:27:33Z</time>
   </trkpt>
   <trkpt lat="46.3465360" lon="12.9037790">
    <ele>654.2</ele>
    <time>2023-11-04T12:27:35Z</time>
   </trkpt>
   <trkpt lat="46.3465360" lon="12.9037920">
    <ele>654.2</ele>
    <time>2023-11-04T12:27:36Z</time>
   </trkpt>
   <trkpt lat="46.3465390" lon="12.9038060">
    <ele>654.3</ele>
    <time>2023-11-04T12:27:37Z</time>
   </trkpt>
   <trkpt lat="46.3465450" lon="12.9038190">
    <ele>654.4</ele>
    <time>2023-11-04T12:27:38Z</time>
   </trkpt>
   <trkpt lat="46.3465500" lon="12.9038330">
    <ele>654.5</ele>
    <time>2023-11-04T12:27:39Z</time>
   </trkpt>
   <trkpt lat="46.3465550" lon="12.9038480">
    <ele>654.6</ele>
    <time>2023-11-04T12:27:40Z</time>
   </trkpt>
   <trkpt lat="46.3465600" lon="12.9038650">
    <ele>654.7</ele>
    <time>2023-11-04T12:27:41Z</time>
   </trkpt>
   <trkpt lat="46.3465720" lon="12.9038890">
    <ele>654.9</ele>
    <time>2023-11-04T12:27:42Z</time>
   </trkpt>
   <trkpt lat="46.3465780" lon="12.9038980">
    <ele>655.0</ele>
    <time>2023-11-04T12:27:43Z</time>
   </trkpt>
   <trkpt lat="46.3465840" lon="12.9039070">
    <ele>655.1</ele>
    <time>2023-11-04T12:27:44Z</time>
   </trkpt>
   <trkpt lat="46.3465940" lon="12.9039190">
    <ele>655.2</ele>
    <time>2023-11-04T12:27:45Z</time>
   </trkpt>
   <trkpt lat="46.3466010" lon="12.9039310">
    <ele>655.3</ele>
    <time>2023-11-04T12:27:46Z</time>
   </trkpt>
   <trkpt lat="46.3466050" lon="12.9039430">
    <ele>655.3</ele>
    <time>2023-11-04T12:27:47Z</time>
   </trkpt>
   <trkpt lat="46.3466110" lon="12.9039570">
    <ele>655.4</ele>
    <time>2023-11-04T12:27:48Z</time>
   </trkpt>
   <trkpt lat="46.3466180" lon="12.9039700">
    <ele>655.5</ele>
    <time>2023-11-04T12:27:49Z</time>
   </trkpt>
   <trkpt lat="46.3466240" lon="12.9039840">
    <ele>655.5</ele>
    <time>2023-11-04T12:27:50Z</time>
   </trkpt>
   <trkpt lat="46.3466300" lon="12.9039980">
    <ele>655.6</ele>
    <time>2023-11-04T12:27:51Z</time>
   </trkpt>
   <trkpt lat="46.3466350" lon="12.9040110">
    <ele>655.6</ele>
    <time>2023-11-04T12:27:52Z</time>
   </trkpt>
   <trkpt lat="46.3466390" lon="12.9040250">
    <ele>655.7</ele>
    <time>2023-11-04T12:27:53Z</time>
   </trkpt>
   <trkpt lat="46.3466430" lon="12.9040400">
    <ele>655.7</ele>
    <time>2023-11-04T12:27:54Z</time>
   </trkpt>
   <trkpt lat="46.3466450" lon="12.9040540">
    <ele>655.8</ele>
    <time>2023-11-04T12:27:55Z</time>
   </trkpt>
   <trkpt lat="46.3466490" lon="12.9040690">
    <ele>655.8</ele>
    <time>2023-11-04T12:27:56Z</time>
   </trkpt>
   <trkpt lat="46.3466520" lon="12.9040830">
    <ele>655.8</ele>
    <time>2023-11-04T12:27:57Z</time>
   </trkpt>
   <trkpt lat="46.3466530" lon="12.9040970">
    <ele>655.8</ele>
    <time>2023-11-04T12:27:58Z</time>
   </trkpt>
   <trkpt lat="46.3466550" lon="12.9041110">
    <ele>655.9</ele>
    <time>2023-11-04T12:27:59Z</time>
   </trkpt>
   <trkpt lat="46.3466560" lon="12.9041240">
    <ele>655.9</ele>
    <time>2023-11-04T12:28:00Z</time>
   </trkpt>
   <trkpt lat="46.3466590" lon="12.9041400">
    <ele>655.9</ele>
    <time>2023-11-04T12:28:01Z</time>
   </trkpt>
   <trkpt lat="46.3466630" lon="12.9041550">
    <ele>655.9</ele>
    <time>2023-11-04T12:28:02Z</time>
   </trkpt>
   <trkpt lat="46.3466680" lon="12.9041700">
    <ele>655.9</ele>
    <time>2023-11-04T12:28:03Z</time>
   </trkpt>
   <trkpt lat="46.3466730" lon="12.9041850">
    <ele>655.9</ele>
    <time>2023-11-04T12:28:04Z</time>
   </trkpt>
   <trkpt lat="46.3466770" lon="12.9041990">
    <ele>655.8</ele>
    <time>2023-11-04T12:28:05Z</time>
   </trkpt>
   <trkpt lat="46.3466810" lon="12.9042130">
    <ele>655.8</ele>
    <time>2023-11-04T12:28:06Z</time>
   </trkpt>
   <trkpt lat="46.3466840" lon="12.9042260">
    <ele>655.8</ele>
    <time>2023-11-04T12:28:07Z</time>
   </trkpt>
   <trkpt lat="46.3466880" lon="12.9042390">
    <ele>655.8</ele>
    <time>2023-11-04T12:28:08Z</time>
   </trkpt>
   <trkpt lat="46.3466900" lon="12.9042530">
    <ele>655.8</ele>
    <time>2023-11-04T12:28:09Z</time>
   </trkpt>
   <trkpt lat="46.3466940" lon="12.9042660">
    <ele>655.8</ele>
    <time>2023-11-04T12:28:10Z</time>
   </trkpt>
   <trkpt lat="46.3466950" lon="12.9042810">
    <ele>655.7</ele>
    <time>2023-11-04T12:28:11Z</time>
   </trkpt>
   <trkpt lat="46.3466990" lon="12.9042940">
    <ele>655.7</ele>
    <time>2023-11-04T12:28:12Z</time>
   </trkpt>
   <trkpt lat="46.3467030" lon="12.9043060">
    <ele>655.7</ele>
    <time>2023-11-04T12:28:13Z</time>
   </trkpt>
   <trkpt lat="46.3467050" lon="12.9043220">
    <ele>655.7</ele>
    <time>2023-11-04T12:28:14Z</time>
   </trkpt>
   <trkpt lat="46.3467070" lon="12.9043360">
    <ele>655.6</ele>
    <time>2023-11-04T12:28:15Z</time>
   </trkpt>
   <trkpt lat="46.3467130" lon="12.9043490">
    <ele>655.6</ele>
    <time>2023-11-04T12:28:16Z</time>
   </trkpt>
   <trkpt lat="46.3467180" lon="12.9043650">
    <ele>655.6</ele>
    <time>2023-11-04T12:28:17Z</time>
   </trkpt>
   <trkpt lat="46.3467220" lon="12.9043810">
    <ele>655.6</ele>
    <time>2023-11-04T12:28:18Z</time>
   </trkpt>
   <trkpt lat="46.3467270" lon="12.9043970">
    <ele>655.5</ele>
    <time>2023-11-04T12:28:19Z</time>
   </trkpt>
   <trkpt lat="46.3467320" lon="12.9044120">
    <ele>655.5</ele>
    <time>2023-11-04T12:28:20Z</time>
   </trkpt>
   <trkpt lat="46.3467370" lon="12.9044270">
    <ele>655.5</ele>
    <time>2023-11-04T12:28:21Z</time>
   </trkpt>
   <trkpt lat="46.3467410" lon="12.9044430">
    <ele>655.5</ele>
    <time>2023-11-04T12:28:22Z</time>
   </trkpt>
   <trkpt lat="46.3467460" lon="12.9044590">
    <ele>655.4</ele>
    <time>2023-11-04T12:28:23Z</time>
   </trkpt>
   <trkpt lat="46.3467510" lon="12.9044740">
    <ele>655.4</ele>
    <time>2023-11-04T12:28:24Z</time>
   </trkpt>
   <trkpt lat="46.3467560" lon="12.9044900">
    <ele>655.4</ele>
    <time>2023-11-04T12:28:25Z</time>
   </trkpt>
   <trkpt lat="46.3467610" lon="12.9045030">
    <ele>655.4</ele>
    <time>2023-11-04T12:28:26Z</time>
   </trkpt>
   <trkpt lat="46.3467640" lon="12.9045180">
    <ele>655.4</ele>
    <time>2023-11-04T12:28:27Z</time>
   </trkpt>
   <trkpt lat="46.3467660" lon="12.9045330">
    <ele>655.3</ele>
    <time>2023-11-04T12:28:28Z</time>
   </trkpt>
   <trkpt lat="46.3467680" lon="12.9045500">
    <ele>655.3</ele>
    <time>2023-11-04T12:28:29Z</time>
   </trkpt>
   <trkpt lat="46.3467710" lon="12.9045660">
    <ele>655.3</ele>
    <time>2023-11-04T12:28:30Z</time>
   </trkpt>
   <trkpt lat="46.3467740" lon="12.9045810">
    <ele>655.3</ele>
    <time>2023-11-04T12:28:31Z</time>
   </trkpt>
   <trkpt lat="46.3467770" lon="12.9045950">
    <ele>655.2</ele>
    <time>2023-11-04T12:28:32Z</time>
   </trkpt>
   <trkpt lat="46.3467790" lon="12.9046090">
    <ele>655.2</ele>
    <time>2023-11-04T12:28:33Z</time>
   </trkpt>
   <trkpt lat="46.3467800" lon="12.9046230">
    <ele>655.2</ele>
    <time>2023-11-04T12:28:34Z</time>
   </trkpt>
   <trkpt lat="46.3467810" lon="12.9046370">
    <ele>655.2</ele>
    <time>2023-11-04T12:28:35Z</time>
   </trkpt>
   <trkpt lat="46.3467830" lon="12.9046490">
    <ele>655.1</ele>
    <time>2023-11-04T12:28:36Z</time>
   </trkpt>
   <trkpt lat="46.3467860" lon="12.9046620">
    <ele>655.1</ele>
    <time>2023-11-04T12:28:37Z</time>
   </trkpt>
   <trkpt lat="46.3467900" lon="12.9046760">
    <ele>655.1</ele>
    <time>2023-11-04T12:28:38Z</time>
   </trkpt>
   <trkpt lat="46.3467950" lon="12.9046910">
    <ele>655.0</ele>
    <time>2023-11-04T12:28:39Z</time>
   </trkpt>
   <trkpt lat="46.3467980" lon="12.9047050">
    <ele>655.0</ele>
    <time>2023-11-04T12:28:40Z</time>
   </trkpt>
   <trkpt lat="46.3468010" lon="12.9047200">
    <ele>655.0</ele>
    <time>2023-11-04T12:28:41Z</time>
   </trkpt>
   <trkpt lat="46.3468010" lon="12.9047350">
    <ele>654.9</ele>
    <time>2023-11-04T12:28:42Z</time>
   </trkpt>
   <trkpt lat="46.3468000" lon="12.9047490">
    <ele>654.9</ele>
    <time>2023-11-04T12:28:43Z</time>
   </trkpt>
   <trkpt lat="46.3467990" lon="12.9047640">
    <ele>654.9</ele>
    <time>2023-11-04T12:28:44Z</time>
   </trkpt>
   <trkpt lat="46.3468080" lon="12.9047920">
    <ele>654.8</ele>
    <time>2023-11-04T12:28:45Z</time>
   </trkpt>
   <trkpt lat="46.3468130" lon="12.9048040">
    <ele>654.8</ele>
    <time>2023-11-04T12:28:46Z</time>
   </trkpt>
   <trkpt lat="46.3468180" lon="12.9048160">
    <ele>654.8</ele>
    <time>2023-11-04T12:28:47Z</time>
   </trkpt>
   <trkpt lat="46.3468250" lon="12.9048450">
    <ele>655.0</ele>
    <time>2023-11-04T12:28:48Z</time>
   </trkpt>
   <trkpt lat="46.3468270" lon="12.9048570">
    <ele>655.1</ele>
    <time>2023-11-04T12:28:49Z</time>
   </trkpt>
   <trkpt lat="46.3468290" lon="12.9048690">
    <ele>655.2</ele>
    <time>2023-11-04T12:28:50Z</time>
   </trkpt>
   <trkpt lat="46.3468300" lon="12.9048890">
    <ele>655.3</ele>
    <time>2023-11-04T12:28:51Z</time>
   </trkpt>
   <trkpt lat="46.3468270" lon="12.9049100">
    <ele>655.4</ele>
    <time>2023-11-04T12:28:52Z</time>
   </trkpt>
   <trkpt lat="46.3468230" lon="12.9049420">
    <ele>655.6</ele>
    <time>2023-11-04T12:28:53Z</time>
   </trkpt>
   <trkpt lat="46.3468230" lon="12.9049550">
    <ele>655.7</ele>
    <time>2023-11-04T12:28:54Z</time>
   </trkpt>
   <trkpt lat="46.3468230" lon="12.9049680">
    <ele>655.8</ele>
    <time>2023-11-04T12:28:55Z</time>
   </trkpt>
   <trkpt lat="46.3468290" lon="12.9049820">
    <ele>655.9</ele>
    <time>2023-11-04T12:28:56Z</time>
   </trkpt>
   <trkpt lat="46.3468370" lon="12.9049920">
    <ele>656.0</ele>
    <time>2023-11-04T12:28:57Z</time>
   </trkpt>
   <trkpt lat="46.3468470" lon="12.9049990">
    <ele>656.1</ele>
    <time>2023-11-04T12:28:58Z</time>
   </trkpt>
   <trkpt lat="46.3468570" lon="12.9050080">
    <ele>656.2</ele>
    <time>2023-11-04T12:28:59Z</time>
   </trkpt>
   <trkpt lat="46.3468660" lon="12.9050180">
    <ele>656.3</ele>
    <time>2023-11-04T12:29:00Z</time>
   </trkpt>
   <trkpt lat="46.3468720" lon="12.9050300">
    <ele>656.4</ele>
    <time>2023-11-04T12:29:01Z</time>
   </trkpt>
   <trkpt lat="46.3468760" lon="12.9050430">
    <ele>656.5</ele>
    <time>2023-11-04T12:29:02Z</time>
   </trkpt>
   <trkpt lat="46.3468790" lon="12.9050560">
    <ele>656.6</ele>
    <time>2023-11-04T12:29:03Z</time>
   </trkpt>
   <trkpt lat="46.3468840" lon="12.9050700">
    <ele>656.7</ele>
    <time>2023-11-04T12:29:04Z</time>
   </trkpt>
   <trkpt lat="46.3468900" lon="12.9050840">
    <ele>656.8</ele>
    <time>2023-11-04T12:29:05Z</time>
   </trkpt>
   <trkpt lat="46.3468920" lon="12.9051000">
    <ele>656.9</ele>
    <time>2023-11-04T12:29:06Z</time>
   </trkpt>
   <trkpt lat="46.3468930" lon="12.9051170">
    <ele>657.0</ele>
    <time>2023-11-04T12:29:07Z</time>
   </trkpt>
   <trkpt lat="46.3468910" lon="12.9051320">
    <ele>657.1</ele>
    <time>2023-11-04T12:29:08Z</time>
   </trkpt>
   <trkpt lat="46.3468900" lon="12.9051470">
    <ele>657.2</ele>
    <time>2023-11-04T12:29:09Z</time>
   </trkpt>
   <trkpt lat="46.3468930" lon="12.9051620">
    <ele>657.3</ele>
    <time>2023-11-04T12:29:10Z</time>
   </trkpt>
   <trkpt lat="46.3468970" lon="12.9051780">
    <ele>657.4</ele>
    <time>2023-11-04T12:29:11Z</time>
   </trkpt>
   <trkpt lat="46.3469000" lon="12.9051940">
    <ele>657.5</ele>
    <time>2023-11-04T12:29:12Z</time>
   </trkpt>
   <trkpt lat="46.3469020" lon="12.9052080">
    <ele>657.6</ele>
    <time>2023-11-04T12:29:13Z</time>
   </trkpt>
   <trkpt lat="46.3469030" lon="12.9052240">
    <ele>657.7</ele>
    <time>2023-11-04T12:29:14Z</time>
   </trkpt>
   <trkpt lat="46.3469050" lon="12.9052400">
    <ele>657.8</ele>
    <time>2023-11-04T12:29:15Z</time>
   </trkpt>
   <trkpt lat="46.3469080" lon="12.9052570">
    <ele>657.9</ele>
    <time>2023-11-04T12:29:16Z</time>
   </trkpt>
   <trkpt lat="46.3469110" lon="12.9052720">
    <ele>658.0</ele>
    <time>2023-11-04T12:29:17Z</time>
   </trkpt>
   <trkpt lat="46.3469150" lon="12.9052890">
    <ele>658.1</ele>
    <time>2023-11-04T12:29:18Z</time>
   </trkpt>
   <trkpt lat="46.3469160" lon="12.9053070">
    <ele>658.2</ele>
    <time>2023-11-04T12:29:19Z</time>
   </trkpt>
   <trkpt lat="46.3469200" lon="12.9053360">
    <ele>658.4</ele>
    <time>2023-11-04T12:29:20Z</time>
   </trkpt>
   <trkpt lat="46.3469220" lon="12.9053470">
    <ele>658.5</ele>
    <time>2023-11-04T12:29:21Z</time>
   </trkpt>
   <trkpt lat="46.3469230" lon="12.9053590">
    <ele>658.6</ele>
    <time>2023-11-04T12:29:22Z</time>
   </trkpt>
   <trkpt lat="46.3469270" lon="12.9053760">
    <ele>658.7</ele>
    <time>2023-11-04T12:29:23Z</time>
   </trkpt>
   <trkpt lat="46.3469310" lon="12.9053910">
    <ele>658.8</ele>
    <time>2023-11-04T12:29:24Z</time>
   </trkpt>
   <trkpt lat="46.3469320" lon="12.9054060">
    <ele>658.9</ele>
    <time>2023-11-04T12:29:25Z</time>
   </trkpt>
   <trkpt lat="46.3469330" lon="12.9054190">
    <ele>659.0</ele>
    <time>2023-11-04T12:29:26Z</time>
   </trkpt>
   <trkpt lat="46.3469320" lon="12.9054320">
    <ele>659.1</ele>
    <time>2023-11-04T12:29:27Z</time>
   </trkpt>
   <trkpt lat="46.3469330" lon="12.9054470">
    <ele>659.2</ele>
    <time>2023-11-04T12:29:28Z</time>
   </trkpt>
   <trkpt lat="46.3469310" lon="12.9054610">
    <ele>659.3</ele>
    <time>2023-11-04T12:29:29Z</time>
   </trkpt>
   <trkpt lat="46.3469290" lon="12.9054750">
    <ele>659.4</ele>
    <time>2023-11-04T12:29:30Z</time>
   </trkpt>
   <trkpt lat="46.3469250" lon="12.9054870">
    <ele>659.5</ele>
    <time>2023-11-04T12:29:31Z</time>
   </trkpt>
   <trkpt lat="46.3469230" lon="12.9055020">
    <ele>659.6</ele>
    <time>2023-11-04T12:29:32Z</time>
   </trkpt>
   <trkpt lat="46.3469210" lon="12.9055180">
    <ele>659.7</ele>
    <time>2023-11-04T12:29:33Z</time>
   </trkpt>
   <trkpt lat="46.3469190" lon="12.9055310">
    <ele>659.8</ele>
    <time>2023-11-04T12:29:34Z</time>
   </trkpt>
   <trkpt lat="46.3469180" lon="12.9055390">
    <ele>659.9</ele>
    <time>2023-11-04T12:29:35Z</time>
   </trkpt>
   <trkpt lat="46.3469280" lon="12.9055550">
    <ele>660.1</ele>
    <time>2023-11-04T12:29:36Z</time>
   </trkpt>
   <trkpt lat="46.3469360" lon="12.9055700">
    <ele>660.2</ele>
    <time>2023-11-04T12:29:37Z</time>
   </trkpt>
   <trkpt lat="46.3469430" lon="12.9055840">
    <ele>660.3</ele>
    <time>2023-11-04T12:29:38Z</time>
   </trkpt>
   <trkpt lat="46.3469490" lon="12.9055970">
    <ele>660.4</ele>
    <time>2023-11-04T12:29:39Z</time>
   </trkpt>
   <trkpt lat="46.3469540" lon="12.9056090">
    <ele>660.5</ele>
    <time>2023-11-04T12:29:40Z</time>
   </trkpt>
   <trkpt lat="46.3469600" lon="12.9056300">
    <ele>660.7</ele>
    <time>2023-11-04T12:29:41Z</time>
   </trkpt>
   <trkpt lat="46.3469640" lon="12.9056480">
    <ele>660.8</ele>
    <time>2023-11-04T12:29:42Z</time>
   </trkpt>
   <trkpt lat="46.3469660" lon="12.9056770">
    <ele>661.1</ele>
    <time>2023-11-04T12:29:43Z</time>
   </trkpt>
   <trkpt lat="46.3469660" lon="12.9056880">
    <ele>661.1</ele>
    <time>2023-11-04T12:29:44Z</time>
   </trkpt>
   <trkpt lat="46.3469660" lon="12.9057000">
    <ele>661.2</ele>
    <time>2023-11-04T12:29:45Z</time>
   </trkpt>
   <trkpt lat="46.3469650" lon="12.9057290">
    <ele>661.4</ele>
    <time>2023-11-04T12:29:46Z</time>
   </trkpt>
   <trkpt lat="46.3469650" lon="12.9057410">
    <ele>661.5</ele>
    <time>2023-11-04T12:29:47Z</time>
   </trkpt>
   <trkpt lat="46.3469640" lon="12.9057520">
    <ele>661.6</ele>
    <time>2023-11-04T12:29:48Z</time>
   </trkpt>
   <trkpt lat="46.3469640" lon="12.9057680">
    <ele>661.7</ele>
    <time>2023-11-04T12:29:49Z</time>
   </trkpt>
   <trkpt lat="46.3469670" lon="12.9057840">
    <ele>661.8</ele>
    <time>2023-11-04T12:29:50Z</time>
   </trkpt>
   <trkpt lat="46.3469660" lon="12.9058000">
    <ele>661.9</ele>
    <time>2023-11-04T12:29:51Z</time>
   </trkpt>
   <trkpt lat="46.3469650" lon="12.9058160">
    <ele>662.1</ele>
    <time>2023-11-04T12:29:52Z</time>
   </trkpt>
   <trkpt lat="46.3469660" lon="12.9058330">
    <ele>662.2</ele>
    <time>2023-11-04T12:29:53Z</time>
   </trkpt>
   <trkpt lat="46.3469680" lon="12.9058480">
    <ele>662.3</ele>
    <time>2023-11-04T12:29:54Z</time>
   </trkpt>
   <trkpt lat="46.3469660" lon="12.9058650">
    <ele>662.4</ele>
    <time>2023-11-04T12:29:55Z</time>
   </trkpt>
   <trkpt lat="46.3469660" lon="12.9058800">
    <ele>662.5</ele>
    <time>2023-11-04T12:29:56Z</time>
   </trkpt>
   <trkpt lat="46.3469660" lon="12.9058970">
    <ele>662.6</ele>
    <time>2023-11-04T12:29:57Z</time>
   </trkpt>
   <trkpt lat="46.3469660" lon="12.9059130">
    <ele>662.7</ele>
    <time>2023-11-04T12:29:58Z</time>
   </trkpt>
   <trkpt lat="46.3469650" lon="12.9059290">
    <ele>662.8</ele>
    <time>2023-11-04T12:29:59Z</time>
   </trkpt>
   <trkpt lat="46.3469660" lon="12.9059440">
    <ele>663.0</ele>
    <time>2023-11-04T12:30:00Z</time>
   </trkpt>
   <trkpt lat="46.3469660" lon="12.9059610">
    <ele>663.1</ele>
    <time>2023-11-04T12:30:01Z</time>
   </trkpt>
   <trkpt lat="46.3469660" lon="12.9059780">
    <ele>663.2</ele>
    <time>2023-11-04T12:30:02Z</time>
   </trkpt>
   <trkpt lat="46.3469660" lon="12.9059940">
    <ele>663.3</ele>
    <time>2023-11-04T12:30:03Z</time>
   </trkpt>
   <trkpt lat="46.3469630" lon="12.9060080">
    <ele>663.4</ele>
    <time>2023-11-04T12:30:04Z</time>
   </trkpt>
   <trkpt lat="46.3469610" lon="12.9060230">
    <ele>663.5</ele>
    <time>2023-11-04T12:30:05Z</time>
   </trkpt>
   <trkpt lat="46.3469600" lon="12.9060380">
    <ele>663.6</ele>
    <time>2023-11-04T12:30:06Z</time>
   </trkpt>
   <trkpt lat="46.3469630" lon="12.9060550">
    <ele>663.7</ele>
    <time>2023-11-04T12:30:07Z</time>
   </trkpt>
   <trkpt lat="46.3469650" lon="12.9060710">
    <ele>663.8</ele>
    <time>2023-11-04T12:30:08Z</time>
   </trkpt>
   <trkpt lat="46.3469710" lon="12.9060870">
    <ele>664.0</ele>
    <time>2023-11-04T12:30:09Z</time>
   </trkpt>
   <trkpt lat="46.3469790" lon="12.9061160">
    <ele>664.2</ele>
    <time>2023-11-04T12:30:10Z</time>
   </trkpt>
   <trkpt lat="46.3469810" lon="12.9061270">
    <ele>664.3</ele>
    <time>2023-11-04T12:30:11Z</time>
   </trkpt>
   <trkpt lat="46.3469840" lon="12.9061390">
    <ele>664.4</ele>
    <time>2023-11-04T12:30:12Z</time>
   </trkpt>
   <trkpt lat="46.3469970" lon="12.9061740">
    <ele>664.6</ele>
    <time>2023-11-04T12:30:13Z</time>
   </trkpt>
   <trkpt lat="46.3470010" lon="12.9061900">
    <ele>664.7</ele>
    <time>2023-11-04T12:30:14Z</time>
   </trkpt>
   <trkpt lat="46.3470070" lon="12.9062030">
    <ele>664.9</ele>
    <time>2023-11-04T12:30:15Z</time>
   </trkpt>
   <trkpt lat="46.3470120" lon="12.9062150">
    <ele>664.9</ele>
    <time>2023-11-04T12:30:17Z</time>
   </trkpt>
   <trkpt lat="46.3470140" lon="12.9062280">
    <ele>665.0</ele>
    <time>2023-11-04T12:30:18Z</time>
   </trkpt>
   <trkpt lat="46.3470130" lon="12.9062440">
    <ele>665.1</ele>
    <time>2023-11-04T12:30:19Z</time>
   </trkpt>
   <trkpt lat="46.3470120" lon="12.9062610">
    <ele>665.2</ele>
    <time>2023-11-04T12:30:20Z</time>
   </trkpt>
   <trkpt lat="46.3470120" lon="12.9062800">
    <ele>665.3</ele>
    <time>2023-11-04T12:30:21Z</time>
   </trkpt>
   <trkpt lat="46.3470130" lon="12.9063010">
    <ele>665.5</ele>
    <time>2023-11-04T12:30:22Z</time>
   </trkpt>
   <trkpt lat="46.3470150" lon="12.9063200">
    <ele>665.6</ele>
    <time>2023-11-04T12:30:23Z</time>
   </trkpt>
   <trkpt lat="46.3470160" lon="12.9063350">
    <ele>665.7</ele>
    <time>2023-11-04T12:30:24Z</time>
   </trkpt>
   <trkpt lat="46.3470170" lon="12.9063510">
    <ele>665.8</ele>
    <time>2023-11-04T12:30:25Z</time>
   </trkpt>
   <trkpt lat="46.3470190" lon="12.9063670">
    <ele>665.7</ele>
    <time>2023-11-04T12:30:26Z</time>
   </trkpt>
   <trkpt lat="46.3470250" lon="12.9063830">
    <ele>665.7</ele>
    <time>2023-11-04T12:30:27Z</time>
   </trkpt>
   <trkpt lat="46.3470290" lon="12.9063990">
    <ele>665.7</ele>
    <time>2023-11-04T12:30:28Z</time>
   </trkpt>
   <trkpt lat="46.3470400" lon="12.9064260">
    <ele>665.7</ele>
    <time>2023-11-04T12:30:29Z</time>
   </trkpt>
   <trkpt lat="46.3470440" lon="12.9064360">
    <ele>665.7</ele>
    <time>2023-11-04T12:30:30Z</time>
   </trkpt>
   <trkpt lat="46.3470490" lon="12.9064460">
    <ele>665.6</ele>
    <time>2023-11-04T12:30:31Z</time>
   </trkpt>
   <trkpt lat="46.3470530" lon="12.9064630">
    <ele>665.6</ele>
    <time>2023-11-04T12:30:32Z</time>
   </trkpt>
   <trkpt lat="46.3470570" lon="12.9064850">
    <ele>665.6</ele>
    <time>2023-11-04T12:30:33Z</time>
   </trkpt>
   <trkpt lat="46.3470600" lon="12.9065010">
    <ele>665.6</ele>
    <time>2023-11-04T12:30:34Z</time>
   </trkpt>
   <trkpt lat="46.3470630" lon="12.9065170">
    <ele>665.5</ele>
    <time>2023-11-04T12:30:35Z</time>
   </trkpt>
   <trkpt lat="46.3470650" lon="12.9065350">
    <ele>665.5</ele>
    <time>2023-11-04T12:30:36Z</time>
   </trkpt>
   <trkpt lat="46.3470640" lon="12.9065560">
    <ele>665.5</ele>
    <time>2023-11-04T12:30:37Z</time>
   </trkpt>
   <trkpt lat="46.3470630" lon="12.9065750">
    <ele>665.4</ele>
    <time>2023-11-04T12:30:38Z</time>
   </trkpt>
   <trkpt lat="46.3470620" lon="12.9065960">
    <ele>665.4</ele>
    <time>2023-11-04T12:30:39Z</time>
   </trkpt>
   <trkpt lat="46.3470610" lon="12.9066160">
    <ele>665.4</ele>
    <time>2023-11-04T12:30:40Z</time>
   </trkpt>
   <trkpt lat="46.3470600" lon="12.9066350">
    <ele>665.3</ele>
    <time>2023-11-04T12:30:41Z</time>
   </trkpt>
   <trkpt lat="46.3470600" lon="12.9066560">
    <ele>665.3</ele>
    <time>2023-11-04T12:30:42Z</time>
   </trkpt>
   <trkpt lat="46.3470600" lon="12.9066760">
    <ele>665.3</ele>
    <time>2023-11-04T12:30:43Z</time>
   </trkpt>
   <trkpt lat="46.3470590" lon="12.9066970">
    <ele>665.2</ele>
    <time>2023-11-04T12:30:44Z</time>
   </trkpt>
   <trkpt lat="46.3470590" lon="12.9067170">
    <ele>665.2</ele>
    <time>2023-11-04T12:30:45Z</time>
   </trkpt>
   <trkpt lat="46.3470590" lon="12.9067380">
    <ele>665.2</ele>
    <time>2023-11-04T12:30:46Z</time>
   </trkpt>
   <trkpt lat="46.3470540" lon="12.9067570">
    <ele>665.1</ele>
    <time>2023-11-04T12:30:47Z</time>
   </trkpt>
   <trkpt lat="46.3470510" lon="12.9067780">
    <ele>665.1</ele>
    <time>2023-11-04T12:30:48Z</time>
   </trkpt>
   <trkpt lat="46.3470470" lon="12.9068080">
    <ele>665.1</ele>
    <time>2023-11-04T12:30:49Z</time>
   </trkpt>
   <trkpt lat="46.3470460" lon="12.9068200">
    <ele>665.1</ele>
    <time>2023-11-04T12:30:50Z</time>
   </trkpt>
   <trkpt lat="46.3470440" lon="12.9068320">
    <ele>665.0</ele>
    <time>2023-11-04T12:30:51Z</time>
   </trkpt>
   <trkpt lat="46.3470430" lon="12.9068480">
    <ele>665.0</ele>
    <time>2023-11-04T12:30:52Z</time>
   </trkpt>
   <trkpt lat="46.3470410" lon="12.9068640">
    <ele>665.0</ele>
    <time>2023-11-04T12:30:53Z</time>
   </trkpt>
   <trkpt lat="46.3470400" lon="12.9068800">
    <ele>665.0</ele>
    <time>2023-11-04T12:30:54Z</time>
   </trkpt>
   <trkpt lat="46.3470410" lon="12.9068950">
    <ele>665.0</ele>
    <time>2023-11-04T12:30:55Z</time>
   </trkpt>
   <trkpt lat="46.3470420" lon="12.9069110">
    <ele>665.0</ele>
    <time>2023-11-04T12:30:56Z</time>
   </trkpt>
   <trkpt lat="46.3470440" lon="12.9069270">
    <ele>664.9</ele>
    <time>2023-11-04T12:30:57Z</time>
   </trkpt>
   <trkpt lat="46.3470440" lon="12.9069420">
    <ele>664.9</ele>
    <time>2023-11-04T12:30:58Z</time>
   </trkpt>
   <trkpt lat="46.3470440" lon="12.9069570">
    <ele>664.9</ele>
    <time>2023-11-04T12:30:59Z</time>
   </trkpt>
   <trkpt lat="46.3470440" lon="12.9069730">
    <ele>664.9</ele>
    <time>2023-11-04T12:31:00Z</time>
   </trkpt>
   <trkpt lat="46.3470440" lon="12.9069900">
    <ele>664.9</ele>
    <time>2023-11-04T12:31:01Z</time>
   </trkpt>
   <trkpt lat="46.3470440" lon="12.9070070">
    <ele>664.8</ele>
    <time>2023-11-04T12:31:02Z</time>
   </trkpt>
   <trkpt lat="46.3470440" lon="12.9070230">
    <ele>664.8</ele>
    <time>2023-11-04T12:31:03Z</time>
   </trkpt>
   <trkpt lat="46.3470460" lon="12.9070510">
    <ele>664.8</ele>
    <time>2023-11-04T12:31:04Z</time>
   </trkpt>
   <trkpt lat="46.3470460" lon="12.9070630">
    <ele>664.8</ele>
    <time>2023-11-04T12:31:05Z</time>
   </trkpt>
   <trkpt lat="46.3470460" lon="12.9070750">
    <ele>664.8</ele>
    <time>2023-11-04T12:31:06Z</time>
   </trkpt>
   <trkpt lat="46.3470470" lon="12.9070960">
    <ele>664.7</ele>
    <time>2023-11-04T12:31:07Z</time>
   </trkpt>
   <trkpt lat="46.3470470" lon="12.9071160">
    <ele>664.7</ele>
    <time>2023-11-04T12:31:08Z</time>
   </trkpt>
   <trkpt lat="46.3470450" lon="12.9071360">
    <ele>664.7</ele>
    <time>2023-11-04T12:31:09Z</time>
   </trkpt>
   <trkpt lat="46.3470410" lon="12.9071560">
    <ele>664.6</ele>
    <time>2023-11-04T12:31:10Z</time>
   </trkpt>
   <trkpt lat="46.3470390" lon="12.9071760">
    <ele>664.6</ele>
    <time>2023-11-04T12:31:11Z</time>
   </trkpt>
   <trkpt lat="46.3470380" lon="12.9071970">
    <ele>664.6</ele>
    <time>2023-11-04T12:31:12Z</time>
   </trkpt>
   <trkpt lat="46.3470380" lon="12.9072170">
    <ele>664.6</ele>
    <time>2023-11-04T12:31:13Z</time>
   </trkpt>
   <trkpt lat="46.3470380" lon="12.9072360">
    <ele>664.5</ele>
    <time>2023-11-04T12:31:14Z</time>
   </trkpt>
   <trkpt lat="46.3470380" lon="12.9072540">
    <ele>664.5</ele>
    <time>2023-11-04T12:31:15Z</time>
   </trkpt>
   <trkpt lat="46.3470380" lon="12.9072710">
    <ele>664.5</ele>
    <time>2023-11-04T12:31:16Z</time>
   </trkpt>
   <trkpt lat="46.3470390" lon="12.9072870">
    <ele>664.5</ele>
    <time>2023-11-04T12:31:17Z</time>
   </trkpt>
   <trkpt lat="46.3470400" lon="12.9073020">
    <ele>664.4</ele>
    <time>2023-11-04T12:31:18Z</time>
   </trkpt>
   <trkpt lat="46.3470390" lon="12.9073170">
    <ele>664.4</ele>
    <time>2023-11-04T12:31:19Z</time>
   </trkpt>
   <trkpt lat="46.3470380" lon="12.9073320">
    <ele>664.4</ele>
    <time>2023-11-04T12:31:20Z</time>
   </trkpt>
   <trkpt lat="46.3470390" lon="12.9073460">
    <ele>664.4</ele>
    <time>2023-11-04T12:31:21Z</time>
   </trkpt>
   <trkpt lat="46.3470410" lon="12.9073600">
    <ele>664.4</ele>
    <time>2023-11-04T12:31:22Z</time>
   </trkpt>
   <trkpt lat="46.3470420" lon="12.9073760">
    <ele>664.4</ele>
    <time>2023-11-04T12:31:23Z</time>
   </trkpt>
   <trkpt lat="46.3470430" lon="12.9073920">
    <ele>664.3</ele>
    <time>2023-11-04T12:31:24Z</time>
   </trkpt>
   <trkpt lat="46.3470420" lon="12.9074080">
    <ele>664.3</ele>
    <time>2023-11-04T12:31:25Z</time>
   </trkpt>
   <trkpt lat="46.3470440" lon="12.9074260">
    <ele>664.3</ele>
    <time>2023-11-04T12:31:26Z</time>
   </trkpt>
   <trkpt lat="46.3470460" lon="12.9074590">
    <ele>664.3</ele>
    <time>2023-11-04T12:31:27Z</time>
   </trkpt>
   <trkpt lat="46.3470470" lon="12.9074720">
    <ele>664.2</ele>
    <time>2023-11-04T12:31:28Z</time>
   </trkpt>
   <trkpt lat="46.3470470" lon="12.9074850">
    <ele>664.2</ele>
    <time>2023-11-04T12:31:29Z</time>
   </trkpt>
   <trkpt lat="46.3470480" lon="12.9075050">
    <ele>664.2</ele>
    <time>2023-11-04T12:31:30Z</time>
   </trkpt>
   <trkpt lat="46.3470490" lon="12.9075250">
    <ele>664.2</ele>
    <time>2023-11-04T12:31:31Z</time>
   </trkpt>
   <trkpt lat="46.3470510" lon="12.9075430">
    <ele>664.2</ele>
    <time>2023-11-04T12:31:32Z</time>
   </trkpt>
   <trkpt lat="46.3470540" lon="12.9075600">
    <ele>664.1</ele>
    <time>2023-11-04T12:31:33Z</time>
   </trkpt>
   <trkpt lat="46.3470590" lon="12.9075750">
    <ele>664.1</ele>
    <time>2023-11-04T12:31:34Z</time>
   </trkpt>
   <trkpt lat="46.3470650" lon="12.9076020">
    <ele>664.1</ele>
    <time>2023-11-04T12:31:35Z</time>
   </trkpt>
   <trkpt lat="46.3470670" lon="12.9076140">
    <ele>664.1</ele>
    <time>2023-11-04T12:31:36Z</time>
   </trkpt>
   <trkpt lat="46.3470690" lon="12.9076260">
    <ele>664.1</ele>
    <time>2023-11-04T12:31:37Z</time>
   </trkpt>
   <trkpt lat="46.3470750" lon="12.9076570">
    <ele>664.0</ele>
    <time>2023-11-04T12:31:38Z</time>
   </trkpt>
   <trkpt lat="46.3470770" lon="12.9076700">
    <ele>664.0</ele>
    <time>2023-11-04T12:31:39Z</time>
   </trkpt>
   <trkpt lat="46.3470790" lon="12.9076820">
    <ele>664.0</ele>
    <time>2023-11-04T12:31:40Z</time>
   </trkpt>
   <trkpt lat="46.3470820" lon="12.9077000">
    <ele>664.0</ele>
    <time>2023-11-04T12:31:41Z</time>
   </trkpt>
   <trkpt lat="46.3470870" lon="12.9077200">
    <ele>664.0</ele>
    <time>2023-11-04T12:31:42Z</time>
   </trkpt>
   <trkpt lat="46.3470910" lon="12.9077400">
    <ele>664.0</ele>
    <time>2023-11-04T12:31:43Z</time>
   </trkpt>
   <trkpt lat="46.3470930" lon="12.9077600">
    <ele>664.0</ele>
    <time>2023-11-04T12:31:44Z</time>
   </trkpt>
   <trkpt lat="46.3470940" lon="12.9077900">
    <ele>663.9</ele>
    <time>2023-11-04T12:31:45Z</time>
   </trkpt>
   <trkpt lat="46.3470940" lon="12.9078010">
    <ele>663.9</ele>
    <time>2023-11-04T12:31:46Z</time>
   </trkpt>
   <trkpt lat="46.3470940" lon="12.9078130">
    <ele>663.9</ele>
    <time>2023-11-04T12:31:47Z</time>
   </trkpt>
   <trkpt lat="46.3470960" lon="12.9078290">
    <ele>663.9</ele>
    <time>2023-11-04T12:31:48Z</time>
   </trkpt>
   <trkpt lat="46.3470980" lon="12.9078450">
    <ele>663.9</ele>
    <time>2023-11-04T12:31:49Z</time>
   </trkpt>
   <trkpt lat="46.3471000" lon="12.9078600">
    <ele>663.9</ele>
    <time>2023-11-04T12:31:50Z</time>
   </trkpt>
   <trkpt lat="46.3471020" lon="12.9078760">
    <ele>663.9</ele>
    <time>2023-11-04T12:31:51Z</time>
   </trkpt>
   <trkpt lat="46.3471010" lon="12.9078910">
    <ele>663.9</ele>
    <time>2023-11-04T12:31:52Z</time>
   </trkpt>
   <trkpt lat="46.3471000" lon="12.9079080">
    <ele>663.9</ele>
    <time>2023-11-04T12:31:53Z</time>
   </trkpt>
   <trkpt lat="46.3471000" lon="12.9079380">
    <ele>663.9</ele>
    <time>2023-11-04T12:31:54Z</time>
   </trkpt>
   <trkpt lat="46.3471010" lon="12.9079500">
    <ele>663.9</ele>
    <time>2023-11-04T12:31:55Z</time>
   </trkpt>
   <trkpt lat="46.3471010" lon="12.9079630">
    <ele>663.9</ele>
    <time>2023-11-04T12:31:56Z</time>
   </trkpt>
   <trkpt lat="46.3471030" lon="12.9079920">
    <ele>663.9</ele>
    <time>2023-11-04T12:31:57Z</time>
   </trkpt>
   <trkpt lat="46.3471030" lon="12.9080040">
    <ele>663.8</ele>
    <time>2023-11-04T12:31:58Z</time>
   </trkpt>
   <trkpt lat="46.3471040" lon="12.9080160">
    <ele>663.8</ele>
    <time>2023-11-04T12:31:59Z</time>
   </trkpt>
   <trkpt lat="46.3471050" lon="12.9080340">
    <ele>663.8</ele>
    <time>2023-11-04T12:32:00Z</time>
   </trkpt>
   <trkpt lat="46.3471060" lon="12.9080510">
    <ele>663.8</ele>
    <time>2023-11-04T12:32:01Z</time>
   </trkpt>
   <trkpt lat="46.3471050" lon="12.9080670">
    <ele>663.8</ele>
    <time>2023-11-04T12:32:02Z</time>
   </trkpt>
   <trkpt lat="46.3471060" lon="12.9080850">
    <ele>663.8</ele>
    <time>2023-11-04T12:32:03Z</time>
   </trkpt>
   <trkpt lat="46.3471060" lon="12.9081020">
    <ele>663.8</ele>
    <time>2023-11-04T12:32:04Z</time>
   </trkpt>
   <trkpt lat="46.3471080" lon="12.9081180">
    <ele>663.8</ele>
    <time>2023-11-04T12:32:05Z</time>
   </trkpt>
   <trkpt lat="46.3471100" lon="12.9081340">
    <ele>663.8</ele>
    <time>2023-11-04T12:32:06Z</time>
   </trkpt>
   <trkpt lat="46.3471120" lon="12.9081490">
    <ele>663.8</ele>
    <time>2023-11-04T12:32:07Z</time>
   </trkpt>
   <trkpt lat="46.3471150" lon="12.9081640">
    <ele>663.8</ele>
    <time>2023-11-04T12:32:08Z</time>
   </trkpt>
   <trkpt lat="46.3471170" lon="12.9081780">
    <ele>663.8</ele>
    <time>2023-11-04T12:32:09Z</time>
   </trkpt>
   <trkpt lat="46.3471210" lon="12.9081940">
    <ele>663.7</ele>
    <time>2023-11-04T12:32:10Z</time>
   </trkpt>
   <trkpt lat="46.3471220" lon="12.9082120">
    <ele>663.7</ele>
    <time>2023-11-04T12:32:11Z</time>
   </trkpt>
   <trkpt lat="46.3471220" lon="12.9082280">
    <ele>663.7</ele>
    <time>2023-11-04T12:32:12Z</time>
   </trkpt>
   <trkpt lat="46.3471230" lon="12.9082450">
    <ele>663.7</ele>
    <time>2023-11-04T12:32:13Z</time>
   </trkpt>
   <trkpt lat="46.3471230" lon="12.9082610">
    <ele>663.7</ele>
    <time>2023-11-04T12:32:14Z</time>
   </trkpt>
   <trkpt lat="46.3471230" lon="12.9082770">
    <ele>663.7</ele>
    <time>2023-11-04T12:32:15Z</time>
   </trkpt>
   <trkpt lat="46.3471230" lon="12.9082930">
    <ele>663.6</ele>
    <time>2023-11-04T12:32:16Z</time>
   </trkpt>
   <trkpt lat="46.3471260" lon="12.9083090">
    <ele>663.6</ele>
    <time>2023-11-04T12:32:17Z</time>
   </trkpt>
   <trkpt lat="46.3471270" lon="12.9083250">
    <ele>663.6</ele>
    <time>2023-11-04T12:32:18Z</time>
   </trkpt>
   <trkpt lat="46.3471290" lon="12.9083420">
    <ele>663.6</ele>
    <time>2023-11-04T12:32:19Z</time>
   </trkpt>
   <trkpt lat="46.3471290" lon="12.9083590">
    <ele>663.6</ele>
    <time>2023-11-04T12:32:20Z</time>
   </trkpt>
   <trkpt lat="46.3471310" lon="12.9083750">
    <ele>663.5</ele>
    <time>2023-11-04T12:32:21Z</time>
   </trkpt>
   <trkpt lat="46.3471320" lon="12.9083920">
    <ele>663.5</ele>
    <time>2023-11-04T12:32:22Z</time>
   </trkpt>
   <trkpt lat="46.3471300" lon="12.9084080">
    <ele>663.5</ele>
    <time>2023-11-04T12:32:23Z</time>
   </trkpt>
   <trkpt lat="46.3471300" lon="12.9084240">
    <ele>663.5</ele>
    <time>2023-11-04T12:32:24Z</time>
   </trkpt>
   <trkpt lat="46.3471280" lon="12.9084400">
    <ele>663.5</ele>
    <time>2023-11-04T12:32:25Z</time>
   </trkpt>
   <trkpt lat="46.3471270" lon="12.9084550">
    <ele>663.4</ele>
    <time>2023-11-04T12:32:26Z</time>
   </trkpt>
   <trkpt lat="46.3471260" lon="12.9084710">
    <ele>663.4</ele>
    <time>2023-11-04T12:32:27Z</time>
   </trkpt>
   <trkpt lat="46.3471270" lon="12.9084890">
    <ele>663.4</ele>
    <time>2023-11-04T12:32:28Z</time>
   </trkpt>
   <trkpt lat="46.3471280" lon="12.9085070">
    <ele>663.4</ele>
    <time>2023-11-04T12:32:29Z</time>
   </trkpt>
   <trkpt lat="46.3471310" lon="12.9085370">
    <ele>663.3</ele>
    <time>2023-11-04T12:32:30Z</time>
   </trkpt>
   <trkpt lat="46.3471310" lon="12.9085490">
    <ele>663.3</ele>
    <time>2023-11-04T12:32:31Z</time>
   </trkpt>
   <trkpt lat="46.3471310" lon="12.9085600">
    <ele>663.3</ele>
    <time>2023-11-04T12:32:32Z</time>
   </trkpt>
   <trkpt lat="46.3471310" lon="12.9085770">
    <ele>663.3</ele>
    <time>2023-11-04T12:32:33Z</time>
   </trkpt>
   <trkpt lat="46.3471310" lon="12.9085930">
    <ele>663.3</ele>
    <time>2023-11-04T12:32:34Z</time>
   </trkpt>
   <trkpt lat="46.3471320" lon="12.9086090">
    <ele>663.3</ele>
    <time>2023-11-04T12:32:35Z</time>
   </trkpt>
   <trkpt lat="46.3471340" lon="12.9086400">
    <ele>663.2</ele>
    <time>2023-11-04T12:32:36Z</time>
   </trkpt>
   <trkpt lat="46.3471350" lon="12.9086520">
    <ele>663.2</ele>
    <time>2023-11-04T12:32:37Z</time>
   </trkpt>
   <trkpt lat="46.3471370" lon="12.9086640">
    <ele>663.2</ele>
    <time>2023-11-04T12:32:38Z</time>
   </trkpt>
   <trkpt lat="46.3471400" lon="12.9086960">
    <ele>663.2</ele>
    <time>2023-11-04T12:32:39Z</time>
   </trkpt>
   <trkpt lat="46.3471420" lon="12.9087080">
    <ele>663.2</ele>
    <time>2023-11-04T12:32:40Z</time>
   </trkpt>
   <trkpt lat="46.3471440" lon="12.9087200">
    <ele>663.1</ele>
    <time>2023-11-04T12:32:41Z</time>
   </trkpt>
   <trkpt lat="46.3471470" lon="12.9087360">
    <ele>663.1</ele>
    <time>2023-11-04T12:32:42Z</time>
   </trkpt>
   <trkpt lat="46.3471490" lon="12.9087530">
    <ele>663.1</ele>
    <time>2023-11-04T12:32:43Z</time>
   </trkpt>
   <trkpt lat="46.3471520" lon="12.9087690">
    <ele>663.1</ele>
    <time>2023-11-04T12:32:44Z</time>
   </trkpt>
   <trkpt lat="46.3471560" lon="12.9087980">
    <ele>663.1</ele>
    <time>2023-11-04T12:32:45Z</time>
   </trkpt>
   <trkpt lat="46.3471560" lon="12.9088100">
    <ele>663.1</ele>
    <time>2023-11-04T12:32:46Z</time>
   </trkpt>
   <trkpt lat="46.3471570" lon="12.9088220">
    <ele>663.1</ele>
    <time>2023-11-04T12:32:47Z</time>
   </trkpt>
   <trkpt lat="46.3471550" lon="12.9088530">
    <ele>663.1</ele>
    <time>2023-11-04T12:32:48Z</time>
   </trkpt>
   <trkpt lat="46.3471530" lon="12.9088640">
    <ele>663.1</ele>
    <time>2023-11-04T12:32:49Z</time>
   </trkpt>
   <trkpt lat="46.3471510" lon="12.9088760">
    <ele>663.1</ele>
    <time>2023-11-04T12:32:50Z</time>
   </trkpt>
   <trkpt lat="46.3471480" lon="12.9088930">
    <ele>663.0</ele>
    <time>2023-11-04T12:32:51Z</time>
   </trkpt>
   <trkpt lat="46.3471460" lon="12.9089100">
    <ele>663.0</ele>
    <time>2023-11-04T12:32:52Z</time>
   </trkpt>
   <trkpt lat="46.3471430" lon="12.9089260">
    <ele>663.0</ele>
    <time>2023-11-04T12:32:53Z</time>
   </trkpt>
   <trkpt lat="46.3471400" lon="12.9089540">
    <ele>663.0</ele>
    <time>2023-11-04T12:32:54Z</time>
   </trkpt>
   <trkpt lat="46.3471380" lon="12.9089660">
    <ele>663.0</ele>
    <time>2023-11-04T12:32:55Z</time>
   </trkpt>
   <trkpt lat="46.3471370" lon="12.9089780">
    <ele>663.0</ele>
    <time>2023-11-04T12:32:56Z</time>
   </trkpt>
   <trkpt lat="46.3471370" lon="12.9090080">
    <ele>662.9</ele>
    <time>2023-11-04T12:32:57Z</time>
   </trkpt>
   <trkpt lat="46.3471370" lon="12.9090200">
    <ele>662.9</ele>
    <time>2023-11-04T12:32:58Z</time>
   </trkpt>
   <trkpt lat="46.3471370" lon="12.9090320">
    <ele>662.9</ele>
    <time>2023-11-04T12:32:59Z</time>
   </trkpt>
   <trkpt lat="46.3471350" lon="12.9090490">
    <ele>662.9</ele>
    <time>2023-11-04T12:33:00Z</time>
   </trkpt>
   <trkpt lat="46.3471330" lon="12.9090660">
    <ele>662.9</ele>
    <time>2023-11-04T12:33:01Z</time>
   </trkpt>
   <trkpt lat="46.3471340" lon="12.9090830">
    <ele>662.9</ele>
    <time>2023-11-04T12:33:02Z</time>
   </trkpt>
   <trkpt lat="46.3471340" lon="12.9091000">
    <ele>662.8</ele>
    <time>2023-11-04T12:33:03Z</time>
   </trkpt>
   <trkpt lat="46.3471350" lon="12.9091180">
    <ele>662.8</ele>
    <time>2023-11-04T12:33:04Z</time>
   </trkpt>
   <trkpt lat="46.3471350" lon="12.9091340">
    <ele>662.8</ele>
    <time>2023-11-04T12:33:05Z</time>
   </trkpt>
   <trkpt lat="46.3471360" lon="12.9091510">
    <ele>662.8</ele>
    <time>2023-11-04T12:33:06Z</time>
   </trkpt>
   <trkpt lat="46.3471350" lon="12.9091670">
    <ele>662.8</ele>
    <time>2023-11-04T12:33:07Z</time>
   </trkpt>
   <trkpt lat="46.3471360" lon="12.9091830">
    <ele>662.8</ele>
    <time>2023-11-04T12:33:08Z</time>
   </trkpt>
   <trkpt lat="46.3471360" lon="12.9091990">
    <ele>662.7</ele>
    <time>2023-11-04T12:33:09Z</time>
   </trkpt>
   <trkpt lat="46.3471370" lon="12.9092150">
    <ele>662.7</ele>
    <time>2023-11-04T12:33:10Z</time>
   </trkpt>
   <trkpt lat="46.3471400" lon="12.9092300">
    <ele>662.7</ele>
    <time>2023-11-04T12:33:11Z</time>
   </trkpt>
   <trkpt lat="46.3471430" lon="12.9092440">
    <ele>662.7</ele>
    <time>2023-11-04T12:33:12Z</time>
   </trkpt>
   <trkpt lat="46.3471450" lon="12.9092600">
    <ele>662.7</ele>
    <time>2023-11-04T12:33:13Z</time>
   </trkpt>
   <trkpt lat="46.3471440" lon="12.9092760">
    <ele>662.7</ele>
    <time>2023-11-04T12:33:14Z</time>
   </trkpt>
   <trkpt lat="46.3471430" lon="12.9092930">
    <ele>662.6</ele>
    <time>2023-11-04T12:33:15Z</time>
   </trkpt>
   <trkpt lat="46.3471430" lon="12.9093100">
    <ele>662.6</ele>
    <time>2023-11-04T12:33:16Z</time>
   </trkpt>
   <trkpt lat="46.3471430" lon="12.9093260">
    <ele>662.6</ele>
    <time>2023-11-04T12:33:17Z</time>
   </trkpt>
   <trkpt lat="46.3471450" lon="12.9093580">
    <ele>662.6</ele>
    <time>2023-11-04T12:33:18Z</time>
   </trkpt>
   <trkpt lat="46.3471460" lon="12.9093720">
    <ele>662.6</ele>
    <time>2023-11-04T12:33:19Z</time>
   </trkpt>
   <trkpt lat="46.3471460" lon="12.9093850">
    <ele>662.6</ele>
    <time>2023-11-04T12:33:20Z</time>
   </trkpt>
   <trkpt lat="46.3471480" lon="12.9094150">
    <ele>662.5</ele>
    <time>2023-11-04T12:33:21Z</time>
   </trkpt>
   <trkpt lat="46.3471480" lon="12.9094270">
    <ele>662.5</ele>
    <time>2023-11-04T12:33:22Z</time>
   </trkpt>
   <trkpt lat="46.3471480" lon="12.9094390">
    <ele>662.5</ele>
    <time>2023-11-04T12:33:23Z</time>
   </trkpt>
   <trkpt lat="46.3471470" lon="12.9094560">
    <ele>662.5</ele>
    <time>2023-11-04T12:33:24Z</time>
   </trkpt>
   <trkpt lat="46.3471480" lon="12.9094730">
    <ele>662.5</ele>
    <time>2023-11-04T12:33:25Z</time>
   </trkpt>
   <trkpt lat="46.3471460" lon="12.9094890">
    <ele>662.5</ele>
    <time>2023-11-04T12:33:26Z</time>
   </trkpt>
   <trkpt lat="46.3471450" lon="12.9095050">
    <ele>662.5</ele>
    <time>2023-11-04T12:33:27Z</time>
   </trkpt>
   <trkpt lat="46.3471430" lon="12.9095200">
    <ele>662.5</ele>
    <time>2023-11-04T12:33:28Z</time>
   </trkpt>
   <trkpt lat="46.3471420" lon="12.9095340">
    <ele>662.5</ele>
    <time>2023-11-04T12:33:29Z</time>
   </trkpt>
   <trkpt lat="46.3471400" lon="12.9095500">
    <ele>662.5</ele>
    <time>2023-11-04T12:33:30Z</time>
   </trkpt>
   <trkpt lat="46.3471380" lon="12.9095650">
    <ele>662.5</ele>
    <time>2023-11-04T12:33:31Z</time>
   </trkpt>
   <trkpt lat="46.3471380" lon="12.9095830">
    <ele>662.5</ele>
    <time>2023-11-04T12:33:32Z</time>
   </trkpt>
   <trkpt lat="46.3471380" lon="12.9096140">
    <ele>662.5</ele>
    <time>2023-11-04T12:33:33Z</time>
   </trkpt>
   <trkpt lat="46.3471370" lon="12.9096270">
    <ele>662.5</ele>
    <time>2023-11-04T12:33:34Z</time>
   </trkpt>
   <trkpt lat="46.3471370" lon="12.9096390">
    <ele>662.5</ele>
    <time>2023-11-04T12:33:35Z</time>
   </trkpt>
   <trkpt lat="46.3471360" lon="12.9096560">
    <ele>662.5</ele>
    <time>2023-11-04T12:33:36Z</time>
   </trkpt>
   <trkpt lat="46.3471340" lon="12.9096730">
    <ele>662.5</ele>
    <time>2023-11-04T12:33:37Z</time>
   </trkpt>
   <trkpt lat="46.3471320" lon="12.9096880">
    <ele>662.5</ele>
    <time>2023-11-04T12:33:38Z</time>
   </trkpt>
   <trkpt lat="46.3471300" lon="12.9097030">
    <ele>662.5</ele>
    <time>2023-11-04T12:33:39Z</time>
   </trkpt>
   <trkpt lat="46.3471270" lon="12.9097180">
    <ele>662.5</ele>
    <time>2023-11-04T12:33:40Z</time>
   </trkpt>
   <trkpt lat="46.3471260" lon="12.9097330">
    <ele>662.5</ele>
    <time>2023-11-04T12:33:41Z</time>
   </trkpt>
   <trkpt lat="46.3471260" lon="12.9097500">
    <ele>662.5</ele>
    <time>2023-11-04T12:33:42Z</time>
   </trkpt>
   <trkpt lat="46.3471260" lon="12.9097660">
    <ele>662.5</ele>
    <time>2023-11-04T12:33:43Z</time>
   </trkpt>
   <trkpt lat="46.3471240" lon="12.9097810">
    <ele>662.5</ele>
    <time>2023-11-04T12:33:44Z</time>
   </trkpt>
   <trkpt lat="46.3471200" lon="12.9097960">
    <ele>662.4</ele>
    <time>2023-11-04T12:33:45Z</time>
   </trkpt>
   <trkpt lat="46.3471180" lon="12.9098120">
    <ele>662.4</ele>
    <time>2023-11-04T12:33:46Z</time>
   </trkpt>
   <trkpt lat="46.3471190" lon="12.9098300">
    <ele>662.4</ele>
    <time>2023-11-04T12:33:47Z</time>
   </trkpt>
   <trkpt lat="46.3471180" lon="12.9098610">
    <ele>662.4</ele>
    <time>2023-11-04T12:33:48Z</time>
   </trkpt>
   <trkpt lat="46.3471180" lon="12.9098730">
    <ele>662.4</ele>
    <time>2023-11-04T12:33:49Z</time>
   </trkpt>
   <trkpt lat="46.3471180" lon="12.9098860">
    <ele>662.3</ele>
    <time>2023-11-04T12:33:50Z</time>
   </trkpt>
   <trkpt lat="46.3471170" lon="12.9099040">
    <ele>662.3</ele>
    <time>2023-11-04T12:33:51Z</time>
   </trkpt>
   <trkpt lat="46.3471160" lon="12.9099210">
    <ele>662.3</ele>
    <time>2023-11-04T12:33:52Z</time>
   </trkpt>
   <trkpt lat="46.3471140" lon="12.9099370">
    <ele>662.3</ele>
    <time>2023-11-04T12:33:53Z</time>
   </trkpt>
   <trkpt lat="46.3471110" lon="12.9099540">
    <ele>662.3</ele>
    <time>2023-11-04T12:33:54Z</time>
   </trkpt>
   <trkpt lat="46.3471090" lon="12.9099700">
    <ele>662.3</ele>
    <time>2023-11-04T12:33:55Z</time>
   </trkpt>
   <trkpt lat="46.3471040" lon="12.9099850">
    <ele>662.2</ele>
    <time>2023-11-04T12:33:56Z</time>
   </trkpt>
   <trkpt lat="46.3471010" lon="12.9100160">
    <ele>662.2</ele>
    <time>2023-11-04T12:33:57Z</time>
   </trkpt>
   <trkpt lat="46.3471010" lon="12.9100280">
    <ele>662.2</ele>
    <time>2023-11-04T12:33:58Z</time>
   </trkpt>
   <trkpt lat="46.3471010" lon="12.9100400">
    <ele>662.2</ele>
    <time>2023-11-04T12:33:59Z</time>
   </trkpt>
   <trkpt lat="46.3471020" lon="12.9100710">
    <ele>662.1</ele>
    <time>2023-11-04T12:34:00Z</time>
   </trkpt>
   <trkpt lat="46.3471020" lon="12.9100840">
    <ele>662.1</ele>
    <time>2023-11-04T12:34:01Z</time>
   </trkpt>
   <trkpt lat="46.3471030" lon="12.9100970">
    <ele>662.1</ele>
    <time>2023-11-04T12:34:02Z</time>
   </trkpt>
   <trkpt lat="46.3471000" lon="12.9101270">
    <ele>662.0</ele>
    <time>2023-11-04T12:34:03Z</time>
   </trkpt>
   <trkpt lat="46.3470970" lon="12.9101380">
    <ele>662.0</ele>
    <time>2023-11-04T12:34:04Z</time>
   </trkpt>
   <trkpt lat="46.3470950" lon="12.9101500">
    <ele>662.0</ele>
    <time>2023-11-04T12:34:05Z</time>
   </trkpt>
   <trkpt lat="46.3470910" lon="12.9101660">
    <ele>662.0</ele>
    <time>2023-11-04T12:34:06Z</time>
   </trkpt>
   <trkpt lat="46.3470870" lon="12.9101810">
    <ele>661.9</ele>
    <time>2023-11-04T12:34:07Z</time>
   </trkpt>
   <trkpt lat="46.3470840" lon="12.9101970">
    <ele>661.9</ele>
    <time>2023-11-04T12:34:08Z</time>
   </trkpt>
   <trkpt lat="46.3470790" lon="12.9102250">
    <ele>661.9</ele>
    <time>2023-11-04T12:34:09Z</time>
   </trkpt>
   <trkpt lat="46.3470770" lon="12.9102360">
    <ele>661.9</ele>
    <time>2023-11-04T12:34:10Z</time>
   </trkpt>
   <trkpt lat="46.3470750" lon="12.9102480">
    <ele>661.8</ele>
    <time>2023-11-04T12:34:11Z</time>
   </trkpt>
   <trkpt lat="46.3470710" lon="12.9102660">
    <ele>661.8</ele>
    <time>2023-11-04T12:34:12Z</time>
   </trkpt>
   <trkpt lat="46.3470660" lon="12.9102860">
    <ele>661.8</ele>
    <time>2023-11-04T12:34:13Z</time>
   </trkpt>
   <trkpt lat="46.3470590" lon="12.9103090">
    <ele>661.8</ele>
    <time>2023-11-04T12:34:14Z</time>
   </trkpt>
   <trkpt lat="46.3470530" lon="12.9103320">
    <ele>661.7</ele>
    <time>2023-11-04T12:34:15Z</time>
   </trkpt>
   <trkpt lat="46.3470460" lon="12.9103530">
    <ele>661.7</ele>
    <time>2023-11-04T12:34:16Z</time>
   </trkpt>
   <trkpt lat="46.3470370" lon="12.9103710">
    <ele>661.7</ele>
    <time>2023-11-04T12:34:17Z</time>
   </trkpt>
   <trkpt lat="46.3470290" lon="12.9103890">
    <ele>661.7</ele>
    <time>2023-11-04T12:34:18Z</time>
   </trkpt>
   <trkpt lat="46.3470230" lon="12.9104060">
    <ele>661.7</ele>
    <time>2023-11-04T12:34:19Z</time>
   </trkpt>
   <trkpt lat="46.3470130" lon="12.9104330">
    <ele>661.7</ele>
    <time>2023-11-04T12:34:20Z</time>
   </trkpt>
   <trkpt lat="46.3470080" lon="12.9104430">
    <ele>661.7</ele>
    <time>2023-11-04T12:34:21Z</time>
   </trkpt>
   <trkpt lat="46.3470040" lon="12.9104530">
    <ele>661.7</ele>
    <time>2023-11-04T12:34:22Z</time>
   </trkpt>
   <trkpt lat="46.3469980" lon="12.9104670">
    <ele>661.7</ele>
    <time>2023-11-04T12:34:23Z</time>
   </trkpt>
   <trkpt lat="46.3469940" lon="12.9104820">
    <ele>661.7</ele>
    <time>2023-11-04T12:34:24Z</time>
   </trkpt>
   <trkpt lat="46.3469900" lon="12.9104970">
    <ele>661.7</ele>
    <time>2023-11-04T12:34:25Z</time>
   </trkpt>
   <trkpt lat="46.3469850" lon="12.9105110">
    <ele>661.6</ele>
    <time>2023-11-04T12:34:26Z</time>
   </trkpt>
   <trkpt lat="46.3469820" lon="12.9105260">
    <ele>661.6</ele>
    <time>2023-11-04T12:34:27Z</time>
   </trkpt>
   <trkpt lat="46.3469800" lon="12.9105410">
    <ele>661.6</ele>
    <time>2023-11-04T12:34:28Z</time>
   </trkpt>
   <trkpt lat="46.3469780" lon="12.9105570">
    <ele>661.6</ele>
    <time>2023-11-04T12:34:29Z</time>
   </trkpt>
   <trkpt lat="46.3469760" lon="12.9105750">
    <ele>661.6</ele>
    <time>2023-11-04T12:34:30Z</time>
   </trkpt>
   <trkpt lat="46.3469730" lon="12.9105920">
    <ele>661.6</ele>
    <time>2023-11-04T12:34:31Z</time>
   </trkpt>
   <trkpt lat="46.3469710" lon="12.9106090">
    <ele>661.6</ele>
    <time>2023-11-04T12:34:32Z</time>
   </trkpt>
   <trkpt lat="46.3469690" lon="12.9106260">
    <ele>661.6</ele>
    <time>2023-11-04T12:34:33Z</time>
   </trkpt>
   <trkpt lat="46.3469670" lon="12.9106420">
    <ele>661.6</ele>
    <time>2023-11-04T12:34:34Z</time>
   </trkpt>
   <trkpt lat="46.3469650" lon="12.9106580">
    <ele>661.6</ele>
    <time>2023-11-04T12:34:35Z</time>
   </trkpt>
   <trkpt lat="46.3469630" lon="12.9106740">
    <ele>661.6</ele>
    <time>2023-11-04T12:34:36Z</time>
   </trkpt>
   <trkpt lat="46.3469610" lon="12.9106900">
    <ele>661.6</ele>
    <time>2023-11-04T12:34:37Z</time>
   </trkpt>
   <trkpt lat="46.3469590" lon="12.9107060">
    <ele>661.6</ele>
    <time>2023-11-04T12:34:38Z</time>
   </trkpt>
   <trkpt lat="46.3469580" lon="12.9107230">
    <ele>661.5</ele>
    <time>2023-11-04T12:34:39Z</time>
   </trkpt>
   <trkpt lat="46.3469570" lon="12.9107400">
    <ele>661.5</ele>
    <time>2023-11-04T12:34:40Z</time>
   </trkpt>
   <trkpt lat="46.3469550" lon="12.9107550">
    <ele>661.5</ele>
    <time>2023-11-04T12:34:41Z</time>
   </trkpt>
   <trkpt lat="46.3469530" lon="12.9107710">
    <ele>661.5</ele>
    <time>2023-11-04T12:34:42Z</time>
   </trkpt>
   <trkpt lat="46.3469500" lon="12.9107860">
    <ele>661.5</ele>
    <time>2023-11-04T12:34:43Z</time>
   </trkpt>
   <trkpt lat="46.3469460" lon="12.9108010">
    <ele>661.5</ele>
    <time>2023-11-04T12:34:44Z</time>
   </trkpt>
   <trkpt lat="46.3469420" lon="12.9108160">
    <ele>661.4</ele>
    <time>2023-11-04T12:34:45Z</time>
   </trkpt>
   <trkpt lat="46.3469370" lon="12.9108300">
    <ele>661.4</ele>
    <time>2023-11-04T12:34:46Z</time>
   </trkpt>
   <trkpt lat="46.3469320" lon="12.9108440">
    <ele>661.4</ele>
    <time>2023-11-04T12:34:47Z</time>
   </trkpt>
   <trkpt lat="46.3469280" lon="12.9108590">
    <ele>661.4</ele>
    <time>2023-11-04T12:34:48Z</time>
   </trkpt>
   <trkpt lat="46.3469240" lon="12.9108730">
    <ele>661.4</ele>
    <time>2023-11-04T12:34:49Z</time>
   </trkpt>
   <trkpt lat="46.3469220" lon="12.9108890">
    <ele>661.3</ele>
    <time>2023-11-04T12:34:50Z</time>
   </trkpt>
   <trkpt lat="46.3469210" lon="12.9109050">
    <ele>661.3</ele>
    <time>2023-11-04T12:34:51Z</time>
   </trkpt>
   <trkpt lat="46.3469190" lon="12.9109200">
    <ele>661.3</ele>
    <time>2023-11-04T12:34:52Z</time>
   </trkpt>
   <trkpt lat="46.3469160" lon="12.9109500">
    <ele>661.3</ele>
    <time>2023-11-04T12:34:53Z</time>
   </trkpt>
   <trkpt lat="46.3469140" lon="12.9109620">
    <ele>661.2</ele>
    <time>2023-11-04T12:34:54Z</time>
   </trkpt>
   <trkpt lat="46.3469120" lon="12.9109740">
    <ele>661.2</ele>
    <time>2023-11-04T12:34:55Z</time>
   </trkpt>
   <trkpt lat="46.3469070" lon="12.9109920">
    <ele>661.2</ele>
    <time>2023-11-04T12:34:56Z</time>
   </trkpt>
   <trkpt lat="46.3469030" lon="12.9110110">
    <ele>661.2</ele>
    <time>2023-11-04T12:34:57Z</time>
   </trkpt>
   <trkpt lat="46.3468970" lon="12.9110310">
    <ele>661.2</ele>
    <time>2023-11-04T12:34:58Z</time>
   </trkpt>
   <trkpt lat="46.3468920" lon="12.9110490">
    <ele>661.1</ele>
    <time>2023-11-04T12:34:59Z</time>
   </trkpt>
   <trkpt lat="46.3468830" lon="12.9110780">
    <ele>661.1</ele>
    <time>2023-11-04T12:35:00Z</time>
   </trkpt>
   <trkpt lat="46.3468790" lon="12.9110880">
    <ele>661.1</ele>
    <time>2023-11-04T12:35:01Z</time>
   </trkpt>
   <trkpt lat="46.3468750" lon="12.9110990">
    <ele>661.1</ele>
    <time>2023-11-04T12:35:02Z</time>
   </trkpt>
   <trkpt lat="46.3468610" lon="12.9111210">
    <ele>661.1</ele>
    <time>2023-11-04T12:35:03Z</time>
   </trkpt>
   <trkpt lat="46.3468550" lon="12.9111300">
    <ele>661.1</ele>
    <time>2023-11-04T12:35:04Z</time>
   </trkpt>
   <trkpt lat="46.3468490" lon="12.9111390">
    <ele>661.0</ele>
    <time>2023-11-04T12:35:05Z</time>
   </trkpt>
   <trkpt lat="46.3468340" lon="12.9111600">
    <ele>661.0</ele>
    <time>2023-11-04T12:35:06Z</time>
   </trkpt>
   <trkpt lat="46.3468280" lon="12.9111690">
    <ele>661.0</ele>
    <time>2023-11-04T12:35:07Z</time>
   </trkpt>
   <trkpt lat="46.3468220" lon="12.9111780">
    <ele>661.0</ele>
    <time>2023-11-04T12:35:08Z</time>
   </trkpt>
   <trkpt lat="46.3468080" lon="12.9112020">
    <ele>661.0</ele>
    <time>2023-11-04T12:35:09Z</time>
   </trkpt>
   <trkpt lat="46.3468020" lon="12.9112110">
    <ele>661.0</ele>
    <time>2023-11-04T12:35:10Z</time>
   </trkpt>
   <trkpt lat="46.3467950" lon="12.9112200">
    <ele>660.9</ele>
    <time>2023-11-04T12:35:11Z</time>
   </trkpt>
   <trkpt lat="46.3467770" lon="12.9112360">
    <ele>660.9</ele>
    <time>2023-11-04T12:35:12Z</time>
   </trkpt>
   <trkpt lat="46.3467690" lon="12.9112420">
    <ele>660.9</ele>
    <time>2023-11-04T12:35:13Z</time>
   </trkpt>
   <trkpt lat="46.3467620" lon="12.9112480">
    <ele>660.9</ele>
    <time>2023-11-04T12:35:14Z</time>
   </trkpt>
   <trkpt lat="46.3467430" lon="12.9112620">
    <ele>660.9</ele>
    <time>2023-11-04T12:35:15Z</time>
   </trkpt>
   <trkpt lat="46.3467360" lon="12.9112680">
    <ele>660.9</ele>
    <time>2023-11-04T12:35:16Z</time>
   </trkpt>
   <trkpt lat="46.3467280" lon="12.9112740">
    <ele>660.9</ele>
    <time>2023-11-04T12:35:17Z</time>
   </trkpt>
   <trkpt lat="46.3467180" lon="12.9112830">
    <ele>660.9</ele>
    <time>2023-11-04T12:35:18Z</time>
   </trkpt>
   <trkpt lat="46.3467080" lon="12.9112870">
    <ele>660.8</ele>
    <time>2023-11-04T12:35:19Z</time>
   </trkpt>
   <trkpt lat="46.3466970" lon="12.9112970">
    <ele>660.8</ele>
    <time>2023-11-04T12:35:20Z</time>
   </trkpt>
   <trkpt lat="46.3466790" lon="12.9113130">
    <ele>660.8</ele>
    <time>2023-11-04T12:35:21Z</time>
   </trkpt>
   <trkpt lat="46.3466730" lon="12.9113190">
    <ele>660.8</ele>
    <time>2023-11-04T12:35:22Z</time>
   </trkpt>
   <trkpt lat="46.3466660" lon="12.9113260">
    <ele>660.8</ele>
    <time>2023-11-04T12:35:23Z</time>
   </trkpt>
   <trkpt lat="46.3466500" lon="12.9113490">
    <ele>660.8</ele>
    <time>2023-11-04T12:35:24Z</time>
   </trkpt>
   <trkpt lat="46.3466440" lon="12.9113590">
    <ele>660.8</ele>
    <time>2023-11-04T12:35:25Z</time>
   </trkpt>
   <trkpt lat="46.3466390" lon="12.9113680">
    <ele>660.8</ele>
    <time>2023-11-04T12:35:26Z</time>
   </trkpt>
   <trkpt lat="46.3466310" lon="12.9113860">
    <ele>660.8</ele>
    <time>2023-11-04T12:35:27Z</time>
   </trkpt>
   <trkpt lat="46.3466220" lon="12.9114030">
    <ele>660.8</ele>
    <time>2023-11-04T12:35:28Z</time>
   </trkpt>
   <trkpt lat="46.3466140" lon="12.9114230">
    <ele>660.7</ele>
    <time>2023-11-04T12:35:29Z</time>
   </trkpt>
   <trkpt lat="46.3466090" lon="12.9114440">
    <ele>660.7</ele>
    <time>2023-11-04T12:35:30Z</time>
   </trkpt>
   <trkpt lat="46.3466020" lon="12.9114640">
    <ele>660.7</ele>
    <time>2023-11-04T12:35:31Z</time>
   </trkpt>
   <trkpt lat="46.3465930" lon="12.9114820">
    <ele>660.7</ele>
    <time>2023-11-04T12:35:32Z</time>
   </trkpt>
   <trkpt lat="46.3465860" lon="12.9115010">
    <ele>660.7</ele>
    <time>2023-11-04T12:35:33Z</time>
   </trkpt>
   <trkpt lat="46.3465780" lon="12.9115180">
    <ele>660.6</ele>
    <time>2023-11-04T12:35:34Z</time>
   </trkpt>
   <trkpt lat="46.3465710" lon="12.9115370">
    <ele>660.6</ele>
    <time>2023-11-04T12:35:35Z</time>
   </trkpt>
   <trkpt lat="46.3465630" lon="12.9115530">
    <ele>660.6</ele>
    <time>2023-11-04T12:35:36Z</time>
   </trkpt>
   <trkpt lat="46.3465570" lon="12.9115720">
    <ele>660.6</ele>
    <time>2023-11-04T12:35:37Z</time>
   </trkpt>
   <trkpt lat="46.3465500" lon="12.9115890">
    <ele>660.6</ele>
    <time>2023-11-04T12:35:38Z</time>
   </trkpt>
   <trkpt lat="46.3465430" lon="12.9116060">
    <ele>660.5</ele>
    <time>2023-11-04T12:35:39Z</time>
   </trkpt>
   <trkpt lat="46.3465360" lon="12.9116230">
    <ele>660.5</ele>
    <time>2023-11-04T12:35:40Z</time>
   </trkpt>
   <trkpt lat="46.3465240" lon="12.9116500">
    <ele>660.5</ele>
    <time>2023-11-04T12:35:41Z</time>
   </trkpt>
   <trkpt lat="46.3465190" lon="12.9116610">
    <ele>660.5</ele>
    <time>2023-11-04T12:35:42Z</time>
   </trkpt>
   <trkpt lat="46.3465140" lon="12.9116720">
    <ele>660.5</ele>
    <time>2023-11-04T12:35:43Z</time>
   </trkpt>
   <trkpt lat="46.3465020" lon="12.9116980">
    <ele>660.4</ele>
    <time>2023-11-04T12:35:44Z</time>
   </trkpt>
   <trkpt lat="46.3464970" lon="12.9117090">
    <ele>660.4</ele>
    <time>2023-11-04T12:35:45Z</time>
   </trkpt>
   <trkpt lat="46.3464930" lon="12.9117190">
    <ele>660.4</ele>
    <time>2023-11-04T12:35:46Z</time>
   </trkpt>
   <trkpt lat="46.3464790" lon="12.9117440">
    <ele>660.3</ele>
    <time>2023-11-04T12:35:47Z</time>
   </trkpt>
   <trkpt lat="46.3464740" lon="12.9117530">
    <ele>660.3</ele>
    <time>2023-11-04T12:35:48Z</time>
   </trkpt>
   <trkpt lat="46.3464690" lon="12.9117630">
    <ele>660.3</ele>
    <time>2023-11-04T12:35:49Z</time>
   </trkpt>
   <trkpt lat="46.3464550" lon="12.9117850">
    <ele>660.3</ele>
    <time>2023-11-04T12:35:50Z</time>
   </trkpt>
   <trkpt lat="46.3464490" lon="12.9117940">
    <ele>660.3</ele>
    <time>2023-11-04T12:35:51Z</time>
   </trkpt>
   <trkpt lat="46.3464440" lon="12.9118030">
    <ele>660.2</ele>
    <time>2023-11-04T12:35:52Z</time>
   </trkpt>
   <trkpt lat="46.3464260" lon="12.9118190">
    <ele>660.2</ele>
    <time>2023-11-04T12:35:53Z</time>
   </trkpt>
   <trkpt lat="46.3464200" lon="12.9118260">
    <ele>660.2</ele>
    <time>2023-11-04T12:35:54Z</time>
   </trkpt>
   <trkpt lat="46.3464130" lon="12.9118330">
    <ele>660.2</ele>
    <time>2023-11-04T12:35:55Z</time>
   </trkpt>
   <trkpt lat="46.3463970" lon="12.9118510">
    <ele>660.1</ele>
    <time>2023-11-04T12:35:56Z</time>
   </trkpt>
   <trkpt lat="46.3463900" lon="12.9118580">
    <ele>660.1</ele>
    <time>2023-11-04T12:35:57Z</time>
   </trkpt>
   <trkpt lat="46.3463840" lon="12.9118650">
    <ele>660.1</ele>
    <time>2023-11-04T12:35:58Z</time>
   </trkpt>
   <trkpt lat="46.3463750" lon="12.9118770">
    <ele>660.1</ele>
    <time>2023-11-04T12:35:59Z</time>
   </trkpt>
   <trkpt lat="46.3463660" lon="12.9118870">
    <ele>660.0</ele>
    <time>2023-11-04T12:36:00Z</time>
   </trkpt>
   <trkpt lat="46.3463570" lon="12.9118990">
    <ele>660.0</ele>
    <time>2023-11-04T12:36:01Z</time>
   </trkpt>
   <trkpt lat="46.3463400" lon="12.9119170">
    <ele>660.0</ele>
    <time>2023-11-04T12:36:02Z</time>
   </trkpt>
   <trkpt lat="46.3463330" lon="12.9119230">
    <ele>660.0</ele>
    <time>2023-11-04T12:36:03Z</time>
   </trkpt>
   <trkpt lat="46.3463250" lon="12.9119300">
    <ele>659.9</ele>
    <time>2023-11-04T12:36:04Z</time>
   </trkpt>
   <trkpt lat="46.3463050" lon="12.9119450">
    <ele>659.9</ele>
    <time>2023-11-04T12:36:05Z</time>
   </trkpt>
   <trkpt lat="46.3462970" lon="12.9119510">
    <ele>659.9</ele>
    <time>2023-11-04T12:36:06Z</time>
   </trkpt>
   <trkpt lat="46.3462890" lon="12.9119580">
    <ele>659.9</ele>
    <time>2023-11-04T12:36:07Z</time>
   </trkpt>
   <trkpt lat="46.3462770" lon="12.9119650">
    <ele>659.8</ele>
    <time>2023-11-04T12:36:08Z</time>
   </trkpt>
   <trkpt lat="46.3462650" lon="12.9119750">
    <ele>659.8</ele>
    <time>2023-11-04T12:36:09Z</time>
   </trkpt>
   <trkpt lat="46.3462530" lon="12.9119840">
    <ele>659.8</ele>
    <time>2023-11-04T12:36:10Z</time>
   </trkpt>
   <trkpt lat="46.3462420" lon="12.9119960">
    <ele>659.7</ele>
    <time>2023-11-04T12:36:11Z</time>
   </trkpt>
   <trkpt lat="46.3462260" lon="12.9120200">
    <ele>659.7</ele>
    <time>2023-11-04T12:36:12Z</time>
   </trkpt>
   <trkpt lat="46.3462200" lon="12.9120290">
    <ele>659.7</ele>
    <time>2023-11-04T12:36:13Z</time>
   </trkpt>
   <trkpt lat="46.3462140" lon="12.9120390">
    <ele>659.7</ele>
    <time>2023-11-04T12:36:14Z</time>
   </trkpt>
   <trkpt lat="46.3462000" lon="12.9120630">
    <ele>659.6</ele>
    <time>2023-11-04T12:36:15Z</time>
   </trkpt>
   <trkpt lat="46.3461940" lon="12.9120730">
    <ele>659.6</ele>
    <time>2023-11-04T12:36:16Z</time>
   </trkpt>
   <trkpt lat="46.3461880" lon="12.9120830">
    <ele>659.6</ele>
    <time>2023-11-04T12:36:17Z</time>
   </trkpt>
   <trkpt lat="46.3461720" lon="12.9121040">
    <ele>659.6</ele>
    <time>2023-11-04T12:36:18Z</time>
   </trkpt>
   <trkpt lat="46.3461660" lon="12.9121130">
    <ele>659.5</ele>
    <time>2023-11-04T12:36:19Z</time>
   </trkpt>
   <trkpt lat="46.3461600" lon="12.9121220">
    <ele>659.5</ele>
    <time>2023-11-04T12:36:20Z</time>
   </trkpt>
   <trkpt lat="46.3461470" lon="12.9121480">
    <ele>659.5</ele>
    <time>2023-11-04T12:36:21Z</time>
   </trkpt>
   <trkpt lat="46.3461420" lon="12.9121580">
    <ele>659.5</ele>
    <time>2023-11-04T12:36:22Z</time>
   </trkpt>
   <trkpt lat="46.3461370" lon="12.9121680">
    <ele>659.5</ele>
    <time>2023-11-04T12:36:23Z</time>
   </trkpt>
   <trkpt lat="46.3461300" lon="12.9121850">
    <ele>659.4</ele>
    <time>2023-11-04T12:36:24Z</time>
   </trkpt>
   <trkpt lat="46.3461220" lon="12.9122010">
    <ele>659.4</ele>
    <time>2023-11-04T12:36:25Z</time>
   </trkpt>
   <trkpt lat="46.3461140" lon="12.9122190">
    <ele>659.4</ele>
    <time>2023-11-04T12:36:26Z</time>
   </trkpt>
   <trkpt lat="46.3461060" lon="12.9122370">
    <ele>659.4</ele>
    <time>2023-11-04T12:36:27Z</time>
   </trkpt>
   <trkpt lat="46.3460990" lon="12.9122540">
    <ele>659.4</ele>
    <time>2023-11-04T12:36:28Z</time>
   </trkpt>
   <trkpt lat="46.3460910" lon="12.9122720">
    <ele>659.3</ele>
    <time>2023-11-04T12:36:29Z</time>
   </trkpt>
   <trkpt lat="46.3460840" lon="12.9122900">
    <ele>659.3</ele>
    <time>2023-11-04T12:36:30Z</time>
   </trkpt>
   <trkpt lat="46.3460770" lon="12.9123080">
    <ele>659.3</ele>
    <time>2023-11-04T12:36:31Z</time>
   </trkpt>
   <trkpt lat="46.3460630" lon="12.9123330">
    <ele>659.2</ele>
    <time>2023-11-04T12:36:32Z</time>
   </trkpt>
   <trkpt lat="46.3460580" lon="12.9123430">
    <ele>659.2</ele>
    <time>2023-11-04T12:36:33Z</time>
   </trkpt>
   <trkpt lat="46.3460530" lon="12.9123530">
    <ele>659.2</ele>
    <time>2023-11-04T12:36:34Z</time>
   </trkpt>
   <trkpt lat="46.3460440" lon="12.9123690">
    <ele>659.2</ele>
    <time>2023-11-04T12:36:35Z</time>
   </trkpt>
   <trkpt lat="46.3460360" lon="12.9123860">
    <ele>659.2</ele>
    <time>2023-11-04T12:36:36Z</time>
   </trkpt>
   <trkpt lat="46.3460270" lon="12.9124020">
    <ele>659.2</ele>
    <time>2023-11-04T12:36:37Z</time>
   </trkpt>
   <trkpt lat="46.3460180" lon="12.9124170">
    <ele>659.1</ele>
    <time>2023-11-04T12:36:38Z</time>
   </trkpt>
   <trkpt lat="46.3460080" lon="12.9124310">
    <ele>659.1</ele>
    <time>2023-11-04T12:36:39Z</time>
   </trkpt>
   <trkpt lat="46.3459980" lon="12.9124440">
    <ele>659.1</ele>
    <time>2023-11-04T12:36:40Z</time>
   </trkpt>
   <trkpt lat="46.3459890" lon="12.9124590">
    <ele>659.1</ele>
    <time>2023-11-04T12:36:41Z</time>
   </trkpt>
   <trkpt lat="46.3459800" lon="12.9124750">
    <ele>659.1</ele>
    <time>2023-11-04T12:36:42Z</time>
   </trkpt>
   <trkpt lat="46.3459650" lon="12.9124970">
    <ele>659.0</ele>
    <time>2023-11-04T12:36:43Z</time>
   </trkpt>
   <trkpt lat="46.3459580" lon="12.9125050">
    <ele>659.0</ele>
    <time>2023-11-04T12:36:44Z</time>
   </trkpt>
   <trkpt lat="46.3459520" lon="12.9125120">
    <ele>659.0</ele>
    <time>2023-11-04T12:36:45Z</time>
   </trkpt>
   <trkpt lat="46.3459420" lon="12.9125220">
    <ele>659.0</ele>
    <time>2023-11-04T12:36:46Z</time>
   </trkpt>
   <trkpt lat="46.3459330" lon="12.9125310">
    <ele>659.0</ele>
    <time>2023-11-04T12:36:47Z</time>
   </trkpt>
   <trkpt lat="46.3459230" lon="12.9125400">
    <ele>659.0</ele>
    <time>2023-11-04T12:36:48Z</time>
   </trkpt>
   <trkpt lat="46.3459130" lon="12.9125450">
    <ele>658.9</ele>
    <time>2023-11-04T12:36:49Z</time>
   </trkpt>
   <trkpt lat="46.3459020" lon="12.9125530">
    <ele>658.9</ele>
    <time>2023-11-04T12:36:50Z</time>
   </trkpt>
   <trkpt lat="46.3458930" lon="12.9125660">
    <ele>658.9</ele>
    <time>2023-11-04T12:36:51Z</time>
   </trkpt>
   <trkpt lat="46.3458780" lon="12.9125900">
    <ele>658.8</ele>
    <time>2023-11-04T12:36:52Z</time>
   </trkpt>
   <trkpt lat="46.3458720" lon="12.9126000">
    <ele>658.8</ele>
    <time>2023-11-04T12:36:53Z</time>
   </trkpt>
   <trkpt lat="46.3458670" lon="12.9126100">
    <ele>658.8</ele>
    <time>2023-11-04T12:36:54Z</time>
   </trkpt>
   <trkpt lat="46.3458510" lon="12.9126310">
    <ele>658.8</ele>
    <time>2023-11-04T12:36:55Z</time>
   </trkpt>
   <trkpt lat="46.3458450" lon="12.9126400">
    <ele>658.8</ele>
    <time>2023-11-04T12:36:56Z</time>
   </trkpt>
   <trkpt lat="46.3458390" lon="12.9126490">
    <ele>658.7</ele>
    <time>2023-11-04T12:36:57Z</time>
   </trkpt>
   <trkpt lat="46.3458250" lon="12.9126730">
    <ele>658.7</ele>
    <time>2023-11-04T12:36:58Z</time>
   </trkpt>
   <trkpt lat="46.3458190" lon="12.9126820">
    <ele>658.7</ele>
    <time>2023-11-04T12:36:59Z</time>
   </trkpt>
   <trkpt lat="46.3458130" lon="12.9126910">
    <ele>658.6</ele>
    <time>2023-11-04T12:37:00Z</time>
   </trkpt>
   <trkpt lat="46.3458030" lon="12.9127030">
    <ele>658.6</ele>
    <time>2023-11-04T12:37:01Z</time>
   </trkpt>
   <trkpt lat="46.3457910" lon="12.9127150">
    <ele>658.6</ele>
    <time>2023-11-04T12:37:02Z</time>
   </trkpt>
   <trkpt lat="46.3457780" lon="12.9127280">
    <ele>658.6</ele>
    <time>2023-11-04T12:37:03Z</time>
   </trkpt>
   <trkpt lat="46.3457660" lon="12.9127410">
    <ele>658.5</ele>
    <time>2023-11-04T12:37:04Z</time>
   </trkpt>
   <trkpt lat="46.3457550" lon="12.9127550">
    <ele>658.5</ele>
    <time>2023-11-04T12:37:05Z</time>
   </trkpt>
   <trkpt lat="46.3457440" lon="12.9127670">
    <ele>658.5</ele>
    <time>2023-11-04T12:37:06Z</time>
   </trkpt>
   <trkpt lat="46.3457330" lon="12.9127790">
    <ele>658.4</ele>
    <time>2023-11-04T12:37:07Z</time>
   </trkpt>
   <trkpt lat="46.3457230" lon="12.9127930">
    <ele>658.4</ele>
    <time>2023-11-04T12:37:08Z</time>
   </trkpt>
   <trkpt lat="46.3457120" lon="12.9128070">
    <ele>658.4</ele>
    <time>2023-11-04T12:37:09Z</time>
   </trkpt>
   <trkpt lat="46.3457030" lon="12.9128210">
    <ele>658.4</ele>
    <time>2023-11-04T12:37:10Z</time>
   </trkpt>
   <trkpt lat="46.3456940" lon="12.9128360">
    <ele>658.4</ele>
    <time>2023-11-04T12:37:11Z</time>
   </trkpt>
   <trkpt lat="46.3456850" lon="12.9128510">
    <ele>658.3</ele>
    <time>2023-11-04T12:37:12Z</time>
   </trkpt>
   <trkpt lat="46.3456690" lon="12.9128730">
    <ele>658.3</ele>
    <time>2023-11-04T12:37:13Z</time>
   </trkpt>
   <trkpt lat="46.3456620" lon="12.9128820">
    <ele>658.3</ele>
    <time>2023-11-04T12:37:14Z</time>
   </trkpt>
   <trkpt lat="46.3456550" lon="12.9128900">
    <ele>658.3</ele>
    <time>2023-11-04T12:37:15Z</time>
   </trkpt>
   <trkpt lat="46.3456450" lon="12.9129040">
    <ele>658.3</ele>
    <time>2023-11-04T12:37:16Z</time>
   </trkpt>
   <trkpt lat="46.3456340" lon="12.9129180">
    <ele>658.3</ele>
    <time>2023-11-04T12:37:17Z</time>
   </trkpt>
   <trkpt lat="46.3456240" lon="12.9129330">
    <ele>658.2</ele>
    <time>2023-11-04T12:37:18Z</time>
   </trkpt>
   <trkpt lat="46.3456130" lon="12.9129470">
    <ele>658.2</ele>
    <time>2023-11-04T12:37:19Z</time>
   </trkpt>
   <trkpt lat="46.3456010" lon="12.9129580">
    <ele>658.2</ele>
    <time>2023-11-04T12:37:20Z</time>
   </trkpt>
   <trkpt lat="46.3455900" lon="12.9129690">
    <ele>658.2</ele>
    <time>2023-11-04T12:37:21Z</time>
   </trkpt>
   <trkpt lat="46.3455720" lon="12.9129840">
    <ele>658.2</ele>
    <time>2023-11-04T12:37:22Z</time>
   </trkpt>
   <trkpt lat="46.3455650" lon="12.9129910">
    <ele>658.2</ele>
    <time>2023-11-04T12:37:23Z</time>
   </trkpt>
   <trkpt lat="46.3455570" lon="12.9129970">
    <ele>658.1</ele>
    <time>2023-11-04T12:37:24Z</time>
   </trkpt>
   <trkpt lat="46.3455400" lon="12.9130160">
    <ele>658.1</ele>
    <time>2023-11-04T12:37:25Z</time>
   </trkpt>
   <trkpt lat="46.3455330" lon="12.9130220">
    <ele>658.1</ele>
    <time>2023-11-04T12:37:26Z</time>
   </trkpt>
   <trkpt lat="46.3455260" lon="12.9130290">
    <ele>658.1</ele>
    <time>2023-11-04T12:37:27Z</time>
   </trkpt>
   <trkpt lat="46.3455020" lon="12.9130450">
    <ele>658.1</ele>
    <time>2023-11-04T12:37:28Z</time>
   </trkpt>
   <trkpt lat="46.3454890" lon="12.9130520">
    <ele>658.0</ele>
    <time>2023-11-04T12:37:29Z</time>
   </trkpt>
   <trkpt lat="46.3454720" lon="12.9130710">
    <ele>658.0</ele>
    <time>2023-11-04T12:37:31Z</time>
   </trkpt>
   <trkpt lat="46.3454650" lon="12.9130780">
    <ele>658.0</ele>
    <time>2023-11-04T12:37:32Z</time>
   </trkpt>
   <trkpt lat="46.3454590" lon="12.9130850">
    <ele>658.0</ele>
    <time>2023-11-04T12:37:33Z</time>
   </trkpt>
   <trkpt lat="46.3454410" lon="12.9131000">
    <ele>658.0</ele>
    <time>2023-11-04T12:37:34Z</time>
   </trkpt>
   <trkpt lat="46.3454330" lon="12.9131060">
    <ele>658.0</ele>
    <time>2023-11-04T12:37:35Z</time>
   </trkpt>
   <trkpt lat="46.3454260" lon="12.9131120">
    <ele>658.0</ele>
    <time>2023-11-04T12:37:36Z</time>
   </trkpt>
   <trkpt lat="46.3454060" lon="12.9131210">
    <ele>657.9</ele>
    <time>2023-11-04T12:37:37Z</time>
   </trkpt>
   <trkpt lat="46.3453970" lon="12.9131250">
    <ele>657.9</ele>
    <time>2023-11-04T12:37:38Z</time>
   </trkpt>
   <trkpt lat="46.3453890" lon="12.9131280">
    <ele>657.9</ele>
    <time>2023-11-04T12:37:39Z</time>
   </trkpt>
   <trkpt lat="46.3453770" lon="12.9131390">
    <ele>657.9</ele>
    <time>2023-11-04T12:37:40Z</time>
   </trkpt>
   <trkpt lat="46.3453670" lon="12.9131550">
    <ele>657.9</ele>
    <time>2023-11-04T12:37:41Z</time>
   </trkpt>
   <trkpt lat="46.3453590" lon="12.9131720">
    <ele>657.9</ele>
    <time>2023-11-04T12:37:42Z</time>
   </trkpt>
   <trkpt lat="46.3453520" lon="12.9131900">
    <ele>657.8</ele>
    <time>2023-11-04T12:37:43Z</time>
   </trkpt>
   <trkpt lat="46.3453460" lon="12.9132090">
    <ele>657.8</ele>
    <time>2023-11-04T12:37:44Z</time>
   </trkpt>
   <trkpt lat="46.3453390" lon="12.9132290">
    <ele>657.8</ele>
    <time>2023-11-04T12:37:45Z</time>
   </trkpt>
   <trkpt lat="46.3453340" lon="12.9132480">
    <ele>657.8</ele>
    <time>2023-11-04T12:37:46Z</time>
   </trkpt>
   <trkpt lat="46.3453280" lon="12.9132680">
    <ele>657.8</ele>
    <time>2023-11-04T12:37:47Z</time>
   </trkpt>
   <trkpt lat="46.3453240" lon="12.9132870">
    <ele>657.7</ele>
    <time>2023-11-04T12:37:48Z</time>
   </trkpt>
   <trkpt lat="46.3453180" lon="12.9133060">
    <ele>657.7</ele>
    <time>2023-11-04T12:37:49Z</time>
   </trkpt>
   <trkpt lat="46.3453110" lon="12.9133260">
    <ele>657.7</ele>
    <time>2023-11-04T12:37:50Z</time>
   </trkpt>
   <trkpt lat="46.3453020" lon="12.9133440">
    <ele>657.7</ele>
    <time>2023-11-04T12:37:51Z</time>
   </trkpt>
   <trkpt lat="46.3452870" lon="12.9133670">
    <ele>657.7</ele>
    <time>2023-11-04T12:37:52Z</time>
   </trkpt>
   <trkpt lat="46.3452810" lon="12.9133750">
    <ele>657.6</ele>
    <time>2023-11-04T12:37:53Z</time>
   </trkpt>
   <trkpt lat="46.3452740" lon="12.9133840">
    <ele>657.6</ele>
    <time>2023-11-04T12:37:54Z</time>
   </trkpt>
   <trkpt lat="46.3452660" lon="12.9133980">
    <ele>657.6</ele>
    <time>2023-11-04T12:37:55Z</time>
   </trkpt>
   <trkpt lat="46.3452590" lon="12.9134170">
    <ele>657.6</ele>
    <time>2023-11-04T12:37:56Z</time>
   </trkpt>
   <trkpt lat="46.3452510" lon="12.9134330">
    <ele>657.6</ele>
    <time>2023-11-04T12:37:57Z</time>
   </trkpt>
   <trkpt lat="46.3452450" lon="12.9134520">
    <ele>657.6</ele>
    <time>2023-11-04T12:37:58Z</time>
   </trkpt>
   <trkpt lat="46.3452400" lon="12.9134710">
    <ele>657.5</ele>
    <time>2023-11-04T12:37:59Z</time>
   </trkpt>
   <trkpt lat="46.3452370" lon="12.9134900">
    <ele>657.5</ele>
    <time>2023-11-04T12:38:00Z</time>
   </trkpt>
   <trkpt lat="46.3452340" lon="12.9135110">
    <ele>657.5</ele>
    <time>2023-11-04T12:38:01Z</time>
   </trkpt>
   <trkpt lat="46.3452300" lon="12.9135300">
    <ele>657.5</ele>
    <time>2023-11-04T12:38:02Z</time>
   </trkpt>
   <trkpt lat="46.3452260" lon="12.9135500">
    <ele>657.4</ele>
    <time>2023-11-04T12:38:03Z</time>
   </trkpt>
   <trkpt lat="46.3452210" lon="12.9135690">
    <ele>657.1</ele>
    <time>2023-11-04T12:38:04Z</time>
   </trkpt>
   <trkpt lat="46.3452190" lon="12.9135880">
    <ele>656.8</ele>
    <time>2023-11-04T12:38:05Z</time>
   </trkpt>
   <trkpt lat="46.3452170" lon="12.9136090">
    <ele>656.5</ele>
    <time>2023-11-04T12:38:06Z</time>
   </trkpt>
   <trkpt lat="46.3452130" lon="12.9136290">
    <ele>656.2</ele>
    <time>2023-11-04T12:38:07Z</time>
   </trkpt>
   <trkpt lat="46.3452090" lon="12.9136490">
    <ele>655.8</ele>
    <time>2023-11-04T12:38:08Z</time>
   </trkpt>
   <trkpt lat="46.3452030" lon="12.9136800">
    <ele>655.3</ele>
    <time>2023-11-04T12:38:09Z</time>
   </trkpt>
   <trkpt lat="46.3452010" lon="12.9136920">
    <ele>655.2</ele>
    <time>2023-11-04T12:38:10Z</time>
   </trkpt>
   <trkpt lat="46.3451990" lon="12.9137050">
    <ele>655.0</ele>
    <time>2023-11-04T12:38:11Z</time>
   </trkpt>
   <trkpt lat="46.3451960" lon="12.9137370">
    <ele>654.5</ele>
    <time>2023-11-04T12:38:12Z</time>
   </trkpt>
   <trkpt lat="46.3451950" lon="12.9137500">
    <ele>654.3</ele>
    <time>2023-11-04T12:38:13Z</time>
   </trkpt>
   <trkpt lat="46.3451940" lon="12.9137630">
    <ele>654.1</ele>
    <time>2023-11-04T12:38:14Z</time>
   </trkpt>
   <trkpt lat="46.3451900" lon="12.9137820">
    <ele>653.8</ele>
    <time>2023-11-04T12:38:15Z</time>
   </trkpt>
   <trkpt lat="46.3451840" lon="12.9137990">
    <ele>653.5</ele>
    <time>2023-11-04T12:38:16Z</time>
   </trkpt>
   <trkpt lat="46.3451720" lon="12.9138240">
    <ele>653.0</ele>
    <time>2023-11-04T12:38:17Z</time>
   </trkpt>
   <trkpt lat="46.3451660" lon="12.9138340">
    <ele>652.8</ele>
    <time>2023-11-04T12:38:18Z</time>
   </trkpt>
   <trkpt lat="46.3451610" lon="12.9138430">
    <ele>652.6</ele>
    <time>2023-11-04T12:38:19Z</time>
   </trkpt>
   <trkpt lat="46.3451450" lon="12.9138630">
    <ele>652.1</ele>
    <time>2023-11-04T12:38:20Z</time>
   </trkpt>
   <trkpt lat="46.3451380" lon="12.9138700">
    <ele>651.9</ele>
    <time>2023-11-04T12:38:21Z</time>
   </trkpt>
   <trkpt lat="46.3451310" lon="12.9138770">
    <ele>651.7</ele>
    <time>2023-11-04T12:38:22Z</time>
   </trkpt>
   <trkpt lat="46.3451210" lon="12.9138880">
    <ele>651.5</ele>
    <time>2023-11-04T12:38:23Z</time>
   </trkpt>
   <trkpt lat="46.3451120" lon="12.9138990">
    <ele>651.2</ele>
    <time>2023-11-04T12:38:24Z</time>
   </trkpt>
   <trkpt lat="46.3451060" lon="12.9139040">
    <ele>651.0</ele>
    <time>2023-11-04T12:38:25Z</time>
   </trkpt>
   <trkpt lat="46.3451020" lon="12.9139080">
    <ele>650.9</ele>
    <time>2023-11-04T12:38:26Z</time>
   </trkpt>
   <trkpt lat="46.3450980" lon="12.9139120">
    <ele>650.8</ele>
    <time>2023-11-04T12:38:27Z</time>
   </trkpt>
   <trkpt lat="46.3450930" lon="12.9139170">
    <ele>650.7</ele>
    <time>2023-11-04T12:38:28Z</time>
   </trkpt>
   <trkpt lat="46.3450850" lon="12.9139320">
    <ele>650.4</ele>
    <time>2023-11-04T12:38:29Z</time>
   </trkpt>
   <trkpt lat="46.3450800" lon="12.9139440">
    <ele>650.2</ele>
    <time>2023-11-04T12:38:30Z</time>
   </trkpt>
   <trkpt lat="46.3450730" lon="12.9139510">
    <ele>650.0</ele>
    <time>2023-11-04T12:38:31Z</time>
   </trkpt>
   <trkpt lat="46.3450670" lon="12.9139630">
    <ele>649.7</ele>
    <time>2023-11-04T12:38:32Z</time>
   </trkpt>
   <trkpt lat="46.3450620" lon="12.9139780">
    <ele>649.5</ele>
    <time>2023-11-04T12:38:33Z</time>
   </trkpt>
   <trkpt lat="46.3450590" lon="12.9139950">
    <ele>649.2</ele>
    <time>2023-11-04T12:38:34Z</time>
   </trkpt>
   <trkpt lat="46.3450560" lon="12.9140100">
    <ele>648.9</ele>
    <time>2023-11-04T12:38:35Z</time>
   </trkpt>
   <trkpt lat="46.3450550" lon="12.9140260">
    <ele>648.6</ele>
    <time>2023-11-04T12:38:36Z</time>
   </trkpt>
   <trkpt lat="46.3450550" lon="12.9140410">
    <ele>648.4</ele>
    <time>2023-11-04T12:38:37Z</time>
   </trkpt>
   <trkpt lat="46.3450570" lon="12.9140570">
    <ele>648.1</ele>
    <time>2023-11-04T12:38:38Z</time>
   </trkpt>
   <trkpt lat="46.3450600" lon="12.9140720">
    <ele>647.9</ele>
    <time>2023-11-04T12:38:39Z</time>
   </trkpt>
   <trkpt lat="46.3450630" lon="12.9140860">
    <ele>647.6</ele>
    <time>2023-11-04T12:38:40Z</time>
   </trkpt>
   <trkpt lat="46.3450640" lon="12.9141010">
    <ele>647.5</ele>
    <time>2023-11-04T12:38:41Z</time>
   </trkpt>
   <trkpt lat="46.3450660" lon="12.9141160">
    <ele>647.5</ele>
    <time>2023-11-04T12:38:42Z</time>
   </trkpt>
   <trkpt lat="46.3450700" lon="12.9141300">
    <ele>647.5</ele>
    <time>2023-11-04T12:38:43Z</time>
   </trkpt>
   <trkpt lat="46.3450730" lon="12.9141450">
    <ele>647.6</ele>
    <time>2023-11-04T12:38:44Z</time>
   </trkpt>
   <trkpt lat="46.3450740" lon="12.9141620">
    <ele>647.6</ele>
    <time>2023-11-04T12:38:45Z</time>
   </trkpt>
   <trkpt lat="46.3450740" lon="12.9141780">
    <ele>647.6</ele>
    <time>2023-11-04T12:38:46Z</time>
   </trkpt>
   <trkpt lat="46.3450720" lon="12.9141930">
    <ele>647.6</ele>
    <time>2023-11-04T12:38:47Z</time>
   </trkpt>
   <trkpt lat="46.3450680" lon="12.9142090">
    <ele>647.6</ele>
    <time>2023-11-04T12:38:48Z</time>
   </trkpt>
   <trkpt lat="46.3450660" lon="12.9142250">
    <ele>647.6</ele>
    <time>2023-11-04T12:38:49Z</time>
   </trkpt>
   <trkpt lat="46.3450620" lon="12.9142400">
    <ele>647.6</ele>
    <time>2023-11-04T12:38:50Z</time>
   </trkpt>
   <trkpt lat="46.3450560" lon="12.9142530">
    <ele>647.7</ele>
    <time>2023-11-04T12:38:51Z</time>
   </trkpt>
   <trkpt lat="46.3450500" lon="12.9142670">
    <ele>647.7</ele>
    <time>2023-11-04T12:38:52Z</time>
   </trkpt>
   <trkpt lat="46.3450460" lon="12.9142860">
    <ele>647.7</ele>
    <time>2023-11-04T12:38:53Z</time>
   </trkpt>
   <trkpt lat="46.3450420" lon="12.9143020">
    <ele>647.7</ele>
    <time>2023-11-04T12:38:54Z</time>
   </trkpt>
   <trkpt lat="46.3450380" lon="12.9143170">
    <ele>647.7</ele>
    <time>2023-11-04T12:38:55Z</time>
   </trkpt>
   <trkpt lat="46.3450350" lon="12.9143320">
    <ele>647.7</ele>
    <time>2023-11-04T12:38:56Z</time>
   </trkpt>
   <trkpt lat="46.3450370" lon="12.9143610">
    <ele>647.8</ele>
    <time>2023-11-04T12:38:57Z</time>
   </trkpt>
   <trkpt lat="46.3450380" lon="12.9143730">
    <ele>647.8</ele>
    <time>2023-11-04T12:38:58Z</time>
   </trkpt>
   <trkpt lat="46.3450390" lon="12.9143850">
    <ele>647.8</ele>
    <time>2023-11-04T12:38:59Z</time>
   </trkpt>
   <trkpt lat="46.3450400" lon="12.9144170">
    <ele>647.8</ele>
    <time>2023-11-04T12:39:00Z</time>
   </trkpt>
   <trkpt lat="46.3450410" lon="12.9144290">
    <ele>647.8</ele>
    <time>2023-11-04T12:39:01Z</time>
   </trkpt>
   <trkpt lat="46.3450420" lon="12.9144410">
    <ele>647.8</ele>
    <time>2023-11-04T12:39:02Z</time>
   </trkpt>
   <trkpt lat="46.3450440" lon="12.9144700">
    <ele>647.8</ele>
    <time>2023-11-04T12:39:03Z</time>
   </trkpt>
   <trkpt lat="46.3450440" lon="12.9144820">
    <ele>647.8</ele>
    <time>2023-11-04T12:39:04Z</time>
   </trkpt>
   <trkpt lat="46.3450430" lon="12.9144940">
    <ele>647.7</ele>
    <time>2023-11-04T12:39:05Z</time>
   </trkpt>
   <trkpt lat="46.3450390" lon="12.9145230">
    <ele>647.7</ele>
    <time>2023-11-04T12:39:06Z</time>
   </trkpt>
   <trkpt lat="46.3450360" lon="12.9145340">
    <ele>647.7</ele>
    <time>2023-11-04T12:39:07Z</time>
   </trkpt>
   <trkpt lat="46.3450340" lon="12.9145460">
    <ele>647.7</ele>
    <time>2023-11-04T12:39:08Z</time>
   </trkpt>
   <trkpt lat="46.3450290" lon="12.9145640">
    <ele>647.7</ele>
    <time>2023-11-04T12:39:09Z</time>
   </trkpt>
   <trkpt lat="46.3450230" lon="12.9145840">
    <ele>647.6</ele>
    <time>2023-11-04T12:39:10Z</time>
   </trkpt>
   <trkpt lat="46.3450170" lon="12.9146050">
    <ele>647.5</ele>
    <time>2023-11-04T12:39:11Z</time>
   </trkpt>
   <trkpt lat="46.3450120" lon="12.9146270">
    <ele>647.5</ele>
    <time>2023-11-04T12:39:12Z</time>
   </trkpt>
   <trkpt lat="46.3450070" lon="12.9146470">
    <ele>647.4</ele>
    <time>2023-11-04T12:39:13Z</time>
   </trkpt>
   <trkpt lat="46.3450030" lon="12.9146660">
    <ele>647.3</ele>
    <time>2023-11-04T12:39:14Z</time>
   </trkpt>
   <trkpt lat="46.3449990" lon="12.9146820">
    <ele>647.3</ele>
    <time>2023-11-04T12:39:15Z</time>
   </trkpt>
   <trkpt lat="46.3449950" lon="12.9146980">
    <ele>647.2</ele>
    <time>2023-11-04T12:39:16Z</time>
   </trkpt>
   <trkpt lat="46.3449910" lon="12.9147130">
    <ele>647.1</ele>
    <time>2023-11-04T12:39:17Z</time>
   </trkpt>
   <trkpt lat="46.3449830" lon="12.9147390">
    <ele>647.0</ele>
    <time>2023-11-04T12:39:18Z</time>
   </trkpt>
   <trkpt lat="46.3449790" lon="12.9147500">
    <ele>646.9</ele>
    <time>2023-11-04T12:39:19Z</time>
   </trkpt>
   <trkpt lat="46.3449750" lon="12.9147600">
    <ele>646.8</ele>
    <time>2023-11-04T12:39:20Z</time>
   </trkpt>
   <trkpt lat="46.3449620" lon="12.9147830">
    <ele>646.6</ele>
    <time>2023-11-04T12:39:21Z</time>
   </trkpt>
   <trkpt lat="46.3449560" lon="12.9147930">
    <ele>646.5</ele>
    <time>2023-11-04T12:39:22Z</time>
   </trkpt>
   <trkpt lat="46.3449500" lon="12.9148020">
    <ele>646.4</ele>
    <time>2023-11-04T12:39:23Z</time>
   </trkpt>
   <trkpt lat="46.3449350" lon="12.9148250">
    <ele>646.2</ele>
    <time>2023-11-04T12:39:24Z</time>
   </trkpt>
   <trkpt lat="46.3449300" lon="12.9148350">
    <ele>646.1</ele>
    <time>2023-11-04T12:39:25Z</time>
   </trkpt>
   <trkpt lat="46.3449240" lon="12.9148460">
    <ele>646.0</ele>
    <time>2023-11-04T12:39:26Z</time>
   </trkpt>
   <trkpt lat="46.3449170" lon="12.9148620">
    <ele>645.8</ele>
    <time>2023-11-04T12:39:27Z</time>
   </trkpt>
   <trkpt lat="46.3449130" lon="12.9148830">
    <ele>645.6</ele>
    <time>2023-11-04T12:39:28Z</time>
   </trkpt>
   <trkpt lat="46.3449100" lon="12.9149020">
    <ele>645.4</ele>
    <time>2023-11-04T12:39:29Z</time>
   </trkpt>
   <trkpt lat="46.3449080" lon="12.9149220">
    <ele>645.3</ele>
    <time>2023-11-04T12:39:30Z</time>
   </trkpt>
   <trkpt lat="46.3449090" lon="12.9149530">
    <ele>645.0</ele>
    <time>2023-11-04T12:39:31Z</time>
   </trkpt>
   <trkpt lat="46.3449120" lon="12.9149630">
    <ele>644.9</ele>
    <time>2023-11-04T12:39:32Z</time>
   </trkpt>
   <trkpt lat="46.3449140" lon="12.9149740">
    <ele>644.8</ele>
    <time>2023-11-04T12:39:33Z</time>
   </trkpt>
   <trkpt lat="46.3449180" lon="12.9149880">
    <ele>644.6</ele>
    <time>2023-11-04T12:39:34Z</time>
   </trkpt>
   <trkpt lat="46.3449210" lon="12.9150020">
    <ele>644.5</ele>
    <time>2023-11-04T12:39:35Z</time>
   </trkpt>
   <trkpt lat="46.3449230" lon="12.9150190">
    <ele>644.3</ele>
    <time>2023-11-04T12:39:36Z</time>
   </trkpt>
   <trkpt lat="46.3449240" lon="12.9150370">
    <ele>644.1</ele>
    <time>2023-11-04T12:39:37Z</time>
   </trkpt>
   <trkpt lat="46.3449240" lon="12.9150530">
    <ele>644.0</ele>
    <time>2023-11-04T12:39:38Z</time>
   </trkpt>
   <trkpt lat="46.3449260" lon="12.9150670">
    <ele>643.9</ele>
    <time>2023-11-04T12:39:39Z</time>
   </trkpt>
   <trkpt lat="46.3449270" lon="12.9150830">
    <ele>643.7</ele>
    <time>2023-11-04T12:39:40Z</time>
   </trkpt>
   <trkpt lat="46.3449270" lon="12.9150970">
    <ele>643.6</ele>
    <time>2023-11-04T12:39:41Z</time>
   </trkpt>
   <trkpt lat="46.3449240" lon="12.9151110">
    <ele>643.4</ele>
    <time>2023-11-04T12:39:42Z</time>
   </trkpt>
   <trkpt lat="46.3449150" lon="12.9151370">
    <ele>643.2</ele>
    <time>2023-11-04T12:39:43Z</time>
   </trkpt>
   <trkpt lat="46.3449110" lon="12.9151480">
    <ele>643.1</ele>
    <time>2023-11-04T12:39:44Z</time>
   </trkpt>
   <trkpt lat="46.3449080" lon="12.9151600">
    <ele>643.0</ele>
    <time>2023-11-04T12:39:45Z</time>
   </trkpt>
   <trkpt lat="46.3448940" lon="12.9151840">
    <ele>642.7</ele>
    <time>2023-11-04T12:39:46Z</time>
   </trkpt>
   <trkpt lat="46.3448890" lon="12.9151920">
    <ele>642.6</ele>
    <time>2023-11-04T12:39:47Z</time>
   </trkpt>
   <trkpt lat="46.3448830" lon="12.9152010">
    <ele>642.5</ele>
    <time>2023-11-04T12:39:48Z</time>
   </trkpt>
   <trkpt lat="46.3448720" lon="12.9152270">
    <ele>642.2</ele>
    <time>2023-11-04T12:39:49Z</time>
   </trkpt>
   <trkpt lat="46.3448670" lon="12.9152360">
    <ele>642.1</ele>
    <time>2023-11-04T12:39:50Z</time>
   </trkpt>
   <trkpt lat="46.3448630" lon="12.9152450">
    <ele>642.0</ele>
    <time>2023-11-04T12:39:51Z</time>
   </trkpt>
   <trkpt lat="46.3448540" lon="12.9152710">
    <ele>641.8</ele>
    <time>2023-11-04T12:39:52Z</time>
   </trkpt>
   <trkpt lat="46.3448490" lon="12.9152820">
    <ele>641.7</ele>
    <time>2023-11-04T12:39:53Z</time>
   </trkpt>
   <trkpt lat="46.3448450" lon="12.9152930">
    <ele>641.6</ele>
    <time>2023-11-04T12:39:54Z</time>
   </trkpt>
   <trkpt lat="46.3448350" lon="12.9153080">
    <ele>641.4</ele>
    <time>2023-11-04T12:39:55Z</time>
   </trkpt>
   <trkpt lat="46.3448270" lon="12.9153230">
    <ele>641.2</ele>
    <time>2023-11-04T12:39:56Z</time>
   </trkpt>
   <trkpt lat="46.3448150" lon="12.9153470">
    <ele>641.0</ele>
    <time>2023-11-04T12:39:57Z</time>
   </trkpt>
   <trkpt lat="46.3448120" lon="12.9153570">
    <ele>640.9</ele>
    <time>2023-11-04T12:39:58Z</time>
   </trkpt>
   <trkpt lat="46.3448080" lon="12.9153670">
    <ele>640.8</ele>
    <time>2023-11-04T12:39:59Z</time>
   </trkpt>
   <trkpt lat="46.3447990" lon="12.9153950">
    <ele>640.6</ele>
    <time>2023-11-04T12:40:00Z</time>
   </trkpt>
   <trkpt lat="46.3447960" lon="12.9154080">
    <ele>640.4</ele>
    <time>2023-11-04T12:40:01Z</time>
   </trkpt>
   <trkpt lat="46.3447920" lon="12.9154210">
    <ele>640.3</ele>
    <time>2023-11-04T12:40:02Z</time>
   </trkpt>
   <trkpt lat="46.3447890" lon="12.9154420">
    <ele>640.2</ele>
    <time>2023-11-04T12:40:03Z</time>
   </trkpt>
   <trkpt lat="46.3447860" lon="12.9154640">
    <ele>640.0</ele>
    <time>2023-11-04T12:40:04Z</time>
   </trkpt>
   <trkpt lat="46.3447830" lon="12.9154850">
    <ele>639.9</ele>
    <time>2023-11-04T12:40:05Z</time>
   </trkpt>
   <trkpt lat="46.3447800" lon="12.9155060">
    <ele>639.7</ele>
    <time>2023-11-04T12:40:06Z</time>
   </trkpt>
   <trkpt lat="46.3447760" lon="12.9155260">
    <ele>639.6</ele>
    <time>2023-11-04T12:40:07Z</time>
   </trkpt>
   <trkpt lat="46.3447720" lon="12.9155450">
    <ele>639.5</ele>
    <time>2023-11-04T12:40:08Z</time>
   </trkpt>
   <trkpt lat="46.3447660" lon="12.9155750">
    <ele>639.3</ele>
    <time>2023-11-04T12:40:09Z</time>
   </trkpt>
   <trkpt lat="46.3447630" lon="12.9155860">
    <ele>639.2</ele>
    <time>2023-11-04T12:40:10Z</time>
   </trkpt>
   <trkpt lat="46.3447610" lon="12.9155970">
    <ele>639.1</ele>
    <time>2023-11-04T12:40:11Z</time>
   </trkpt>
   <trkpt lat="46.3447570" lon="12.9156110">
    <ele>639.1</ele>
    <time>2023-11-04T12:40:12Z</time>
   </trkpt>
   <trkpt lat="46.3447560" lon="12.9156300">
    <ele>639.0</ele>
    <time>2023-11-04T12:40:13Z</time>
   </trkpt>
   <trkpt lat="46.3447560" lon="12.9156460">
    <ele>638.9</ele>
    <time>2023-11-04T12:40:14Z</time>
   </trkpt>
   <trkpt lat="46.3447560" lon="12.9156750">
    <ele>638.8</ele>
    <time>2023-11-04T12:40:15Z</time>
   </trkpt>
   <trkpt lat="46.3447520" lon="12.9156880">
    <ele>638.7</ele>
    <time>2023-11-04T12:40:16Z</time>
   </trkpt>
   <trkpt lat="46.3447470" lon="12.9157010">
    <ele>638.6</ele>
    <time>2023-11-04T12:40:18Z</time>
   </trkpt>
   <trkpt lat="46.3447410" lon="12.9157120">
    <ele>638.6</ele>
    <time>2023-11-04T12:40:19Z</time>
   </trkpt>
   <trkpt lat="46.3447340" lon="12.9157240">
    <ele>638.5</ele>
    <time>2023-11-04T12:40:20Z</time>
   </trkpt>
   <trkpt lat="46.3447190" lon="12.9157610">
    <ele>638.4</ele>
    <time>2023-11-04T12:40:21Z</time>
   </trkpt>
   <trkpt lat="46.3447140" lon="12.9157740">
    <ele>638.3</ele>
    <time>2023-11-04T12:40:23Z</time>
   </trkpt>
   <trkpt lat="46.3447100" lon="12.9157860">
    <ele>638.3</ele>
    <time>2023-11-04T12:40:24Z</time>
   </trkpt>
   <trkpt lat="46.3447060" lon="12.9157990">
    <ele>638.2</ele>
    <time>2023-11-04T12:40:25Z</time>
   </trkpt>
   <trkpt lat="46.3447010" lon="12.9158110">
    <ele>638.2</ele>
    <time>2023-11-04T12:40:26Z</time>
   </trkpt>
   <trkpt lat="46.3446880" lon="12.9158350">
    <ele>638.1</ele>
    <time>2023-11-04T12:40:27Z</time>
   </trkpt>
   <trkpt lat="46.3446830" lon="12.9158440">
    <ele>638.1</ele>
    <time>2023-11-04T12:40:28Z</time>
   </trkpt>
   <trkpt lat="46.3446770" lon="12.9158530">
    <ele>638.1</ele>
    <time>2023-11-04T12:40:29Z</time>
   </trkpt>
   <trkpt lat="46.3446590" lon="12.9158720">
    <ele>638.0</ele>
    <time>2023-11-04T12:40:30Z</time>
   </trkpt>
   <trkpt lat="46.3446520" lon="12.9158790">
    <ele>638.0</ele>
    <time>2023-11-04T12:40:31Z</time>
   </trkpt>
   <trkpt lat="46.3446450" lon="12.9158860">
    <ele>637.9</ele>
    <time>2023-11-04T12:40:32Z</time>
   </trkpt>
   <trkpt lat="46.3446350" lon="12.9158920">
    <ele>637.9</ele>
    <time>2023-11-04T12:40:33Z</time>
   </trkpt>
   <trkpt lat="46.3446250" lon="12.9158960">
    <ele>637.9</ele>
    <time>2023-11-04T12:40:34Z</time>
   </trkpt>
   <trkpt lat="46.3446180" lon="12.9159020">
    <ele>637.9</ele>
    <time>2023-11-04T12:40:35Z</time>
   </trkpt>
   <trkpt lat="46.3446090" lon="12.9159060">
    <ele>637.8</ele>
    <time>2023-11-04T12:40:36Z</time>
   </trkpt>
   <trkpt lat="46.3446000" lon="12.9159080">
    <ele>637.8</ele>
    <time>2023-11-04T12:40:37Z</time>
   </trkpt>
   <trkpt lat="46.3445840" lon="12.9159130">
    <ele>637.8</ele>
    <time>2023-11-04T12:40:38Z</time>
   </trkpt>
   <trkpt lat="46.3445810" lon="12.9159150">
    <ele>637.8</ele>
    <time>2023-11-04T12:40:40Z</time>
   </trkpt>
   <trkpt lat="46.3445840" lon="12.9159310">
    <ele>637.8</ele>
    <time>2023-11-04T12:40:41Z</time>
   </trkpt>
   <trkpt lat="46.3445840" lon="12.9159360">
    <ele>637.8</ele>
    <time>2023-11-04T12:40:42Z</time>
   </trkpt>
   <trkpt lat="46.3445840" lon="12.9159400">
    <ele>637.8</ele>
    <time>2023-11-04T12:40:43Z</time>
   </trkpt>
   <trkpt lat="46.3445840" lon="12.9159410">
    <ele>637.8</ele>
    <time>2023-11-04T12:40:45Z</time>
   </trkpt>
   <trkpt lat="46.3445810" lon="12.9159440">
    <ele>637.8</ele>
    <time>2023-11-04T12:40:46Z</time>
   </trkpt>
   <trkpt lat="46.3445790" lon="12.9159460">
    <ele>637.8</ele>
    <time>2023-11-04T12:40:47Z</time>
   </trkpt>
   <trkpt lat="46.3445740" lon="12.9159570">
    <ele>637.8</ele>
    <time>2023-11-04T12:40:48Z</time>
   </trkpt>
   <trkpt lat="46.3445710" lon="12.9159650">
    <ele>637.8</ele>
    <time>2023-11-04T12:40:49Z</time>
   </trkpt>
   <trkpt lat="46.3445710" lon="12.9159660">
    <ele>637.8</ele>
    <time>2023-11-04T12:40:50Z</time>
   </trkpt>
   <trkpt lat="46.3445700" lon="12.9159670">
    <ele>637.8</ele>
    <time>2023-11-04T12:40:51Z</time>
   </trkpt>
   <trkpt lat="46.3445690" lon="12.9159680">
    <ele>637.8</ele>
    <time>2023-11-04T12:40:52Z</time>
   </trkpt>
   <trkpt lat="46.3445690" lon="12.9159700">
    <ele>637.8</ele>
    <time>2023-11-04T12:40:54Z</time>
   </trkpt>
   <trkpt lat="46.3445680" lon="12.9159710">
    <ele>637.8</ele>
    <time>2023-11-04T12:40:56Z</time>
   </trkpt>
   <trkpt lat="46.3445670" lon="12.9159720">
    <ele>637.8</ele>
    <time>2023-11-04T12:40:57Z</time>
   </trkpt>
   <trkpt lat="46.3445660" lon="12.9159740">
    <ele>637.8</ele>
    <time>2023-11-04T12:40:58Z</time>
   </trkpt>
   <trkpt lat="46.3445660" lon="12.9159750">
    <ele>637.8</ele>
    <time>2023-11-04T12:41:00Z</time>
   </trkpt>
   <trkpt lat="46.3445650" lon="12.9159760">
    <ele>637.8</ele>
    <time>2023-11-04T12:41:01Z</time>
   </trkpt>
   <trkpt lat="46.3445640" lon="12.9159770">
    <ele>637.8</ele>
    <time>2023-11-04T12:41:02Z</time>
   </trkpt>
   <trkpt lat="46.3445640" lon="12.9159790">
    <ele>637.8</ele>
    <time>2023-11-04T12:41:03Z</time>
   </trkpt>
   <trkpt lat="46.3445630" lon="12.9159800">
    <ele>637.8</ele>
    <time>2023-11-04T12:41:04Z</time>
   </trkpt>
   <trkpt lat="46.3445620" lon="12.9159810">
    <ele>637.8</ele>
    <time>2023-11-04T12:41:05Z</time>
   </trkpt>
   <trkpt lat="46.3445620" lon="12.9159820">
    <ele>637.8</ele>
    <time>2023-11-04T12:41:06Z</time>
   </trkpt>
   <trkpt lat="46.3445610" lon="12.9159840">
    <ele>637.8</ele>
    <time>2023-11-04T12:41:07Z</time>
   </trkpt>
   <trkpt lat="46.3445600" lon="12.9159850">
    <ele>637.8</ele>
    <time>2023-11-04T12:41:08Z</time>
   </trkpt>
   <trkpt lat="46.3445600" lon="12.9159860">
    <ele>637.8</ele>
    <time>2023-11-04T12:41:09Z</time>
   </trkpt>
   <trkpt lat="46.3445590" lon="12.9159870">
    <ele>637.8</ele>
    <time>2023-11-04T12:41:10Z</time>
   </trkpt>
   <trkpt lat="46.3445580" lon="12.9159890">
    <ele>637.8</ele>
    <time>2023-11-04T12:41:11Z</time>
   </trkpt>
   <trkpt lat="46.3445580" lon="12.9159900">
    <ele>637.8</ele>
    <time>2023-11-04T12:41:12Z</time>
   </trkpt>
   <trkpt lat="46.3445570" lon="12.9159910">
    <ele>637.8</ele>
    <time>2023-11-04T12:41:13Z</time>
   </trkpt>
   <trkpt lat="46.3445560" lon="12.9159930">
    <ele>637.8</ele>
    <time>2023-11-04T12:41:14Z</time>
   </trkpt>
   <trkpt lat="46.3445550" lon="12.9159940">
    <ele>637.8</ele>
    <time>2023-11-04T12:41:16Z</time>
   </trkpt>
   <trkpt lat="46.3445550" lon="12.9159950">
    <ele>637.8</ele>
    <time>2023-11-04T12:41:17Z</time>
   </trkpt>
   <trkpt lat="46.3445540" lon="12.9159960">
    <ele>637.8</ele>
    <time>2023-11-04T12:41:18Z</time>
   </trkpt>
   <trkpt lat="46.3445530" lon="12.9159980">
    <ele>637.8</ele>
    <time>2023-11-04T12:41:19Z</time>
   </trkpt>
   <trkpt lat="46.3445530" lon="12.9159990">
    <ele>637.8</ele>
    <time>2023-11-04T12:41:21Z</time>
   </trkpt>
   <trkpt lat="46.3445520" lon="12.9160000">
    <ele>637.8</ele>
    <time>2023-11-04T12:41:22Z</time>
   </trkpt>
   <trkpt lat="46.3445470" lon="12.9160160">
    <ele>637.8</ele>
    <time>2023-11-04T12:41:23Z</time>
   </trkpt>
   <trkpt lat="46.3445450" lon="12.9160300">
    <ele>637.8</ele>
    <time>2023-11-04T12:41:24Z</time>
   </trkpt>
   <trkpt lat="46.3445440" lon="12.9160460">
    <ele>637.8</ele>
    <time>2023-11-04T12:41:25Z</time>
   </trkpt>
   <trkpt lat="46.3445430" lon="12.9160770">
    <ele>637.8</ele>
    <time>2023-11-04T12:41:26Z</time>
   </trkpt>
   <trkpt lat="46.3445420" lon="12.9160900">
    <ele>637.8</ele>
    <time>2023-11-04T12:41:27Z</time>
   </trkpt>
   <trkpt lat="46.3445420" lon="12.9161040">
    <ele>637.8</ele>
    <time>2023-11-04T12:41:28Z</time>
   </trkpt>
   <trkpt lat="46.3445410" lon="12.9161140">
    <ele>637.8</ele>
    <time>2023-11-04T12:41:29Z</time>
   </trkpt>
   <trkpt lat="46.3445400" lon="12.9161290">
    <ele>637.8</ele>
    <time>2023-11-04T12:41:30Z</time>
   </trkpt>
   <trkpt lat="46.3445370" lon="12.9161460">
    <ele>637.8</ele>
    <time>2023-11-04T12:41:31Z</time>
   </trkpt>
   <trkpt lat="46.3445310" lon="12.9161600">
    <ele>637.8</ele>
    <time>2023-11-04T12:41:32Z</time>
   </trkpt>
   <trkpt lat="46.3445260" lon="12.9161730">
    <ele>637.8</ele>
    <time>2023-11-04T12:41:33Z</time>
   </trkpt>
   <trkpt lat="46.3445220" lon="12.9161860">
    <ele>637.8</ele>
    <time>2023-11-04T12:41:34Z</time>
   </trkpt>
   <trkpt lat="46.3445170" lon="12.9162010">
    <ele>637.8</ele>
    <time>2023-11-04T12:41:35Z</time>
   </trkpt>
   <trkpt lat="46.3445140" lon="12.9162160">
    <ele>637.8</ele>
    <time>2023-11-04T12:41:36Z</time>
   </trkpt>
   <trkpt lat="46.3445110" lon="12.9162300">
    <ele>637.8</ele>
    <time>2023-11-04T12:41:37Z</time>
   </trkpt>
   <trkpt lat="46.3445070" lon="12.9162490">
    <ele>637.8</ele>
    <time>2023-11-04T12:41:38Z</time>
   </trkpt>
   <trkpt lat="46.3445020" lon="12.9162710">
    <ele>637.9</ele>
    <time>2023-11-04T12:41:39Z</time>
   </trkpt>
   <trkpt lat="46.3444950" lon="12.9163010">
    <ele>637.9</ele>
    <time>2023-11-04T12:41:40Z</time>
   </trkpt>
   <trkpt lat="46.3444930" lon="12.9163110">
    <ele>637.9</ele>
    <time>2023-11-04T12:41:41Z</time>
   </trkpt>
   <trkpt lat="46.3444900" lon="12.9163220">
    <ele>637.9</ele>
    <time>2023-11-04T12:41:42Z</time>
   </trkpt>
   <trkpt lat="46.3444840" lon="12.9163520">
    <ele>637.9</ele>
    <time>2023-11-04T12:41:43Z</time>
   </trkpt>
   <trkpt lat="46.3444820" lon="12.9163640">
    <ele>637.9</ele>
    <time>2023-11-04T12:41:44Z</time>
   </trkpt>
   <trkpt lat="46.3444790" lon="12.9163760">
    <ele>637.9</ele>
    <time>2023-11-04T12:41:45Z</time>
   </trkpt>
   <trkpt lat="46.3444710" lon="12.9164040">
    <ele>637.9</ele>
    <time>2023-11-04T12:41:46Z</time>
   </trkpt>
   <trkpt lat="46.3444670" lon="12.9164150">
    <ele>637.9</ele>
    <time>2023-11-04T12:41:47Z</time>
   </trkpt>
   <trkpt lat="46.3444640" lon="12.9164260">
    <ele>637.9</ele>
    <time>2023-11-04T12:41:48Z</time>
   </trkpt>
   <trkpt lat="46.3444580" lon="12.9164420">
    <ele>637.9</ele>
    <time>2023-11-04T12:41:49Z</time>
   </trkpt>
   <trkpt lat="46.3444530" lon="12.9164550">
    <ele>637.9</ele>
    <time>2023-11-04T12:41:50Z</time>
   </trkpt>
   <trkpt lat="46.3444490" lon="12.9164700">
    <ele>637.9</ele>
    <time>2023-11-04T12:41:51Z</time>
   </trkpt>
   <trkpt lat="46.3444460" lon="12.9164860">
    <ele>637.8</ele>
    <time>2023-11-04T12:41:52Z</time>
   </trkpt>
   <trkpt lat="46.3444440" lon="12.9165020">
    <ele>637.8</ele>
    <time>2023-11-04T12:41:53Z</time>
   </trkpt>
   <trkpt lat="46.3444420" lon="12.9165180">
    <ele>637.8</ele>
    <time>2023-11-04T12:41:54Z</time>
   </trkpt>
   <trkpt lat="46.3444380" lon="12.9165320">
    <ele>637.8</ele>
    <time>2023-11-04T12:41:55Z</time>
   </trkpt>
   <trkpt lat="46.3444340" lon="12.9165450">
    <ele>637.7</ele>
    <time>2023-11-04T12:41:56Z</time>
   </trkpt>
   <trkpt lat="46.3444290" lon="12.9165580">
    <ele>637.7</ele>
    <time>2023-11-04T12:41:57Z</time>
   </trkpt>
   <trkpt lat="46.3444260" lon="12.9165730">
    <ele>637.6</ele>
    <time>2023-11-04T12:41:58Z</time>
   </trkpt>
   <trkpt lat="46.3444260" lon="12.9165890">
    <ele>637.6</ele>
    <time>2023-11-04T12:41:59Z</time>
   </trkpt>
   <trkpt lat="46.3444270" lon="12.9166060">
    <ele>637.6</ele>
    <time>2023-11-04T12:42:00Z</time>
   </trkpt>
   <trkpt lat="46.3444280" lon="12.9166220">
    <ele>637.5</ele>
    <time>2023-11-04T12:42:01Z</time>
   </trkpt>
   <trkpt lat="46.3444320" lon="12.9166380">
    <ele>637.5</ele>
    <time>2023-11-04T12:42:02Z</time>
   </trkpt>
   <trkpt lat="46.3444360" lon="12.9166550">
    <ele>637.4</ele>
    <time>2023-11-04T12:42:03Z</time>
   </trkpt>
   <trkpt lat="46.3444410" lon="12.9166840">
    <ele>637.3</ele>
    <time>2023-11-04T12:42:04Z</time>
   </trkpt>
   <trkpt lat="46.3444440" lon="12.9166950">
    <ele>637.2</ele>
    <time>2023-11-04T12:42:05Z</time>
   </trkpt>
   <trkpt lat="46.3444470" lon="12.9167060">
    <ele>637.2</ele>
    <time>2023-11-04T12:42:06Z</time>
   </trkpt>
   <trkpt lat="46.3444560" lon="12.9167340">
    <ele>637.1</ele>
    <time>2023-11-04T12:42:07Z</time>
   </trkpt>
   <trkpt lat="46.3444590" lon="12.9167450">
    <ele>637.0</ele>
    <time>2023-11-04T12:42:08Z</time>
   </trkpt>
   <trkpt lat="46.3444620" lon="12.9167560">
    <ele>637.0</ele>
    <time>2023-11-04T12:42:09Z</time>
   </trkpt>
   <trkpt lat="46.3444700" lon="12.9167750">
    <ele>636.9</ele>
    <time>2023-11-04T12:42:10Z</time>
   </trkpt>
   <trkpt lat="46.3444780" lon="12.9167890">
    <ele>636.8</ele>
    <time>2023-11-04T12:42:11Z</time>
   </trkpt>
   <trkpt lat="46.3444860" lon="12.9168000">
    <ele>636.8</ele>
    <time>2023-11-04T12:42:12Z</time>
   </trkpt>
   <trkpt lat="46.3444930" lon="12.9168110">
    <ele>636.7</ele>
    <time>2023-11-04T12:42:13Z</time>
   </trkpt>
   <trkpt lat="46.3445000" lon="12.9168210">
    <ele>636.6</ele>
    <time>2023-11-04T12:42:14Z</time>
   </trkpt>
   <trkpt lat="46.3445090" lon="12.9168300">
    <ele>636.6</ele>
    <time>2023-11-04T12:42:15Z</time>
   </trkpt>
   <trkpt lat="46.3445180" lon="12.9168400">
    <ele>636.5</ele>
    <time>2023-11-04T12:42:16Z</time>
   </trkpt>
   <trkpt lat="46.3445250" lon="12.9168490">
    <ele>636.5</ele>
    <time>2023-11-04T12:42:17Z</time>
   </trkpt>
   <trkpt lat="46.3445330" lon="12.9168600">
    <ele>636.4</ele>
    <time>2023-11-04T12:42:18Z</time>
   </trkpt>
   <trkpt lat="46.3445410" lon="12.9168710">
    <ele>636.3</ele>
    <time>2023-11-04T12:42:19Z</time>
   </trkpt>
   <trkpt lat="46.3445480" lon="12.9168840">
    <ele>636.3</ele>
    <time>2023-11-04T12:42:20Z</time>
   </trkpt>
   <trkpt lat="46.3445540" lon="12.9168980">
    <ele>636.2</ele>
    <time>2023-11-04T12:42:21Z</time>
   </trkpt>
   <trkpt lat="46.3445590" lon="12.9169130">
    <ele>636.1</ele>
    <time>2023-11-04T12:42:22Z</time>
   </trkpt>
   <trkpt lat="46.3445640" lon="12.9169290">
    <ele>636.0</ele>
    <time>2023-11-04T12:42:23Z</time>
   </trkpt>
   <trkpt lat="46.3445720" lon="12.9169570">
    <ele>635.9</ele>
    <time>2023-11-04T12:42:24Z</time>
   </trkpt>
   <trkpt lat="46.3445750" lon="12.9169670">
    <ele>635.9</ele>
    <time>2023-11-04T12:42:25Z</time>
   </trkpt>
   <trkpt lat="46.3445780" lon="12.9169780">
    <ele>635.8</ele>
    <time>2023-11-04T12:42:26Z</time>
   </trkpt>
   <trkpt lat="46.3445790" lon="12.9169940">
    <ele>635.8</ele>
    <time>2023-11-04T12:42:27Z</time>
   </trkpt>
   <trkpt lat="46.3445790" lon="12.9170100">
    <ele>635.7</ele>
    <time>2023-11-04T12:42:28Z</time>
   </trkpt>
   <trkpt lat="46.3445780" lon="12.9170250">
    <ele>635.6</ele>
    <time>2023-11-04T12:42:29Z</time>
   </trkpt>
   <trkpt lat="46.3445760" lon="12.9170380">
    <ele>635.6</ele>
    <time>2023-11-04T12:42:30Z</time>
   </trkpt>
   <trkpt lat="46.3445700" lon="12.9170470">
    <ele>635.5</ele>
    <time>2023-11-04T12:42:31Z</time>
   </trkpt>
   <trkpt lat="46.3445650" lon="12.9170560">
    <ele>635.5</ele>
    <time>2023-11-04T12:42:32Z</time>
   </trkpt>
   <trkpt lat="46.3445590" lon="12.9170650">
    <ele>635.4</ele>
    <time>2023-11-04T12:42:33Z</time>
   </trkpt>
   <trkpt lat="46.3445510" lon="12.9170730">
    <ele>635.4</ele>
    <time>2023-11-04T12:42:34Z</time>
   </trkpt>
   <trkpt lat="46.3445430" lon="12.9170820">
    <ele>635.3</ele>
    <time>2023-11-04T12:42:35Z</time>
   </trkpt>
   <trkpt lat="46.3445360" lon="12.9170920">
    <ele>635.2</ele>
    <time>2023-11-04T12:42:36Z</time>
   </trkpt>
   <trkpt lat="46.3445270" lon="12.9171030">
    <ele>635.1</ele>
    <time>2023-11-04T12:42:37Z</time>
   </trkpt>
   <trkpt lat="46.3445190" lon="12.9171140">
    <ele>635.1</ele>
    <time>2023-11-04T12:42:38Z</time>
   </trkpt>
   <trkpt lat="46.3445120" lon="12.9171230">
    <ele>635.0</ele>
    <time>2023-11-04T12:42:39Z</time>
   </trkpt>
   <trkpt lat="46.3445060" lon="12.9171340">
    <ele>635.0</ele>
    <time>2023-11-04T12:42:40Z</time>
   </trkpt>
   <trkpt lat="46.3445020" lon="12.9171470">
    <ele>634.9</ele>
    <time>2023-11-04T12:42:41Z</time>
   </trkpt>
   <trkpt lat="46.3445000" lon="12.9171630">
    <ele>634.8</ele>
    <time>2023-11-04T12:42:42Z</time>
   </trkpt>
   <trkpt lat="46.3445000" lon="12.9171940">
    <ele>634.7</ele>
    <time>2023-11-04T12:42:43Z</time>
   </trkpt>
   <trkpt lat="46.3445020" lon="12.9172060">
    <ele>634.6</ele>
    <time>2023-11-04T12:42:44Z</time>
   </trkpt>
   <trkpt lat="46.3445030" lon="12.9172180">
    <ele>634.5</ele>
    <time>2023-11-04T12:42:45Z</time>
   </trkpt>
   <trkpt lat="46.3445060" lon="12.9172380">
    <ele>634.4</ele>
    <time>2023-11-04T12:42:46Z</time>
   </trkpt>
   <trkpt lat="46.3445100" lon="12.9172580">
    <ele>634.3</ele>
    <time>2023-11-04T12:42:47Z</time>
   </trkpt>
   <trkpt lat="46.3445140" lon="12.9172900">
    <ele>634.1</ele>
    <time>2023-11-04T12:42:48Z</time>
   </trkpt>
   <trkpt lat="46.3445150" lon="12.9173030">
    <ele>634.1</ele>
    <time>2023-11-04T12:42:49Z</time>
   </trkpt>
   <trkpt lat="46.3445160" lon="12.9173150">
    <ele>634.0</ele>
    <time>2023-11-04T12:42:50Z</time>
   </trkpt>
   <trkpt lat="46.3445190" lon="12.9173350">
    <ele>633.9</ele>
    <time>2023-11-04T12:42:51Z</time>
   </trkpt>
   <trkpt lat="46.3445240" lon="12.9173550">
    <ele>633.7</ele>
    <time>2023-11-04T12:42:52Z</time>
   </trkpt>
   <trkpt lat="46.3445290" lon="12.9173740">
    <ele>633.6</ele>
    <time>2023-11-04T12:42:53Z</time>
   </trkpt>
   <trkpt lat="46.3445320" lon="12.9173940">
    <ele>633.5</ele>
    <time>2023-11-04T12:42:54Z</time>
   </trkpt>
   <trkpt lat="46.3445360" lon="12.9174130">
    <ele>633.4</ele>
    <time>2023-11-04T12:42:55Z</time>
   </trkpt>
   <trkpt lat="46.3445390" lon="12.9174330">
    <ele>633.3</ele>
    <time>2023-11-04T12:42:56Z</time>
   </trkpt>
   <trkpt lat="46.3445430" lon="12.9174520">
    <ele>633.1</ele>
    <time>2023-11-04T12:42:57Z</time>
   </trkpt>
   <trkpt lat="46.3445460" lon="12.9174720">
    <ele>633.0</ele>
    <time>2023-11-04T12:42:58Z</time>
   </trkpt>
   <trkpt lat="46.3445480" lon="12.9174920">
    <ele>632.9</ele>
    <time>2023-11-04T12:42:59Z</time>
   </trkpt>
   <trkpt lat="46.3445500" lon="12.9175120">
    <ele>632.8</ele>
    <time>2023-11-04T12:43:00Z</time>
   </trkpt>
   <trkpt lat="46.3445530" lon="12.9175330">
    <ele>632.7</ele>
    <time>2023-11-04T12:43:01Z</time>
   </trkpt>
   <trkpt lat="46.3445560" lon="12.9175530">
    <ele>632.6</ele>
    <time>2023-11-04T12:43:02Z</time>
   </trkpt>
   <trkpt lat="46.3445590" lon="12.9175730">
    <ele>632.5</ele>
    <time>2023-11-04T12:43:03Z</time>
   </trkpt>
   <trkpt lat="46.3445620" lon="12.9175920">
    <ele>632.4</ele>
    <time>2023-11-04T12:43:04Z</time>
   </trkpt>
   <trkpt lat="46.3445680" lon="12.9176230">
    <ele>632.2</ele>
    <time>2023-11-04T12:43:05Z</time>
   </trkpt>
   <trkpt lat="46.3445710" lon="12.9176350">
    <ele>632.2</ele>
    <time>2023-11-04T12:43:06Z</time>
   </trkpt>
   <trkpt lat="46.3445740" lon="12.9176460">
    <ele>632.1</ele>
    <time>2023-11-04T12:43:07Z</time>
   </trkpt>
   <trkpt lat="46.3445770" lon="12.9176750">
    <ele>632.0</ele>
    <time>2023-11-04T12:43:08Z</time>
   </trkpt>
   <trkpt lat="46.3445780" lon="12.9176870">
    <ele>631.9</ele>
    <time>2023-11-04T12:43:09Z</time>
   </trkpt>
   <trkpt lat="46.3445790" lon="12.9176980">
    <ele>631.9</ele>
    <time>2023-11-04T12:43:10Z</time>
   </trkpt>
   <trkpt lat="46.3445820" lon="12.9177330">
    <ele>631.8</ele>
    <time>2023-11-04T12:43:11Z</time>
   </trkpt>
   <trkpt lat="46.3445830" lon="12.9177500">
    <ele>631.7</ele>
    <time>2023-11-04T12:43:12Z</time>
   </trkpt>
   <trkpt lat="46.3445840" lon="12.9177680">
    <ele>631.6</ele>
    <time>2023-11-04T12:43:13Z</time>
   </trkpt>
   <trkpt lat="46.3445860" lon="12.9177950">
    <ele>631.5</ele>
    <time>2023-11-04T12:43:15Z</time>
   </trkpt>
   <trkpt lat="46.3445880" lon="12.9178050">
    <ele>631.5</ele>
    <time>2023-11-04T12:43:16Z</time>
   </trkpt>
   <trkpt lat="46.3445880" lon="12.9178260">
    <ele>631.4</ele>
    <time>2023-11-04T12:43:17Z</time>
   </trkpt>
   <trkpt lat="46.3445900" lon="12.9178470">
    <ele>631.3</ele>
    <time>2023-11-04T12:43:18Z</time>
   </trkpt>
   <trkpt lat="46.3445930" lon="12.9178670">
    <ele>631.2</ele>
    <time>2023-11-04T12:43:19Z</time>
   </trkpt>
   <trkpt lat="46.3445930" lon="12.9178880">
    <ele>631.2</ele>
    <time>2023-11-04T12:43:20Z</time>
   </trkpt>
   <trkpt lat="46.3445930" lon="12.9179080">
    <ele>631.1</ele>
    <time>2023-11-04T12:43:21Z</time>
   </trkpt>
   <trkpt lat="46.3445920" lon="12.9179290">
    <ele>631.0</ele>
    <time>2023-11-04T12:43:22Z</time>
   </trkpt>
   <trkpt lat="46.3445910" lon="12.9179500">
    <ele>631.0</ele>
    <time>2023-11-04T12:43:23Z</time>
   </trkpt>
   <trkpt lat="46.3445910" lon="12.9179710">
    <ele>630.9</ele>
    <time>2023-11-04T12:43:24Z</time>
   </trkpt>
   <trkpt lat="46.3445930" lon="12.9179910">
    <ele>630.8</ele>
    <time>2023-11-04T12:43:25Z</time>
   </trkpt>
   <trkpt lat="46.3445930" lon="12.9180130">
    <ele>630.8</ele>
    <time>2023-11-04T12:43:26Z</time>
   </trkpt>
   <trkpt lat="46.3445920" lon="12.9180330">
    <ele>630.7</ele>
    <time>2023-11-04T12:43:27Z</time>
   </trkpt>
   <trkpt lat="46.3445930" lon="12.9180540">
    <ele>630.6</ele>
    <time>2023-11-04T12:43:28Z</time>
   </trkpt>
   <trkpt lat="46.3445920" lon="12.9180730">
    <ele>630.6</ele>
    <time>2023-11-04T12:43:29Z</time>
   </trkpt>
   <trkpt lat="46.3445900" lon="12.9180900">
    <ele>630.6</ele>
    <time>2023-11-04T12:43:30Z</time>
   </trkpt>
   <trkpt lat="46.3445860" lon="12.9181040">
    <ele>630.5</ele>
    <time>2023-11-04T12:43:31Z</time>
   </trkpt>
   <trkpt lat="46.3445810" lon="12.9181190">
    <ele>630.5</ele>
    <time>2023-11-04T12:43:32Z</time>
   </trkpt>
   <trkpt lat="46.3445760" lon="12.9181310">
    <ele>630.5</ele>
    <time>2023-11-04T12:43:33Z</time>
   </trkpt>
   <trkpt lat="46.3445670" lon="12.9181430">
    <ele>630.4</ele>
    <time>2023-11-04T12:43:34Z</time>
   </trkpt>
   <trkpt lat="46.3445590" lon="12.9181540">
    <ele>630.4</ele>
    <time>2023-11-04T12:43:35Z</time>
   </trkpt>
   <trkpt lat="46.3445510" lon="12.9181620">
    <ele>630.3</ele>
    <time>2023-11-04T12:43:36Z</time>
   </trkpt>
   <trkpt lat="46.3445440" lon="12.9181710">
    <ele>630.3</ele>
    <time>2023-11-04T12:43:37Z</time>
   </trkpt>
   <trkpt lat="46.3445360" lon="12.9181780">
    <ele>630.3</ele>
    <time>2023-11-04T12:43:38Z</time>
   </trkpt>
   <trkpt lat="46.3445270" lon="12.9181850">
    <ele>630.3</ele>
    <time>2023-11-04T12:43:39Z</time>
   </trkpt>
   <trkpt lat="46.3445180" lon="12.9181900">
    <ele>630.2</ele>
    <time>2023-11-04T12:43:40Z</time>
   </trkpt>
   <trkpt lat="46.3445070" lon="12.9181940">
    <ele>630.2</ele>
    <time>2023-11-04T12:43:41Z</time>
   </trkpt>
   <trkpt lat="46.3444970" lon="12.9181960">
    <ele>630.1</ele>
    <time>2023-11-04T12:43:42Z</time>
   </trkpt>
   <trkpt lat="46.3444860" lon="12.9181990">
    <ele>630.1</ele>
    <time>2023-11-04T12:43:43Z</time>
   </trkpt>
   <trkpt lat="46.3444740" lon="12.9182010">
    <ele>630.0</ele>
    <time>2023-11-04T12:43:44Z</time>
   </trkpt>
   <trkpt lat="46.3444630" lon="12.9182050">
    <ele>630.0</ele>
    <time>2023-11-04T12:43:45Z</time>
   </trkpt>
   <trkpt lat="46.3444510" lon="12.9182060">
    <ele>629.9</ele>
    <time>2023-11-04T12:43:46Z</time>
   </trkpt>
   <trkpt lat="46.3444390" lon="12.9182070">
    <ele>629.9</ele>
    <time>2023-11-04T12:43:47Z</time>
   </trkpt>
   <trkpt lat="46.3444280" lon="12.9182050">
    <ele>629.8</ele>
    <time>2023-11-04T12:43:48Z</time>
   </trkpt>
   <trkpt lat="46.3444170" lon="12.9182030">
    <ele>629.7</ele>
    <time>2023-11-04T12:43:49Z</time>
   </trkpt>
   <trkpt lat="46.3444060" lon="12.9182010">
    <ele>629.7</ele>
    <time>2023-11-04T12:43:50Z</time>
   </trkpt>
   <trkpt lat="46.3443960" lon="12.9181970">
    <ele>629.6</ele>
    <time>2023-11-04T12:43:51Z</time>
   </trkpt>
   <trkpt lat="46.3443860" lon="12.9181930">
    <ele>629.6</ele>
    <time>2023-11-04T12:43:52Z</time>
   </trkpt>
   <trkpt lat="46.3443760" lon="12.9181890">
    <ele>629.5</ele>
    <time>2023-11-04T12:43:53Z</time>
   </trkpt>
   <trkpt lat="46.3443680" lon="12.9181830">
    <ele>629.4</ele>
    <time>2023-11-04T12:43:54Z</time>
   </trkpt>
   <trkpt lat="46.3443580" lon="12.9181770">
    <ele>629.3</ele>
    <time>2023-11-04T12:43:55Z</time>
   </trkpt>
   <trkpt lat="46.3443490" lon="12.9181730">
    <ele>629.3</ele>
    <time>2023-11-04T12:43:56Z</time>
   </trkpt>
   <trkpt lat="46.3443410" lon="12.9181690">
    <ele>629.2</ele>
    <time>2023-11-04T12:43:57Z</time>
   </trkpt>
   <trkpt lat="46.3443330" lon="12.9181630">
    <ele>629.1</ele>
    <time>2023-11-04T12:43:58Z</time>
   </trkpt>
   <trkpt lat="46.3443260" lon="12.9181580">
    <ele>629.1</ele>
    <time>2023-11-04T12:43:59Z</time>
   </trkpt>
   <trkpt lat="46.3443120" lon="12.9181490">
    <ele>629.0</ele>
    <time>2023-11-04T12:44:00Z</time>
   </trkpt>
   <trkpt lat="46.3443050" lon="12.9181460">
    <ele>628.9</ele>
    <time>2023-11-04T12:44:01Z</time>
   </trkpt>
   <trkpt lat="46.3442980" lon="12.9181430">
    <ele>628.8</ele>
    <time>2023-11-04T12:44:02Z</time>
   </trkpt>
   <trkpt lat="46.3442910" lon="12.9181410">
    <ele>628.8</ele>
    <time>2023-11-04T12:44:03Z</time>
   </trkpt>
   <trkpt lat="46.3442820" lon="12.9181350">
    <ele>628.7</ele>
    <time>2023-11-04T12:44:04Z</time>
   </trkpt>
   <trkpt lat="46.3442700" lon="12.9181300">
    <ele>628.6</ele>
    <time>2023-11-04T12:44:05Z</time>
   </trkpt>
   <trkpt lat="46.3442580" lon="12.9181260">
    <ele>628.5</ele>
    <time>2023-11-04T12:44:06Z</time>
   </trkpt>
   <trkpt lat="46.3442450" lon="12.9181220">
    <ele>628.3</ele>
    <time>2023-11-04T12:44:07Z</time>
   </trkpt>
   <trkpt lat="46.3442300" lon="12.9181210">
    <ele>628.2</ele>
    <time>2023-11-04T12:44:08Z</time>
   </trkpt>
   <trkpt lat="46.3442140" lon="12.9181230">
    <ele>628.1</ele>
    <time>2023-11-04T12:44:09Z</time>
   </trkpt>
   <trkpt lat="46.3441990" lon="12.9181260">
    <ele>627.9</ele>
    <time>2023-11-04T12:44:10Z</time>
   </trkpt>
   <trkpt lat="46.3441830" lon="12.9181310">
    <ele>627.8</ele>
    <time>2023-11-04T12:44:11Z</time>
   </trkpt>
   <trkpt lat="46.3441680" lon="12.9181370">
    <ele>628.2</ele>
    <time>2023-11-04T12:44:12Z</time>
   </trkpt>
   <trkpt lat="46.3441540" lon="12.9181480">
    <ele>628.5</ele>
    <time>2023-11-04T12:44:13Z</time>
   </trkpt>
   <trkpt lat="46.3441410" lon="12.9181610">
    <ele>628.9</ele>
    <time>2023-11-04T12:44:14Z</time>
   </trkpt>
   <trkpt lat="46.3441290" lon="12.9181720">
    <ele>629.2</ele>
    <time>2023-11-04T12:44:15Z</time>
   </trkpt>
   <trkpt lat="46.3441160" lon="12.9181810">
    <ele>629.6</ele>
    <time>2023-11-04T12:44:16Z</time>
   </trkpt>
   <trkpt lat="46.3440980" lon="12.9181960">
    <ele>630.1</ele>
    <time>2023-11-04T12:44:17Z</time>
   </trkpt>
   <trkpt lat="46.3440910" lon="12.9182020">
    <ele>630.3</ele>
    <time>2023-11-04T12:44:18Z</time>
   </trkpt>
   <trkpt lat="46.3440850" lon="12.9182090">
    <ele>630.4</ele>
    <time>2023-11-04T12:44:19Z</time>
   </trkpt>
   <trkpt lat="46.3440700" lon="12.9182110">
    <ele>630.8</ele>
    <time>2023-11-04T12:44:20Z</time>
   </trkpt>
   <trkpt lat="46.3440650" lon="12.9182120">
    <ele>630.9</ele>
    <time>2023-11-04T12:44:21Z</time>
   </trkpt>
   <trkpt lat="46.3440590" lon="12.9182130">
    <ele>631.1</ele>
    <time>2023-11-04T12:44:22Z</time>
   </trkpt>
   <trkpt lat="46.3440530" lon="12.9182140">
    <ele>631.2</ele>
    <time>2023-11-04T12:44:23Z</time>
   </trkpt>
   <trkpt lat="46.3440480" lon="12.9182150">
    <ele>631.3</ele>
    <time>2023-11-04T12:44:24Z</time>
   </trkpt>
   <trkpt lat="46.3440390" lon="12.9182180">
    <ele>631.5</ele>
    <time>2023-11-04T12:44:25Z</time>
   </trkpt>
   <trkpt lat="46.3440310" lon="12.9182220">
    <ele>631.7</ele>
    <time>2023-11-04T12:44:26Z</time>
   </trkpt>
   <trkpt lat="46.3440230" lon="12.9182260">
    <ele>631.9</ele>
    <time>2023-11-04T12:44:27Z</time>
   </trkpt>
   <trkpt lat="46.3440140" lon="12.9182290">
    <ele>632.1</ele>
    <time>2023-11-04T12:44:28Z</time>
   </trkpt>
   <trkpt lat="46.3440050" lon="12.9182330">
    <ele>632.4</ele>
    <time>2023-11-04T12:44:29Z</time>
   </trkpt>
   <trkpt lat="46.3439960" lon="12.9182370">
    <ele>632.6</ele>
    <time>2023-11-04T12:44:30Z</time>
   </trkpt>
   <trkpt lat="46.3439880" lon="12.9182450">
    <ele>632.7</ele>
    <time>2023-11-04T12:44:31Z</time>
   </trkpt>
   <trkpt lat="46.3439790" lon="12.9182520">
    <ele>632.7</ele>
    <time>2023-11-04T12:44:32Z</time>
   </trkpt>
   <trkpt lat="46.3439700" lon="12.9182570">
    <ele>632.8</ele>
    <time>2023-11-04T12:44:33Z</time>
   </trkpt>
   <trkpt lat="46.3439620" lon="12.9182600">
    <ele>632.9</ele>
    <time>2023-11-04T12:44:34Z</time>
   </trkpt>
   <trkpt lat="46.3439540" lon="12.9182640">
    <ele>632.9</ele>
    <time>2023-11-04T12:44:35Z</time>
   </trkpt>
   <trkpt lat="46.3439460" lon="12.9182720">
    <ele>633.0</ele>
    <time>2023-11-04T12:44:36Z</time>
   </trkpt>
   <trkpt lat="46.3439380" lon="12.9182790">
    <ele>633.0</ele>
    <time>2023-11-04T12:44:37Z</time>
   </trkpt>
   <trkpt lat="46.3439310" lon="12.9182870">
    <ele>633.1</ele>
    <time>2023-11-04T12:44:38Z</time>
   </trkpt>
   <trkpt lat="46.3439210" lon="12.9182910">
    <ele>633.2</ele>
    <time>2023-11-04T12:44:39Z</time>
   </trkpt>
   <trkpt lat="46.3439110" lon="12.9182990">
    <ele>633.2</ele>
    <time>2023-11-04T12:44:40Z</time>
   </trkpt>
   <trkpt lat="46.3439000" lon="12.9183040">
    <ele>633.3</ele>
    <time>2023-11-04T12:44:41Z</time>
   </trkpt>
   <trkpt lat="46.3438900" lon="12.9183080">
    <ele>633.3</ele>
    <time>2023-11-04T12:44:42Z</time>
   </trkpt>
   <trkpt lat="46.3438800" lon="12.9183130">
    <ele>633.4</ele>
    <time>2023-11-04T12:44:43Z</time>
   </trkpt>
   <trkpt lat="46.3438650" lon="12.9183310">
    <ele>633.5</ele>
    <time>2023-11-04T12:44:44Z</time>
   </trkpt>
   <trkpt lat="46.3438590" lon="12.9183410">
    <ele>633.5</ele>
    <time>2023-11-04T12:44:45Z</time>
   </trkpt>
   <trkpt lat="46.3438540" lon="12.9183510">
    <ele>633.5</ele>
    <time>2023-11-04T12:44:46Z</time>
   </trkpt>
   <trkpt lat="46.3438430" lon="12.9183770">
    <ele>633.6</ele>
    <time>2023-11-04T12:44:47Z</time>
   </trkpt>
   <trkpt lat="46.3438390" lon="12.9183880">
    <ele>633.6</ele>
    <time>2023-11-04T12:44:48Z</time>
   </trkpt>
   <trkpt lat="46.3438360" lon="12.9183990">
    <ele>633.6</ele>
    <time>2023-11-04T12:44:49Z</time>
   </trkpt>
   <trkpt lat="46.3438330" lon="12.9184320">
    <ele>633.7</ele>
    <time>2023-11-04T12:44:50Z</time>
   </trkpt>
   <trkpt lat="46.3438320" lon="12.9184460">
    <ele>633.7</ele>
    <time>2023-11-04T12:44:51Z</time>
   </trkpt>
   <trkpt lat="46.3438310" lon="12.9184610">
    <ele>633.7</ele>
    <time>2023-11-04T12:44:52Z</time>
   </trkpt>
   <trkpt lat="46.3438330" lon="12.9184870">
    <ele>633.7</ele>
    <time>2023-11-04T12:44:53Z</time>
   </trkpt>
   <trkpt lat="46.3438360" lon="12.9185120">
    <ele>633.7</ele>
    <time>2023-11-04T12:44:54Z</time>
   </trkpt>
   <trkpt lat="46.3438400" lon="12.9185350">
    <ele>633.7</ele>
    <time>2023-11-04T12:44:55Z</time>
   </trkpt>
   <trkpt lat="46.3438430" lon="12.9185570">
    <ele>633.7</ele>
    <time>2023-11-04T12:44:56Z</time>
   </trkpt>
   <trkpt lat="46.3438480" lon="12.9185780">
    <ele>633.7</ele>
    <time>2023-11-04T12:44:57Z</time>
   </trkpt>
   <trkpt lat="46.3438530" lon="12.9185980">
    <ele>633.7</ele>
    <time>2023-11-04T12:44:58Z</time>
   </trkpt>
   <trkpt lat="46.3438560" lon="12.9186290">
    <ele>633.7</ele>
    <time>2023-11-04T12:44:59Z</time>
   </trkpt>
   <trkpt lat="46.3438570" lon="12.9186410">
    <ele>633.7</ele>
    <time>2023-11-04T12:45:00Z</time>
   </trkpt>
   <trkpt lat="46.3438580" lon="12.9186530">
    <ele>633.7</ele>
    <time>2023-11-04T12:45:01Z</time>
   </trkpt>
   <trkpt lat="46.3438610" lon="12.9186740">
    <ele>633.7</ele>
    <time>2023-11-04T12:45:02Z</time>
   </trkpt>
   <trkpt lat="46.3438600" lon="12.9186970">
    <ele>633.7</ele>
    <time>2023-11-04T12:45:03Z</time>
   </trkpt>
   <trkpt lat="46.3438620" lon="12.9187190">
    <ele>633.6</ele>
    <time>2023-11-04T12:45:04Z</time>
   </trkpt>
   <trkpt lat="46.3438620" lon="12.9187410">
    <ele>633.6</ele>
    <time>2023-11-04T12:45:05Z</time>
   </trkpt>
   <trkpt lat="46.3438660" lon="12.9187660">
    <ele>633.6</ele>
    <time>2023-11-04T12:45:06Z</time>
   </trkpt>
   <trkpt lat="46.3438680" lon="12.9187890">
    <ele>633.5</ele>
    <time>2023-11-04T12:45:07Z</time>
   </trkpt>
   <trkpt lat="46.3438710" lon="12.9188100">
    <ele>633.5</ele>
    <time>2023-11-04T12:45:08Z</time>
   </trkpt>
   <trkpt lat="46.3438740" lon="12.9188290">
    <ele>633.4</ele>
    <time>2023-11-04T12:45:09Z</time>
   </trkpt>
   <trkpt lat="46.3438780" lon="12.9188480">
    <ele>633.4</ele>
    <time>2023-11-04T12:45:10Z</time>
   </trkpt>
   <trkpt lat="46.3438800" lon="12.9188680">
    <ele>633.3</ele>
    <time>2023-11-04T12:45:11Z</time>
   </trkpt>
   <trkpt lat="46.3438820" lon="12.9188890">
    <ele>633.3</ele>
    <time>2023-11-04T12:45:12Z</time>
   </trkpt>
   <trkpt lat="46.3438870" lon="12.9189090">
    <ele>633.2</ele>
    <time>2023-11-04T12:45:13Z</time>
   </trkpt>
   <trkpt lat="46.3438930" lon="12.9189400">
    <ele>633.1</ele>
    <time>2023-11-04T12:45:14Z</time>
   </trkpt>
   <trkpt lat="46.3438960" lon="12.9189530">
    <ele>633.1</ele>
    <time>2023-11-04T12:45:15Z</time>
   </trkpt>
   <trkpt lat="46.3438980" lon="12.9189650">
    <ele>633.1</ele>
    <time>2023-11-04T12:45:16Z</time>
   </trkpt>
   <trkpt lat="46.3439050" lon="12.9189950">
    <ele>633.0</ele>
    <time>2023-11-04T12:45:17Z</time>
   </trkpt>
   <trkpt lat="46.3439100" lon="12.9190060">
    <ele>632.9</ele>
    <time>2023-11-04T12:45:18Z</time>
   </trkpt>
   <trkpt lat="46.3439150" lon="12.9190170">
    <ele>632.9</ele>
    <time>2023-11-04T12:45:19Z</time>
   </trkpt>
   <trkpt lat="46.3439280" lon="12.9190430">
    <ele>632.7</ele>
    <time>2023-11-04T12:45:20Z</time>
   </trkpt>
   <trkpt lat="46.3439330" lon="12.9190530">
    <ele>632.7</ele>
    <time>2023-11-04T12:45:21Z</time>
   </trkpt>
   <trkpt lat="46.3439380" lon="12.9190640">
    <ele>632.6</ele>
    <time>2023-11-04T12:45:22Z</time>
   </trkpt>
   <trkpt lat="46.3439510" lon="12.9190900">
    <ele>632.5</ele>
    <time>2023-11-04T12:45:23Z</time>
   </trkpt>
   <trkpt lat="46.3439560" lon="12.9191010">
    <ele>632.4</ele>
    <time>2023-11-04T12:45:24Z</time>
   </trkpt>
   <trkpt lat="46.3439610" lon="12.9191120">
    <ele>632.4</ele>
    <time>2023-11-04T12:45:25Z</time>
   </trkpt>
   <trkpt lat="46.3439650" lon="12.9191300">
    <ele>632.3</ele>
    <time>2023-11-04T12:45:26Z</time>
   </trkpt>
   <trkpt lat="46.3439700" lon="12.9191480">
    <ele>632.2</ele>
    <time>2023-11-04T12:45:27Z</time>
   </trkpt>
   <trkpt lat="46.3439770" lon="12.9191650">
    <ele>632.1</ele>
    <time>2023-11-04T12:45:28Z</time>
   </trkpt>
   <trkpt lat="46.3439840" lon="12.9191820">
    <ele>632.0</ele>
    <time>2023-11-04T12:45:29Z</time>
   </trkpt>
   <trkpt lat="46.3439930" lon="12.9191980">
    <ele>631.9</ele>
    <time>2023-11-04T12:45:30Z</time>
   </trkpt>
   <trkpt lat="46.3440060" lon="12.9192120">
    <ele>631.8</ele>
    <time>2023-11-04T12:45:31Z</time>
   </trkpt>
   <trkpt lat="46.3440170" lon="12.9192270">
    <ele>631.7</ele>
    <time>2023-11-04T12:45:32Z</time>
   </trkpt>
   <trkpt lat="46.3440270" lon="12.9192430">
    <ele>631.6</ele>
    <time>2023-11-04T12:45:33Z</time>
   </trkpt>
   <trkpt lat="46.3440360" lon="12.9192580">
    <ele>631.5</ele>
    <time>2023-11-04T12:45:34Z</time>
   </trkpt>
   <trkpt lat="46.3440400" lon="12.9192780">
    <ele>631.4</ele>
    <time>2023-11-04T12:45:35Z</time>
   </trkpt>
   <trkpt lat="46.3440450" lon="12.9192960">
    <ele>631.3</ele>
    <time>2023-11-04T12:45:36Z</time>
   </trkpt>
   <trkpt lat="46.3440490" lon="12.9193150">
    <ele>631.2</ele>
    <time>2023-11-04T12:45:37Z</time>
   </trkpt>
   <trkpt lat="46.3440570" lon="12.9193450">
    <ele>631.0</ele>
    <time>2023-11-04T12:45:38Z</time>
   </trkpt>
   <trkpt lat="46.3440590" lon="12.9193580">
    <ele>631.0</ele>
    <time>2023-11-04T12:45:39Z</time>
   </trkpt>
   <trkpt lat="46.3440610" lon="12.9193710">
    <ele>630.9</ele>
    <time>2023-11-04T12:45:40Z</time>
   </trkpt>
   <trkpt lat="46.3440650" lon="12.9194020">
    <ele>630.8</ele>
    <time>2023-11-04T12:45:41Z</time>
   </trkpt>
   <trkpt lat="46.3440650" lon="12.9194150">
    <ele>630.7</ele>
    <time>2023-11-04T12:45:42Z</time>
   </trkpt>
   <trkpt lat="46.3440650" lon="12.9194280">
    <ele>630.6</ele>
    <time>2023-11-04T12:45:43Z</time>
   </trkpt>
   <trkpt lat="46.3440650" lon="12.9194460">
    <ele>630.6</ele>
    <time>2023-11-04T12:45:44Z</time>
   </trkpt>
   <trkpt lat="46.3440650" lon="12.9194620">
    <ele>630.5</ele>
    <time>2023-11-04T12:45:45Z</time>
   </trkpt>
   <trkpt lat="46.3440660" lon="12.9194790">
    <ele>630.4</ele>
    <time>2023-11-04T12:45:46Z</time>
   </trkpt>
   <trkpt lat="46.3440660" lon="12.9195080">
    <ele>630.3</ele>
    <time>2023-11-04T12:45:47Z</time>
   </trkpt>
   <trkpt lat="46.3440670" lon="12.9195200">
    <ele>630.3</ele>
    <time>2023-11-04T12:45:48Z</time>
   </trkpt>
   <trkpt lat="46.3440670" lon="12.9195330">
    <ele>630.2</ele>
    <time>2023-11-04T12:45:49Z</time>
   </trkpt>
   <trkpt lat="46.3440620" lon="12.9195630">
    <ele>630.1</ele>
    <time>2023-11-04T12:45:50Z</time>
   </trkpt>
   <trkpt lat="46.3440600" lon="12.9195750">
    <ele>630.0</ele>
    <time>2023-11-04T12:45:51Z</time>
   </trkpt>
   <trkpt lat="46.3440580" lon="12.9195870">
    <ele>630.0</ele>
    <time>2023-11-04T12:45:52Z</time>
   </trkpt>
   <trkpt lat="46.3440550" lon="12.9196180">
    <ele>629.8</ele>
    <time>2023-11-04T12:45:53Z</time>
   </trkpt>
   <trkpt lat="46.3440540" lon="12.9196300">
    <ele>629.8</ele>
    <time>2023-11-04T12:45:54Z</time>
   </trkpt>
   <trkpt lat="46.3440520" lon="12.9196420">
    <ele>629.7</ele>
    <time>2023-11-04T12:45:55Z</time>
   </trkpt>
   <trkpt lat="46.3440530" lon="12.9196730">
    <ele>629.6</ele>
    <time>2023-11-04T12:45:56Z</time>
   </trkpt>
   <trkpt lat="46.3440520" lon="12.9196860">
    <ele>629.5</ele>
    <time>2023-11-04T12:45:57Z</time>
   </trkpt>
   <trkpt lat="46.3440520" lon="12.9196980">
    <ele>629.5</ele>
    <time>2023-11-04T12:45:58Z</time>
   </trkpt>
   <trkpt lat="46.3440470" lon="12.9197280">
    <ele>629.3</ele>
    <time>2023-11-04T12:45:59Z</time>
   </trkpt>
   <trkpt lat="46.3440460" lon="12.9197400">
    <ele>629.3</ele>
    <time>2023-11-04T12:46:00Z</time>
   </trkpt>
   <trkpt lat="46.3440440" lon="12.9197520">
    <ele>629.2</ele>
    <time>2023-11-04T12:46:01Z</time>
   </trkpt>
   <trkpt lat="46.3440410" lon="12.9197830">
    <ele>629.1</ele>
    <time>2023-11-04T12:46:02Z</time>
   </trkpt>
   <trkpt lat="46.3440410" lon="12.9197960">
    <ele>629.0</ele>
    <time>2023-11-04T12:46:03Z</time>
   </trkpt>
   <trkpt lat="46.3440410" lon="12.9198090">
    <ele>629.0</ele>
    <time>2023-11-04T12:46:04Z</time>
   </trkpt>
   <trkpt lat="46.3440420" lon="12.9198280">
    <ele>628.9</ele>
    <time>2023-11-04T12:46:05Z</time>
   </trkpt>
   <trkpt lat="46.3440430" lon="12.9198490">
    <ele>628.8</ele>
    <time>2023-11-04T12:46:06Z</time>
   </trkpt>
   <trkpt lat="46.3440390" lon="12.9198800">
    <ele>628.7</ele>
    <time>2023-11-04T12:46:07Z</time>
   </trkpt>
   <trkpt lat="46.3440380" lon="12.9198920">
    <ele>628.6</ele>
    <time>2023-11-04T12:46:08Z</time>
   </trkpt>
   <trkpt lat="46.3440370" lon="12.9199040">
    <ele>628.6</ele>
    <time>2023-11-04T12:46:09Z</time>
   </trkpt>
   <trkpt lat="46.3440340" lon="12.9199330">
    <ele>628.5</ele>
    <time>2023-11-04T12:46:10Z</time>
   </trkpt>
   <trkpt lat="46.3440320" lon="12.9199440">
    <ele>628.4</ele>
    <time>2023-11-04T12:46:11Z</time>
   </trkpt>
   <trkpt lat="46.3440300" lon="12.9199550">
    <ele>628.4</ele>
    <time>2023-11-04T12:46:12Z</time>
   </trkpt>
   <trkpt lat="46.3440250" lon="12.9199690">
    <ele>628.3</ele>
    <time>2023-11-04T12:46:13Z</time>
   </trkpt>
   <trkpt lat="46.3440200" lon="12.9199820">
    <ele>628.2</ele>
    <time>2023-11-04T12:46:14Z</time>
   </trkpt>
   <trkpt lat="46.3440170" lon="12.9199950">
    <ele>628.2</ele>
    <time>2023-11-04T12:46:15Z</time>
   </trkpt>
   <trkpt lat="46.3440150" lon="12.9200070">
    <ele>628.1</ele>
    <time>2023-11-04T12:46:16Z</time>
   </trkpt>
   <trkpt lat="46.3440140" lon="12.9200190">
    <ele>628.1</ele>
    <time>2023-11-04T12:46:17Z</time>
   </trkpt>
   <trkpt lat="46.3440150" lon="12.9200320">
    <ele>628.0</ele>
    <time>2023-11-04T12:46:18Z</time>
   </trkpt>
   <trkpt lat="46.3440150" lon="12.9200460">
    <ele>628.0</ele>
    <time>2023-11-04T12:46:19Z</time>
   </trkpt>
   <trkpt lat="46.3440150" lon="12.9200600">
    <ele>627.9</ele>
    <time>2023-11-04T12:46:20Z</time>
   </trkpt>
   <trkpt lat="46.3440140" lon="12.9200740">
    <ele>627.8</ele>
    <time>2023-11-04T12:46:21Z</time>
   </trkpt>
   <trkpt lat="46.3440140" lon="12.9200880">
    <ele>627.8</ele>
    <time>2023-11-04T12:46:22Z</time>
   </trkpt>
   <trkpt lat="46.3440120" lon="12.9201010">
    <ele>627.7</ele>
    <time>2023-11-04T12:46:23Z</time>
   </trkpt>
   <trkpt lat="46.3440090" lon="12.9201140">
    <ele>627.6</ele>
    <time>2023-11-04T12:46:24Z</time>
   </trkpt>
   <trkpt lat="46.3440050" lon="12.9201280">
    <ele>627.6</ele>
    <time>2023-11-04T12:46:25Z</time>
   </trkpt>
   <trkpt lat="46.3440000" lon="12.9201400">
    <ele>627.5</ele>
    <time>2023-11-04T12:46:26Z</time>
   </trkpt>
   <trkpt lat="46.3439950" lon="12.9201510">
    <ele>627.4</ele>
    <time>2023-11-04T12:46:27Z</time>
   </trkpt>
   <trkpt lat="46.3439900" lon="12.9201640">
    <ele>627.4</ele>
    <time>2023-11-04T12:46:28Z</time>
   </trkpt>
   <trkpt lat="46.3439870" lon="12.9201780">
    <ele>627.3</ele>
    <time>2023-11-04T12:46:29Z</time>
   </trkpt>
   <trkpt lat="46.3439840" lon="12.9201920">
    <ele>627.2</ele>
    <time>2023-11-04T12:46:30Z</time>
   </trkpt>
   <trkpt lat="46.3439830" lon="12.9202080">
    <ele>627.1</ele>
    <time>2023-11-04T12:46:31Z</time>
   </trkpt>
   <trkpt lat="46.3439820" lon="12.9202370">
    <ele>627.0</ele>
    <time>2023-11-04T12:46:32Z</time>
   </trkpt>
   <trkpt lat="46.3439810" lon="12.9202490">
    <ele>627.0</ele>
    <time>2023-11-04T12:46:33Z</time>
   </trkpt>
   <trkpt lat="46.3439800" lon="12.9202600">
    <ele>626.9</ele>
    <time>2023-11-04T12:46:34Z</time>
   </trkpt>
   <trkpt lat="46.3439740" lon="12.9202730">
    <ele>626.8</ele>
    <time>2023-11-04T12:46:35Z</time>
   </trkpt>
   <trkpt lat="46.3439690" lon="12.9202850">
    <ele>626.8</ele>
    <time>2023-11-04T12:46:36Z</time>
   </trkpt>
   <trkpt lat="46.3439630" lon="12.9203000">
    <ele>626.7</ele>
    <time>2023-11-04T12:46:37Z</time>
   </trkpt>
   <trkpt lat="46.3439580" lon="12.9203150">
    <ele>626.6</ele>
    <time>2023-11-04T12:46:38Z</time>
   </trkpt>
   <trkpt lat="46.3439530" lon="12.9203290">
    <ele>626.5</ele>
    <time>2023-11-04T12:46:39Z</time>
   </trkpt>
   <trkpt lat="46.3439480" lon="12.9203430">
    <ele>626.4</ele>
    <time>2023-11-04T12:46:40Z</time>
   </trkpt>
   <trkpt lat="46.3439440" lon="12.9203580">
    <ele>626.4</ele>
    <time>2023-11-04T12:46:41Z</time>
   </trkpt>
   <trkpt lat="46.3439400" lon="12.9203730">
    <ele>626.3</ele>
    <time>2023-11-04T12:46:42Z</time>
   </trkpt>
   <trkpt lat="46.3439350" lon="12.9203860">
    <ele>626.2</ele>
    <time>2023-11-04T12:46:43Z</time>
   </trkpt>
   <trkpt lat="46.3439300" lon="12.9203990">
    <ele>626.2</ele>
    <time>2023-11-04T12:46:44Z</time>
   </trkpt>
   <trkpt lat="46.3439260" lon="12.9204110">
    <ele>626.1</ele>
    <time>2023-11-04T12:46:45Z</time>
   </trkpt>
   <trkpt lat="46.3439220" lon="12.9204200">
    <ele>626.1</ele>
    <time>2023-11-04T12:46:46Z</time>
   </trkpt>
   <trkpt lat="46.3439170" lon="12.9204290">
    <ele>626.0</ele>
    <time>2023-11-04T12:46:47Z</time>
   </trkpt>
   <trkpt lat="46.3439120" lon="12.9204400">
    <ele>626.0</ele>
    <time>2023-11-04T12:46:48Z</time>
   </trkpt>
   <trkpt lat="46.3439060" lon="12.9204500">
    <ele>625.9</ele>
    <time>2023-11-04T12:46:49Z</time>
   </trkpt>
   <trkpt lat="46.3439010" lon="12.9204610">
    <ele>625.9</ele>
    <time>2023-11-04T12:46:50Z</time>
   </trkpt>
   <trkpt lat="46.3438970" lon="12.9204730">
    <ele>625.8</ele>
    <time>2023-11-04T12:46:51Z</time>
   </trkpt>
   <trkpt lat="46.3438940" lon="12.9204880">
    <ele>625.8</ele>
    <time>2023-11-04T12:46:52Z</time>
   </trkpt>
   <trkpt lat="46.3438910" lon="12.9205050">
    <ele>625.7</ele>
    <time>2023-11-04T12:46:53Z</time>
   </trkpt>
   <trkpt lat="46.3438870" lon="12.9205190">
    <ele>625.6</ele>
    <time>2023-11-04T12:46:54Z</time>
   </trkpt>
   <trkpt lat="46.3438820" lon="12.9205320">
    <ele>625.6</ele>
    <time>2023-11-04T12:46:55Z</time>
   </trkpt>
   <trkpt lat="46.3438790" lon="12.9205470">
    <ele>625.5</ele>
    <time>2023-11-04T12:46:56Z</time>
   </trkpt>
   <trkpt lat="46.3438750" lon="12.9205630">
    <ele>625.5</ele>
    <time>2023-11-04T12:46:57Z</time>
   </trkpt>
   <trkpt lat="46.3438730" lon="12.9205780">
    <ele>625.4</ele>
    <time>2023-11-04T12:46:58Z</time>
   </trkpt>
   <trkpt lat="46.3438700" lon="12.9205940">
    <ele>625.4</ele>
    <time>2023-11-04T12:46:59Z</time>
   </trkpt>
   <trkpt lat="46.3438660" lon="12.9206080">
    <ele>625.3</ele>
    <time>2023-11-04T12:47:00Z</time>
   </trkpt>
   <trkpt lat="46.3438620" lon="12.9206230">
    <ele>625.3</ele>
    <time>2023-11-04T12:47:01Z</time>
   </trkpt>
   <trkpt lat="46.3438590" lon="12.9206390">
    <ele>625.2</ele>
    <time>2023-11-04T12:47:02Z</time>
   </trkpt>
   <trkpt lat="46.3438550" lon="12.9206540">
    <ele>625.2</ele>
    <time>2023-11-04T12:47:03Z</time>
   </trkpt>
   <trkpt lat="46.3438510" lon="12.9206690">
    <ele>625.1</ele>
    <time>2023-11-04T12:47:04Z</time>
   </trkpt>
   <trkpt lat="46.3438460" lon="12.9206850">
    <ele>625.1</ele>
    <time>2023-11-04T12:47:05Z</time>
   </trkpt>
   <trkpt lat="46.3438420" lon="12.9207000">
    <ele>625.0</ele>
    <time>2023-11-04T12:47:06Z</time>
   </trkpt>
   <trkpt lat="46.3438370" lon="12.9207150">
    <ele>625.0</ele>
    <time>2023-11-04T12:47:07Z</time>
   </trkpt>
   <trkpt lat="46.3438330" lon="12.9207300">
    <ele>625.0</ele>
    <time>2023-11-04T12:47:08Z</time>
   </trkpt>
   <trkpt lat="46.3438310" lon="12.9207470">
    <ele>624.9</ele>
    <time>2023-11-04T12:47:09Z</time>
   </trkpt>
   <trkpt lat="46.3438280" lon="12.9207620">
    <ele>624.9</ele>
    <time>2023-11-04T12:47:10Z</time>
   </trkpt>
   <trkpt lat="46.3438240" lon="12.9207770">
    <ele>624.8</ele>
    <time>2023-11-04T12:47:11Z</time>
   </trkpt>
   <trkpt lat="46.3438210" lon="12.9207920">
    <ele>624.8</ele>
    <time>2023-11-04T12:47:12Z</time>
   </trkpt>
   <trkpt lat="46.3438190" lon="12.9208070">
    <ele>624.8</ele>
    <time>2023-11-04T12:47:13Z</time>
   </trkpt>
   <trkpt lat="46.3438150" lon="12.9208220">
    <ele>624.7</ele>
    <time>2023-11-04T12:47:14Z</time>
   </trkpt>
   <trkpt lat="46.3438120" lon="12.9208360">
    <ele>624.7</ele>
    <time>2023-11-04T12:47:15Z</time>
   </trkpt>
   <trkpt lat="46.3438080" lon="12.9208520">
    <ele>624.7</ele>
    <time>2023-11-04T12:47:16Z</time>
   </trkpt>
   <trkpt lat="46.3438020" lon="12.9208660">
    <ele>624.6</ele>
    <time>2023-11-04T12:47:17Z</time>
   </trkpt>
   <trkpt lat="46.3437980" lon="12.9208830">
    <ele>624.6</ele>
    <time>2023-11-04T12:47:18Z</time>
   </trkpt>
   <trkpt lat="46.3437940" lon="12.9208990">
    <ele>624.6</ele>
    <time>2023-11-04T12:47:19Z</time>
   </trkpt>
   <trkpt lat="46.3437910" lon="12.9209150">
    <ele>624.5</ele>
    <time>2023-11-04T12:47:20Z</time>
   </trkpt>
   <trkpt lat="46.3437860" lon="12.9209320">
    <ele>624.5</ele>
    <time>2023-11-04T12:47:21Z</time>
   </trkpt>
   <trkpt lat="46.3437760" lon="12.9209640">
    <ele>624.4</ele>
    <time>2023-11-04T12:47:23Z</time>
   </trkpt>
   <trkpt lat="46.3437660" lon="12.9209920">
    <ele>624.4</ele>
    <time>2023-11-04T12:47:24Z</time>
   </trkpt>
   <trkpt lat="46.3437620" lon="12.9210040">
    <ele>624.3</ele>
    <time>2023-11-04T12:47:25Z</time>
   </trkpt>
   <trkpt lat="46.3437580" lon="12.9210160">
    <ele>624.3</ele>
    <time>2023-11-04T12:47:26Z</time>
   </trkpt>
   <trkpt lat="46.3437530" lon="12.9210350">
    <ele>624.3</ele>
    <time>2023-11-04T12:47:27Z</time>
   </trkpt>
   <trkpt lat="46.3437480" lon="12.9210530">
    <ele>624.3</ele>
    <time>2023-11-04T12:47:28Z</time>
   </trkpt>
   <trkpt lat="46.3437430" lon="12.9210730">
    <ele>624.2</ele>
    <time>2023-11-04T12:47:29Z</time>
   </trkpt>
   <trkpt lat="46.3437360" lon="12.9210900">
    <ele>624.2</ele>
    <time>2023-11-04T12:47:30Z</time>
   </trkpt>
   <trkpt lat="46.3437310" lon="12.9211010">
    <ele>624.2</ele>
    <time>2023-11-04T12:47:31Z</time>
   </trkpt>
   <trkpt lat="46.3437250" lon="12.9211140">
    <ele>624.2</ele>
    <time>2023-11-04T12:47:32Z</time>
   </trkpt>
   <trkpt lat="46.3437200" lon="12.9211290">
    <ele>624.2</ele>
    <time>2023-11-04T12:47:33Z</time>
   </trkpt>
   <trkpt lat="46.3437160" lon="12.9211440">
    <ele>624.2</ele>
    <time>2023-11-04T12:47:34Z</time>
   </trkpt>
   <trkpt lat="46.3437130" lon="12.9211600">
    <ele>624.2</ele>
    <time>2023-11-04T12:47:35Z</time>
   </trkpt>
   <trkpt lat="46.3437110" lon="12.9211790">
    <ele>624.2</ele>
    <time>2023-11-04T12:47:36Z</time>
   </trkpt>
   <trkpt lat="46.3437100" lon="12.9211980">
    <ele>624.1</ele>
    <time>2023-11-04T12:47:37Z</time>
   </trkpt>
   <trkpt lat="46.3437100" lon="12.9212130">
    <ele>624.1</ele>
    <time>2023-11-04T12:47:38Z</time>
   </trkpt>
   <trkpt lat="46.3437100" lon="12.9212280">
    <ele>624.1</ele>
    <time>2023-11-04T12:47:39Z</time>
   </trkpt>
   <trkpt lat="46.3437110" lon="12.9212390">
    <ele>624.1</ele>
    <time>2023-11-04T12:47:40Z</time>
   </trkpt>
   <trkpt lat="46.3437120" lon="12.9212520">
    <ele>624.1</ele>
    <time>2023-11-04T12:47:41Z</time>
   </trkpt>
   <trkpt lat="46.3437140" lon="12.9212640">
    <ele>624.1</ele>
    <time>2023-11-04T12:47:42Z</time>
   </trkpt>
   <trkpt lat="46.3437150" lon="12.9212780">
    <ele>624.1</ele>
    <time>2023-11-04T12:47:43Z</time>
   </trkpt>
   <trkpt lat="46.3437190" lon="12.9213080">
    <ele>624.1</ele>
    <time>2023-11-04T12:47:44Z</time>
   </trkpt>
   <trkpt lat="46.3437210" lon="12.9213190">
    <ele>624.1</ele>
    <time>2023-11-04T12:47:45Z</time>
   </trkpt>
   <trkpt lat="46.3437230" lon="12.9213310">
    <ele>624.1</ele>
    <time>2023-11-04T12:47:46Z</time>
   </trkpt>
   <trkpt lat="46.3437250" lon="12.9213480">
    <ele>624.1</ele>
    <time>2023-11-04T12:47:47Z</time>
   </trkpt>
   <trkpt lat="46.3437270" lon="12.9213650">
    <ele>624.1</ele>
    <time>2023-11-04T12:47:48Z</time>
   </trkpt>
   <trkpt lat="46.3437280" lon="12.9213820">
    <ele>624.1</ele>
    <time>2023-11-04T12:47:49Z</time>
   </trkpt>
   <trkpt lat="46.3437300" lon="12.9213990">
    <ele>624.1</ele>
    <time>2023-11-04T12:47:50Z</time>
   </trkpt>
   <trkpt lat="46.3437280" lon="12.9214150">
    <ele>624.2</ele>
    <time>2023-11-04T12:47:51Z</time>
   </trkpt>
   <trkpt lat="46.3437290" lon="12.9214310">
    <ele>624.2</ele>
    <time>2023-11-04T12:47:52Z</time>
   </trkpt>
   <trkpt lat="46.3437280" lon="12.9214470">
    <ele>624.2</ele>
    <time>2023-11-04T12:47:53Z</time>
   </trkpt>
   <trkpt lat="46.3437280" lon="12.9214640">
    <ele>624.2</ele>
    <time>2023-11-04T12:47:54Z</time>
   </trkpt>
   <trkpt lat="46.3437280" lon="12.9214830">
    <ele>624.2</ele>
    <time>2023-11-04T12:47:55Z</time>
   </trkpt>
   <trkpt lat="46.3437290" lon="12.9215140">
    <ele>624.2</ele>
    <time>2023-11-04T12:47:56Z</time>
   </trkpt>
   <trkpt lat="46.3437290" lon="12.9215270">
    <ele>624.2</ele>
    <time>2023-11-04T12:47:57Z</time>
   </trkpt>
   <trkpt lat="46.3437290" lon="12.9215400">
    <ele>624.2</ele>
    <time>2023-11-04T12:47:58Z</time>
   </trkpt>
   <trkpt lat="46.3437270" lon="12.9215610">
    <ele>624.3</ele>
    <time>2023-11-04T12:47:59Z</time>
   </trkpt>
   <trkpt lat="46.3437270" lon="12.9215820">
    <ele>624.3</ele>
    <time>2023-11-04T12:48:00Z</time>
   </trkpt>
   <trkpt lat="46.3437260" lon="12.9216120">
    <ele>624.3</ele>
    <time>2023-11-04T12:48:01Z</time>
   </trkpt>
   <trkpt lat="46.3437250" lon="12.9216250">
    <ele>624.4</ele>
    <time>2023-11-04T12:48:02Z</time>
   </trkpt>
   <trkpt lat="46.3437240" lon="12.9216370">
    <ele>624.4</ele>
    <time>2023-11-04T12:48:03Z</time>
   </trkpt>
   <trkpt lat="46.3437190" lon="12.9216570">
    <ele>624.4</ele>
    <time>2023-11-04T12:48:04Z</time>
   </trkpt>
   <trkpt lat="46.3437140" lon="12.9216780">
    <ele>624.5</ele>
    <time>2023-11-04T12:48:05Z</time>
   </trkpt>
   <trkpt lat="46.3437070" lon="12.9216960">
    <ele>624.5</ele>
    <time>2023-11-04T12:48:06Z</time>
   </trkpt>
   <trkpt lat="46.3437010" lon="12.9217150">
    <ele>624.5</ele>
    <time>2023-11-04T12:48:07Z</time>
   </trkpt>
   <trkpt lat="46.3436970" lon="12.9217340">
    <ele>624.6</ele>
    <time>2023-11-04T12:48:08Z</time>
   </trkpt>
   <trkpt lat="46.3436920" lon="12.9217530">
    <ele>624.6</ele>
    <time>2023-11-04T12:48:09Z</time>
   </trkpt>
   <trkpt lat="46.3436850" lon="12.9217840">
    <ele>624.7</ele>
    <time>2023-11-04T12:48:10Z</time>
   </trkpt>
   <trkpt lat="46.3436820" lon="12.9217970">
    <ele>624.7</ele>
    <time>2023-11-04T12:48:11Z</time>
   </trkpt>
   <trkpt lat="46.3436790" lon="12.9218110">
    <ele>624.8</ele>
    <time>2023-11-04T12:48:12Z</time>
   </trkpt>
   <trkpt lat="46.3436730" lon="12.9218510">
    <ele>624.9</ele>
    <time>2023-11-04T12:48:13Z</time>
   </trkpt>
   <trkpt lat="46.3436700" lon="12.9218640">
    <ele>624.9</ele>
    <time>2023-11-04T12:48:14Z</time>
   </trkpt>
   <trkpt lat="46.3436680" lon="12.9218890">
    <ele>625.0</ele>
    <time>2023-11-04T12:48:15Z</time>
   </trkpt>
   <trkpt lat="46.3436660" lon="12.9219110">
    <ele>625.0</ele>
    <time>2023-11-04T12:48:16Z</time>
   </trkpt>
   <trkpt lat="46.3436630" lon="12.9219320">
    <ele>625.0</ele>
    <time>2023-11-04T12:48:17Z</time>
   </trkpt>
   <trkpt lat="46.3436600" lon="12.9219510">
    <ele>625.1</ele>
    <time>2023-11-04T12:48:18Z</time>
   </trkpt>
   <trkpt lat="46.3436540" lon="12.9219810">
    <ele>625.2</ele>
    <time>2023-11-04T12:48:19Z</time>
   </trkpt>
   <trkpt lat="46.3436520" lon="12.9219930">
    <ele>625.2</ele>
    <time>2023-11-04T12:48:20Z</time>
   </trkpt>
   <trkpt lat="46.3436490" lon="12.9220050">
    <ele>625.2</ele>
    <time>2023-11-04T12:48:21Z</time>
   </trkpt>
   <trkpt lat="46.3436450" lon="12.9220240">
    <ele>625.3</ele>
    <time>2023-11-04T12:48:22Z</time>
   </trkpt>
   <trkpt lat="46.3436420" lon="12.9220430">
    <ele>625.3</ele>
    <time>2023-11-04T12:48:23Z</time>
   </trkpt>
   <trkpt lat="46.3436370" lon="12.9220790">
    <ele>625.4</ele>
    <time>2023-11-04T12:48:24Z</time>
   </trkpt>
   <trkpt lat="46.3436350" lon="12.9220970">
    <ele>625.4</ele>
    <time>2023-11-04T12:48:25Z</time>
   </trkpt>
   <trkpt lat="46.3436320" lon="12.9221270">
    <ele>625.5</ele>
    <time>2023-11-04T12:48:27Z</time>
   </trkpt>
   <trkpt lat="46.3436300" lon="12.9221390">
    <ele>625.6</ele>
    <time>2023-11-04T12:48:28Z</time>
   </trkpt>
   <trkpt lat="46.3436290" lon="12.9221510">
    <ele>625.6</ele>
    <time>2023-11-04T12:48:29Z</time>
   </trkpt>
   <trkpt lat="46.3436230" lon="12.9221800">
    <ele>625.7</ele>
    <time>2023-11-04T12:48:30Z</time>
   </trkpt>
   <trkpt lat="46.3436210" lon="12.9221930">
    <ele>625.8</ele>
    <time>2023-11-04T12:48:31Z</time>
   </trkpt>
   <trkpt lat="46.3436190" lon="12.9222050">
    <ele>625.8</ele>
    <time>2023-11-04T12:48:32Z</time>
   </trkpt>
   <trkpt lat="46.3436120" lon="12.9222360">
    <ele>626.0</ele>
    <time>2023-11-04T12:48:33Z</time>
   </trkpt>
   <trkpt lat="46.3436090" lon="12.9222480">
    <ele>626.0</ele>
    <time>2023-11-04T12:48:34Z</time>
   </trkpt>
   <trkpt lat="46.3436060" lon="12.9222600">
    <ele>626.1</ele>
    <time>2023-11-04T12:48:35Z</time>
   </trkpt>
   <trkpt lat="46.3436010" lon="12.9222900">
    <ele>626.2</ele>
    <time>2023-11-04T12:48:36Z</time>
   </trkpt>
   <trkpt lat="46.3435990" lon="12.9223030">
    <ele>626.3</ele>
    <time>2023-11-04T12:48:37Z</time>
   </trkpt>
   <trkpt lat="46.3435970" lon="12.9223150">
    <ele>626.3</ele>
    <time>2023-11-04T12:48:38Z</time>
   </trkpt>
   <trkpt lat="46.3435920" lon="12.9223440">
    <ele>626.5</ele>
    <time>2023-11-04T12:48:39Z</time>
   </trkpt>
   <trkpt lat="46.3435900" lon="12.9223560">
    <ele>626.6</ele>
    <time>2023-11-04T12:48:40Z</time>
   </trkpt>
   <trkpt lat="46.3435890" lon="12.9223680">
    <ele>626.7</ele>
    <time>2023-11-04T12:48:41Z</time>
   </trkpt>
   <trkpt lat="46.3435890" lon="12.9223870">
    <ele>626.8</ele>
    <time>2023-11-04T12:48:42Z</time>
   </trkpt>
   <trkpt lat="46.3435900" lon="12.9224050">
    <ele>626.9</ele>
    <time>2023-11-04T12:48:43Z</time>
   </trkpt>
   <trkpt lat="46.3435880" lon="12.9224190">
    <ele>627.0</ele>
    <time>2023-11-04T12:48:44Z</time>
   </trkpt>
   <trkpt lat="46.3435880" lon="12.9224480">
    <ele>627.2</ele>
    <time>2023-11-04T12:48:45Z</time>
   </trkpt>
   <trkpt lat="46.3435880" lon="12.9224600">
    <ele>627.2</ele>
    <time>2023-11-04T12:48:46Z</time>
   </trkpt>
   <trkpt lat="46.3435870" lon="12.9224720">
    <ele>627.3</ele>
    <time>2023-11-04T12:48:47Z</time>
   </trkpt>
   <trkpt lat="46.3435850" lon="12.9224920">
    <ele>627.5</ele>
    <time>2023-11-04T12:48:48Z</time>
   </trkpt>
   <trkpt lat="46.3435850" lon="12.9225130">
    <ele>627.6</ele>
    <time>2023-11-04T12:48:49Z</time>
   </trkpt>
   <trkpt lat="46.3435830" lon="12.9225320">
    <ele>627.7</ele>
    <time>2023-11-04T12:48:50Z</time>
   </trkpt>
   <trkpt lat="46.3435820" lon="12.9225520">
    <ele>627.9</ele>
    <time>2023-11-04T12:48:51Z</time>
   </trkpt>
   <trkpt lat="46.3435820" lon="12.9225720">
    <ele>628.0</ele>
    <time>2023-11-04T12:48:52Z</time>
   </trkpt>
   <trkpt lat="46.3435840" lon="12.9225920">
    <ele>628.1</ele>
    <time>2023-11-04T12:48:53Z</time>
   </trkpt>
   <trkpt lat="46.3435850" lon="12.9226120">
    <ele>628.3</ele>
    <time>2023-11-04T12:48:54Z</time>
   </trkpt>
   <trkpt lat="46.3435860" lon="12.9226320">
    <ele>628.4</ele>
    <time>2023-11-04T12:48:55Z</time>
   </trkpt>
   <trkpt lat="46.3435860" lon="12.9226640">
    <ele>628.6</ele>
    <time>2023-11-04T12:48:56Z</time>
   </trkpt>
   <trkpt lat="46.3435860" lon="12.9226770">
    <ele>628.7</ele>
    <time>2023-11-04T12:48:57Z</time>
   </trkpt>
   <trkpt lat="46.3435860" lon="12.9226900">
    <ele>628.8</ele>
    <time>2023-11-04T12:48:58Z</time>
   </trkpt>
   <trkpt lat="46.3435850" lon="12.9227110">
    <ele>629.0</ele>
    <time>2023-11-04T12:48:59Z</time>
   </trkpt>
   <trkpt lat="46.3435850" lon="12.9227310">
    <ele>629.1</ele>
    <time>2023-11-04T12:49:00Z</time>
   </trkpt>
   <trkpt lat="46.3435850" lon="12.9227510">
    <ele>629.3</ele>
    <time>2023-11-04T12:49:01Z</time>
   </trkpt>
   <trkpt lat="46.3435860" lon="12.9227700">
    <ele>629.4</ele>
    <time>2023-11-04T12:49:02Z</time>
   </trkpt>
   <trkpt lat="46.3435850" lon="12.9228010">
    <ele>629.6</ele>
    <time>2023-11-04T12:49:03Z</time>
   </trkpt>
   <trkpt lat="46.3435840" lon="12.9228130">
    <ele>629.7</ele>
    <time>2023-11-04T12:49:04Z</time>
   </trkpt>
   <trkpt lat="46.3435830" lon="12.9228240">
    <ele>629.8</ele>
    <time>2023-11-04T12:49:05Z</time>
   </trkpt>
   <trkpt lat="46.3435840" lon="12.9228570">
    <ele>630.1</ele>
    <time>2023-11-04T12:49:06Z</time>
   </trkpt>
   <trkpt lat="46.3435840" lon="12.9228700">
    <ele>630.2</ele>
    <time>2023-11-04T12:49:07Z</time>
   </trkpt>
   <trkpt lat="46.3435840" lon="12.9228830">
    <ele>630.3</ele>
    <time>2023-11-04T12:49:08Z</time>
   </trkpt>
   <trkpt lat="46.3435820" lon="12.9229040">
    <ele>630.4</ele>
    <time>2023-11-04T12:49:09Z</time>
   </trkpt>
   <trkpt lat="46.3435810" lon="12.9229240">
    <ele>630.6</ele>
    <time>2023-11-04T12:49:10Z</time>
   </trkpt>
   <trkpt lat="46.3435800" lon="12.9229440">
    <ele>630.8</ele>
    <time>2023-11-04T12:49:11Z</time>
   </trkpt>
   <trkpt lat="46.3435810" lon="12.9229630">
    <ele>630.9</ele>
    <time>2023-11-04T12:49:12Z</time>
   </trkpt>
   <trkpt lat="46.3435840" lon="12.9229940">
    <ele>631.2</ele>
    <time>2023-11-04T12:49:13Z</time>
   </trkpt>
   <trkpt lat="46.3435850" lon="12.9230060">
    <ele>631.3</ele>
    <time>2023-11-04T12:49:14Z</time>
   </trkpt>
   <trkpt lat="46.3435860" lon="12.9230180">
    <ele>631.4</ele>
    <time>2023-11-04T12:49:15Z</time>
   </trkpt>
   <trkpt lat="46.3435870" lon="12.9230500">
    <ele>631.6</ele>
    <time>2023-11-04T12:49:16Z</time>
   </trkpt>
   <trkpt lat="46.3435880" lon="12.9230630">
    <ele>631.7</ele>
    <time>2023-11-04T12:49:17Z</time>
   </trkpt>
   <trkpt lat="46.3435880" lon="12.9230760">
    <ele>631.8</ele>
    <time>2023-11-04T12:49:18Z</time>
   </trkpt>
   <trkpt lat="46.3435860" lon="12.9231070">
    <ele>632.0</ele>
    <time>2023-11-04T12:49:19Z</time>
   </trkpt>
   <trkpt lat="46.3435850" lon="12.9231200">
    <ele>632.1</ele>
    <time>2023-11-04T12:49:20Z</time>
   </trkpt>
   <trkpt lat="46.3435840" lon="12.9231330">
    <ele>632.2</ele>
    <time>2023-11-04T12:49:21Z</time>
   </trkpt>
   <trkpt lat="46.3435780" lon="12.9231630">
    <ele>632.4</ele>
    <time>2023-11-04T12:49:22Z</time>
   </trkpt>
   <trkpt lat="46.3435760" lon="12.9231740">
    <ele>632.5</ele>
    <time>2023-11-04T12:49:23Z</time>
   </trkpt>
   <trkpt lat="46.3435740" lon="12.9231850">
    <ele>632.6</ele>
    <time>2023-11-04T12:49:24Z</time>
   </trkpt>
   <trkpt lat="46.3435720" lon="12.9232020">
    <ele>632.7</ele>
    <time>2023-11-04T12:49:25Z</time>
   </trkpt>
   <trkpt lat="46.3435710" lon="12.9232190">
    <ele>632.8</ele>
    <time>2023-11-04T12:49:26Z</time>
   </trkpt>
   <trkpt lat="46.3435710" lon="12.9232350">
    <ele>632.9</ele>
    <time>2023-11-04T12:49:27Z</time>
   </trkpt>
   <trkpt lat="46.3435720" lon="12.9232510">
    <ele>633.0</ele>
    <time>2023-11-04T12:49:28Z</time>
   </trkpt>
   <trkpt lat="46.3435740" lon="12.9232660">
    <ele>633.0</ele>
    <time>2023-11-04T12:49:29Z</time>
   </trkpt>
   <trkpt lat="46.3435760" lon="12.9232820">
    <ele>633.1</ele>
    <time>2023-11-04T12:49:30Z</time>
   </trkpt>
   <trkpt lat="46.3435790" lon="12.9233110">
    <ele>633.3</ele>
    <time>2023-11-04T12:49:31Z</time>
   </trkpt>
   <trkpt lat="46.3435800" lon="12.9233220">
    <ele>633.4</ele>
    <time>2023-11-04T12:49:32Z</time>
   </trkpt>
   <trkpt lat="46.3435810" lon="12.9233340">
    <ele>633.4</ele>
    <time>2023-11-04T12:49:33Z</time>
   </trkpt>
   <trkpt lat="46.3435830" lon="12.9233510">
    <ele>633.5</ele>
    <time>2023-11-04T12:49:34Z</time>
   </trkpt>
   <trkpt lat="46.3435850" lon="12.9233670">
    <ele>633.6</ele>
    <time>2023-11-04T12:49:35Z</time>
   </trkpt>
   <trkpt lat="46.3435870" lon="12.9233830">
    <ele>633.6</ele>
    <time>2023-11-04T12:49:36Z</time>
   </trkpt>
   <trkpt lat="46.3435900" lon="12.9233990">
    <ele>633.7</ele>
    <time>2023-11-04T12:49:37Z</time>
   </trkpt>
   <trkpt lat="46.3435940" lon="12.9234130">
    <ele>633.8</ele>
    <time>2023-11-04T12:49:38Z</time>
   </trkpt>
   <trkpt lat="46.3435990" lon="12.9234250">
    <ele>633.8</ele>
    <time>2023-11-04T12:49:39Z</time>
   </trkpt>
   <trkpt lat="46.3436030" lon="12.9234300">
    <ele>633.8</ele>
    <time>2023-11-04T12:49:40Z</time>
   </trkpt>
   <trkpt lat="46.3436070" lon="12.9234340">
    <ele>633.9</ele>
    <time>2023-11-04T12:49:41Z</time>
   </trkpt>
   <trkpt lat="46.3436070" lon="12.9234430">
    <ele>633.9</ele>
    <time>2023-11-04T12:49:42Z</time>
   </trkpt>
   <trkpt lat="46.3436050" lon="12.9234550">
    <ele>634.0</ele>
    <time>2023-11-04T12:49:43Z</time>
   </trkpt>
   <trkpt lat="46.3436010" lon="12.9234710">
    <ele>634.0</ele>
    <time>2023-11-04T12:49:44Z</time>
   </trkpt>
   <trkpt lat="46.3436020" lon="12.9234920">
    <ele>634.1</ele>
    <time>2023-11-04T12:49:45Z</time>
   </trkpt>
   <trkpt lat="46.3436000" lon="12.9235120">
    <ele>634.1</ele>
    <time>2023-11-04T12:49:46Z</time>
   </trkpt>
   <trkpt lat="46.3435950" lon="12.9235310">
    <ele>634.2</ele>
    <time>2023-11-04T12:49:47Z</time>
   </trkpt>
   <trkpt lat="46.3435900" lon="12.9235490">
    <ele>634.2</ele>
    <time>2023-11-04T12:49:48Z</time>
   </trkpt>
   <trkpt lat="46.3435860" lon="12.9235660">
    <ele>634.2</ele>
    <time>2023-11-04T12:49:49Z</time>
   </trkpt>
   <trkpt lat="46.3435800" lon="12.9235830">
    <ele>634.2</ele>
    <time>2023-11-04T12:49:50Z</time>
   </trkpt>
   <trkpt lat="46.3435750" lon="12.9235950">
    <ele>634.2</ele>
    <time>2023-11-04T12:49:51Z</time>
   </trkpt>
   <trkpt lat="46.3435690" lon="12.9236080">
    <ele>634.2</ele>
    <time>2023-11-04T12:49:52Z</time>
   </trkpt>
   <trkpt lat="46.3435610" lon="12.9236220">
    <ele>634.2</ele>
    <time>2023-11-04T12:49:53Z</time>
   </trkpt>
   <trkpt lat="46.3435540" lon="12.9236360">
    <ele>634.2</ele>
    <time>2023-11-04T12:49:54Z</time>
   </trkpt>
   <trkpt lat="46.3435480" lon="12.9236480">
    <ele>634.1</ele>
    <time>2023-11-04T12:49:55Z</time>
   </trkpt>
   <trkpt lat="46.3435440" lon="12.9236610">
    <ele>634.1</ele>
    <time>2023-11-04T12:49:56Z</time>
   </trkpt>
   <trkpt lat="46.3435410" lon="12.9236740">
    <ele>634.0</ele>
    <time>2023-11-04T12:49:57Z</time>
   </trkpt>
   <trkpt lat="46.3435430" lon="12.9236900">
    <ele>634.0</ele>
    <time>2023-11-04T12:49:58Z</time>
   </trkpt>
   <trkpt lat="46.3435440" lon="12.9237070">
    <ele>633.9</ele>
    <time>2023-11-04T12:49:59Z</time>
   </trkpt>
   <trkpt lat="46.3435440" lon="12.9237240">
    <ele>633.8</ele>
    <time>2023-11-04T12:50:00Z</time>
   </trkpt>
   <trkpt lat="46.3435420" lon="12.9237530">
    <ele>633.7</ele>
    <time>2023-11-04T12:50:01Z</time>
   </trkpt>
   <trkpt lat="46.3435410" lon="12.9237650">
    <ele>633.6</ele>
    <time>2023-11-04T12:50:02Z</time>
   </trkpt>
   <trkpt lat="46.3435400" lon="12.9237760">
    <ele>633.6</ele>
    <time>2023-11-04T12:50:03Z</time>
   </trkpt>
   <trkpt lat="46.3435360" lon="12.9237940">
    <ele>633.5</ele>
    <time>2023-11-04T12:50:04Z</time>
   </trkpt>
   <trkpt lat="46.3435330" lon="12.9238100">
    <ele>633.4</ele>
    <time>2023-11-04T12:50:05Z</time>
   </trkpt>
   <trkpt lat="46.3435290" lon="12.9238250">
    <ele>633.2</ele>
    <time>2023-11-04T12:50:06Z</time>
   </trkpt>
   <trkpt lat="46.3435230" lon="12.9238420">
    <ele>633.1</ele>
    <time>2023-11-04T12:50:07Z</time>
   </trkpt>
   <trkpt lat="46.3435170" lon="12.9238570">
    <ele>633.0</ele>
    <time>2023-11-04T12:50:08Z</time>
   </trkpt>
   <trkpt lat="46.3435100" lon="12.9238690">
    <ele>632.9</ele>
    <time>2023-11-04T12:50:09Z</time>
   </trkpt>
   <trkpt lat="46.3434980" lon="12.9238930">
    <ele>632.7</ele>
    <time>2023-11-04T12:50:10Z</time>
   </trkpt>
   <trkpt lat="46.3434930" lon="12.9239030">
    <ele>632.6</ele>
    <time>2023-11-04T12:50:11Z</time>
   </trkpt>
   <trkpt lat="46.3434870" lon="12.9239120">
    <ele>632.5</ele>
    <time>2023-11-04T12:50:12Z</time>
   </trkpt>
   <trkpt lat="46.3434700" lon="12.9239310">
    <ele>632.3</ele>
    <time>2023-11-04T12:50:13Z</time>
   </trkpt>
   <trkpt lat="46.3434630" lon="12.9239370">
    <ele>632.2</ele>
    <time>2023-11-04T12:50:14Z</time>
   </trkpt>
   <trkpt lat="46.3434550" lon="12.9239430">
    <ele>632.1</ele>
    <time>2023-11-04T12:50:15Z</time>
   </trkpt>
   <trkpt lat="46.3434420" lon="12.9239490">
    <ele>631.9</ele>
    <time>2023-11-04T12:50:16Z</time>
   </trkpt>
   <trkpt lat="46.3434310" lon="12.9239540">
    <ele>631.8</ele>
    <time>2023-11-04T12:50:17Z</time>
   </trkpt>
   <trkpt lat="46.3434220" lon="12.9239590">
    <ele>631.7</ele>
    <time>2023-11-04T12:50:18Z</time>
   </trkpt>
   <trkpt lat="46.3434130" lon="12.9239690">
    <ele>631.6</ele>
    <time>2023-11-04T12:50:19Z</time>
   </trkpt>
   <trkpt lat="46.3434030" lon="12.9239760">
    <ele>631.4</ele>
    <time>2023-11-04T12:50:20Z</time>
   </trkpt>
   <trkpt lat="46.3433920" lon="12.9239840">
    <ele>631.3</ele>
    <time>2023-11-04T12:50:21Z</time>
   </trkpt>
   <trkpt lat="46.3433740" lon="12.9239980">
    <ele>631.1</ele>
    <time>2023-11-04T12:50:22Z</time>
   </trkpt>
   <trkpt lat="46.3433660" lon="12.9240020">
    <ele>631.0</ele>
    <time>2023-11-04T12:50:23Z</time>
   </trkpt>
   <trkpt lat="46.3433580" lon="12.9240070">
    <ele>630.9</ele>
    <time>2023-11-04T12:50:24Z</time>
   </trkpt>
   <trkpt lat="46.3433440" lon="12.9240170">
    <ele>630.7</ele>
    <time>2023-11-04T12:50:25Z</time>
   </trkpt>
   <trkpt lat="46.3433290" lon="12.9240250">
    <ele>630.5</ele>
    <time>2023-11-04T12:50:26Z</time>
   </trkpt>
   <trkpt lat="46.3433140" lon="12.9240280">
    <ele>630.3</ele>
    <time>2023-11-04T12:50:27Z</time>
   </trkpt>
   <trkpt lat="46.3432990" lon="12.9240300">
    <ele>630.1</ele>
    <time>2023-11-04T12:50:28Z</time>
   </trkpt>
   <trkpt lat="46.3432780" lon="12.9240250">
    <ele>629.8</ele>
    <time>2023-11-04T12:50:29Z</time>
   </trkpt>
   <trkpt lat="46.3432700" lon="12.9240210">
    <ele>629.7</ele>
    <time>2023-11-04T12:50:30Z</time>
   </trkpt>
   <trkpt lat="46.3432620" lon="12.9240180">
    <ele>629.6</ele>
    <time>2023-11-04T12:50:31Z</time>
   </trkpt>
   <trkpt lat="46.3432430" lon="12.9240070">
    <ele>629.3</ele>
    <time>2023-11-04T12:50:32Z</time>
   </trkpt>
   <trkpt lat="46.3432350" lon="12.9240020">
    <ele>629.2</ele>
    <time>2023-11-04T12:50:33Z</time>
   </trkpt>
   <trkpt lat="46.3432270" lon="12.9239980">
    <ele>629.1</ele>
    <time>2023-11-04T12:50:34Z</time>
   </trkpt>
   <trkpt lat="46.3432170" lon="12.9239900">
    <ele>628.9</ele>
    <time>2023-11-04T12:50:35Z</time>
   </trkpt>
   <trkpt lat="46.3432080" lon="12.9239820">
    <ele>628.8</ele>
    <time>2023-11-04T12:50:36Z</time>
   </trkpt>
   <trkpt lat="46.3432010" lon="12.9239720">
    <ele>628.7</ele>
    <time>2023-11-04T12:50:37Z</time>
   </trkpt>
   <trkpt lat="46.3431830" lon="12.9239560">
    <ele>628.4</ele>
    <time>2023-11-04T12:50:38Z</time>
   </trkpt>
   <trkpt lat="46.3431770" lon="12.9239500">
    <ele>628.3</ele>
    <time>2023-11-04T12:50:39Z</time>
   </trkpt>
   <trkpt lat="46.3431700" lon="12.9239440">
    <ele>628.2</ele>
    <time>2023-11-04T12:50:40Z</time>
   </trkpt>
   <trkpt lat="46.3431530" lon="12.9239270">
    <ele>627.9</ele>
    <time>2023-11-04T12:50:41Z</time>
   </trkpt>
   <trkpt lat="46.3431460" lon="12.9239210">
    <ele>627.7</ele>
    <time>2023-11-04T12:50:42Z</time>
   </trkpt>
   <trkpt lat="46.3431390" lon="12.9239140">
    <ele>627.6</ele>
    <time>2023-11-04T12:50:43Z</time>
   </trkpt>
   <trkpt lat="46.3431190" lon="12.9239020">
    <ele>627.3</ele>
    <time>2023-11-04T12:50:44Z</time>
   </trkpt>
   <trkpt lat="46.3431110" lon="12.9238970">
    <ele>627.2</ele>
    <time>2023-11-04T12:50:45Z</time>
   </trkpt>
   <trkpt lat="46.3431030" lon="12.9238920">
    <ele>627.1</ele>
    <time>2023-11-04T12:50:46Z</time>
   </trkpt>
   <trkpt lat="46.3430820" lon="12.9238850">
    <ele>626.7</ele>
    <time>2023-11-04T12:50:47Z</time>
   </trkpt>
   <trkpt lat="46.3430730" lon="12.9238830">
    <ele>626.6</ele>
    <time>2023-11-04T12:50:48Z</time>
   </trkpt>
   <trkpt lat="46.3430650" lon="12.9238810">
    <ele>626.4</ele>
    <time>2023-11-04T12:50:49Z</time>
   </trkpt>
   <trkpt lat="46.3430500" lon="12.9238810">
    <ele>626.2</ele>
    <time>2023-11-04T12:50:50Z</time>
   </trkpt>
   <trkpt lat="46.3430370" lon="12.9238830">
    <ele>626.0</ele>
    <time>2023-11-04T12:50:51Z</time>
   </trkpt>
   <trkpt lat="46.3430150" lon="12.9238840">
    <ele>625.7</ele>
    <time>2023-11-04T12:50:52Z</time>
   </trkpt>
   <trkpt lat="46.3430070" lon="12.9238830">
    <ele>625.5</ele>
    <time>2023-11-04T12:50:53Z</time>
   </trkpt>
   <trkpt lat="46.3429980" lon="12.9238830">
    <ele>625.4</ele>
    <time>2023-11-04T12:50:54Z</time>
   </trkpt>
   <trkpt lat="46.3429800" lon="12.9238750">
    <ele>625.1</ele>
    <time>2023-11-04T12:50:55Z</time>
   </trkpt>
   <trkpt lat="46.3429710" lon="12.9238730">
    <ele>624.9</ele>
    <time>2023-11-04T12:50:56Z</time>
   </trkpt>
   <trkpt lat="46.3429630" lon="12.9238700">
    <ele>624.8</ele>
    <time>2023-11-04T12:50:57Z</time>
   </trkpt>
   <trkpt lat="46.3429410" lon="12.9238700">
    <ele>624.5</ele>
    <time>2023-11-04T12:50:58Z</time>
   </trkpt>
   <trkpt lat="46.3429320" lon="12.9238690">
    <ele>624.3</ele>
    <time>2023-11-04T12:50:59Z</time>
   </trkpt>
   <trkpt lat="46.3429240" lon="12.9238680">
    <ele>624.2</ele>
    <time>2023-11-04T12:51:00Z</time>
   </trkpt>
   <trkpt lat="46.3429020" lon="12.9238610">
    <ele>623.8</ele>
    <time>2023-11-04T12:51:01Z</time>
   </trkpt>
   <trkpt lat="46.3428940" lon="12.9238590">
    <ele>623.7</ele>
    <time>2023-11-04T12:51:02Z</time>
   </trkpt>
   <trkpt lat="46.3428850" lon="12.9238570">
    <ele>623.6</ele>
    <time>2023-11-04T12:51:03Z</time>
   </trkpt>
   <trkpt lat="46.3428740" lon="12.9238580">
    <ele>623.4</ele>
    <time>2023-11-04T12:51:04Z</time>
   </trkpt>
   <trkpt lat="46.3428640" lon="12.9238560">
    <ele>623.3</ele>
    <time>2023-11-04T12:51:05Z</time>
   </trkpt>
   <trkpt lat="46.3428520" lon="12.9238550">
    <ele>623.1</ele>
    <time>2023-11-04T12:51:06Z</time>
   </trkpt>
   <trkpt lat="46.3428350" lon="12.9238430">
    <ele>622.8</ele>
    <time>2023-11-04T12:51:07Z</time>
   </trkpt>
   <trkpt lat="46.3428250" lon="12.9238390">
    <ele>622.7</ele>
    <time>2023-11-04T12:51:09Z</time>
   </trkpt>
   <trkpt lat="46.3428140" lon="12.9238360">
    <ele>622.5</ele>
    <time>2023-11-04T12:51:10Z</time>
   </trkpt>
   <trkpt lat="46.3428030" lon="12.9238320">
    <ele>622.3</ele>
    <time>2023-11-04T12:51:11Z</time>
   </trkpt>
   <trkpt lat="46.3427920" lon="12.9238290">
    <ele>622.2</ele>
    <time>2023-11-04T12:51:12Z</time>
   </trkpt>
   <trkpt lat="46.3427820" lon="12.9238270">
    <ele>622.0</ele>
    <time>2023-11-04T12:51:13Z</time>
   </trkpt>
   <trkpt lat="46.3427710" lon="12.9238300">
    <ele>621.8</ele>
    <time>2023-11-04T12:51:14Z</time>
   </trkpt>
   <trkpt lat="46.3427530" lon="12.9238550">
    <ele>621.5</ele>
    <time>2023-11-04T12:51:15Z</time>
   </trkpt>
   <trkpt lat="46.3427480" lon="12.9238810">
    <ele>621.2</ele>
    <time>2023-11-04T12:51:17Z</time>
   </trkpt>
   <trkpt lat="46.3427470" lon="12.9238900">
    <ele>621.1</ele>
    <time>2023-11-04T12:51:18Z</time>
   </trkpt>
   <trkpt lat="46.3427470" lon="12.9239100">
    <ele>620.9</ele>
    <time>2023-11-04T12:51:19Z</time>
   </trkpt>
   <trkpt lat="46.3427490" lon="12.9239310">
    <ele>620.7</ele>
    <time>2023-11-04T12:51:20Z</time>
   </trkpt>
   <trkpt lat="46.3427530" lon="12.9239530">
    <ele>620.4</ele>
    <time>2023-11-04T12:51:21Z</time>
   </trkpt>
   <trkpt lat="46.3427570" lon="12.9239750">
    <ele>620.3</ele>
    <time>2023-11-04T12:51:22Z</time>
   </trkpt>
   <trkpt lat="46.3427630" lon="12.9239960">
    <ele>620.0</ele>
    <time>2023-11-04T12:51:23Z</time>
   </trkpt>
   <trkpt lat="46.3427710" lon="12.9240160">
    <ele>619.8</ele>
    <time>2023-11-04T12:51:24Z</time>
   </trkpt>
   <trkpt lat="46.3427810" lon="12.9240320">
    <ele>619.5</ele>
    <time>2023-11-04T12:51:25Z</time>
   </trkpt>
   <trkpt lat="46.3427920" lon="12.9240440">
    <ele>619.3</ele>
    <time>2023-11-04T12:51:26Z</time>
   </trkpt>
   <trkpt lat="46.3428070" lon="12.9240650">
    <ele>619.0</ele>
    <time>2023-11-04T12:51:27Z</time>
   </trkpt>
   <trkpt lat="46.3428140" lon="12.9240740">
    <ele>618.9</ele>
    <time>2023-11-04T12:51:28Z</time>
   </trkpt>
   <trkpt lat="46.3428200" lon="12.9240820">
    <ele>618.7</ele>
    <time>2023-11-04T12:51:29Z</time>
   </trkpt>
   <trkpt lat="46.3428320" lon="12.9241070">
    <ele>618.4</ele>
    <time>2023-11-04T12:51:30Z</time>
   </trkpt>
   <trkpt lat="46.3428360" lon="12.9241180">
    <ele>618.2</ele>
    <time>2023-11-04T12:51:31Z</time>
   </trkpt>
   <trkpt lat="46.3428400" lon="12.9241280">
    <ele>618.1</ele>
    <time>2023-11-04T12:51:32Z</time>
   </trkpt>
   <trkpt lat="46.3428430" lon="12.9241420">
    <ele>617.9</ele>
    <time>2023-11-04T12:51:33Z</time>
   </trkpt>
   <trkpt lat="46.3428440" lon="12.9241560">
    <ele>617.8</ele>
    <time>2023-11-04T12:51:34Z</time>
   </trkpt>
   <trkpt lat="46.3428450" lon="12.9241720">
    <ele>617.6</ele>
    <time>2023-11-04T12:51:35Z</time>
   </trkpt>
   <trkpt lat="46.3428490" lon="12.9241880">
    <ele>617.4</ele>
    <time>2023-11-04T12:51:36Z</time>
   </trkpt>
   <trkpt lat="46.3428560" lon="12.9242010">
    <ele>617.2</ele>
    <time>2023-11-04T12:51:37Z</time>
   </trkpt>
   <trkpt lat="46.3428630" lon="12.9242130">
    <ele>617.0</ele>
    <time>2023-11-04T12:51:38Z</time>
   </trkpt>
   <trkpt lat="46.3428730" lon="12.9242380">
    <ele>616.7</ele>
    <time>2023-11-04T12:51:39Z</time>
   </trkpt>
   <trkpt lat="46.3428750" lon="12.9242500">
    <ele>616.6</ele>
    <time>2023-11-04T12:51:40Z</time>
   </trkpt>
   <trkpt lat="46.3428780" lon="12.9242620">
    <ele>616.4</ele>
    <time>2023-11-04T12:51:41Z</time>
   </trkpt>
   <trkpt lat="46.3428830" lon="12.9242910">
    <ele>616.1</ele>
    <time>2023-11-04T12:51:42Z</time>
   </trkpt>
   <trkpt lat="46.3428850" lon="12.9243030">
    <ele>616.0</ele>
    <time>2023-11-04T12:51:43Z</time>
   </trkpt>
   <trkpt lat="46.3428870" lon="12.9243150">
    <ele>615.8</ele>
    <time>2023-11-04T12:51:44Z</time>
   </trkpt>
   <trkpt lat="46.3428920" lon="12.9243340">
    <ele>615.6</ele>
    <time>2023-11-04T12:51:45Z</time>
   </trkpt>
   <trkpt lat="46.3429000" lon="12.9243570">
    <ele>615.4</ele>
    <time>2023-11-04T12:51:46Z</time>
   </trkpt>
   <trkpt lat="46.3429050" lon="12.9243790">
    <ele>615.2</ele>
    <time>2023-11-04T12:51:47Z</time>
   </trkpt>
   <trkpt lat="46.3429070" lon="12.9243970">
    <ele>615.0</ele>
    <time>2023-11-04T12:51:48Z</time>
   </trkpt>
   <trkpt lat="46.3429090" lon="12.9244120">
    <ele>614.8</ele>
    <time>2023-11-04T12:51:49Z</time>
   </trkpt>
   <trkpt lat="46.3429120" lon="12.9244270">
    <ele>614.7</ele>
    <time>2023-11-04T12:51:50Z</time>
   </trkpt>
   <trkpt lat="46.3429130" lon="12.9244410">
    <ele>614.6</ele>
    <time>2023-11-04T12:51:51Z</time>
   </trkpt>
   <trkpt lat="46.3429150" lon="12.9244570">
    <ele>614.4</ele>
    <time>2023-11-04T12:51:52Z</time>
   </trkpt>
   <trkpt lat="46.3429190" lon="12.9244710">
    <ele>614.3</ele>
    <time>2023-11-04T12:51:53Z</time>
   </trkpt>
   <trkpt lat="46.3429240" lon="12.9244850">
    <ele>614.2</ele>
    <time>2023-11-04T12:51:54Z</time>
   </trkpt>
   <trkpt lat="46.3429300" lon="12.9244990">
    <ele>614.0</ele>
    <time>2023-11-04T12:51:55Z</time>
   </trkpt>
   <trkpt lat="46.3429330" lon="12.9245160">
    <ele>613.9</ele>
    <time>2023-11-04T12:51:56Z</time>
   </trkpt>
   <trkpt lat="46.3429290" lon="12.9245470">
    <ele>613.6</ele>
    <time>2023-11-04T12:51:57Z</time>
   </trkpt>
   <trkpt lat="46.3429260" lon="12.9245590">
    <ele>613.5</ele>
    <time>2023-11-04T12:51:59Z</time>
   </trkpt>
   <trkpt lat="46.3429200" lon="12.9245700">
    <ele>613.4</ele>
    <time>2023-11-04T12:52:00Z</time>
   </trkpt>
   <trkpt lat="46.3429120" lon="12.9245790">
    <ele>613.3</ele>
    <time>2023-11-04T12:52:01Z</time>
   </trkpt>
   <trkpt lat="46.3429010" lon="12.9245820">
    <ele>613.2</ele>
    <time>2023-11-04T12:52:02Z</time>
   </trkpt>
   <trkpt lat="46.3428890" lon="12.9245810">
    <ele>613.0</ele>
    <time>2023-11-04T12:52:03Z</time>
   </trkpt>
   <trkpt lat="46.3428790" lon="12.9245760">
    <ele>612.9</ele>
    <time>2023-11-04T12:52:04Z</time>
   </trkpt>
   <trkpt lat="46.3428680" lon="12.9245680">
    <ele>612.8</ele>
    <time>2023-11-04T12:52:05Z</time>
   </trkpt>
   <trkpt lat="46.3428590" lon="12.9245590">
    <ele>612.7</ele>
    <time>2023-11-04T12:52:06Z</time>
   </trkpt>
   <trkpt lat="46.3428510" lon="12.9245480">
    <ele>612.5</ele>
    <time>2023-11-04T12:52:07Z</time>
   </trkpt>
   <trkpt lat="46.3428470" lon="12.9245310">
    <ele>612.4</ele>
    <time>2023-11-04T12:52:08Z</time>
   </trkpt>
   <trkpt lat="46.3428480" lon="12.9245120">
    <ele>612.2</ele>
    <time>2023-11-04T12:52:09Z</time>
   </trkpt>
   <trkpt lat="46.3428490" lon="12.9244960">
    <ele>612.1</ele>
    <time>2023-11-04T12:52:10Z</time>
   </trkpt>
   <trkpt lat="46.3428470" lon="12.9244820">
    <ele>612.0</ele>
    <time>2023-11-04T12:52:11Z</time>
   </trkpt>
   <trkpt lat="46.3428440" lon="12.9244680">
    <ele>611.9</ele>
    <time>2023-11-04T12:52:12Z</time>
   </trkpt>
   <trkpt lat="46.3428380" lon="12.9244580">
    <ele>611.8</ele>
    <time>2023-11-04T12:52:13Z</time>
   </trkpt>
   <trkpt lat="46.3428280" lon="12.9244520">
    <ele>611.6</ele>
    <time>2023-11-04T12:52:14Z</time>
   </trkpt>
   <trkpt lat="46.3428180" lon="12.9244440">
    <ele>611.5</ele>
    <time>2023-11-04T12:52:15Z</time>
   </trkpt>
   <trkpt lat="46.3428080" lon="12.9244360">
    <ele>611.3</ele>
    <time>2023-11-04T12:52:16Z</time>
   </trkpt>
   <trkpt lat="46.3427990" lon="12.9244280">
    <ele>611.2</ele>
    <time>2023-11-04T12:52:17Z</time>
   </trkpt>
   <trkpt lat="46.3427900" lon="12.9244210">
    <ele>611.1</ele>
    <time>2023-11-04T12:52:18Z</time>
   </trkpt>
   <trkpt lat="46.3427810" lon="12.9244110">
    <ele>610.9</ele>
    <time>2023-11-04T12:52:19Z</time>
   </trkpt>
   <trkpt lat="46.3427730" lon="12.9243990">
    <ele>610.8</ele>
    <time>2023-11-04T12:52:20Z</time>
   </trkpt>
   <trkpt lat="46.3427650" lon="12.9243880">
    <ele>610.6</ele>
    <time>2023-11-04T12:52:21Z</time>
   </trkpt>
   <trkpt lat="46.3427570" lon="12.9243770">
    <ele>610.5</ele>
    <time>2023-11-04T12:52:22Z</time>
   </trkpt>
   <trkpt lat="46.3427470" lon="12.9243700">
    <ele>610.3</ele>
    <time>2023-11-04T12:52:23Z</time>
   </trkpt>
   <trkpt lat="46.3427390" lon="12.9243620">
    <ele>610.2</ele>
    <time>2023-11-04T12:52:24Z</time>
   </trkpt>
   <trkpt lat="46.3427300" lon="12.9243550">
    <ele>610.0</ele>
    <time>2023-11-04T12:52:25Z</time>
   </trkpt>
   <trkpt lat="46.3427220" lon="12.9243480">
    <ele>609.9</ele>
    <time>2023-11-04T12:52:26Z</time>
   </trkpt>
   <trkpt lat="46.3427120" lon="12.9243420">
    <ele>609.8</ele>
    <time>2023-11-04T12:52:27Z</time>
   </trkpt>
   <trkpt lat="46.3426910" lon="12.9243360">
    <ele>609.5</ele>
    <time>2023-11-04T12:52:28Z</time>
   </trkpt>
   <trkpt lat="46.3426810" lon="12.9243350">
    <ele>609.4</ele>
    <time>2023-11-04T12:52:29Z</time>
   </trkpt>
   <trkpt lat="46.3426710" lon="12.9243350">
    <ele>609.2</ele>
    <time>2023-11-04T12:52:30Z</time>
   </trkpt>
   <trkpt lat="46.3426560" lon="12.9243410">
    <ele>609.0</ele>
    <time>2023-11-04T12:52:31Z</time>
   </trkpt>
   <trkpt lat="46.3426430" lon="12.9243490">
    <ele>608.8</ele>
    <time>2023-11-04T12:52:32Z</time>
   </trkpt>
   <trkpt lat="46.3426330" lon="12.9243600">
    <ele>608.7</ele>
    <time>2023-11-04T12:52:33Z</time>
   </trkpt>
   <trkpt lat="46.3426250" lon="12.9243720">
    <ele>608.5</ele>
    <time>2023-11-04T12:52:34Z</time>
   </trkpt>
   <trkpt lat="46.3426200" lon="12.9243870">
    <ele>608.4</ele>
    <time>2023-11-04T12:52:35Z</time>
   </trkpt>
   <trkpt lat="46.3426130" lon="12.9244010">
    <ele>608.2</ele>
    <time>2023-11-04T12:52:36Z</time>
   </trkpt>
   <trkpt lat="46.3426050" lon="12.9244150">
    <ele>608.0</ele>
    <time>2023-11-04T12:52:37Z</time>
   </trkpt>
   <trkpt lat="46.3425960" lon="12.9244240">
    <ele>607.9</ele>
    <time>2023-11-04T12:52:38Z</time>
   </trkpt>
   <trkpt lat="46.3425870" lon="12.9244320">
    <ele>607.7</ele>
    <time>2023-11-04T12:52:39Z</time>
   </trkpt>
   <trkpt lat="46.3425770" lon="12.9244400">
    <ele>607.6</ele>
    <time>2023-11-04T12:52:40Z</time>
   </trkpt>
   <trkpt lat="46.3425690" lon="12.9244510">
    <ele>607.4</ele>
    <time>2023-11-04T12:52:41Z</time>
   </trkpt>
   <trkpt lat="46.3425610" lon="12.9244610">
    <ele>607.3</ele>
    <time>2023-11-04T12:52:42Z</time>
   </trkpt>
   <trkpt lat="46.3425520" lon="12.9244710">
    <ele>607.1</ele>
    <time>2023-11-04T12:52:43Z</time>
   </trkpt>
   <trkpt lat="46.3425430" lon="12.9244800">
    <ele>607.0</ele>
    <time>2023-11-04T12:52:44Z</time>
   </trkpt>
   <trkpt lat="46.3425350" lon="12.9244850">
    <ele>606.8</ele>
    <time>2023-11-04T12:52:45Z</time>
   </trkpt>
   <trkpt lat="46.3425280" lon="12.9244840">
    <ele>606.7</ele>
    <time>2023-11-04T12:52:46Z</time>
   </trkpt>
   <trkpt lat="46.3425190" lon="12.9244840">
    <ele>606.6</ele>
    <time>2023-11-04T12:52:47Z</time>
   </trkpt>
   <trkpt lat="46.3425100" lon="12.9244870">
    <ele>606.5</ele>
    <time>2023-11-04T12:52:48Z</time>
   </trkpt>
   <trkpt lat="46.3425010" lon="12.9244930">
    <ele>606.3</ele>
    <time>2023-11-04T12:52:49Z</time>
   </trkpt>
   <trkpt lat="46.3424930" lon="12.9245010">
    <ele>606.2</ele>
    <time>2023-11-04T12:52:50Z</time>
   </trkpt>
   <trkpt lat="46.3424830" lon="12.9245040">
    <ele>606.0</ele>
    <time>2023-11-04T12:52:51Z</time>
   </trkpt>
   <trkpt lat="46.3424740" lon="12.9245030">
    <ele>605.9</ele>
    <time>2023-11-04T12:52:52Z</time>
   </trkpt>
   <trkpt lat="46.3424640" lon="12.9244990">
    <ele>605.8</ele>
    <time>2023-11-04T12:52:53Z</time>
   </trkpt>
   <trkpt lat="46.3424560" lon="12.9244970">
    <ele>605.6</ele>
    <time>2023-11-04T12:52:54Z</time>
   </trkpt>
   <trkpt lat="46.3424470" lon="12.9244980">
    <ele>605.5</ele>
    <time>2023-11-04T12:52:55Z</time>
   </trkpt>
   <trkpt lat="46.3424370" lon="12.9244990">
    <ele>605.4</ele>
    <time>2023-11-04T12:52:56Z</time>
   </trkpt>
   <trkpt lat="46.3424290" lon="12.9244950">
    <ele>605.2</ele>
    <time>2023-11-04T12:52:57Z</time>
   </trkpt>
   <trkpt lat="46.3424220" lon="12.9244880">
    <ele>605.1</ele>
    <time>2023-11-04T12:52:58Z</time>
   </trkpt>
   <trkpt lat="46.3424140" lon="12.9244820">
    <ele>605.0</ele>
    <time>2023-11-04T12:52:59Z</time>
   </trkpt>
   <trkpt lat="46.3424050" lon="12.9244770">
    <ele>604.9</ele>
    <time>2023-11-04T12:53:00Z</time>
   </trkpt>
   <trkpt lat="46.3423980" lon="12.9244740">
    <ele>604.8</ele>
    <time>2023-11-04T12:53:01Z</time>
   </trkpt>
   <trkpt lat="46.3423830" lon="12.9244740">
    <ele>604.6</ele>
    <time>2023-11-04T12:53:02Z</time>
   </trkpt>
   <trkpt lat="46.3423760" lon="12.9244750">
    <ele>604.5</ele>
    <time>2023-11-04T12:53:03Z</time>
   </trkpt>
   <trkpt lat="46.3423690" lon="12.9244760">
    <ele>604.4</ele>
    <time>2023-11-04T12:53:04Z</time>
   </trkpt>
   <trkpt lat="46.3423620" lon="12.9244760">
    <ele>604.3</ele>
    <time>2023-11-04T12:53:05Z</time>
   </trkpt>
   <trkpt lat="46.3423540" lon="12.9244690">
    <ele>604.2</ele>
    <time>2023-11-04T12:53:06Z</time>
   </trkpt>
   <trkpt lat="46.3423470" lon="12.9244610">
    <ele>604.1</ele>
    <time>2023-11-04T12:53:07Z</time>
   </trkpt>
   <trkpt lat="46.3423390" lon="12.9244560">
    <ele>604.0</ele>
    <time>2023-11-04T12:53:08Z</time>
   </trkpt>
   <trkpt lat="46.3423310" lon="12.9244510">
    <ele>603.9</ele>
    <time>2023-11-04T12:53:09Z</time>
   </trkpt>
   <trkpt lat="46.3423230" lon="12.9244460">
    <ele>603.7</ele>
    <time>2023-11-04T12:53:10Z</time>
   </trkpt>
   <trkpt lat="46.3423130" lon="12.9244450">
    <ele>603.6</ele>
    <time>2023-11-04T12:53:11Z</time>
   </trkpt>
   <trkpt lat="46.3423020" lon="12.9244440">
    <ele>603.5</ele>
    <time>2023-11-04T12:53:12Z</time>
   </trkpt>
   <trkpt lat="46.3422920" lon="12.9244440">
    <ele>603.4</ele>
    <time>2023-11-04T12:53:13Z</time>
   </trkpt>
   <trkpt lat="46.3422810" lon="12.9244460">
    <ele>603.2</ele>
    <time>2023-11-04T12:53:14Z</time>
   </trkpt>
   <trkpt lat="46.3422700" lon="12.9244490">
    <ele>603.1</ele>
    <time>2023-11-04T12:53:15Z</time>
   </trkpt>
   <trkpt lat="46.3422590" lon="12.9244540">
    <ele>602.9</ele>
    <time>2023-11-04T12:53:16Z</time>
   </trkpt>
   <trkpt lat="46.3422490" lon="12.9244580">
    <ele>602.8</ele>
    <time>2023-11-04T12:53:17Z</time>
   </trkpt>
   <trkpt lat="46.3422390" lon="12.9244610">
    <ele>602.7</ele>
    <time>2023-11-04T12:53:18Z</time>
   </trkpt>
   <trkpt lat="46.3422290" lon="12.9244620">
    <ele>602.6</ele>
    <time>2023-11-04T12:53:19Z</time>
   </trkpt>
   <trkpt lat="46.3422200" lon="12.9244630">
    <ele>602.5</ele>
    <time>2023-11-04T12:53:20Z</time>
   </trkpt>
   <trkpt lat="46.3422110" lon="12.9244630">
    <ele>602.3</ele>
    <time>2023-11-04T12:53:21Z</time>
   </trkpt>
   <trkpt lat="46.3422020" lon="12.9244640">
    <ele>602.2</ele>
    <time>2023-11-04T12:53:22Z</time>
   </trkpt>
   <trkpt lat="46.3421930" lon="12.9244640">
    <ele>602.1</ele>
    <time>2023-11-04T12:53:23Z</time>
   </trkpt>
   <trkpt lat="46.3421830" lon="12.9244650">
    <ele>602.0</ele>
    <time>2023-11-04T12:53:24Z</time>
   </trkpt>
   <trkpt lat="46.3421670" lon="12.9244810">
    <ele>601.8</ele>
    <time>2023-11-04T12:53:25Z</time>
   </trkpt>
   <trkpt lat="46.3421610" lon="12.9244920">
    <ele>601.7</ele>
    <time>2023-11-04T12:53:26Z</time>
   </trkpt>
   <trkpt lat="46.3421560" lon="12.9245030">
    <ele>601.6</ele>
    <time>2023-11-04T12:53:27Z</time>
   </trkpt>
   <trkpt lat="46.3421460" lon="12.9245140">
    <ele>601.4</ele>
    <time>2023-11-04T12:53:28Z</time>
   </trkpt>
   <trkpt lat="46.3421380" lon="12.9245200">
    <ele>601.3</ele>
    <time>2023-11-04T12:53:29Z</time>
   </trkpt>
   <trkpt lat="46.3421290" lon="12.9245250">
    <ele>601.2</ele>
    <time>2023-11-04T12:53:30Z</time>
   </trkpt>
   <trkpt lat="46.3421230" lon="12.9245340">
    <ele>601.1</ele>
    <time>2023-11-04T12:53:31Z</time>
   </trkpt>
   <trkpt lat="46.3421170" lon="12.9245440">
    <ele>601.1</ele>
    <time>2023-11-04T12:53:32Z</time>
   </trkpt>
   <trkpt lat="46.3421090" lon="12.9245480">
    <ele>601.0</ele>
    <time>2023-11-04T12:53:33Z</time>
   </trkpt>
   <trkpt lat="46.3421010" lon="12.9245520">
    <ele>600.9</ele>
    <time>2023-11-04T12:53:34Z</time>
   </trkpt>
   <trkpt lat="46.3420930" lon="12.9245580">
    <ele>600.8</ele>
    <time>2023-11-04T12:53:35Z</time>
   </trkpt>
   <trkpt lat="46.3420860" lon="12.9245620">
    <ele>600.7</ele>
    <time>2023-11-04T12:53:36Z</time>
   </trkpt>
   <trkpt lat="46.3420780" lon="12.9245630">
    <ele>600.7</ele>
    <time>2023-11-04T12:53:37Z</time>
   </trkpt>
   <trkpt lat="46.3420690" lon="12.9245610">
    <ele>600.6</ele>
    <time>2023-11-04T12:53:38Z</time>
   </trkpt>
   <trkpt lat="46.3420600" lon="12.9245600">
    <ele>600.5</ele>
    <time>2023-11-04T12:53:39Z</time>
   </trkpt>
   <trkpt lat="46.3420500" lon="12.9245560">
    <ele>600.4</ele>
    <time>2023-11-04T12:53:40Z</time>
   </trkpt>
   <trkpt lat="46.3420410" lon="12.9245570">
    <ele>600.3</ele>
    <time>2023-11-04T12:53:41Z</time>
   </trkpt>
   <trkpt lat="46.3420320" lon="12.9245630">
    <ele>600.2</ele>
    <time>2023-11-04T12:53:42Z</time>
   </trkpt>
   <trkpt lat="46.3420230" lon="12.9245720">
    <ele>600.1</ele>
    <time>2023-11-04T12:53:43Z</time>
   </trkpt>
   <trkpt lat="46.3420150" lon="12.9245820">
    <ele>600.0</ele>
    <time>2023-11-04T12:53:44Z</time>
   </trkpt>
   <trkpt lat="46.3420060" lon="12.9245860">
    <ele>600.0</ele>
    <time>2023-11-04T12:53:45Z</time>
   </trkpt>
   <trkpt lat="46.3419970" lon="12.9245880">
    <ele>599.9</ele>
    <time>2023-11-04T12:53:46Z</time>
   </trkpt>
   <trkpt lat="46.3419880" lon="12.9245930">
    <ele>599.8</ele>
    <time>2023-11-04T12:53:47Z</time>
   </trkpt>
   <trkpt lat="46.3419760" lon="12.9246150">
    <ele>599.6</ele>
    <time>2023-11-04T12:53:48Z</time>
   </trkpt>
   <trkpt lat="46.3419720" lon="12.9246260">
    <ele>599.5</ele>
    <time>2023-11-04T12:53:49Z</time>
   </trkpt>
   <trkpt lat="46.3419680" lon="12.9246380">
    <ele>599.4</ele>
    <time>2023-11-04T12:53:50Z</time>
   </trkpt>
   <trkpt lat="46.3419680" lon="12.9246570">
    <ele>599.3</ele>
    <time>2023-11-04T12:53:51Z</time>
   </trkpt>
   <trkpt lat="46.3419670" lon="12.9246760">
    <ele>599.1</ele>
    <time>2023-11-04T12:53:52Z</time>
   </trkpt>
   <trkpt lat="46.3419640" lon="12.9246870">
    <ele>599.0</ele>
    <time>2023-11-04T12:53:53Z</time>
   </trkpt>
   <trkpt lat="46.3419610" lon="12.9247020">
    <ele>598.9</ele>
    <time>2023-11-04T12:53:54Z</time>
   </trkpt>
   <trkpt lat="46.3419590" lon="12.9247180">
    <ele>598.8</ele>
    <time>2023-11-04T12:53:55Z</time>
   </trkpt>
   <trkpt lat="46.3419570" lon="12.9247320">
    <ele>598.7</ele>
    <time>2023-11-04T12:53:56Z</time>
   </trkpt>
   <trkpt lat="46.3419560" lon="12.9247440">
    <ele>598.6</ele>
    <time>2023-11-04T12:53:57Z</time>
   </trkpt>
   <trkpt lat="46.3419560" lon="12.9247520">
    <ele>598.5</ele>
    <time>2023-11-04T12:53:58Z</time>
   </trkpt>
   <trkpt lat="46.3419560" lon="12.9247580">
    <ele>598.4</ele>
    <time>2023-11-04T12:53:59Z</time>
   </trkpt>
   <trkpt lat="46.3419570" lon="12.9247660">
    <ele>598.4</ele>
    <time>2023-11-04T12:54:00Z</time>
   </trkpt>
   <trkpt lat="46.3419570" lon="12.9247770">
    <ele>598.3</ele>
    <time>2023-11-04T12:54:01Z</time>
   </trkpt>
   <trkpt lat="46.3419690" lon="12.9248040">
    <ele>598.0</ele>
    <time>2023-11-04T12:54:02Z</time>
   </trkpt>
   <trkpt lat="46.3419730" lon="12.9248150">
    <ele>597.9</ele>
    <time>2023-11-04T12:54:03Z</time>
   </trkpt>
   <trkpt lat="46.3419780" lon="12.9248250">
    <ele>597.8</ele>
    <time>2023-11-04T12:54:04Z</time>
   </trkpt>
   <trkpt lat="46.3419810" lon="12.9248430">
    <ele>597.7</ele>
    <time>2023-11-04T12:54:05Z</time>
   </trkpt>
   <trkpt lat="46.3419820" lon="12.9248570">
    <ele>597.6</ele>
    <time>2023-11-04T12:54:06Z</time>
   </trkpt>
   <trkpt lat="46.3419830" lon="12.9248660">
    <ele>597.5</ele>
    <time>2023-11-04T12:54:07Z</time>
   </trkpt>
   <trkpt lat="46.3419830" lon="12.9248750">
    <ele>597.4</ele>
    <time>2023-11-04T12:54:08Z</time>
   </trkpt>
   <trkpt lat="46.3419840" lon="12.9248820">
    <ele>597.4</ele>
    <time>2023-11-04T12:54:09Z</time>
   </trkpt>
   <trkpt lat="46.3419840" lon="12.9248870">
    <ele>597.3</ele>
    <time>2023-11-04T12:54:10Z</time>
   </trkpt>
   <trkpt lat="46.3419850" lon="12.9248900">
    <ele>597.3</ele>
    <time>2023-11-04T12:54:11Z</time>
   </trkpt>
   <trkpt lat="46.3419850" lon="12.9248920">
    <ele>597.3</ele>
    <time>2023-11-04T12:54:12Z</time>
   </trkpt>
   <trkpt lat="46.3419880" lon="12.9248940">
    <ele>597.2</ele>
    <time>2023-11-04T12:54:13Z</time>
   </trkpt>
   <trkpt lat="46.3419910" lon="12.9248950">
    <ele>597.2</ele>
    <time>2023-11-04T12:54:14Z</time>
   </trkpt>
   <trkpt lat="46.3419920" lon="12.9249010">
    <ele>597.1</ele>
    <time>2023-11-04T12:54:15Z</time>
   </trkpt>
   <trkpt lat="46.3419930" lon="12.9249100">
    <ele>597.1</ele>
    <time>2023-11-04T12:54:16Z</time>
   </trkpt>
   <trkpt lat="46.3419940" lon="12.9249230">
    <ele>597.0</ele>
    <time>2023-11-04T12:54:17Z</time>
   </trkpt>
   <trkpt lat="46.3419980" lon="12.9249380">
    <ele>596.8</ele>
    <time>2023-11-04T12:54:18Z</time>
   </trkpt>
   <trkpt lat="46.3420010" lon="12.9249550">
    <ele>596.7</ele>
    <time>2023-11-04T12:54:19Z</time>
   </trkpt>
   <trkpt lat="46.3420030" lon="12.9249720">
    <ele>596.6</ele>
    <time>2023-11-04T12:54:20Z</time>
   </trkpt>
   <trkpt lat="46.3420040" lon="12.9249880">
    <ele>596.4</ele>
    <time>2023-11-04T12:54:21Z</time>
   </trkpt>
   <trkpt lat="46.3420050" lon="12.9250040">
    <ele>596.3</ele>
    <time>2023-11-04T12:54:22Z</time>
   </trkpt>
   <trkpt lat="46.3420040" lon="12.9250190">
    <ele>596.2</ele>
    <time>2023-11-04T12:54:23Z</time>
   </trkpt>
   <trkpt lat="46.3420020" lon="12.9250330">
    <ele>596.1</ele>
    <time>2023-11-04T12:54:24Z</time>
   </trkpt>
   <trkpt lat="46.3420000" lon="12.9250470">
    <ele>596.0</ele>
    <time>2023-11-04T12:54:25Z</time>
   </trkpt>
   <trkpt lat="46.3420000" lon="12.9250610">
    <ele>595.9</ele>
    <time>2023-11-04T12:54:26Z</time>
   </trkpt>
   <trkpt lat="46.3420030" lon="12.9250740">
    <ele>595.8</ele>
    <time>2023-11-04T12:54:27Z</time>
   </trkpt>
   <trkpt lat="46.3420050" lon="12.9250870">
    <ele>595.7</ele>
    <time>2023-11-04T12:54:28Z</time>
   </trkpt>
   <trkpt lat="46.3420070" lon="12.9251000">
    <ele>595.6</ele>
    <time>2023-11-04T12:54:29Z</time>
   </trkpt>
   <trkpt lat="46.3420060" lon="12.9251140">
    <ele>595.5</ele>
    <time>2023-11-04T12:54:30Z</time>
   </trkpt>
   <trkpt lat="46.3420030" lon="12.9251260">
    <ele>595.4</ele>
    <time>2023-11-04T12:54:31Z</time>
   </trkpt>
   <trkpt lat="46.3420010" lon="12.9251390">
    <ele>595.3</ele>
    <time>2023-11-04T12:54:32Z</time>
   </trkpt>
   <trkpt lat="46.3419960" lon="12.9251510">
    <ele>595.3</ele>
    <time>2023-11-04T12:54:33Z</time>
   </trkpt>
   <trkpt lat="46.3419900" lon="12.9251620">
    <ele>595.2</ele>
    <time>2023-11-04T12:54:34Z</time>
   </trkpt>
   <trkpt lat="46.3419840" lon="12.9251730">
    <ele>595.2</ele>
    <time>2023-11-04T12:54:35Z</time>
   </trkpt>
   <trkpt lat="46.3419790" lon="12.9251850">
    <ele>595.2</ele>
    <time>2023-11-04T12:54:36Z</time>
   </trkpt>
   <trkpt lat="46.3419740" lon="12.9251970">
    <ele>595.2</ele>
    <time>2023-11-04T12:54:37Z</time>
   </trkpt>
   <trkpt lat="46.3419710" lon="12.9252090">
    <ele>595.2</ele>
    <time>2023-11-04T12:54:38Z</time>
   </trkpt>
   <trkpt lat="46.3419690" lon="12.9252220">
    <ele>595.2</ele>
    <time>2023-11-04T12:54:39Z</time>
   </trkpt>
   <trkpt lat="46.3419670" lon="12.9252340">
    <ele>595.1</ele>
    <time>2023-11-04T12:54:40Z</time>
   </trkpt>
   <trkpt lat="46.3419650" lon="12.9252460">
    <ele>595.1</ele>
    <time>2023-11-04T12:54:41Z</time>
   </trkpt>
   <trkpt lat="46.3419620" lon="12.9252570">
    <ele>595.1</ele>
    <time>2023-11-04T12:54:42Z</time>
   </trkpt>
   <trkpt lat="46.3419580" lon="12.9252680">
    <ele>595.1</ele>
    <time>2023-11-04T12:54:43Z</time>
   </trkpt>
   <trkpt lat="46.3419540" lon="12.9252800">
    <ele>595.1</ele>
    <time>2023-11-04T12:54:44Z</time>
   </trkpt>
   <trkpt lat="46.3419490" lon="12.9252910">
    <ele>595.1</ele>
    <time>2023-11-04T12:54:45Z</time>
   </trkpt>
   <trkpt lat="46.3419440" lon="12.9253000">
    <ele>595.0</ele>
    <time>2023-11-04T12:54:46Z</time>
   </trkpt>
   <trkpt lat="46.3419380" lon="12.9253100">
    <ele>595.0</ele>
    <time>2023-11-04T12:54:47Z</time>
   </trkpt>
   <trkpt lat="46.3419310" lon="12.9253160">
    <ele>595.0</ele>
    <time>2023-11-04T12:54:48Z</time>
   </trkpt>
   <trkpt lat="46.3419260" lon="12.9253280">
    <ele>595.0</ele>
    <time>2023-11-04T12:54:49Z</time>
   </trkpt>
   <trkpt lat="46.3419220" lon="12.9253390">
    <ele>595.0</ele>
    <time>2023-11-04T12:54:50Z</time>
   </trkpt>
   <trkpt lat="46.3419190" lon="12.9253500">
    <ele>595.0</ele>
    <time>2023-11-04T12:54:51Z</time>
   </trkpt>
   <trkpt lat="46.3419160" lon="12.9253660">
    <ele>594.9</ele>
    <time>2023-11-04T12:54:52Z</time>
   </trkpt>
   <trkpt lat="46.3419140" lon="12.9253740">
    <ele>594.9</ele>
    <time>2023-11-04T12:54:53Z</time>
   </trkpt>
   <trkpt lat="46.3419120" lon="12.9253790">
    <ele>594.8</ele>
    <time>2023-11-04T12:54:54Z</time>
   </trkpt>
   <trkpt lat="46.3419110" lon="12.9253830">
    <ele>594.6</ele>
    <time>2023-11-04T12:54:55Z</time>
   </trkpt>
   <trkpt lat="46.3419100" lon="12.9253850">
    <ele>594.5</ele>
    <time>2023-11-04T12:54:56Z</time>
   </trkpt>
   <trkpt lat="46.3419100" lon="12.9253870">
    <ele>594.4</ele>
    <time>2023-11-04T12:54:57Z</time>
   </trkpt>
   <trkpt lat="46.3419100" lon="12.9253870">
    <ele>594.4</ele>
    <time>2023-11-04T12:54:58Z</time>
   </trkpt>
   <trkpt lat="46.3419100" lon="12.9253880">
    <ele>594.3</ele>
    <time>2023-11-04T12:54:59Z</time>
   </trkpt>
   <trkpt lat="46.3419100" lon="12.9253880">
    <ele>594.3</ele>
    <time>2023-11-04T12:55:00Z</time>
   </trkpt>
   <trkpt lat="46.3419100" lon="12.9253870">
    <ele>594.3</ele>
    <time>2023-11-04T12:55:01Z</time>
   </trkpt>
   <trkpt lat="46.3419100" lon="12.9253850">
    <ele>594.2</ele>
    <time>2023-11-04T12:55:02Z</time>
   </trkpt>
   <trkpt lat="46.3419080" lon="12.9253840">
    <ele>594.0</ele>
    <time>2023-11-04T12:55:03Z</time>
   </trkpt>
   <trkpt lat="46.3419010" lon="12.9253920">
    <ele>593.4</ele>
    <time>2023-11-04T12:55:04Z</time>
   </trkpt>
   <trkpt lat="46.3418930" lon="12.9254000">
    <ele>592.7</ele>
    <time>2023-11-04T12:55:05Z</time>
   </trkpt>
   <trkpt lat="46.3418860" lon="12.9254120">
    <ele>591.9</ele>
    <time>2023-11-04T12:55:06Z</time>
   </trkpt>
   <trkpt lat="46.3418820" lon="12.9254260">
    <ele>591.1</ele>
    <time>2023-11-04T12:55:07Z</time>
   </trkpt>
   <trkpt lat="46.3418800" lon="12.9254400">
    <ele>590.4</ele>
    <time>2023-11-04T12:55:08Z</time>
   </trkpt>
   <trkpt lat="46.3418850" lon="12.9254600">
    <ele>589.3</ele>
    <time>2023-11-04T12:55:09Z</time>
   </trkpt>
   <trkpt lat="46.3418870" lon="12.9254770">
    <ele>589.4</ele>
    <time>2023-11-04T12:55:10Z</time>
   </trkpt>
   <trkpt lat="46.3418850" lon="12.9254940">
    <ele>589.5</ele>
    <time>2023-11-04T12:55:11Z</time>
   </trkpt>
   <trkpt lat="46.3418880" lon="12.9255100">
    <ele>589.6</ele>
    <time>2023-11-04T12:55:12Z</time>
   </trkpt>
   <trkpt lat="46.3418940" lon="12.9255220">
    <ele>589.7</ele>
    <time>2023-11-04T12:55:13Z</time>
   </trkpt>
   <trkpt lat="46.3419010" lon="12.9255310">
    <ele>589.8</ele>
    <time>2023-11-04T12:55:14Z</time>
   </trkpt>
   <trkpt lat="46.3419060" lon="12.9255400">
    <ele>589.9</ele>
    <time>2023-11-04T12:55:15Z</time>
   </trkpt>
   <trkpt lat="46.3419230" lon="12.9255550">
    <ele>590.1</ele>
    <time>2023-11-04T12:55:16Z</time>
   </trkpt>
   <trkpt lat="46.3419310" lon="12.9255600">
    <ele>590.1</ele>
    <time>2023-11-04T12:55:17Z</time>
   </trkpt>
   <trkpt lat="46.3419390" lon="12.9255660">
    <ele>590.2</ele>
    <time>2023-11-04T12:55:18Z</time>
   </trkpt>
   <trkpt lat="46.3419520" lon="12.9255760">
    <ele>590.4</ele>
    <time>2023-11-04T12:55:19Z</time>
   </trkpt>
   <trkpt lat="46.3419650" lon="12.9255850">
    <ele>590.6</ele>
    <time>2023-11-04T12:55:20Z</time>
   </trkpt>
   <trkpt lat="46.3419750" lon="12.9255950">
    <ele>590.7</ele>
    <time>2023-11-04T12:55:21Z</time>
   </trkpt>
   <trkpt lat="46.3419850" lon="12.9256050">
    <ele>590.8</ele>
    <time>2023-11-04T12:55:22Z</time>
   </trkpt>
   <trkpt lat="46.3419920" lon="12.9256150">
    <ele>591.0</ele>
    <time>2023-11-04T12:55:23Z</time>
   </trkpt>
   <trkpt lat="46.3420000" lon="12.9256240">
    <ele>591.1</ele>
    <time>2023-11-04T12:55:24Z</time>
   </trkpt>
   <trkpt lat="46.3420050" lon="12.9256340">
    <ele>591.2</ele>
    <time>2023-11-04T12:55:25Z</time>
   </trkpt>
   <trkpt lat="46.3420100" lon="12.9256450">
    <ele>591.3</ele>
    <time>2023-11-04T12:55:26Z</time>
   </trkpt>
   <trkpt lat="46.3420120" lon="12.9256570">
    <ele>591.4</ele>
    <time>2023-11-04T12:55:27Z</time>
   </trkpt>
   <trkpt lat="46.3420170" lon="12.9256680">
    <ele>591.5</ele>
    <time>2023-11-04T12:55:28Z</time>
   </trkpt>
   <trkpt lat="46.3420230" lon="12.9256790">
    <ele>591.6</ele>
    <time>2023-11-04T12:55:29Z</time>
   </trkpt>
   <trkpt lat="46.3420280" lon="12.9256910">
    <ele>591.8</ele>
    <time>2023-11-04T12:55:30Z</time>
   </trkpt>
   <trkpt lat="46.3420310" lon="12.9257030">
    <ele>591.4</ele>
    <time>2023-11-04T12:55:31Z</time>
   </trkpt>
   <trkpt lat="46.3420340" lon="12.9257160">
    <ele>591.0</ele>
    <time>2023-11-04T12:55:32Z</time>
   </trkpt>
   <trkpt lat="46.3420370" lon="12.9257300">
    <ele>590.5</ele>
    <time>2023-11-04T12:55:33Z</time>
   </trkpt>
   <trkpt lat="46.3420390" lon="12.9257430">
    <ele>590.1</ele>
    <time>2023-11-04T12:55:34Z</time>
   </trkpt>
   <trkpt lat="46.3420390" lon="12.9257560">
    <ele>589.7</ele>
    <time>2023-11-04T12:55:35Z</time>
   </trkpt>
   <trkpt lat="46.3420490" lon="12.9257890">
    <ele>588.6</ele>
    <time>2023-11-04T12:55:36Z</time>
   </trkpt>
   <trkpt lat="46.3420530" lon="12.9258090">
    <ele>587.9</ele>
    <time>2023-11-04T12:55:38Z</time>
   </trkpt>
   <trkpt lat="46.3420530" lon="12.9258290">
    <ele>587.3</ele>
    <time>2023-11-04T12:55:39Z</time>
   </trkpt>
   <trkpt lat="46.3420550" lon="12.9258490">
    <ele>586.6</ele>
    <time>2023-11-04T12:55:40Z</time>
   </trkpt>
   <trkpt lat="46.3420600" lon="12.9258680">
    <ele>586.0</ele>
    <time>2023-11-04T12:55:41Z</time>
   </trkpt>
   <trkpt lat="46.3420680" lon="12.9258840">
    <ele>585.4</ele>
    <time>2023-11-04T12:55:42Z</time>
   </trkpt>
   <trkpt lat="46.3420780" lon="12.9259010">
    <ele>584.7</ele>
    <time>2023-11-04T12:55:43Z</time>
   </trkpt>
   <trkpt lat="46.3420850" lon="12.9259200">
    <ele>584.0</ele>
    <time>2023-11-04T12:55:44Z</time>
   </trkpt>
   <trkpt lat="46.3420910" lon="12.9259490">
    <ele>583.1</ele>
    <time>2023-11-04T12:55:45Z</time>
   </trkpt>
   <trkpt lat="46.3420920" lon="12.9259610">
    <ele>582.7</ele>
    <time>2023-11-04T12:55:46Z</time>
   </trkpt>
   <trkpt lat="46.3420930" lon="12.9259720">
    <ele>582.4</ele>
    <time>2023-11-04T12:55:47Z</time>
   </trkpt>
   <trkpt lat="46.3420980" lon="12.9260010">
    <ele>581.5</ele>
    <time>2023-11-04T12:55:48Z</time>
   </trkpt>
   <trkpt lat="46.3421000" lon="12.9260120">
    <ele>581.1</ele>
    <time>2023-11-04T12:55:49Z</time>
   </trkpt>
   <trkpt lat="46.3421010" lon="12.9260240">
    <ele>580.8</ele>
    <time>2023-11-04T12:55:50Z</time>
   </trkpt>
   <trkpt lat="46.3421030" lon="12.9260390">
    <ele>580.3</ele>
    <time>2023-11-04T12:55:51Z</time>
   </trkpt>
   <trkpt lat="46.3421100" lon="12.9260540">
    <ele>579.8</ele>
    <time>2023-11-04T12:55:52Z</time>
   </trkpt>
   <trkpt lat="46.3421140" lon="12.9260710">
    <ele>579.3</ele>
    <time>2023-11-04T12:55:53Z</time>
   </trkpt>
   <trkpt lat="46.3421190" lon="12.9261020">
    <ele>578.4</ele>
    <time>2023-11-04T12:55:54Z</time>
   </trkpt>
   <trkpt lat="46.3421210" lon="12.9261140">
    <ele>578.0</ele>
    <time>2023-11-04T12:55:55Z</time>
   </trkpt>
   <trkpt lat="46.3421230" lon="12.9261260">
    <ele>577.7</ele>
    <time>2023-11-04T12:55:56Z</time>
   </trkpt>
   <trkpt lat="46.3421270" lon="12.9261570">
    <ele>577.0</ele>
    <time>2023-11-04T12:55:57Z</time>
   </trkpt>
   <trkpt lat="46.3421280" lon="12.9261690">
    <ele>577.0</ele>
    <time>2023-11-04T12:55:58Z</time>
   </trkpt>
   <trkpt lat="46.3421290" lon="12.9261810">
    <ele>577.0</ele>
    <time>2023-11-04T12:55:59Z</time>
   </trkpt>
   <trkpt lat="46.3421290" lon="12.9261990">
    <ele>576.9</ele>
    <time>2023-11-04T12:56:00Z</time>
   </trkpt>
   <trkpt lat="46.3421280" lon="12.9262160">
    <ele>576.9</ele>
    <time>2023-11-04T12:56:01Z</time>
   </trkpt>
   <trkpt lat="46.3421240" lon="12.9262320">
    <ele>576.8</ele>
    <time>2023-11-04T12:56:02Z</time>
   </trkpt>
   <trkpt lat="46.3421160" lon="12.9262600">
    <ele>576.8</ele>
    <time>2023-11-04T12:56:03Z</time>
   </trkpt>
   <trkpt lat="46.3421120" lon="12.9262710">
    <ele>576.7</ele>
    <time>2023-11-04T12:56:04Z</time>
   </trkpt>
   <trkpt lat="46.3421070" lon="12.9262820">
    <ele>576.7</ele>
    <time>2023-11-04T12:56:05Z</time>
   </trkpt>
   <trkpt lat="46.3420960" lon="12.9263080">
    <ele>576.6</ele>
    <time>2023-11-04T12:56:06Z</time>
   </trkpt>
   <trkpt lat="46.3420920" lon="12.9263190">
    <ele>576.6</ele>
    <time>2023-11-04T12:56:07Z</time>
   </trkpt>
   <trkpt lat="46.3420890" lon="12.9263300">
    <ele>576.6</ele>
    <time>2023-11-04T12:56:08Z</time>
   </trkpt>
   <trkpt lat="46.3420800" lon="12.9263590">
    <ele>576.5</ele>
    <time>2023-11-04T12:56:09Z</time>
   </trkpt>
   <trkpt lat="46.3420770" lon="12.9263720">
    <ele>576.5</ele>
    <time>2023-11-04T12:56:10Z</time>
   </trkpt>
   <trkpt lat="46.3420730" lon="12.9263840">
    <ele>576.4</ele>
    <time>2023-11-04T12:56:11Z</time>
   </trkpt>
   <trkpt lat="46.3420640" lon="12.9264130">
    <ele>576.3</ele>
    <time>2023-11-04T12:56:12Z</time>
   </trkpt>
   <trkpt lat="46.3420600" lon="12.9264230">
    <ele>576.3</ele>
    <time>2023-11-04T12:56:13Z</time>
   </trkpt>
   <trkpt lat="46.3420560" lon="12.9264330">
    <ele>576.2</ele>
    <time>2023-11-04T12:56:14Z</time>
   </trkpt>
   <trkpt lat="46.3420510" lon="12.9264490">
    <ele>576.2</ele>
    <time>2023-11-04T12:56:15Z</time>
   </trkpt>
   <trkpt lat="46.3420470" lon="12.9264650">
    <ele>576.1</ele>
    <time>2023-11-04T12:56:16Z</time>
   </trkpt>
   <trkpt lat="46.3420420" lon="12.9264800">
    <ele>576.0</ele>
    <time>2023-11-04T12:56:17Z</time>
   </trkpt>
   <trkpt lat="46.3420310" lon="12.9265040">
    <ele>575.9</ele>
    <time>2023-11-04T12:56:18Z</time>
   </trkpt>
   <trkpt lat="46.3420270" lon="12.9265140">
    <ele>575.9</ele>
    <time>2023-11-04T12:56:19Z</time>
   </trkpt>
   <trkpt lat="46.3420230" lon="12.9265240">
    <ele>575.8</ele>
    <time>2023-11-04T12:56:20Z</time>
   </trkpt>
   <trkpt lat="46.3420170" lon="12.9265550">
    <ele>575.7</ele>
    <time>2023-11-04T12:56:21Z</time>
   </trkpt>
   <trkpt lat="46.3420140" lon="12.9265680">
    <ele>575.6</ele>
    <time>2023-11-04T12:56:22Z</time>
   </trkpt>
   <trkpt lat="46.3420120" lon="12.9265810">
    <ele>575.6</ele>
    <time>2023-11-04T12:56:23Z</time>
   </trkpt>
   <trkpt lat="46.3420080" lon="12.9266000">
    <ele>575.5</ele>
    <time>2023-11-04T12:56:24Z</time>
   </trkpt>
   <trkpt lat="46.3420010" lon="12.9266170">
    <ele>575.4</ele>
    <time>2023-11-04T12:56:25Z</time>
   </trkpt>
   <trkpt lat="46.3419960" lon="12.9266360">
    <ele>575.3</ele>
    <time>2023-11-04T12:56:26Z</time>
   </trkpt>
   <trkpt lat="46.3419920" lon="12.9266550">
    <ele>575.2</ele>
    <time>2023-11-04T12:56:27Z</time>
   </trkpt>
   <trkpt lat="46.3419830" lon="12.9266850">
    <ele>575.1</ele>
    <time>2023-11-04T12:56:28Z</time>
   </trkpt>
   <trkpt lat="46.3419800" lon="12.9266970">
    <ele>575.1</ele>
    <time>2023-11-04T12:56:29Z</time>
   </trkpt>
   <trkpt lat="46.3419760" lon="12.9267080">
    <ele>575.0</ele>
    <time>2023-11-04T12:56:30Z</time>
   </trkpt>
   <trkpt lat="46.3419670" lon="12.9267340">
    <ele>574.8</ele>
    <time>2023-11-04T12:56:31Z</time>
   </trkpt>
   <trkpt lat="46.3419620" lon="12.9267440">
    <ele>574.8</ele>
    <time>2023-11-04T12:56:32Z</time>
   </trkpt>
   <trkpt lat="46.3419580" lon="12.9267530">
    <ele>574.7</ele>
    <time>2023-11-04T12:56:33Z</time>
   </trkpt>
   <trkpt lat="46.3419450" lon="12.9267760">
    <ele>574.6</ele>
    <time>2023-11-04T12:56:34Z</time>
   </trkpt>
   <trkpt lat="46.3419390" lon="12.9267840">
    <ele>574.5</ele>
    <time>2023-11-04T12:56:35Z</time>
   </trkpt>
   <trkpt lat="46.3419330" lon="12.9267920">
    <ele>574.5</ele>
    <time>2023-11-04T12:56:36Z</time>
   </trkpt>
   <trkpt lat="46.3419210" lon="12.9268160">
    <ele>574.3</ele>
    <time>2023-11-04T12:56:37Z</time>
   </trkpt>
   <trkpt lat="46.3419170" lon="12.9268280">
    <ele>574.2</ele>
    <time>2023-11-04T12:56:38Z</time>
   </trkpt>
   <trkpt lat="46.3419130" lon="12.9268390">
    <ele>574.2</ele>
    <time>2023-11-04T12:56:39Z</time>
   </trkpt>
   <trkpt lat="46.3419070" lon="12.9268570">
    <ele>574.1</ele>
    <time>2023-11-04T12:56:40Z</time>
   </trkpt>
   <trkpt lat="46.3418990" lon="12.9268730">
    <ele>574.0</ele>
    <time>2023-11-04T12:56:41Z</time>
   </trkpt>
   <trkpt lat="46.3418880" lon="12.9268990">
    <ele>573.8</ele>
    <time>2023-11-04T12:56:42Z</time>
   </trkpt>
   <trkpt lat="46.3418850" lon="12.9269090">
    <ele>573.7</ele>
    <time>2023-11-04T12:56:43Z</time>
   </trkpt>
   <trkpt lat="46.3418810" lon="12.9269200">
    <ele>573.7</ele>
    <time>2023-11-04T12:56:44Z</time>
   </trkpt>
   <trkpt lat="46.3418660" lon="12.9269490">
    <ele>573.5</ele>
    <time>2023-11-04T12:56:45Z</time>
   </trkpt>
   <trkpt lat="46.3418600" lon="12.9269650">
    <ele>573.4</ele>
    <time>2023-11-04T12:56:46Z</time>
   </trkpt>
   <trkpt lat="46.3418530" lon="12.9269820">
    <ele>573.3</ele>
    <time>2023-11-04T12:56:47Z</time>
   </trkpt>
   <trkpt lat="46.3418380" lon="12.9270170">
    <ele>573.0</ele>
    <time>2023-11-04T12:56:49Z</time>
   </trkpt>
   <trkpt lat="46.3418290" lon="12.9270320">
    <ele>572.9</ele>
    <time>2023-11-04T12:56:50Z</time>
   </trkpt>
  </trkseg>
 </trk>
</gpx>
