<?xml version="1.0" encoding="UTF-8"?>
<gpx version="1.1" creator="GPX Viewer PRO 1.41.5 - https://vecturagames.com/gpxviewerpro"
 xmlns="http://www.topografix.com/GPX/1/1"
 xmlns:xsi="http://www.w3.org/2001/XMLSchema-instance"
 xsi:schemaLocation="http://www.topografix.com/GPX/1/1 http://www.topografix.com/GPX/1/1/gpx.xsd http://www.garmin.com/xmlschemas/GpxExtensions/v3 https://www8.garmin.com/xmlschemas/GpxExtensionsv3.xsd http://www.garmin.com/xmlschemas/TrackPointExtension/v2 https://www8.garmin.com/xmlschemas/TrackPointExtensionv2.xsd http://www.garmin.com/xmlschemas/PowerExtension/v1 https://www8.garmin.com/xmlschemas/PowerExtensionv1.xsd https://www.vecturagames.com/xmlschemas/GpxWaypointExtension/v1 https://www.vecturagames.com/xmlschemas/GpxWaypointExtensionv1.xsd"
 xmlns:gpxx="http://www.garmin.com/xmlschemas/GpxExtensions/v3"
 xmlns:gpxtpx="http://www.garmin.com/xmlschemas/TrackPointExtension/v2"
 xmlns:gpxpx="http://www.garmin.com/xmlschemas/PowerExtension/v1"
 xmlns:gpxwpx="https://www.vecturagames.com/xmlschemas/GpxWaypointExtension/v1">
<metadata>
<name>Piancavallo-forcella-palantina</name>
<time>2022-11-13T08:36:55.236Z</time>
</metadata>
<wpt lat="46.114000" lon="12.514260">
<ele>1283.444946</ele>
<time>2022-11-13T08:55:42.275Z</time>
<name>Primo bivio</name>
<src>Samsung SM-G973W (Android 12)</src>
</wpt>
<wpt lat="46.113992" lon="12.514284">
<ele>1283.296997</ele>
<time>2022-11-13T08:55:42.445Z</time>
<name>Waypoint 1</name>
<src>Samsung SM-G973W (Android 12)</src>
</wpt>
<wpt lat="46.118816" lon="12.506372">
<ele>1698.556763</ele>
<time>2022-11-13T10:33:37.872Z</time>
<name>Bivio</name>
<src>Samsung SM-G973W (Android 12)</src>
</wpt>
<wpt lat="46.127316" lon="12.493465">
<ele>2058.838623</ele>
<time>2022-11-13T12:37:00.929Z</time>
<name>Forcella Palantina</name>
<src>Samsung SM-G973W (Android 12)</src>
</wpt>
<wpt lat="46.112537" lon="12.513952">
<ele>1292.550171</ele>
<time>2022-11-13T14:58:38.116Z</time>
<name>Alternative trailhead </name>
<src>Samsung SM-G973W (Android 12)</src>
</wpt>
<trk>
<name>Forcella Palantina</name>
<cmt>Profile: Walking (1.0 m | 10 s | 100.0 m)
Step count: 0</cmt>
<src>Samsung SM-G973W (Android 12)</src>
<number>1</number>
<trkseg>
<trkpt lat="46.107996" lon="12.517950">
<ele>1325.400024</ele>
<time>2022-11-13T08:36:55.340Z</time>
<extensions>
<gpxtpx:TrackPointExtension>
<gpxtpx:speed>0.929868</gpxtpx:speed>
</gpxtpx:TrackPointExtension>
</extensions>
</trkpt>
<trkpt lat="46.108028" lon="12.517869">
<ele>1260.303833</ele>
<time>2022-11-13T08:37:06.227Z</time>
<extensions>
<gpxtpx:TrackPointExtension>
<gpxtpx:speed>0.739436</gpxtpx:speed>
</gpxtpx:TrackPointExtension>
</extensions>
</trkpt>
<trkpt lat="46.108108" lon="12.517731">
<ele>1262.238037</ele>
<time>2022-11-13T08:37:20.562Z</time>
<extensions>
<gpxtpx:TrackPointExtension>
<gpxtpx:speed>0.302431</gpxtpx:speed>
</gpxtpx:TrackPointExtension>
</extensions>
</trkpt>
<trkpt lat="46.108136" lon="12.517509">
<ele>1262.232788</ele>
<time>2022-11-13T08:37:33.691Z</time>
<extensions>
<gpxtpx:TrackPointExtension>
<gpxtpx:speed>0.949735</gpxtpx:speed>
</gpxtpx:TrackPointExtension>
</extensions>
</trkpt>
<trkpt lat="46.108196" lon="12.517350">
<ele>1266.632080</ele>
<time>2022-11-13T08:37:46.035Z</time>
<extensions>
<gpxtpx:TrackPointExtension>
<gpxtpx:speed>0.880567</gpxtpx:speed>
</gpxtpx:TrackPointExtension>
</extensions>
</trkpt>
<trkpt lat="46.108266" lon="12.517132">
<ele>1267.482910</ele>
<time>2022-11-13T08:38:00.721Z</time>
<extensions>
<gpxtpx:TrackPointExtension>
<gpxtpx:speed>1.135825</gpxtpx:speed>
</gpxtpx:TrackPointExtension>
</extensions>
</trkpt>
<trkpt lat="46.108391" lon="12.517094">
<ele>1268.785522</ele>
<time>2022-11-13T08:38:10.916Z</time>
<extensions>
<gpxtpx:TrackPointExtension>
<gpxtpx:speed>1.093360</gpxtpx:speed>
</gpxtpx:TrackPointExtension>
</extensions>
</trkpt>
<trkpt lat="46.108516" lon="12.517085">
<ele>1269.002197</ele>
<time>2022-11-13T08:38:21.036Z</time>
<extensions>
<gpxtpx:TrackPointExtension>
<gpxtpx:speed>1.155749</gpxtpx:speed>
</gpxtpx:TrackPointExtension>
</extensions>
</trkpt>
<trkpt lat="46.108677" lon="12.517154">
<ele>1269.649658</ele>
<time>2022-11-13T08:38:36.157Z</time>
<extensions>
<gpxtpx:TrackPointExtension>
<gpxtpx:speed>1.207230</gpxtpx:speed>
</gpxtpx:TrackPointExtension>
</extensions>
</trkpt>
<trkpt lat="46.108775" lon="12.517141">
<ele>1267.517334</ele>
<time>2022-11-13T08:38:46.291Z</time>
<extensions>
<gpxtpx:TrackPointExtension>
<gpxtpx:speed>1.173279</gpxtpx:speed>
</gpxtpx:TrackPointExtension>
</extensions>
</trkpt>
<trkpt lat="46.108862" lon="12.517249">
<ele>1267.525269</ele>
<time>2022-11-13T08:38:57.139Z</time>
<extensions>
<gpxtpx:TrackPointExtension>
<gpxtpx:speed>0.778767</gpxtpx:speed>
</gpxtpx:TrackPointExtension>
</extensions>
</trkpt>
<trkpt lat="46.109053" lon="12.517254">
<ele>1268.616455</ele>
<time>2022-11-13T08:39:10.990Z</time>
<extensions>
<gpxtpx:TrackPointExtension>
<gpxtpx:speed>1.120941</gpxtpx:speed>
</gpxtpx:TrackPointExtension>
</extensions>
</trkpt>
<trkpt lat="46.109200" lon="12.517178">
<ele>1268.804077</ele>
<time>2022-11-13T08:39:21.276Z</time>
<extensions>
<gpxtpx:TrackPointExtension>
<gpxtpx:speed>1.106487</gpxtpx:speed>
</gpxtpx:TrackPointExtension>
</extensions>
</trkpt>
<trkpt lat="46.109243" lon="12.517101">
<ele>1269.081543</ele>
<time>2022-11-13T08:39:33.304Z</time>
<extensions>
<gpxtpx:TrackPointExtension>
<gpxtpx:speed>1.003590</gpxtpx:speed>
</gpxtpx:TrackPointExtension>
</extensions>
</trkpt>
<trkpt lat="46.109402" lon="12.517090">
<ele>1270.437012</ele>
<time>2022-11-13T08:39:46.159Z</time>
<extensions>
<gpxtpx:TrackPointExtension>
<gpxtpx:speed>1.148295</gpxtpx:speed>
</gpxtpx:TrackPointExtension>
</extensions>
</trkpt>
<trkpt lat="46.109469" lon="12.517013">
<ele>1269.591431</ele>
<time>2022-11-13T08:39:56.307Z</time>
<extensions>
<gpxtpx:TrackPointExtension>
<gpxtpx:speed>1.121345</gpxtpx:speed>
</gpxtpx:TrackPointExtension>
</extensions>
</trkpt>
<trkpt lat="46.109611" lon="12.516903">
<ele>1271.369751</ele>
<time>2022-11-13T08:40:10.829Z</time>
<extensions>
<gpxtpx:TrackPointExtension>
<gpxtpx:speed>1.212118</gpxtpx:speed>
</gpxtpx:TrackPointExtension>
</extensions>
</trkpt>
<trkpt lat="46.109734" lon="12.516879">
<ele>1275.837769</ele>
<time>2022-11-13T08:40:21.427Z</time>
<extensions>
<gpxtpx:TrackPointExtension>
<gpxtpx:speed>1.207003</gpxtpx:speed>
</gpxtpx:TrackPointExtension>
</extensions>
</trkpt>
<trkpt lat="46.109860" lon="12.516867">
<ele>1274.698975</ele>
<time>2022-11-13T08:40:31.516Z</time>
<extensions>
<gpxtpx:TrackPointExtension>
<gpxtpx:speed>1.196236</gpxtpx:speed>
</gpxtpx:TrackPointExtension>
</extensions>
</trkpt>
<trkpt lat="46.109987" lon="12.516861">
<ele>1273.137451</ele>
<time>2022-11-13T08:40:42.081Z</time>
<extensions>
<gpxtpx:TrackPointExtension>
<gpxtpx:speed>1.234039</gpxtpx:speed>
</gpxtpx:TrackPointExtension>
</extensions>
</trkpt>
<trkpt lat="46.110151" lon="12.516804">
<ele>1272.149170</ele>
<time>2022-11-13T08:40:57.139Z</time>
<extensions>
<gpxtpx:TrackPointExtension>
<gpxtpx:speed>1.092295</gpxtpx:speed>
</gpxtpx:TrackPointExtension>
</extensions>
</trkpt>
<trkpt lat="46.110194" lon="12.516768">
<ele>1276.958130</ele>
<time>2022-11-13T08:41:07.216Z</time>
<extensions>
<gpxtpx:TrackPointExtension>
<gpxtpx:speed>0.813445</gpxtpx:speed>
</gpxtpx:TrackPointExtension>
</extensions>
</trkpt>
<trkpt lat="46.110299" lon="12.516698">
<ele>1271.853271</ele>
<time>2022-11-13T08:41:21.974Z</time>
<extensions>
<gpxtpx:TrackPointExtension>
<gpxtpx:speed>1.057573</gpxtpx:speed>
</gpxtpx:TrackPointExtension>
</extensions>
</trkpt>
<trkpt lat="46.110425" lon="12.516692">
<ele>1270.117310</ele>
<time>2022-11-13T08:41:32.256Z</time>
<extensions>
<gpxtpx:TrackPointExtension>
<gpxtpx:speed>0.601204</gpxtpx:speed>
</gpxtpx:TrackPointExtension>
</extensions>
</trkpt>
<trkpt lat="46.110622" lon="12.516644">
<ele>1273.663208</ele>
<time>2022-11-13T08:41:45.552Z</time>
<extensions>
<gpxtpx:TrackPointExtension>
<gpxtpx:speed>1.643877</gpxtpx:speed>
</gpxtpx:TrackPointExtension>
</extensions>
</trkpt>
<trkpt lat="46.110753" lon="12.516608">
<ele>1279.262207</ele>
<time>2022-11-13T08:41:56.787Z</time>
<extensions>
<gpxtpx:TrackPointExtension>
<gpxtpx:speed>1.271699</gpxtpx:speed>
</gpxtpx:TrackPointExtension>
</extensions>
</trkpt>
<trkpt lat="46.110855" lon="12.516577">
<ele>1273.422729</ele>
<time>2022-11-13T08:42:07.250Z</time>
<extensions>
<gpxtpx:TrackPointExtension>
<gpxtpx:speed>0.855236</gpxtpx:speed>
</gpxtpx:TrackPointExtension>
</extensions>
</trkpt>
<trkpt lat="46.111047" lon="12.516540">
<ele>1273.692261</ele>
<time>2022-11-13T08:42:22.228Z</time>
<extensions>
<gpxtpx:TrackPointExtension>
<gpxtpx:speed>0.717758</gpxtpx:speed>
</gpxtpx:TrackPointExtension>
</extensions>
</trkpt>
<trkpt lat="46.111106" lon="12.516536">
<ele>1281.230713</ele>
<time>2022-11-13T08:42:32.244Z</time>
<extensions>
<gpxtpx:TrackPointExtension>
<gpxtpx:speed>0.720530</gpxtpx:speed>
</gpxtpx:TrackPointExtension>
</extensions>
</trkpt>
<trkpt lat="46.111253" lon="12.516494">
<ele>1275.747925</ele>
<time>2022-11-13T08:42:43.006Z</time>
<extensions>
<gpxtpx:TrackPointExtension>
<gpxtpx:speed>0.914397</gpxtpx:speed>
</gpxtpx:TrackPointExtension>
</extensions>
</trkpt>
<trkpt lat="46.111470" lon="12.516548">
<ele>1275.528687</ele>
<time>2022-11-13T08:42:56.917Z</time>
<extensions>
<gpxtpx:TrackPointExtension>
<gpxtpx:speed>1.326088</gpxtpx:speed>
</gpxtpx:TrackPointExtension>
</extensions>
</trkpt>
<trkpt lat="46.111581" lon="12.516635">
<ele>1275.277588</ele>
<time>2022-11-13T08:43:07.242Z</time>
<extensions>
<gpxtpx:TrackPointExtension>
<gpxtpx:speed>1.304909</gpxtpx:speed>
</gpxtpx:TrackPointExtension>
</extensions>
</trkpt>
<trkpt lat="46.111735" lon="12.516751">
<ele>1274.704224</ele>
<time>2022-11-13T08:43:19.905Z</time>
<extensions>
<gpxtpx:TrackPointExtension>
<gpxtpx:speed>1.313945</gpxtpx:speed>
</gpxtpx:TrackPointExtension>
</extensions>
</trkpt>
<trkpt lat="46.111899" lon="12.516787">
<ele>1275.605347</ele>
<time>2022-11-13T08:43:31.981Z</time>
<extensions>
<gpxtpx:TrackPointExtension>
<gpxtpx:speed>1.266463</gpxtpx:speed>
</gpxtpx:TrackPointExtension>
</extensions>
</trkpt>
<trkpt lat="46.112028" lon="12.516755">
<ele>1273.681763</ele>
<time>2022-11-13T08:43:42.100Z</time>
<extensions>
<gpxtpx:TrackPointExtension>
<gpxtpx:speed>1.244215</gpxtpx:speed>
</gpxtpx:TrackPointExtension>
</extensions>
</trkpt>
<trkpt lat="46.112063" lon="12.516913">
<ele>1271.623413</ele>
<time>2022-11-13T08:43:52.241Z</time>
<extensions>
<gpxtpx:TrackPointExtension>
<gpxtpx:speed>0.833252</gpxtpx:speed>
</gpxtpx:TrackPointExtension>
</extensions>
</trkpt>
<trkpt lat="46.112198" lon="12.517102">
<ele>1272.141235</ele>
<time>2022-11-13T08:44:05.944Z</time>
<extensions>
<gpxtpx:TrackPointExtension>
<gpxtpx:speed>0.798779</gpxtpx:speed>
</gpxtpx:TrackPointExtension>
</extensions>
</trkpt>
<trkpt lat="46.112351" lon="12.517142">
<ele>1272.064697</ele>
<time>2022-11-13T08:44:16.324Z</time>
<extensions>
<gpxtpx:TrackPointExtension>
<gpxtpx:speed>0.958517</gpxtpx:speed>
</gpxtpx:TrackPointExtension>
</extensions>
</trkpt>
<trkpt lat="46.112521" lon="12.517193">
<ele>1271.110840</ele>
<time>2022-11-13T08:44:27.966Z</time>
<extensions>
<gpxtpx:TrackPointExtension>
<gpxtpx:speed>1.133229</gpxtpx:speed>
</gpxtpx:TrackPointExtension>
</extensions>
</trkpt>
<trkpt lat="46.112655" lon="12.517334">
<ele>1270.954834</ele>
<time>2022-11-13T08:44:43.047Z</time>
<extensions>
<gpxtpx:TrackPointExtension>
<gpxtpx:speed>1.102820</gpxtpx:speed>
</gpxtpx:TrackPointExtension>
</extensions>
</trkpt>
<trkpt lat="46.112757" lon="12.517443">
<ele>1273.937988</ele>
<time>2022-11-13T08:44:53.247Z</time>
<extensions>
<gpxtpx:TrackPointExtension>
<gpxtpx:speed>1.365061</gpxtpx:speed>
</gpxtpx:TrackPointExtension>
</extensions>
</trkpt>
<trkpt lat="46.112734" lon="12.517398">
<ele>1274.260376</ele>
<time>2022-11-13T08:46:43.240Z</time>
<extensions>
<gpxtpx:TrackPointExtension>
<gpxtpx:speed>0.229111</gpxtpx:speed>
</gpxtpx:TrackPointExtension>
</extensions>
</trkpt>
<trkpt lat="46.112748" lon="12.517410">
<ele>1273.007935</ele>
<time>2022-11-13T08:47:03.222Z</time>
<extensions>
<gpxtpx:TrackPointExtension>
<gpxtpx:speed>1.125815</gpxtpx:speed>
</gpxtpx:TrackPointExtension>
</extensions>
</trkpt>
<trkpt lat="46.112918" lon="12.517488">
<ele>1272.820313</ele>
<time>2022-11-13T08:47:18.102Z</time>
<extensions>
<gpxtpx:TrackPointExtension>
<gpxtpx:speed>1.015754</gpxtpx:speed>
</gpxtpx:TrackPointExtension>
</extensions>
</trkpt>
<trkpt lat="46.112959" lon="12.517615">
<ele>1273.240479</ele>
<time>2022-11-13T08:47:28.238Z</time>
<extensions>
<gpxtpx:TrackPointExtension>
<gpxtpx:speed>0.699946</gpxtpx:speed>
</gpxtpx:TrackPointExtension>
</extensions>
</trkpt>
<trkpt lat="46.113028" lon="12.517852">
<ele>1273.790039</ele>
<time>2022-11-13T08:47:41.271Z</time>
<extensions>
<gpxtpx:TrackPointExtension>
<gpxtpx:speed>1.163779</gpxtpx:speed>
</gpxtpx:TrackPointExtension>
</extensions>
</trkpt>
<trkpt lat="46.113102" lon="12.518010">
<ele>1273.689697</ele>
<time>2022-11-13T08:47:51.854Z</time>
<extensions>
<gpxtpx:TrackPointExtension>
<gpxtpx:speed>1.251856</gpxtpx:speed>
</gpxtpx:TrackPointExtension>
</extensions>
</trkpt>
<trkpt lat="46.113157" lon="12.518189">
<ele>1273.998779</ele>
<time>2022-11-13T08:48:03.241Z</time>
<extensions>
<gpxtpx:TrackPointExtension>
<gpxtpx:speed>1.374135</gpxtpx:speed>
</gpxtpx:TrackPointExtension>
</extensions>
</trkpt>
<trkpt lat="46.113230" lon="12.518432">
<ele>1279.613647</ele>
<time>2022-11-13T08:48:18.361Z</time>
<extensions>
<gpxtpx:TrackPointExtension>
<gpxtpx:speed>1.271362</gpxtpx:speed>
</gpxtpx:TrackPointExtension>
</extensions>
</trkpt>
<trkpt lat="46.113342" lon="12.518339">
<ele>1277.655640</ele>
<time>2022-11-13T08:48:28.790Z</time>
<extensions>
<gpxtpx:TrackPointExtension>
<gpxtpx:speed>0.873979</gpxtpx:speed>
</gpxtpx:TrackPointExtension>
</extensions>
</trkpt>
<trkpt lat="46.113447" lon="12.518159">
<ele>1277.875000</ele>
<time>2022-11-13T08:48:43.212Z</time>
<extensions>
<gpxtpx:TrackPointExtension>
<gpxtpx:speed>1.230292</gpxtpx:speed>
</gpxtpx:TrackPointExtension>
</extensions>
</trkpt>
<trkpt lat="46.113486" lon="12.517990">
<ele>1277.224976</ele>
<time>2022-11-13T08:48:53.303Z</time>
<extensions>
<gpxtpx:TrackPointExtension>
<gpxtpx:speed>0.926376</gpxtpx:speed>
</gpxtpx:TrackPointExtension>
</extensions>
</trkpt>
<trkpt lat="46.113497" lon="12.517962">
<ele>1279.867310</ele>
<time>2022-11-13T08:49:08.585Z</time>
<extensions>
<gpxtpx:TrackPointExtension>
<gpxtpx:speed>0.211593</gpxtpx:speed>
</gpxtpx:TrackPointExtension>
</extensions>
</trkpt>
<trkpt lat="46.113536" lon="12.517778">
<ele>1275.718872</ele>
<time>2022-11-13T08:49:18.831Z</time>
<extensions>
<gpxtpx:TrackPointExtension>
<gpxtpx:speed>0.823971</gpxtpx:speed>
</gpxtpx:TrackPointExtension>
</extensions>
</trkpt>
<trkpt lat="46.113591" lon="12.517580">
<ele>1276.611938</ele>
<time>2022-11-13T08:49:29.232Z</time>
<extensions>
<gpxtpx:TrackPointExtension>
<gpxtpx:speed>1.080325</gpxtpx:speed>
</gpxtpx:TrackPointExtension>
</extensions>
</trkpt>
<trkpt lat="46.113652" lon="12.517299">
<ele>1278.839478</ele>
<time>2022-11-13T08:49:43.851Z</time>
<extensions>
<gpxtpx:TrackPointExtension>
<gpxtpx:speed>1.273957</gpxtpx:speed>
</gpxtpx:TrackPointExtension>
</extensions>
</trkpt>
<trkpt lat="46.113725" lon="12.517155">
<ele>1278.776001</ele>
<time>2022-11-13T08:49:54.117Z</time>
<extensions>
<gpxtpx:TrackPointExtension>
<gpxtpx:speed>1.269877</gpxtpx:speed>
</gpxtpx:TrackPointExtension>
</extensions>
</trkpt>
<trkpt lat="46.113781" lon="12.516983">
<ele>1279.367920</ele>
<time>2022-11-13T08:50:05.856Z</time>
<extensions>
<gpxtpx:TrackPointExtension>
<gpxtpx:speed>1.261096</gpxtpx:speed>
</gpxtpx:TrackPointExtension>
</extensions>
</trkpt>
<trkpt lat="46.113920" lon="12.516884">
<ele>1276.102051</ele>
<time>2022-11-13T08:50:18.784Z</time>
<extensions>
<gpxtpx:TrackPointExtension>
<gpxtpx:speed>1.008137</gpxtpx:speed>
</gpxtpx:TrackPointExtension>
</extensions>
</trkpt>
<trkpt lat="46.114023" lon="12.516866">
<ele>1275.856323</ele>
<time>2022-11-13T08:50:29.179Z</time>
<extensions>
<gpxtpx:TrackPointExtension>
<gpxtpx:speed>0.853294</gpxtpx:speed>
</gpxtpx:TrackPointExtension>
</extensions>
</trkpt>
<trkpt lat="46.114090" lon="12.516830">
<ele>1282.816040</ele>
<time>2022-11-13T08:50:39.245Z</time>
<extensions>
<gpxtpx:TrackPointExtension>
<gpxtpx:speed>0.770072</gpxtpx:speed>
</gpxtpx:TrackPointExtension>
</extensions>
</trkpt>
<trkpt lat="46.114302" lon="12.516820">
<ele>1283.352417</ele>
<time>2022-11-13T08:50:53.496Z</time>
<extensions>
<gpxtpx:TrackPointExtension>
<gpxtpx:speed>1.042149</gpxtpx:speed>
</gpxtpx:TrackPointExtension>
</extensions>
</trkpt>
<trkpt lat="46.114452" lon="12.516820">
<ele>1285.479492</ele>
<time>2022-11-13T08:51:04.014Z</time>
<extensions>
<gpxtpx:TrackPointExtension>
<gpxtpx:speed>1.273333</gpxtpx:speed>
</gpxtpx:TrackPointExtension>
</extensions>
</trkpt>
<trkpt lat="46.114579" lon="12.516830">
<ele>1280.218750</ele>
<time>2022-11-13T08:51:14.102Z</time>
<extensions>
<gpxtpx:TrackPointExtension>
<gpxtpx:speed>1.174139</gpxtpx:speed>
</gpxtpx:TrackPointExtension>
</extensions>
</trkpt>
<trkpt lat="46.114748" lon="12.516783">
<ele>1287.085938</ele>
<time>2022-11-13T08:51:29.253Z</time>
<extensions>
<gpxtpx:TrackPointExtension>
<gpxtpx:speed>1.109199</gpxtpx:speed>
</gpxtpx:TrackPointExtension>
</extensions>
</trkpt>
<trkpt lat="46.114860" lon="12.516649">
<ele>1282.797607</ele>
<time>2022-11-13T08:51:41.953Z</time>
<extensions>
<gpxtpx:TrackPointExtension>
<gpxtpx:speed>1.034426</gpxtpx:speed>
</gpxtpx:TrackPointExtension>
</extensions>
</trkpt>
<trkpt lat="46.114983" lon="12.516514">
<ele>1286.105713</ele>
<time>2022-11-13T08:51:54.186Z</time>
<extensions>
<gpxtpx:TrackPointExtension>
<gpxtpx:speed>1.120421</gpxtpx:speed>
</gpxtpx:TrackPointExtension>
</extensions>
</trkpt>
<trkpt lat="46.115103" lon="12.516382">
<ele>1279.230469</ele>
<time>2022-11-13T08:52:04.257Z</time>
<extensions>
<gpxtpx:TrackPointExtension>
<gpxtpx:speed>1.248400</gpxtpx:speed>
</gpxtpx:TrackPointExtension>
</extensions>
</trkpt>
<trkpt lat="46.115099" lon="12.516143">
<ele>1287.075439</ele>
<time>2022-11-13T08:52:20.298Z</time>
<extensions>
<gpxtpx:TrackPointExtension>
<gpxtpx:speed>0.240615</gpxtpx:speed>
</gpxtpx:TrackPointExtension>
</extensions>
</trkpt>
<trkpt lat="46.115050" lon="12.515887">
<ele>1287.228638</ele>
<time>2022-11-13T08:52:34.241Z</time>
<extensions>
<gpxtpx:TrackPointExtension>
<gpxtpx:speed>1.031753</gpxtpx:speed>
</gpxtpx:TrackPointExtension>
</extensions>
</trkpt>
<trkpt lat="46.114962" lon="12.515726">
<ele>1286.182251</ele>
<time>2022-11-13T08:52:47.993Z</time>
<extensions>
<gpxtpx:TrackPointExtension>
<gpxtpx:speed>1.085129</gpxtpx:speed>
</gpxtpx:TrackPointExtension>
</extensions>
</trkpt>
<trkpt lat="46.114827" lon="12.515622">
<ele>1283.724976</ele>
<time>2022-11-13T08:52:59.275Z</time>
<extensions>
<gpxtpx:TrackPointExtension>
<gpxtpx:speed>1.166705</gpxtpx:speed>
</gpxtpx:TrackPointExtension>
</extensions>
</trkpt>
<trkpt lat="46.114694" lon="12.515472">
<ele>1284.396118</ele>
<time>2022-11-13T08:53:14.373Z</time>
<extensions>
<gpxtpx:TrackPointExtension>
<gpxtpx:speed>1.119258</gpxtpx:speed>
</gpxtpx:TrackPointExtension>
</extensions>
</trkpt>
<trkpt lat="46.114626" lon="12.515346">
<ele>1283.423828</ele>
<time>2022-11-13T08:53:25.243Z</time>
<extensions>
<gpxtpx:TrackPointExtension>
<gpxtpx:speed>0.987590</gpxtpx:speed>
</gpxtpx:TrackPointExtension>
</extensions>
</trkpt>
<trkpt lat="46.114507" lon="12.515202">
<ele>1279.965088</ele>
<time>2022-11-13T08:53:39.624Z</time>
<extensions>
<gpxtpx:TrackPointExtension>
<gpxtpx:speed>1.042864</gpxtpx:speed>
</gpxtpx:TrackPointExtension>
</extensions>
</trkpt>
<trkpt lat="46.114399" lon="12.515073">
<ele>1280.126221</ele>
<time>2022-11-13T08:53:52.906Z</time>
<extensions>
<gpxtpx:TrackPointExtension>
<gpxtpx:speed>0.900162</gpxtpx:speed>
</gpxtpx:TrackPointExtension>
</extensions>
</trkpt>
<trkpt lat="46.114350" lon="12.514831">
<ele>1278.115479</ele>
<time>2022-11-13T08:54:04.724Z</time>
<extensions>
<gpxtpx:TrackPointExtension>
<gpxtpx:speed>1.164870</gpxtpx:speed>
</gpxtpx:TrackPointExtension>
</extensions>
</trkpt>
<trkpt lat="46.114325" lon="12.514747">
<ele>1280.498779</ele>
<time>2022-11-13T08:54:15.242Z</time>
<extensions>
<gpxtpx:TrackPointExtension>
<gpxtpx:speed>0.488377</gpxtpx:speed>
</gpxtpx:TrackPointExtension>
</extensions>
</trkpt>
<trkpt lat="46.114190" lon="12.514571">
<ele>1282.499023</ele>
<time>2022-11-13T08:54:29.632Z</time>
<extensions>
<gpxtpx:TrackPointExtension>
<gpxtpx:speed>0.640063</gpxtpx:speed>
</gpxtpx:TrackPointExtension>
</extensions>
</trkpt>
<trkpt lat="46.114097" lon="12.514507">
<ele>1287.006714</ele>
<time>2022-11-13T08:54:40.031Z</time>
<extensions>
<gpxtpx:TrackPointExtension>
<gpxtpx:speed>0.536487</gpxtpx:speed>
</gpxtpx:TrackPointExtension>
</extensions>
</trkpt>
<trkpt lat="46.113951" lon="12.514307">
<ele>1284.433105</ele>
<time>2022-11-13T08:54:54.726Z</time>
<extensions>
<gpxtpx:TrackPointExtension>
<gpxtpx:speed>1.116138</gpxtpx:speed>
</gpxtpx:TrackPointExtension>
</extensions>
</trkpt>
<trkpt lat="46.113985" lon="12.514232">
<ele>1283.822754</ele>
<time>2022-11-13T08:55:05.242Z</time>
<extensions>
<gpxtpx:TrackPointExtension>
<gpxtpx:speed>0.518180</gpxtpx:speed>
</gpxtpx:TrackPointExtension>
</extensions>
</trkpt>
<trkpt lat="46.114000" lon="12.514260">
<ele>1285.040894</ele>
<time>2022-11-13T08:55:42.276Z</time>
<extensions>
<gpxtpx:TrackPointExtension>
<gpxtpx:speed>0.049487</gpxtpx:speed>
</gpxtpx:TrackPointExtension>
</extensions>
</trkpt>
<trkpt lat="46.113980" lon="12.514293">
<ele>1283.769897</ele>
<time>2022-11-13T08:56:06.311Z</time>
<extensions>
<gpxtpx:TrackPointExtension>
<gpxtpx:speed>1.052588</gpxtpx:speed>
</gpxtpx:TrackPointExtension>
</extensions>
</trkpt>
<trkpt lat="46.114007" lon="12.513950">
<ele>1288.496948</ele>
<time>2022-11-13T08:56:24.537Z</time>
<extensions>
<gpxtpx:TrackPointExtension>
<gpxtpx:speed>0.481303</gpxtpx:speed>
</gpxtpx:TrackPointExtension>
</extensions>
</trkpt>
<trkpt lat="46.114022" lon="12.513749">
<ele>1289.247314</ele>
<time>2022-11-13T08:56:35.157Z</time>
<extensions>
<gpxtpx:TrackPointExtension>
<gpxtpx:speed>1.233656</gpxtpx:speed>
</gpxtpx:TrackPointExtension>
</extensions>
</trkpt>
<trkpt lat="46.114017" lon="12.513696">
<ele>1285.104248</ele>
<time>2022-11-13T08:56:45.223Z</time>
<extensions>
<gpxtpx:TrackPointExtension>
<gpxtpx:speed>0.401858</gpxtpx:speed>
</gpxtpx:TrackPointExtension>
</extensions>
</trkpt>
<trkpt lat="46.114079" lon="12.513623">
<ele>1294.378662</ele>
<time>2022-11-13T08:57:00.474Z</time>
<extensions>
<gpxtpx:TrackPointExtension>
<gpxtpx:speed>0.717194</gpxtpx:speed>
</gpxtpx:TrackPointExtension>
</extensions>
</trkpt>
<trkpt lat="46.114129" lon="12.513520">
<ele>1295.810791</ele>
<time>2022-11-13T08:57:10.755Z</time>
<extensions>
<gpxtpx:TrackPointExtension>
<gpxtpx:speed>0.530859</gpxtpx:speed>
</gpxtpx:TrackPointExtension>
</extensions>
</trkpt>
<trkpt lat="46.114017" lon="12.513408">
<ele>1294.542480</ele>
<time>2022-11-13T08:57:21.147Z</time>
<extensions>
<gpxtpx:TrackPointExtension>
<gpxtpx:speed>0.771701</gpxtpx:speed>
</gpxtpx:TrackPointExtension>
</extensions>
</trkpt>
<trkpt lat="46.113946" lon="12.513344">
<ele>1294.965210</ele>
<time>2022-11-13T08:57:31.233Z</time>
<extensions>
<gpxtpx:TrackPointExtension>
<gpxtpx:speed>0.601954</gpxtpx:speed>
</gpxtpx:TrackPointExtension>
</extensions>
</trkpt>
<trkpt lat="46.113952" lon="12.513384">
<ele>1295.499023</ele>
<time>2022-11-13T08:57:41.236Z</time>
<extensions>
<gpxtpx:TrackPointExtension>
<gpxtpx:speed>0.254326</gpxtpx:speed>
</gpxtpx:TrackPointExtension>
</extensions>
</trkpt>
<trkpt lat="46.113976" lon="12.513399">
<ele>1295.649536</ele>
<time>2022-11-13T08:58:01.240Z</time>
<extensions>
<gpxtpx:TrackPointExtension>
<gpxtpx:speed>0.253539</gpxtpx:speed>
</gpxtpx:TrackPointExtension>
</extensions>
</trkpt>
<trkpt lat="46.113915" lon="12.513291">
<ele>1296.907349</ele>
<time>2022-11-13T08:59:30.914Z</time>
<extensions>
<gpxtpx:TrackPointExtension>
<gpxtpx:speed>1.002129</gpxtpx:speed>
</gpxtpx:TrackPointExtension>
</extensions>
</trkpt>
<trkpt lat="46.113807" lon="12.513217">
<ele>1302.054443</ele>
<time>2022-11-13T08:59:41.244Z</time>
<extensions>
<gpxtpx:TrackPointExtension>
<gpxtpx:speed>1.129602</gpxtpx:speed>
</gpxtpx:TrackPointExtension>
</extensions>
</trkpt>
<trkpt lat="46.113577" lon="12.513264">
<ele>1299.145264</ele>
<time>2022-11-13T08:59:53.482Z</time>
<extensions>
<gpxtpx:TrackPointExtension>
<gpxtpx:speed>0.931676</gpxtpx:speed>
</gpxtpx:TrackPointExtension>
</extensions>
</trkpt>
<trkpt lat="46.113425" lon="12.513177">
<ele>1304.059937</ele>
<time>2022-11-13T09:00:06.381Z</time>
<extensions>
<gpxtpx:TrackPointExtension>
<gpxtpx:speed>0.870528</gpxtpx:speed>
</gpxtpx:TrackPointExtension>
</extensions>
</trkpt>
<trkpt lat="46.113352" lon="12.512991">
<ele>1300.733276</ele>
<time>2022-11-13T09:00:20.796Z</time>
<extensions>
<gpxtpx:TrackPointExtension>
<gpxtpx:speed>0.505423</gpxtpx:speed>
</gpxtpx:TrackPointExtension>
</extensions>
</trkpt>
<trkpt lat="46.113402" lon="12.512896">
<ele>1300.072754</ele>
<time>2022-11-13T09:00:30.921Z</time>
<extensions>
<gpxtpx:TrackPointExtension>
<gpxtpx:speed>0.426418</gpxtpx:speed>
</gpxtpx:TrackPointExtension>
</extensions>
</trkpt>
<trkpt lat="46.113465" lon="12.512780">
<ele>1301.589355</ele>
<time>2022-11-13T09:00:42.241Z</time>
<extensions>
<gpxtpx:TrackPointExtension>
<gpxtpx:speed>0.379927</gpxtpx:speed>
</gpxtpx:TrackPointExtension>
</extensions>
</trkpt>
<trkpt lat="46.113388" lon="12.512850">
<ele>1301.961914</ele>
<time>2022-11-13T09:01:01.596Z</time>
<extensions>
<gpxtpx:TrackPointExtension>
<gpxtpx:speed>1.317976</gpxtpx:speed>
</gpxtpx:TrackPointExtension>
</extensions>
</trkpt>
<trkpt lat="46.113262" lon="12.512906">
<ele>1301.425537</ele>
<time>2022-11-13T09:01:26.733Z</time>
<extensions>
<gpxtpx:TrackPointExtension>
<gpxtpx:speed>1.129830</gpxtpx:speed>
</gpxtpx:TrackPointExtension>
</extensions>
</trkpt>
<trkpt lat="46.113154" lon="12.512903">
<ele>1301.248535</ele>
<time>2022-11-13T09:01:36.745Z</time>
<extensions>
<gpxtpx:TrackPointExtension>
<gpxtpx:speed>1.102807</gpxtpx:speed>
</gpxtpx:TrackPointExtension>
</extensions>
</trkpt>
<trkpt lat="46.112993" lon="12.512784">
<ele>1306.511963</ele>
<time>2022-11-13T09:01:56.812Z</time>
<extensions>
<gpxtpx:TrackPointExtension>
<gpxtpx:speed>0.446754</gpxtpx:speed>
</gpxtpx:TrackPointExtension>
</extensions>
</trkpt>
<trkpt lat="46.112911" lon="12.512645">
<ele>1305.111572</ele>
<time>2022-11-13T09:02:07.040Z</time>
<extensions>
<gpxtpx:TrackPointExtension>
<gpxtpx:speed>0.891098</gpxtpx:speed>
</gpxtpx:TrackPointExtension>
</extensions>
</trkpt>
<trkpt lat="46.112829" lon="12.512577">
<ele>1306.176392</ele>
<time>2022-11-13T09:02:17.086Z</time>
<extensions>
<gpxtpx:TrackPointExtension>
<gpxtpx:speed>0.851851</gpxtpx:speed>
</gpxtpx:TrackPointExtension>
</extensions>
</trkpt>
<trkpt lat="46.112806" lon="12.512509">
<ele>1307.944092</ele>
<time>2022-11-13T09:02:28.210Z</time>
<extensions>
<gpxtpx:TrackPointExtension>
<gpxtpx:speed>0.272271</gpxtpx:speed>
</gpxtpx:TrackPointExtension>
</extensions>
</trkpt>
<trkpt lat="46.112841" lon="12.512406">
<ele>1314.940796</ele>
<time>2022-11-13T09:03:02.230Z</time>
<extensions>
<gpxtpx:TrackPointExtension>
<gpxtpx:speed>0.306971</gpxtpx:speed>
</gpxtpx:TrackPointExtension>
</extensions>
</trkpt>
<trkpt lat="46.112790" lon="12.512325">
<ele>1313.519287</ele>
<time>2022-11-13T09:03:13.432Z</time>
<extensions>
<gpxtpx:TrackPointExtension>
<gpxtpx:speed>0.366847</gpxtpx:speed>
</gpxtpx:TrackPointExtension>
</extensions>
</trkpt>
<trkpt lat="46.112689" lon="12.512180">
<ele>1318.433960</ele>
<time>2022-11-13T09:03:37.227Z</time>
<extensions>
<gpxtpx:TrackPointExtension>
<gpxtpx:speed>0.604221</gpxtpx:speed>
</gpxtpx:TrackPointExtension>
</extensions>
</trkpt>
<trkpt lat="46.112681" lon="12.512163">
<ele>1318.357300</ele>
<time>2022-11-13T09:03:47.284Z</time>
<extensions>
<gpxtpx:TrackPointExtension>
<gpxtpx:speed>0.554412</gpxtpx:speed>
</gpxtpx:TrackPointExtension>
</extensions>
</trkpt>
<trkpt lat="46.112644" lon="12.512109">
<ele>1321.358887</ele>
<time>2022-11-13T09:04:53.240Z</time>
<extensions>
<gpxtpx:TrackPointExtension>
<gpxtpx:speed>0.386830</gpxtpx:speed>
</gpxtpx:TrackPointExtension>
</extensions>
</trkpt>
<trkpt lat="46.112392" lon="12.512060">
<ele>1325.982910</ele>
<time>2022-11-13T09:05:42.734Z</time>
<extensions>
<gpxtpx:TrackPointExtension>
<gpxtpx:speed>0.356187</gpxtpx:speed>
</gpxtpx:TrackPointExtension>
</extensions>
</trkpt>
<trkpt lat="46.112309" lon="12.511971">
<ele>1323.969482</ele>
<time>2022-11-13T09:05:52.859Z</time>
<extensions>
<gpxtpx:TrackPointExtension>
<gpxtpx:speed>0.280431</gpxtpx:speed>
</gpxtpx:TrackPointExtension>
</extensions>
</trkpt>
<trkpt lat="46.112378" lon="12.511875">
<ele>1335.883423</ele>
<time>2022-11-13T09:06:48.236Z</time>
<extensions>
<gpxtpx:TrackPointExtension>
<gpxtpx:speed>0.206978</gpxtpx:speed>
</gpxtpx:TrackPointExtension>
</extensions>
</trkpt>
<trkpt lat="46.112433" lon="12.511814">
<ele>1338.959106</ele>
<time>2022-11-13T09:07:09.239Z</time>
<extensions>
<gpxtpx:TrackPointExtension>
<gpxtpx:speed>0.417655</gpxtpx:speed>
</gpxtpx:TrackPointExtension>
</extensions>
</trkpt>
<trkpt lat="46.112411" lon="12.511775">
<ele>1340.277588</ele>
<time>2022-11-13T09:08:08.943Z</time>
<extensions>
<gpxtpx:TrackPointExtension>
<gpxtpx:speed>0.202217</gpxtpx:speed>
</gpxtpx:TrackPointExtension>
</extensions>
</trkpt>
<trkpt lat="46.112541" lon="12.511585">
<ele>1348.521484</ele>
<time>2022-11-13T09:08:52.244Z</time>
<extensions>
<gpxtpx:TrackPointExtension>
<gpxtpx:speed>0.625251</gpxtpx:speed>
</gpxtpx:TrackPointExtension>
</extensions>
</trkpt>
<trkpt lat="46.112594" lon="12.511580">
<ele>1350.624756</ele>
<time>2022-11-13T09:09:13.827Z</time>
<extensions>
<gpxtpx:TrackPointExtension>
<gpxtpx:speed>0.272308</gpxtpx:speed>
</gpxtpx:TrackPointExtension>
</extensions>
</trkpt>
</trkseg>
<trkseg>
<trkpt lat="46.112738" lon="12.509649">
<ele>1428.862427</ele>
<time>2022-11-13T09:30:01.547Z</time>
<extensions>
<gpxtpx:TrackPointExtension>
<gpxtpx:speed>0.139534</gpxtpx:speed>
</gpxtpx:TrackPointExtension>
</extensions>
</trkpt>
<trkpt lat="46.112726" lon="12.509576">
<ele>1425.697021</ele>
<time>2022-11-13T09:30:17.231Z</time>
<extensions>
<gpxtpx:TrackPointExtension>
<gpxtpx:speed>0.261131</gpxtpx:speed>
</gpxtpx:TrackPointExtension>
</extensions>
</trkpt>
<trkpt lat="46.112741" lon="12.509502">
<ele>1430.395020</ele>
<time>2022-11-13T09:32:38.247Z</time>
<extensions>
<gpxtpx:TrackPointExtension>
<gpxtpx:speed>0.264900</gpxtpx:speed>
</gpxtpx:TrackPointExtension>
</extensions>
</trkpt>
<trkpt lat="46.112777" lon="12.509325">
<ele>1429.903564</ele>
<time>2022-11-13T09:32:48.248Z</time>
<extensions>
<gpxtpx:TrackPointExtension>
<gpxtpx:speed>0.307529</gpxtpx:speed>
</gpxtpx:TrackPointExtension>
</extensions>
</trkpt>
<trkpt lat="46.112779" lon="12.509233">
<ele>1436.311035</ele>
<time>2022-11-13T09:32:58.249Z</time>
<extensions>
<gpxtpx:TrackPointExtension>
<gpxtpx:speed>0.338243</gpxtpx:speed>
</gpxtpx:TrackPointExtension>
</extensions>
</trkpt>
<trkpt lat="46.112791" lon="12.509216">
<ele>1441.497803</ele>
<time>2022-11-13T09:33:08.255Z</time>
<extensions>
<gpxtpx:TrackPointExtension>
<gpxtpx:speed>0.690943</gpxtpx:speed>
</gpxtpx:TrackPointExtension>
</extensions>
</trkpt>
<trkpt lat="46.112816" lon="12.509095">
<ele>1434.117920</ele>
<time>2022-11-13T09:33:28.249Z</time>
<extensions>
<gpxtpx:TrackPointExtension>
<gpxtpx:speed>0.327247</gpxtpx:speed>
</gpxtpx:TrackPointExtension>
</extensions>
</trkpt>
<trkpt lat="46.112817" lon="12.508985">
<ele>1438.834351</ele>
<time>2022-11-13T09:33:38.249Z</time>
<extensions>
<gpxtpx:TrackPointExtension>
<gpxtpx:speed>0.423353</gpxtpx:speed>
</gpxtpx:TrackPointExtension>
</extensions>
</trkpt>
<trkpt lat="46.112814" lon="12.508941">
<ele>1437.637451</ele>
<time>2022-11-13T09:33:48.251Z</time>
<extensions>
<gpxtpx:TrackPointExtension>
<gpxtpx:speed>0.430011</gpxtpx:speed>
</gpxtpx:TrackPointExtension>
</extensions>
</trkpt>
<trkpt lat="46.112847" lon="12.508890">
<ele>1440.776489</ele>
<time>2022-11-13T09:33:58.255Z</time>
<extensions>
<gpxtpx:TrackPointExtension>
<gpxtpx:speed>0.609471</gpxtpx:speed>
</gpxtpx:TrackPointExtension>
</extensions>
</trkpt>
<trkpt lat="46.112867" lon="12.508857">
<ele>1447.577637</ele>
<time>2022-11-13T09:34:09.150Z</time>
<extensions>
<gpxtpx:TrackPointExtension>
<gpxtpx:speed>0.476383</gpxtpx:speed>
</gpxtpx:TrackPointExtension>
</extensions>
</trkpt>
<trkpt lat="46.112920" lon="12.508841">
<ele>1446.584229</ele>
<time>2022-11-13T09:34:48.242Z</time>
<extensions>
<gpxtpx:TrackPointExtension>
<gpxtpx:speed>0.443635</gpxtpx:speed>
</gpxtpx:TrackPointExtension>
</extensions>
</trkpt>
<trkpt lat="46.112953" lon="12.508767">
<ele>1450.259644</ele>
<time>2022-11-13T09:34:58.251Z</time>
<extensions>
<gpxtpx:TrackPointExtension>
<gpxtpx:speed>0.303043</gpxtpx:speed>
</gpxtpx:TrackPointExtension>
</extensions>
</trkpt>
<trkpt lat="46.112946" lon="12.508726">
<ele>1451.416870</ele>
<time>2022-11-13T09:35:23.257Z</time>
<extensions>
<gpxtpx:TrackPointExtension>
<gpxtpx:speed>0.426930</gpxtpx:speed>
</gpxtpx:TrackPointExtension>
</extensions>
</trkpt>
<trkpt lat="46.112965" lon="12.508685">
<ele>1451.276855</ele>
<time>2022-11-13T09:35:33.312Z</time>
<extensions>
<gpxtpx:TrackPointExtension>
<gpxtpx:speed>0.233143</gpxtpx:speed>
</gpxtpx:TrackPointExtension>
</extensions>
</trkpt>
<trkpt lat="46.112873" lon="12.508609">
<ele>1454.643066</ele>
<time>2022-11-13T09:35:44.311Z</time>
<extensions>
<gpxtpx:TrackPointExtension>
<gpxtpx:speed>0.661726</gpxtpx:speed>
</gpxtpx:TrackPointExtension>
</extensions>
</trkpt>
<trkpt lat="46.112896" lon="12.508554">
<ele>1456.368530</ele>
<time>2022-11-13T09:35:59.262Z</time>
<extensions>
<gpxtpx:TrackPointExtension>
<gpxtpx:speed>0.975926</gpxtpx:speed>
</gpxtpx:TrackPointExtension>
</extensions>
</trkpt>
<trkpt lat="46.112911" lon="12.508462">
<ele>1466.092041</ele>
<time>2022-11-13T09:36:34.254Z</time>
<extensions>
<gpxtpx:TrackPointExtension>
<gpxtpx:speed>1.161405</gpxtpx:speed>
</gpxtpx:TrackPointExtension>
</extensions>
</trkpt>
<trkpt lat="46.112927" lon="12.508368">
<ele>1462.472168</ele>
<time>2022-11-13T09:36:44.268Z</time>
<extensions>
<gpxtpx:TrackPointExtension>
<gpxtpx:speed>0.392404</gpxtpx:speed>
</gpxtpx:TrackPointExtension>
</extensions>
</trkpt>
<trkpt lat="46.112916" lon="12.508324">
<ele>1462.849976</ele>
<time>2022-11-13T09:36:54.313Z</time>
<extensions>
<gpxtpx:TrackPointExtension>
<gpxtpx:speed>0.260889</gpxtpx:speed>
</gpxtpx:TrackPointExtension>
</extensions>
</trkpt>
<trkpt lat="46.112927" lon="12.508290">
<ele>1462.931885</ele>
<time>2022-11-13T09:37:39.246Z</time>
<extensions>
<gpxtpx:TrackPointExtension>
<gpxtpx:speed>0.593848</gpxtpx:speed>
</gpxtpx:TrackPointExtension>
</extensions>
</trkpt>
<trkpt lat="46.112919" lon="12.508309">
<ele>1463.463013</ele>
<time>2022-11-13T09:37:49.252Z</time>
<extensions>
<gpxtpx:TrackPointExtension>
<gpxtpx:speed>0.364851</gpxtpx:speed>
</gpxtpx:TrackPointExtension>
</extensions>
</trkpt>
<trkpt lat="46.112832" lon="12.508390">
<ele>1463.027100</ele>
<time>2022-11-13T09:38:00.238Z</time>
<extensions>
<gpxtpx:TrackPointExtension>
<gpxtpx:speed>0.562588</gpxtpx:speed>
</gpxtpx:TrackPointExtension>
</extensions>
</trkpt>
<trkpt lat="46.112866" lon="12.508339">
<ele>1462.540894</ele>
<time>2022-11-13T09:38:14.228Z</time>
<extensions>
<gpxtpx:TrackPointExtension>
<gpxtpx:speed>0.657335</gpxtpx:speed>
</gpxtpx:TrackPointExtension>
</extensions>
</trkpt>
<trkpt lat="46.112907" lon="12.508349">
<ele>1454.888916</ele>
<time>2022-11-13T09:38:54.259Z</time>
<extensions>
<gpxtpx:TrackPointExtension>
<gpxtpx:speed>0.862374</gpxtpx:speed>
</gpxtpx:TrackPointExtension>
</extensions>
</trkpt>
<trkpt lat="46.112899" lon="12.508331">
<ele>1460.812866</ele>
<time>2022-11-13T09:39:09.221Z</time>
<extensions>
<gpxtpx:TrackPointExtension>
<gpxtpx:speed>0.685782</gpxtpx:speed>
</gpxtpx:TrackPointExtension>
</extensions>
</trkpt>
<trkpt lat="46.112915" lon="12.508320">
<ele>1463.193481</ele>
<time>2022-11-13T09:39:19.289Z</time>
<extensions>
<gpxtpx:TrackPointExtension>
<gpxtpx:speed>0.272246</gpxtpx:speed>
</gpxtpx:TrackPointExtension>
</extensions>
</trkpt>
<trkpt lat="46.112926" lon="12.508313">
<ele>1458.743896</ele>
<time>2022-11-13T09:40:07.304Z</time>
<extensions>
<gpxtpx:TrackPointExtension>
<gpxtpx:speed>0.215891</gpxtpx:speed>
</gpxtpx:TrackPointExtension>
</extensions>
</trkpt>
<trkpt lat="46.112935" lon="12.508275">
<ele>1466.551880</ele>
<time>2022-11-13T09:40:24.349Z</time>
<extensions>
<gpxtpx:TrackPointExtension>
<gpxtpx:speed>0.379193</gpxtpx:speed>
</gpxtpx:TrackPointExtension>
</extensions>
</trkpt>
<trkpt lat="46.112926" lon="12.508215">
<ele>1463.727295</ele>
<time>2022-11-13T09:40:34.386Z</time>
<extensions>
<gpxtpx:TrackPointExtension>
<gpxtpx:speed>0.395582</gpxtpx:speed>
</gpxtpx:TrackPointExtension>
</extensions>
</trkpt>
<trkpt lat="46.112919" lon="12.508164">
<ele>1466.187256</ele>
<time>2022-11-13T09:40:44.446Z</time>
<extensions>
<gpxtpx:TrackPointExtension>
<gpxtpx:speed>0.555571</gpxtpx:speed>
</gpxtpx:TrackPointExtension>
</extensions>
</trkpt>
<trkpt lat="46.112940" lon="12.508153">
<ele>1467.492554</ele>
<time>2022-11-13T09:40:54.483Z</time>
<extensions>
<gpxtpx:TrackPointExtension>
<gpxtpx:speed>0.563112</gpxtpx:speed>
</gpxtpx:TrackPointExtension>
</extensions>
</trkpt>
<trkpt lat="46.112951" lon="12.508095">
<ele>1466.446167</ele>
<time>2022-11-13T09:41:05.310Z</time>
<extensions>
<gpxtpx:TrackPointExtension>
<gpxtpx:speed>0.459344</gpxtpx:speed>
</gpxtpx:TrackPointExtension>
</extensions>
</trkpt>
<trkpt lat="46.112971" lon="12.508006">
<ele>1468.382935</ele>
<time>2022-11-13T09:41:15.338Z</time>
<extensions>
<gpxtpx:TrackPointExtension>
<gpxtpx:speed>0.712151</gpxtpx:speed>
</gpxtpx:TrackPointExtension>
</extensions>
</trkpt>
<trkpt lat="46.113002" lon="12.507907">
<ele>1467.450195</ele>
<time>2022-11-13T09:41:30.313Z</time>
<extensions>
<gpxtpx:TrackPointExtension>
<gpxtpx:speed>0.678375</gpxtpx:speed>
</gpxtpx:TrackPointExtension>
</extensions>
</trkpt>
<trkpt lat="46.113025" lon="12.507874">
<ele>1478.695801</ele>
<time>2022-11-13T09:41:40.321Z</time>
<extensions>
<gpxtpx:TrackPointExtension>
<gpxtpx:speed>0.582731</gpxtpx:speed>
</gpxtpx:TrackPointExtension>
</extensions>
</trkpt>
<trkpt lat="46.113033" lon="12.507889">
<ele>1474.032104</ele>
<time>2022-11-13T09:41:55.315Z</time>
<extensions>
<gpxtpx:TrackPointExtension>
<gpxtpx:speed>0.201424</gpxtpx:speed>
</gpxtpx:TrackPointExtension>
</extensions>
</trkpt>
<trkpt lat="46.113039" lon="12.507867">
<ele>1476.264893</ele>
<time>2022-11-13T09:42:06.298Z</time>
<extensions>
<gpxtpx:TrackPointExtension>
<gpxtpx:speed>0.575025</gpxtpx:speed>
</gpxtpx:TrackPointExtension>
</extensions>
</trkpt>
<trkpt lat="46.113042" lon="12.507773">
<ele>1474.357178</ele>
<time>2022-11-13T09:42:20.307Z</time>
<extensions>
<gpxtpx:TrackPointExtension>
<gpxtpx:speed>0.329917</gpxtpx:speed>
</gpxtpx:TrackPointExtension>
</extensions>
</trkpt>
<trkpt lat="46.113056" lon="12.507810">
<ele>1480.193970</ele>
<time>2022-11-13T09:42:34.314Z</time>
<extensions>
<gpxtpx:TrackPointExtension>
<gpxtpx:speed>0.215472</gpxtpx:speed>
</gpxtpx:TrackPointExtension>
</extensions>
</trkpt>
<trkpt lat="46.113068" lon="12.507887">
<ele>1483.885132</ele>
<time>2022-11-13T09:42:45.294Z</time>
<extensions>
<gpxtpx:TrackPointExtension>
<gpxtpx:speed>0.428040</gpxtpx:speed>
</gpxtpx:TrackPointExtension>
</extensions>
</trkpt>
<trkpt lat="46.113074" lon="12.507793">
<ele>1484.997559</ele>
<time>2022-11-13T09:42:55.311Z</time>
<extensions>
<gpxtpx:TrackPointExtension>
<gpxtpx:speed>0.347337</gpxtpx:speed>
</gpxtpx:TrackPointExtension>
</extensions>
</trkpt>
<trkpt lat="46.113067" lon="12.507685">
<ele>1485.407104</ele>
<time>2022-11-13T09:43:10.307Z</time>
<extensions>
<gpxtpx:TrackPointExtension>
<gpxtpx:speed>0.380160</gpxtpx:speed>
</gpxtpx:TrackPointExtension>
</extensions>
</trkpt>
<trkpt lat="46.113046" lon="12.507686">
<ele>1484.860229</ele>
<time>2022-11-13T09:43:25.330Z</time>
<extensions>
<gpxtpx:TrackPointExtension>
<gpxtpx:speed>0.256874</gpxtpx:speed>
</gpxtpx:TrackPointExtension>
</extensions>
</trkpt>
<trkpt lat="46.113039" lon="12.507705">
<ele>1485.687256</ele>
<time>2022-11-13T09:43:42.303Z</time>
<extensions>
<gpxtpx:TrackPointExtension>
<gpxtpx:speed>0.502934</gpxtpx:speed>
</gpxtpx:TrackPointExtension>
</extensions>
</trkpt>
<trkpt lat="46.113006" lon="12.507773">
<ele>1480.740845</ele>
<time>2022-11-13T09:45:04.322Z</time>
<extensions>
<gpxtpx:TrackPointExtension>
<gpxtpx:speed>0.459952</gpxtpx:speed>
</gpxtpx:TrackPointExtension>
</extensions>
</trkpt>
<trkpt lat="46.113036" lon="12.507746">
<ele>1491.788208</ele>
<time>2022-11-13T09:45:16.311Z</time>
<extensions>
<gpxtpx:TrackPointExtension>
<gpxtpx:speed>0.317740</gpxtpx:speed>
</gpxtpx:TrackPointExtension>
</extensions>
</trkpt>
<trkpt lat="46.113070" lon="12.507828">
<ele>1488.218506</ele>
<time>2022-11-13T09:45:26.333Z</time>
<extensions>
<gpxtpx:TrackPointExtension>
<gpxtpx:speed>0.747375</gpxtpx:speed>
</gpxtpx:TrackPointExtension>
</extensions>
</trkpt>
<trkpt lat="46.113107" lon="12.507940">
<ele>1489.795898</ele>
<time>2022-11-13T09:45:41.320Z</time>
<extensions>
<gpxtpx:TrackPointExtension>
<gpxtpx:speed>0.511651</gpxtpx:speed>
</gpxtpx:TrackPointExtension>
</extensions>
</trkpt>
<trkpt lat="46.113175" lon="12.507790">
<ele>1486.981934</ele>
<time>2022-11-13T09:45:52.308Z</time>
<extensions>
<gpxtpx:TrackPointExtension>
<gpxtpx:speed>0.587945</gpxtpx:speed>
</gpxtpx:TrackPointExtension>
</extensions>
</trkpt>
<trkpt lat="46.113193" lon="12.507811">
<ele>1492.956055</ele>
<time>2022-11-13T09:46:06.318Z</time>
<extensions>
<gpxtpx:TrackPointExtension>
<gpxtpx:speed>0.284649</gpxtpx:speed>
</gpxtpx:TrackPointExtension>
</extensions>
</trkpt>
<trkpt lat="46.113215" lon="12.507815">
<ele>1498.335815</ele>
<time>2022-11-13T09:46:16.325Z</time>
<extensions>
<gpxtpx:TrackPointExtension>
<gpxtpx:speed>0.646759</gpxtpx:speed>
</gpxtpx:TrackPointExtension>
</extensions>
</trkpt>
<trkpt lat="46.113292" lon="12.507759">
<ele>1491.933594</ele>
<time>2022-11-13T09:46:30.324Z</time>
<extensions>
<gpxtpx:TrackPointExtension>
<gpxtpx:speed>0.420245</gpxtpx:speed>
</gpxtpx:TrackPointExtension>
</extensions>
</trkpt>
<trkpt lat="46.113329" lon="12.507756">
<ele>1502.061401</ele>
<time>2022-11-13T09:46:41.316Z</time>
<extensions>
<gpxtpx:TrackPointExtension>
<gpxtpx:speed>0.480307</gpxtpx:speed>
</gpxtpx:TrackPointExtension>
</extensions>
</trkpt>
<trkpt lat="46.113358" lon="12.507639">
<ele>1500.219727</ele>
<time>2022-11-13T09:46:56.312Z</time>
<extensions>
<gpxtpx:TrackPointExtension>
<gpxtpx:speed>0.712671</gpxtpx:speed>
</gpxtpx:TrackPointExtension>
</extensions>
</trkpt>
<trkpt lat="46.113370" lon="12.507648">
<ele>1499.091431</ele>
<time>2022-11-13T09:47:08.315Z</time>
<extensions>
<gpxtpx:TrackPointExtension>
<gpxtpx:speed>0.326552</gpxtpx:speed>
</gpxtpx:TrackPointExtension>
</extensions>
</trkpt>
<trkpt lat="46.113349" lon="12.507547">
<ele>1502.687622</ele>
<time>2022-11-13T09:47:21.322Z</time>
<extensions>
<gpxtpx:TrackPointExtension>
<gpxtpx:speed>0.347793</gpxtpx:speed>
</gpxtpx:TrackPointExtension>
</extensions>
</trkpt>
<trkpt lat="46.113336" lon="12.507457">
<ele>1508.944458</ele>
<time>2022-11-13T09:47:36.311Z</time>
<extensions>
<gpxtpx:TrackPointExtension>
<gpxtpx:speed>0.347313</gpxtpx:speed>
</gpxtpx:TrackPointExtension>
</extensions>
</trkpt>
<trkpt lat="46.113371" lon="12.507527">
<ele>1503.541016</ele>
<time>2022-11-13T09:47:51.312Z</time>
<extensions>
<gpxtpx:TrackPointExtension>
<gpxtpx:speed>0.284085</gpxtpx:speed>
</gpxtpx:TrackPointExtension>
</extensions>
</trkpt>
<trkpt lat="46.113349" lon="12.507598">
<ele>1505.136963</ele>
<time>2022-11-13T09:48:01.316Z</time>
<extensions>
<gpxtpx:TrackPointExtension>
<gpxtpx:speed>0.221300</gpxtpx:speed>
</gpxtpx:TrackPointExtension>
</extensions>
</trkpt>
<trkpt lat="46.113353" lon="12.507582">
<ele>1503.239868</ele>
<time>2022-11-13T09:48:53.308Z</time>
<extensions>
<gpxtpx:TrackPointExtension>
<gpxtpx:speed>0.340614</gpxtpx:speed>
</gpxtpx:TrackPointExtension>
</extensions>
</trkpt>
<trkpt lat="46.113347" lon="12.507568">
<ele>1503.575439</ele>
<time>2022-11-13T09:49:12.309Z</time>
<extensions>
<gpxtpx:TrackPointExtension>
<gpxtpx:speed>0.256156</gpxtpx:speed>
</gpxtpx:TrackPointExtension>
</extensions>
</trkpt>
<trkpt lat="46.113352" lon="12.507590">
<ele>1503.308472</ele>
<time>2022-11-13T09:49:27.300Z</time>
<extensions>
<gpxtpx:TrackPointExtension>
<gpxtpx:speed>1.105272</gpxtpx:speed>
</gpxtpx:TrackPointExtension>
</extensions>
</trkpt>
<trkpt lat="46.113397" lon="12.507445">
<ele>1509.544312</ele>
<time>2022-11-13T09:49:42.306Z</time>
<extensions>
<gpxtpx:TrackPointExtension>
<gpxtpx:speed>0.890482</gpxtpx:speed>
</gpxtpx:TrackPointExtension>
</extensions>
</trkpt>
<trkpt lat="46.113420" lon="12.507264">
<ele>1502.518433</ele>
<time>2022-11-13T09:49:52.328Z</time>
<extensions>
<gpxtpx:TrackPointExtension>
<gpxtpx:speed>0.320429</gpxtpx:speed>
</gpxtpx:TrackPointExtension>
</extensions>
</trkpt>
<trkpt lat="46.113407" lon="12.507312">
<ele>1509.605103</ele>
<time>2022-11-13T09:50:05.305Z</time>
<extensions>
<gpxtpx:TrackPointExtension>
<gpxtpx:speed>0.650507</gpxtpx:speed>
</gpxtpx:TrackPointExtension>
</extensions>
</trkpt>
<trkpt lat="46.113476" lon="12.507391">
<ele>1511.557739</ele>
<time>2022-11-13T09:50:17.307Z</time>
<extensions>
<gpxtpx:TrackPointExtension>
<gpxtpx:speed>0.695487</gpxtpx:speed>
</gpxtpx:TrackPointExtension>
</extensions>
</trkpt>
<trkpt lat="46.113528" lon="12.507452">
<ele>1520.818848</ele>
<time>2022-11-13T09:50:32.307Z</time>
<extensions>
<gpxtpx:TrackPointExtension>
<gpxtpx:speed>1.048954</gpxtpx:speed>
</gpxtpx:TrackPointExtension>
</extensions>
</trkpt>
<trkpt lat="46.113547" lon="12.507506">
<ele>1520.179443</ele>
<time>2022-11-13T09:50:42.321Z</time>
<extensions>
<gpxtpx:TrackPointExtension>
<gpxtpx:speed>0.630002</gpxtpx:speed>
</gpxtpx:TrackPointExtension>
</extensions>
</trkpt>
<trkpt lat="46.113605" lon="12.507512">
<ele>1517.679810</ele>
<time>2022-11-13T09:50:53.303Z</time>
<extensions>
<gpxtpx:TrackPointExtension>
<gpxtpx:speed>0.670561</gpxtpx:speed>
</gpxtpx:TrackPointExtension>
</extensions>
</trkpt>
<trkpt lat="46.113616" lon="12.507507">
<ele>1505.834595</ele>
<time>2022-11-13T09:51:04.302Z</time>
<extensions>
<gpxtpx:TrackPointExtension>
<gpxtpx:speed>0.437198</gpxtpx:speed>
</gpxtpx:TrackPointExtension>
</extensions>
</trkpt>
<trkpt lat="46.113689" lon="12.507522">
<ele>1517.225342</ele>
<time>2022-11-13T09:51:17.303Z</time>
<extensions>
<gpxtpx:TrackPointExtension>
<gpxtpx:speed>0.587636</gpxtpx:speed>
</gpxtpx:TrackPointExtension>
</extensions>
</trkpt>
<trkpt lat="46.113735" lon="12.507549">
<ele>1520.142456</ele>
<time>2022-11-13T09:51:27.305Z</time>
<extensions>
<gpxtpx:TrackPointExtension>
<gpxtpx:speed>0.623140</gpxtpx:speed>
</gpxtpx:TrackPointExtension>
</extensions>
</trkpt>
<trkpt lat="46.113783" lon="12.507564">
<ele>1527.498535</ele>
<time>2022-11-13T09:51:41.307Z</time>
<extensions>
<gpxtpx:TrackPointExtension>
<gpxtpx:speed>0.409705</gpxtpx:speed>
</gpxtpx:TrackPointExtension>
</extensions>
</trkpt>
<trkpt lat="46.113833" lon="12.507546">
<ele>1524.074097</ele>
<time>2022-11-13T09:51:52.292Z</time>
<extensions>
<gpxtpx:TrackPointExtension>
<gpxtpx:speed>0.486181</gpxtpx:speed>
</gpxtpx:TrackPointExtension>
</extensions>
</trkpt>
<trkpt lat="46.113843" lon="12.507518">
<ele>1523.601196</ele>
<time>2022-11-13T09:52:02.302Z</time>
<extensions>
<gpxtpx:TrackPointExtension>
<gpxtpx:speed>0.354323</gpxtpx:speed>
</gpxtpx:TrackPointExtension>
</extensions>
</trkpt>
<trkpt lat="46.113832" lon="12.507458">
<ele>1526.098145</ele>
<time>2022-11-13T09:52:12.334Z</time>
<extensions>
<gpxtpx:TrackPointExtension>
<gpxtpx:speed>0.473751</gpxtpx:speed>
</gpxtpx:TrackPointExtension>
</extensions>
</trkpt>
<trkpt lat="46.113840" lon="12.507468">
<ele>1527.221069</ele>
<time>2022-11-13T09:52:41.310Z</time>
<extensions>
<gpxtpx:TrackPointExtension>
<gpxtpx:speed>0.324966</gpxtpx:speed>
</gpxtpx:TrackPointExtension>
</extensions>
</trkpt>
<trkpt lat="46.113864" lon="12.507458">
<ele>1524.156006</ele>
<time>2022-11-13T09:52:52.445Z</time>
<extensions>
<gpxtpx:TrackPointExtension>
<gpxtpx:speed>0.503113</gpxtpx:speed>
</gpxtpx:TrackPointExtension>
</extensions>
</trkpt>
<trkpt lat="46.113854" lon="12.507411">
<ele>1525.585571</ele>
<time>2022-11-13T09:53:03.301Z</time>
<extensions>
<gpxtpx:TrackPointExtension>
<gpxtpx:speed>0.609554</gpxtpx:speed>
</gpxtpx:TrackPointExtension>
</extensions>
</trkpt>
<trkpt lat="46.113885" lon="12.507379">
<ele>1529.501343</ele>
<time>2022-11-13T09:53:13.319Z</time>
<extensions>
<gpxtpx:TrackPointExtension>
<gpxtpx:speed>0.451240</gpxtpx:speed>
</gpxtpx:TrackPointExtension>
</extensions>
</trkpt>
<trkpt lat="46.113884" lon="12.507335">
<ele>1531.187134</ele>
<time>2022-11-13T09:53:23.323Z</time>
<extensions>
<gpxtpx:TrackPointExtension>
<gpxtpx:speed>0.613026</gpxtpx:speed>
</gpxtpx:TrackPointExtension>
</extensions>
</trkpt>
<trkpt lat="46.113875" lon="12.507361">
<ele>1530.402344</ele>
<time>2022-11-13T09:53:53.316Z</time>
<extensions>
<gpxtpx:TrackPointExtension>
<gpxtpx:speed>0.809732</gpxtpx:speed>
</gpxtpx:TrackPointExtension>
</extensions>
</trkpt>
<trkpt lat="46.113862" lon="12.507391">
<ele>1531.750000</ele>
<time>2022-11-13T09:54:03.322Z</time>
<extensions>
<gpxtpx:TrackPointExtension>
<gpxtpx:speed>1.048981</gpxtpx:speed>
</gpxtpx:TrackPointExtension>
</extensions>
</trkpt>
<trkpt lat="46.113880" lon="12.507360">
<ele>1531.652222</ele>
<time>2022-11-13T09:54:18.309Z</time>
<extensions>
<gpxtpx:TrackPointExtension>
<gpxtpx:speed>0.258054</gpxtpx:speed>
</gpxtpx:TrackPointExtension>
</extensions>
</trkpt>
<trkpt lat="46.113900" lon="12.507379">
<ele>1535.213989</ele>
<time>2022-11-13T09:54:33.315Z</time>
<extensions>
<gpxtpx:TrackPointExtension>
<gpxtpx:speed>0.284820</gpxtpx:speed>
</gpxtpx:TrackPointExtension>
</extensions>
</trkpt>
<trkpt lat="46.113953" lon="12.507396">
<ele>1537.433472</ele>
<time>2022-11-13T09:54:43.330Z</time>
<extensions>
<gpxtpx:TrackPointExtension>
<gpxtpx:speed>0.761016</gpxtpx:speed>
</gpxtpx:TrackPointExtension>
</extensions>
</trkpt>
<trkpt lat="46.113980" lon="12.507408">
<ele>1536.204834</ele>
<time>2022-11-13T09:55:01.317Z</time>
<extensions>
<gpxtpx:TrackPointExtension>
<gpxtpx:speed>1.025494</gpxtpx:speed>
</gpxtpx:TrackPointExtension>
</extensions>
</trkpt>
<trkpt lat="46.114027" lon="12.507437">
<ele>1539.927856</ele>
<time>2022-11-13T09:55:11.324Z</time>
<extensions>
<gpxtpx:TrackPointExtension>
<gpxtpx:speed>0.441957</gpxtpx:speed>
</gpxtpx:TrackPointExtension>
</extensions>
</trkpt>
<trkpt lat="46.114056" lon="12.507452">
<ele>1540.982056</ele>
<time>2022-11-13T09:55:23.305Z</time>
<extensions>
<gpxtpx:TrackPointExtension>
<gpxtpx:speed>0.852650</gpxtpx:speed>
</gpxtpx:TrackPointExtension>
</extensions>
</trkpt>
<trkpt lat="46.114079" lon="12.507482">
<ele>1537.951416</ele>
<time>2022-11-13T09:55:33.310Z</time>
<extensions>
<gpxtpx:TrackPointExtension>
<gpxtpx:speed>0.622187</gpxtpx:speed>
</gpxtpx:TrackPointExtension>
</extensions>
</trkpt>
<trkpt lat="46.114067" lon="12.507487">
<ele>1538.751953</ele>
<time>2022-11-13T09:55:48.304Z</time>
<extensions>
<gpxtpx:TrackPointExtension>
<gpxtpx:speed>0.258528</gpxtpx:speed>
</gpxtpx:TrackPointExtension>
</extensions>
</trkpt>
<trkpt lat="46.114070" lon="12.507500">
<ele>1539.042603</ele>
<time>2022-11-13T09:56:08.314Z</time>
<extensions>
<gpxtpx:TrackPointExtension>
<gpxtpx:speed>0.419499</gpxtpx:speed>
</gpxtpx:TrackPointExtension>
</extensions>
</trkpt>
<trkpt lat="46.114053" lon="12.507490">
<ele>1541.359863</ele>
<time>2022-11-13T09:56:18.314Z</time>
<extensions>
<gpxtpx:TrackPointExtension>
<gpxtpx:speed>0.396543</gpxtpx:speed>
</gpxtpx:TrackPointExtension>
</extensions>
</trkpt>
<trkpt lat="46.114072" lon="12.507462">
<ele>1534.526978</ele>
<time>2022-11-13T09:57:06.307Z</time>
<extensions>
<gpxtpx:TrackPointExtension>
<gpxtpx:speed>0.695086</gpxtpx:speed>
</gpxtpx:TrackPointExtension>
</extensions>
</trkpt>
<trkpt lat="46.114063" lon="12.507447">
<ele>1544.158081</ele>
<time>2022-11-13T09:57:44.316Z</time>
<extensions>
<gpxtpx:TrackPointExtension>
<gpxtpx:speed>0.210681</gpxtpx:speed>
</gpxtpx:TrackPointExtension>
</extensions>
</trkpt>
<trkpt lat="46.114068" lon="12.507425">
<ele>1539.304199</ele>
<time>2022-11-13T09:59:02.311Z</time>
<extensions>
<gpxtpx:TrackPointExtension>
<gpxtpx:speed>0.280423</gpxtpx:speed>
</gpxtpx:TrackPointExtension>
</extensions>
</trkpt>
<trkpt lat="46.114113" lon="12.507447">
<ele>1535.861328</ele>
<time>2022-11-13T09:59:12.318Z</time>
<extensions>
<gpxtpx:TrackPointExtension>
<gpxtpx:speed>0.604000</gpxtpx:speed>
</gpxtpx:TrackPointExtension>
</extensions>
</trkpt>
<trkpt lat="46.114124" lon="12.507535">
<ele>1547.862549</ele>
<time>2022-11-13T09:59:22.318Z</time>
<extensions>
<gpxtpx:TrackPointExtension>
<gpxtpx:speed>0.679351</gpxtpx:speed>
</gpxtpx:TrackPointExtension>
</extensions>
</trkpt>
<trkpt lat="46.114199" lon="12.507560">
<ele>1543.312500</ele>
<time>2022-11-13T09:59:34.302Z</time>
<extensions>
<gpxtpx:TrackPointExtension>
<gpxtpx:speed>0.575157</gpxtpx:speed>
</gpxtpx:TrackPointExtension>
</extensions>
</trkpt>
<trkpt lat="46.114223" lon="12.507543">
<ele>1540.469482</ele>
<time>2022-11-13T09:59:44.317Z</time>
<extensions>
<gpxtpx:TrackPointExtension>
<gpxtpx:speed>0.500499</gpxtpx:speed>
</gpxtpx:TrackPointExtension>
</extensions>
</trkpt>
<trkpt lat="46.114289" lon="12.507549">
<ele>1545.793701</ele>
<time>2022-11-13T09:59:59.319Z</time>
<extensions>
<gpxtpx:TrackPointExtension>
<gpxtpx:speed>0.652104</gpxtpx:speed>
</gpxtpx:TrackPointExtension>
</extensions>
</trkpt>
<trkpt lat="46.114358" lon="12.507645">
<ele>1544.911133</ele>
<time>2022-11-13T10:00:12.323Z</time>
<extensions>
<gpxtpx:TrackPointExtension>
<gpxtpx:speed>0.704048</gpxtpx:speed>
</gpxtpx:TrackPointExtension>
</extensions>
</trkpt>
<trkpt lat="46.114425" lon="12.507650">
<ele>1554.890991</ele>
<time>2022-11-13T10:00:24.298Z</time>
<extensions>
<gpxtpx:TrackPointExtension>
<gpxtpx:speed>0.651381</gpxtpx:speed>
</gpxtpx:TrackPointExtension>
</extensions>
</trkpt>
<trkpt lat="46.114488" lon="12.507608">
<ele>1556.103760</ele>
<time>2022-11-13T10:00:39.323Z</time>
<extensions>
<gpxtpx:TrackPointExtension>
<gpxtpx:speed>0.635809</gpxtpx:speed>
</gpxtpx:TrackPointExtension>
</extensions>
</trkpt>
<trkpt lat="46.114531" lon="12.507544">
<ele>1557.731445</ele>
<time>2022-11-13T10:00:49.327Z</time>
<extensions>
<gpxtpx:TrackPointExtension>
<gpxtpx:speed>0.602179</gpxtpx:speed>
</gpxtpx:TrackPointExtension>
</extensions>
</trkpt>
<trkpt lat="46.114554" lon="12.507476">
<ele>1557.461914</ele>
<time>2022-11-13T10:00:59.362Z</time>
<extensions>
<gpxtpx:TrackPointExtension>
<gpxtpx:speed>0.477035</gpxtpx:speed>
</gpxtpx:TrackPointExtension>
</extensions>
</trkpt>
<trkpt lat="46.114596" lon="12.507477">
<ele>1551.561768</ele>
<time>2022-11-13T10:01:09.382Z</time>
<extensions>
<gpxtpx:TrackPointExtension>
<gpxtpx:speed>0.519512</gpxtpx:speed>
</gpxtpx:TrackPointExtension>
</extensions>
</trkpt>
<trkpt lat="46.114619" lon="12.507485">
<ele>1561.124146</ele>
<time>2022-11-13T10:01:19.433Z</time>
<extensions>
<gpxtpx:TrackPointExtension>
<gpxtpx:speed>0.509590</gpxtpx:speed>
</gpxtpx:TrackPointExtension>
</extensions>
</trkpt>
<trkpt lat="46.114673" lon="12.507504">
<ele>1560.035522</ele>
<time>2022-11-13T10:01:29.455Z</time>
<extensions>
<gpxtpx:TrackPointExtension>
<gpxtpx:speed>0.706238</gpxtpx:speed>
</gpxtpx:TrackPointExtension>
</extensions>
</trkpt>
<trkpt lat="46.114721" lon="12.507535">
<ele>1559.528198</ele>
<time>2022-11-13T10:01:39.488Z</time>
<extensions>
<gpxtpx:TrackPointExtension>
<gpxtpx:speed>0.542392</gpxtpx:speed>
</gpxtpx:TrackPointExtension>
</extensions>
</trkpt>
<trkpt lat="46.114765" lon="12.507577">
<ele>1559.417236</ele>
<time>2022-11-13T10:01:50.298Z</time>
<extensions>
<gpxtpx:TrackPointExtension>
<gpxtpx:speed>0.843452</gpxtpx:speed>
</gpxtpx:TrackPointExtension>
</extensions>
</trkpt>
<trkpt lat="46.114794" lon="12.507609">
<ele>1559.731689</ele>
<time>2022-11-13T10:02:00.308Z</time>
<extensions>
<gpxtpx:TrackPointExtension>
<gpxtpx:speed>0.426192</gpxtpx:speed>
</gpxtpx:TrackPointExtension>
</extensions>
</trkpt>
<trkpt lat="46.114813" lon="12.507624">
<ele>1557.364136</ele>
<time>2022-11-13T10:02:15.299Z</time>
<extensions>
<gpxtpx:TrackPointExtension>
<gpxtpx:speed>0.647836</gpxtpx:speed>
</gpxtpx:TrackPointExtension>
</extensions>
</trkpt>
<trkpt lat="46.114879" lon="12.507589">
<ele>1563.441406</ele>
<time>2022-11-13T10:02:35.308Z</time>
<extensions>
<gpxtpx:TrackPointExtension>
<gpxtpx:speed>0.737977</gpxtpx:speed>
</gpxtpx:TrackPointExtension>
</extensions>
</trkpt>
<trkpt lat="46.114923" lon="12.507564">
<ele>1563.914307</ele>
<time>2022-11-13T10:02:48.300Z</time>
<extensions>
<gpxtpx:TrackPointExtension>
<gpxtpx:speed>0.223693</gpxtpx:speed>
</gpxtpx:TrackPointExtension>
</extensions>
</trkpt>
<trkpt lat="46.114945" lon="12.507580">
<ele>1570.699707</ele>
<time>2022-11-13T10:03:00.312Z</time>
<extensions>
<gpxtpx:TrackPointExtension>
<gpxtpx:speed>0.568611</gpxtpx:speed>
</gpxtpx:TrackPointExtension>
</extensions>
</trkpt>
<trkpt lat="46.114969" lon="12.507594">
<ele>1574.015747</ele>
<time>2022-11-13T10:03:50.302Z</time>
<extensions>
<gpxtpx:TrackPointExtension>
<gpxtpx:speed>0.452807</gpxtpx:speed>
</gpxtpx:TrackPointExtension>
</extensions>
</trkpt>
<trkpt lat="46.115021" lon="12.507568">
<ele>1566.839355</ele>
<time>2022-11-13T10:04:00.305Z</time>
<extensions>
<gpxtpx:TrackPointExtension>
<gpxtpx:speed>0.498770</gpxtpx:speed>
</gpxtpx:TrackPointExtension>
</extensions>
</trkpt>
<trkpt lat="46.115013" lon="12.507552">
<ele>1568.237183</ele>
<time>2022-11-13T10:04:10.310Z</time>
<extensions>
<gpxtpx:TrackPointExtension>
<gpxtpx:speed>0.420526</gpxtpx:speed>
</gpxtpx:TrackPointExtension>
</extensions>
</trkpt>
<trkpt lat="46.115046" lon="12.507546">
<ele>1569.346924</ele>
<time>2022-11-13T10:04:21.307Z</time>
<extensions>
<gpxtpx:TrackPointExtension>
<gpxtpx:speed>0.579154</gpxtpx:speed>
</gpxtpx:TrackPointExtension>
</extensions>
</trkpt>
<trkpt lat="46.115070" lon="12.507505">
<ele>1576.687134</ele>
<time>2022-11-13T10:04:35.309Z</time>
<extensions>
<gpxtpx:TrackPointExtension>
<gpxtpx:speed>0.536484</gpxtpx:speed>
</gpxtpx:TrackPointExtension>
</extensions>
</trkpt>
<trkpt lat="46.115133" lon="12.507483">
<ele>1569.994263</ele>
<time>2022-11-13T10:04:50.319Z</time>
<extensions>
<gpxtpx:TrackPointExtension>
<gpxtpx:speed>0.868885</gpxtpx:speed>
</gpxtpx:TrackPointExtension>
</extensions>
</trkpt>
<trkpt lat="46.115190" lon="12.507467">
<ele>1579.440308</ele>
<time>2022-11-13T10:05:05.317Z</time>
<extensions>
<gpxtpx:TrackPointExtension>
<gpxtpx:speed>0.570388</gpxtpx:speed>
</gpxtpx:TrackPointExtension>
</extensions>
</trkpt>
<trkpt lat="46.115231" lon="12.507439">
<ele>1574.705444</ele>
<time>2022-11-13T10:05:15.342Z</time>
<extensions>
<gpxtpx:TrackPointExtension>
<gpxtpx:speed>0.570820</gpxtpx:speed>
</gpxtpx:TrackPointExtension>
</extensions>
</trkpt>
<trkpt lat="46.115248" lon="12.507426">
<ele>1579.160278</ele>
<time>2022-11-13T10:05:25.361Z</time>
<extensions>
<gpxtpx:TrackPointExtension>
<gpxtpx:speed>0.278210</gpxtpx:speed>
</gpxtpx:TrackPointExtension>
</extensions>
</trkpt>
<trkpt lat="46.115276" lon="12.507408">
<ele>1577.569580</ele>
<time>2022-11-13T10:05:35.386Z</time>
<extensions>
<gpxtpx:TrackPointExtension>
<gpxtpx:speed>0.662978</gpxtpx:speed>
</gpxtpx:TrackPointExtension>
</extensions>
</trkpt>
<trkpt lat="46.115286" lon="12.507417">
<ele>1580.946411</ele>
<time>2022-11-13T10:05:51.312Z</time>
<extensions>
<gpxtpx:TrackPointExtension>
<gpxtpx:speed>0.351777</gpxtpx:speed>
</gpxtpx:TrackPointExtension>
</extensions>
</trkpt>
<trkpt lat="46.115292" lon="12.507406">
<ele>1579.786499</ele>
<time>2022-11-13T10:06:03.309Z</time>
<extensions>
<gpxtpx:TrackPointExtension>
<gpxtpx:speed>0.538432</gpxtpx:speed>
</gpxtpx:TrackPointExtension>
</extensions>
</trkpt>
<trkpt lat="46.115306" lon="12.507394">
<ele>1581.229126</ele>
<time>2022-11-13T10:06:26.295Z</time>
<extensions>
<gpxtpx:TrackPointExtension>
<gpxtpx:speed>0.438003</gpxtpx:speed>
</gpxtpx:TrackPointExtension>
</extensions>
</trkpt>
<trkpt lat="46.115313" lon="12.507370">
<ele>1583.377319</ele>
<time>2022-11-13T10:06:36.327Z</time>
<extensions>
<gpxtpx:TrackPointExtension>
<gpxtpx:speed>0.238790</gpxtpx:speed>
</gpxtpx:TrackPointExtension>
</extensions>
</trkpt>
<trkpt lat="46.115305" lon="12.507387">
<ele>1583.728760</ele>
<time>2022-11-13T10:06:56.310Z</time>
<extensions>
<gpxtpx:TrackPointExtension>
<gpxtpx:speed>0.252220</gpxtpx:speed>
</gpxtpx:TrackPointExtension>
</extensions>
</trkpt>
<trkpt lat="46.115289" lon="12.507379">
<ele>1584.193848</ele>
<time>2022-11-13T10:07:06.319Z</time>
<extensions>
<gpxtpx:TrackPointExtension>
<gpxtpx:speed>0.234285</gpxtpx:speed>
</gpxtpx:TrackPointExtension>
</extensions>
</trkpt>
<trkpt lat="46.115309" lon="12.507411">
<ele>1578.851196</ele>
<time>2022-11-13T10:07:16.319Z</time>
<extensions>
<gpxtpx:TrackPointExtension>
<gpxtpx:speed>0.861344</gpxtpx:speed>
</gpxtpx:TrackPointExtension>
</extensions>
</trkpt>
<trkpt lat="46.115396" lon="12.507388">
<ele>1589.100464</ele>
<time>2022-11-13T10:07:26.322Z</time>
<extensions>
<gpxtpx:TrackPointExtension>
<gpxtpx:speed>1.078142</gpxtpx:speed>
</gpxtpx:TrackPointExtension>
</extensions>
</trkpt>
<trkpt lat="46.115524" lon="12.507414">
<ele>1585.041992</ele>
<time>2022-11-13T10:07:41.307Z</time>
<extensions>
<gpxtpx:TrackPointExtension>
<gpxtpx:speed>0.920096</gpxtpx:speed>
</gpxtpx:TrackPointExtension>
</extensions>
</trkpt>
<trkpt lat="46.115556" lon="12.507414">
<ele>1581.966431</ele>
<time>2022-11-13T10:07:51.310Z</time>
<extensions>
<gpxtpx:TrackPointExtension>
<gpxtpx:speed>0.417168</gpxtpx:speed>
</gpxtpx:TrackPointExtension>
</extensions>
</trkpt>
<trkpt lat="46.115589" lon="12.507415">
<ele>1577.730835</ele>
<time>2022-11-13T10:08:01.324Z</time>
<extensions>
<gpxtpx:TrackPointExtension>
<gpxtpx:speed>0.473722</gpxtpx:speed>
</gpxtpx:TrackPointExtension>
</extensions>
</trkpt>
<trkpt lat="46.115623" lon="12.507386">
<ele>1587.179565</ele>
<time>2022-11-13T10:08:11.332Z</time>
<extensions>
<gpxtpx:TrackPointExtension>
<gpxtpx:speed>0.534921</gpxtpx:speed>
</gpxtpx:TrackPointExtension>
</extensions>
</trkpt>
<trkpt lat="46.115647" lon="12.507373">
<ele>1586.954956</ele>
<time>2022-11-13T10:08:22.307Z</time>
<extensions>
<gpxtpx:TrackPointExtension>
<gpxtpx:speed>0.669011</gpxtpx:speed>
</gpxtpx:TrackPointExtension>
</extensions>
</trkpt>
<trkpt lat="46.115701" lon="12.507373">
<ele>1591.650269</ele>
<time>2022-11-13T10:08:36.303Z</time>
<extensions>
<gpxtpx:TrackPointExtension>
<gpxtpx:speed>0.943391</gpxtpx:speed>
</gpxtpx:TrackPointExtension>
</extensions>
</trkpt>
<trkpt lat="46.115711" lon="12.507347">
<ele>1599.598267</ele>
<time>2022-11-13T10:08:46.308Z</time>
<extensions>
<gpxtpx:TrackPointExtension>
<gpxtpx:speed>0.892051</gpxtpx:speed>
</gpxtpx:TrackPointExtension>
</extensions>
</trkpt>
<trkpt lat="46.115735" lon="12.507381">
<ele>1593.317627</ele>
<time>2022-11-13T10:09:00.306Z</time>
<extensions>
<gpxtpx:TrackPointExtension>
<gpxtpx:speed>0.631943</gpxtpx:speed>
</gpxtpx:TrackPointExtension>
</extensions>
</trkpt>
<trkpt lat="46.115734" lon="12.507403">
<ele>1593.211914</ele>
<time>2022-11-13T10:09:45.305Z</time>
<extensions>
<gpxtpx:TrackPointExtension>
<gpxtpx:speed>1.660672</gpxtpx:speed>
</gpxtpx:TrackPointExtension>
</extensions>
</trkpt>
<trkpt lat="46.115740" lon="12.507377">
<ele>1592.699341</ele>
<time>2022-11-13T10:09:55.315Z</time>
<extensions>
<gpxtpx:TrackPointExtension>
<gpxtpx:speed>0.281967</gpxtpx:speed>
</gpxtpx:TrackPointExtension>
</extensions>
</trkpt>
<trkpt lat="46.115810" lon="12.507352">
<ele>1595.449951</ele>
<time>2022-11-13T10:10:07.309Z</time>
<extensions>
<gpxtpx:TrackPointExtension>
<gpxtpx:speed>0.645152</gpxtpx:speed>
</gpxtpx:TrackPointExtension>
</extensions>
</trkpt>
<trkpt lat="46.115836" lon="12.507336">
<ele>1597.835815</ele>
<time>2022-11-13T10:10:22.300Z</time>
<extensions>
<gpxtpx:TrackPointExtension>
<gpxtpx:speed>0.627597</gpxtpx:speed>
</gpxtpx:TrackPointExtension>
</extensions>
</trkpt>
<trkpt lat="46.115880" lon="12.507333">
<ele>1596.689087</ele>
<time>2022-11-13T10:10:32.307Z</time>
<extensions>
<gpxtpx:TrackPointExtension>
<gpxtpx:speed>0.332795</gpxtpx:speed>
</gpxtpx:TrackPointExtension>
</extensions>
</trkpt>
<trkpt lat="46.115928" lon="12.507332">
<ele>1601.019775</ele>
<time>2022-11-13T10:10:45.318Z</time>
<extensions>
<gpxtpx:TrackPointExtension>
<gpxtpx:speed>0.650443</gpxtpx:speed>
</gpxtpx:TrackPointExtension>
</extensions>
</trkpt>
<trkpt lat="46.115950" lon="12.507347">
<ele>1611.506958</ele>
<time>2022-11-13T10:10:57.311Z</time>
<extensions>
<gpxtpx:TrackPointExtension>
<gpxtpx:speed>0.473154</gpxtpx:speed>
</gpxtpx:TrackPointExtension>
</extensions>
</trkpt>
<trkpt lat="46.115969" lon="12.507309">
<ele>1598.898071</ele>
<time>2022-11-13T10:11:12.316Z</time>
<extensions>
<gpxtpx:TrackPointExtension>
<gpxtpx:speed>0.534268</gpxtpx:speed>
</gpxtpx:TrackPointExtension>
</extensions>
</trkpt>
<trkpt lat="46.115991" lon="12.507291">
<ele>1607.366577</ele>
<time>2022-11-13T10:11:24.325Z</time>
<extensions>
<gpxtpx:TrackPointExtension>
<gpxtpx:speed>0.505439</gpxtpx:speed>
</gpxtpx:TrackPointExtension>
</extensions>
</trkpt>
<trkpt lat="46.116023" lon="12.507301">
<ele>1608.994141</ele>
<time>2022-11-13T10:11:37.317Z</time>
<extensions>
<gpxtpx:TrackPointExtension>
<gpxtpx:speed>0.435274</gpxtpx:speed>
</gpxtpx:TrackPointExtension>
</extensions>
</trkpt>
<trkpt lat="46.116051" lon="12.507323">
<ele>1609.453979</ele>
<time>2022-11-13T10:11:52.285Z</time>
<extensions>
<gpxtpx:TrackPointExtension>
<gpxtpx:speed>0.276145</gpxtpx:speed>
</gpxtpx:TrackPointExtension>
</extensions>
</trkpt>
<trkpt lat="46.116059" lon="12.507310">
<ele>1604.105957</ele>
<time>2022-11-13T10:12:05.328Z</time>
<extensions>
<gpxtpx:TrackPointExtension>
<gpxtpx:speed>0.744551</gpxtpx:speed>
</gpxtpx:TrackPointExtension>
</extensions>
</trkpt>
<trkpt lat="46.116118" lon="12.507262">
<ele>1610.296875</ele>
<time>2022-11-13T10:12:17.305Z</time>
<extensions>
<gpxtpx:TrackPointExtension>
<gpxtpx:speed>0.657630</gpxtpx:speed>
</gpxtpx:TrackPointExtension>
</extensions>
</trkpt>
<trkpt lat="46.116176" lon="12.507306">
<ele>1609.036499</ele>
<time>2022-11-13T10:12:32.310Z</time>
<extensions>
<gpxtpx:TrackPointExtension>
<gpxtpx:speed>0.486936</gpxtpx:speed>
</gpxtpx:TrackPointExtension>
</extensions>
</trkpt>
<trkpt lat="46.116187" lon="12.507299">
<ele>1607.696899</ele>
<time>2022-11-13T10:12:46.320Z</time>
<extensions>
<gpxtpx:TrackPointExtension>
<gpxtpx:speed>0.445596</gpxtpx:speed>
</gpxtpx:TrackPointExtension>
</extensions>
</trkpt>
<trkpt lat="46.116178" lon="12.507261">
<ele>1611.921875</ele>
<time>2022-11-13T10:13:02.296Z</time>
<extensions>
<gpxtpx:TrackPointExtension>
<gpxtpx:speed>0.317534</gpxtpx:speed>
</gpxtpx:TrackPointExtension>
</extensions>
</trkpt>
<trkpt lat="46.116190" lon="12.507240">
<ele>1614.339478</ele>
<time>2022-11-13T10:13:35.319Z</time>
<extensions>
<gpxtpx:TrackPointExtension>
<gpxtpx:speed>0.369546</gpxtpx:speed>
</gpxtpx:TrackPointExtension>
</extensions>
</trkpt>
<trkpt lat="46.116201" lon="12.507235">
<ele>1615.013306</ele>
<time>2022-11-13T10:13:47.294Z</time>
<extensions>
<gpxtpx:TrackPointExtension>
<gpxtpx:speed>0.429701</gpxtpx:speed>
</gpxtpx:TrackPointExtension>
</extensions>
</trkpt>
<trkpt lat="46.116246" lon="12.507182">
<ele>1617.031982</ele>
<time>2022-11-13T10:13:57.447Z</time>
<extensions>
<gpxtpx:TrackPointExtension>
<gpxtpx:speed>0.342821</gpxtpx:speed>
</gpxtpx:TrackPointExtension>
</extensions>
</trkpt>
<trkpt lat="46.116269" lon="12.507158">
<ele>1619.682251</ele>
<time>2022-11-13T10:14:07.481Z</time>
<extensions>
<gpxtpx:TrackPointExtension>
<gpxtpx:speed>0.464901</gpxtpx:speed>
</gpxtpx:TrackPointExtension>
</extensions>
</trkpt>
<trkpt lat="46.116263" lon="12.507176">
<ele>1620.599121</ele>
<time>2022-11-13T10:14:18.293Z</time>
<extensions>
<gpxtpx:TrackPointExtension>
<gpxtpx:speed>0.479666</gpxtpx:speed>
</gpxtpx:TrackPointExtension>
</extensions>
</trkpt>
<trkpt lat="46.116271" lon="12.507164">
<ele>1623.265137</ele>
<time>2022-11-13T10:14:28.303Z</time>
<extensions>
<gpxtpx:TrackPointExtension>
<gpxtpx:speed>0.222240</gpxtpx:speed>
</gpxtpx:TrackPointExtension>
</extensions>
</trkpt>
<trkpt lat="46.116290" lon="12.507158">
<ele>1627.722656</ele>
<time>2022-11-13T10:14:38.307Z</time>
<extensions>
<gpxtpx:TrackPointExtension>
<gpxtpx:speed>0.826946</gpxtpx:speed>
</gpxtpx:TrackPointExtension>
</extensions>
</trkpt>
<trkpt lat="46.116335" lon="12.507200">
<ele>1630.198486</ele>
<time>2022-11-13T10:14:53.312Z</time>
<extensions>
<gpxtpx:TrackPointExtension>
<gpxtpx:speed>0.481911</gpxtpx:speed>
</gpxtpx:TrackPointExtension>
</extensions>
</trkpt>
<trkpt lat="46.116310" lon="12.507233">
<ele>1623.494995</ele>
<time>2022-11-13T10:15:38.294Z</time>
<extensions>
<gpxtpx:TrackPointExtension>
<gpxtpx:speed>0.231137</gpxtpx:speed>
</gpxtpx:TrackPointExtension>
</extensions>
</trkpt>
<trkpt lat="46.116326" lon="12.507243">
<ele>1622.224121</ele>
<time>2022-11-13T10:16:33.313Z</time>
<extensions>
<gpxtpx:TrackPointExtension>
<gpxtpx:speed>0.661432</gpxtpx:speed>
</gpxtpx:TrackPointExtension>
</extensions>
</trkpt>
<trkpt lat="46.116360" lon="12.507179">
<ele>1624.646973</ele>
<time>2022-11-13T10:16:48.308Z</time>
<extensions>
<gpxtpx:TrackPointExtension>
<gpxtpx:speed>0.846227</gpxtpx:speed>
</gpxtpx:TrackPointExtension>
</extensions>
</trkpt>
<trkpt lat="46.116399" lon="12.507146">
<ele>1631.339966</ele>
<time>2022-11-13T10:16:58.313Z</time>
<extensions>
<gpxtpx:TrackPointExtension>
<gpxtpx:speed>0.466359</gpxtpx:speed>
</gpxtpx:TrackPointExtension>
</extensions>
</trkpt>
<trkpt lat="46.116414" lon="12.507148">
<ele>1634.811890</ele>
<time>2022-11-13T10:17:08.318Z</time>
<extensions>
<gpxtpx:TrackPointExtension>
<gpxtpx:speed>0.578116</gpxtpx:speed>
</gpxtpx:TrackPointExtension>
</extensions>
</trkpt>
<trkpt lat="46.116457" lon="12.507189">
<ele>1634.909668</ele>
<time>2022-11-13T10:17:23.332Z</time>
<extensions>
<gpxtpx:TrackPointExtension>
<gpxtpx:speed>0.480922</gpxtpx:speed>
</gpxtpx:TrackPointExtension>
</extensions>
</trkpt>
<trkpt lat="46.116498" lon="12.507154">
<ele>1637.184570</ele>
<time>2022-11-13T10:17:36.313Z</time>
<extensions>
<gpxtpx:TrackPointExtension>
<gpxtpx:speed>0.540164</gpxtpx:speed>
</gpxtpx:TrackPointExtension>
</extensions>
</trkpt>
<trkpt lat="46.116531" lon="12.507147">
<ele>1634.994141</ele>
<time>2022-11-13T10:17:46.317Z</time>
<extensions>
<gpxtpx:TrackPointExtension>
<gpxtpx:speed>0.899974</gpxtpx:speed>
</gpxtpx:TrackPointExtension>
</extensions>
</trkpt>
<trkpt lat="46.116561" lon="12.507149">
<ele>1641.182373</ele>
<time>2022-11-13T10:17:56.321Z</time>
<extensions>
<gpxtpx:TrackPointExtension>
<gpxtpx:speed>0.421331</gpxtpx:speed>
</gpxtpx:TrackPointExtension>
</extensions>
</trkpt>
<trkpt lat="46.116574" lon="12.507135">
<ele>1640.146606</ele>
<time>2022-11-13T10:18:08.348Z</time>
<extensions>
<gpxtpx:TrackPointExtension>
<gpxtpx:speed>0.344537</gpxtpx:speed>
</gpxtpx:TrackPointExtension>
</extensions>
</trkpt>
<trkpt lat="46.116577" lon="12.507109">
<ele>1641.737305</ele>
<time>2022-11-13T10:18:18.399Z</time>
<extensions>
<gpxtpx:TrackPointExtension>
<gpxtpx:speed>0.314098</gpxtpx:speed>
</gpxtpx:TrackPointExtension>
</extensions>
</trkpt>
<trkpt lat="46.116586" lon="12.507090">
<ele>1638.397461</ele>
<time>2022-11-13T10:18:28.448Z</time>
<extensions>
<gpxtpx:TrackPointExtension>
<gpxtpx:speed>0.313905</gpxtpx:speed>
</gpxtpx:TrackPointExtension>
</extensions>
</trkpt>
<trkpt lat="46.116615" lon="12.507087">
<ele>1645.470825</ele>
<time>2022-11-13T10:18:39.306Z</time>
<extensions>
<gpxtpx:TrackPointExtension>
<gpxtpx:speed>0.413443</gpxtpx:speed>
</gpxtpx:TrackPointExtension>
</extensions>
</trkpt>
<trkpt lat="46.116658" lon="12.507100">
<ele>1646.168335</ele>
<time>2022-11-13T10:18:54.302Z</time>
<extensions>
<gpxtpx:TrackPointExtension>
<gpxtpx:speed>0.227186</gpxtpx:speed>
</gpxtpx:TrackPointExtension>
</extensions>
</trkpt>
<trkpt lat="46.116675" lon="12.507082">
<ele>1654.967163</ele>
<time>2022-11-13T10:19:09.303Z</time>
<extensions>
<gpxtpx:TrackPointExtension>
<gpxtpx:speed>0.431820</gpxtpx:speed>
</gpxtpx:TrackPointExtension>
</extensions>
</trkpt>
<trkpt lat="46.116724" lon="12.507067">
<ele>1654.118896</ele>
<time>2022-11-13T10:19:19.308Z</time>
<extensions>
<gpxtpx:TrackPointExtension>
<gpxtpx:speed>0.703912</gpxtpx:speed>
</gpxtpx:TrackPointExtension>
</extensions>
</trkpt>
<trkpt lat="46.116759" lon="12.507092">
<ele>1654.155884</ele>
<time>2022-11-13T10:19:29.314Z</time>
<extensions>
<gpxtpx:TrackPointExtension>
<gpxtpx:speed>0.505893</gpxtpx:speed>
</gpxtpx:TrackPointExtension>
</extensions>
</trkpt>
<trkpt lat="46.116805" lon="12.507128">
<ele>1652.079102</ele>
<time>2022-11-13T10:19:41.311Z</time>
<extensions>
<gpxtpx:TrackPointExtension>
<gpxtpx:speed>0.417246</gpxtpx:speed>
</gpxtpx:TrackPointExtension>
</extensions>
</trkpt>
<trkpt lat="46.116816" lon="12.507068">
<ele>1653.183594</ele>
<time>2022-11-13T10:19:54.306Z</time>
<extensions>
<gpxtpx:TrackPointExtension>
<gpxtpx:speed>0.494161</gpxtpx:speed>
</gpxtpx:TrackPointExtension>
</extensions>
</trkpt>
<trkpt lat="46.116854" lon="12.507033">
<ele>1653.215332</ele>
<time>2022-11-13T10:20:04.309Z</time>
<extensions>
<gpxtpx:TrackPointExtension>
<gpxtpx:speed>0.536160</gpxtpx:speed>
</gpxtpx:TrackPointExtension>
</extensions>
</trkpt>
<trkpt lat="46.116871" lon="12.507064">
<ele>1654.916870</ele>
<time>2022-11-13T10:20:19.310Z</time>
<extensions>
<gpxtpx:TrackPointExtension>
<gpxtpx:speed>0.542911</gpxtpx:speed>
</gpxtpx:TrackPointExtension>
</extensions>
</trkpt>
<trkpt lat="46.116916" lon="12.507046">
<ele>1661.905762</ele>
<time>2022-11-13T10:20:29.310Z</time>
<extensions>
<gpxtpx:TrackPointExtension>
<gpxtpx:speed>0.708489</gpxtpx:speed>
</gpxtpx:TrackPointExtension>
</extensions>
</trkpt>
<trkpt lat="46.116937" lon="12.507062">
<ele>1659.044189</ele>
<time>2022-11-13T10:20:40.316Z</time>
<extensions>
<gpxtpx:TrackPointExtension>
<gpxtpx:speed>0.506238</gpxtpx:speed>
</gpxtpx:TrackPointExtension>
</extensions>
</trkpt>
<trkpt lat="46.116962" lon="12.507060">
<ele>1661.464478</ele>
<time>2022-11-13T10:20:59.318Z</time>
<extensions>
<gpxtpx:TrackPointExtension>
<gpxtpx:speed>0.393291</gpxtpx:speed>
</gpxtpx:TrackPointExtension>
</extensions>
</trkpt>
<trkpt lat="46.116983" lon="12.507058">
<ele>1664.767334</ele>
<time>2022-11-13T10:21:39.300Z</time>
<extensions>
<gpxtpx:TrackPointExtension>
<gpxtpx:speed>0.299578</gpxtpx:speed>
</gpxtpx:TrackPointExtension>
</extensions>
</trkpt>
<trkpt lat="46.116946" lon="12.507101">
<ele>1663.866333</ele>
<time>2022-11-13T10:21:49.330Z</time>
<extensions>
<gpxtpx:TrackPointExtension>
<gpxtpx:speed>0.349168</gpxtpx:speed>
</gpxtpx:TrackPointExtension>
</extensions>
</trkpt>
<trkpt lat="46.116949" lon="12.507121">
<ele>1664.579712</ele>
<time>2022-11-13T10:22:50.325Z</time>
<extensions>
<gpxtpx:TrackPointExtension>
<gpxtpx:speed>0.317872</gpxtpx:speed>
</gpxtpx:TrackPointExtension>
</extensions>
</trkpt>
<trkpt lat="46.116961" lon="12.507115">
<ele>1665.404053</ele>
<time>2022-11-13T10:25:35.292Z</time>
<extensions>
<gpxtpx:TrackPointExtension>
<gpxtpx:speed>0.451366</gpxtpx:speed>
</gpxtpx:TrackPointExtension>
</extensions>
</trkpt>
<trkpt lat="46.117016" lon="12.507092">
<ele>1658.367676</ele>
<time>2022-11-13T10:26:25.438Z</time>
<extensions>
<gpxtpx:TrackPointExtension>
<gpxtpx:speed>0.343688</gpxtpx:speed>
</gpxtpx:TrackPointExtension>
</extensions>
</trkpt>
<trkpt lat="46.117101" lon="12.507092">
<ele>1665.020996</ele>
<time>2022-11-13T10:26:36.293Z</time>
<extensions>
<gpxtpx:TrackPointExtension>
<gpxtpx:speed>0.707431</gpxtpx:speed>
</gpxtpx:TrackPointExtension>
</extensions>
</trkpt>
<trkpt lat="46.117170" lon="12.507078">
<ele>1662.016724</ele>
<time>2022-11-13T10:26:46.308Z</time>
<extensions>
<gpxtpx:TrackPointExtension>
<gpxtpx:speed>0.632820</gpxtpx:speed>
</gpxtpx:TrackPointExtension>
</extensions>
</trkpt>
<trkpt lat="46.117226" lon="12.507069">
<ele>1669.845825</ele>
<time>2022-11-13T10:26:56.312Z</time>
<extensions>
<gpxtpx:TrackPointExtension>
<gpxtpx:speed>0.608479</gpxtpx:speed>
</gpxtpx:TrackPointExtension>
</extensions>
</trkpt>
<trkpt lat="46.117295" lon="12.507024">
<ele>1672.569946</ele>
<time>2022-11-13T10:27:06.336Z</time>
<extensions>
<gpxtpx:TrackPointExtension>
<gpxtpx:speed>0.682392</gpxtpx:speed>
</gpxtpx:TrackPointExtension>
</extensions>
</trkpt>
<trkpt lat="46.117390" lon="12.506982">
<ele>1663.757935</ele>
<time>2022-11-13T10:27:21.315Z</time>
<extensions>
<gpxtpx:TrackPointExtension>
<gpxtpx:speed>0.841316</gpxtpx:speed>
</gpxtpx:TrackPointExtension>
</extensions>
</trkpt>
<trkpt lat="46.117433" lon="12.506940">
<ele>1667.842896</ele>
<time>2022-11-13T10:27:33.323Z</time>
<extensions>
<gpxtpx:TrackPointExtension>
<gpxtpx:speed>0.661955</gpxtpx:speed>
</gpxtpx:TrackPointExtension>
</extensions>
</trkpt>
<trkpt lat="46.117482" lon="12.506940">
<ele>1676.393311</ele>
<time>2022-11-13T10:27:46.298Z</time>
<extensions>
<gpxtpx:TrackPointExtension>
<gpxtpx:speed>0.633092</gpxtpx:speed>
</gpxtpx:TrackPointExtension>
</extensions>
</trkpt>
<trkpt lat="46.117500" lon="12.506942">
<ele>1673.433960</ele>
<time>2022-11-13T10:27:56.302Z</time>
<extensions>
<gpxtpx:TrackPointExtension>
<gpxtpx:speed>0.456781</gpxtpx:speed>
</gpxtpx:TrackPointExtension>
</extensions>
</trkpt>
<trkpt lat="46.117552" lon="12.506901">
<ele>1676.953491</ele>
<time>2022-11-13T10:28:11.299Z</time>
<extensions>
<gpxtpx:TrackPointExtension>
<gpxtpx:speed>0.411447</gpxtpx:speed>
</gpxtpx:TrackPointExtension>
</extensions>
</trkpt>
<trkpt lat="46.117568" lon="12.506920">
<ele>1682.742676</ele>
<time>2022-11-13T10:28:21.323Z</time>
<extensions>
<gpxtpx:TrackPointExtension>
<gpxtpx:speed>0.605235</gpxtpx:speed>
</gpxtpx:TrackPointExtension>
</extensions>
</trkpt>
<trkpt lat="46.117578" lon="12.506934">
<ele>1679.754272</ele>
<time>2022-11-13T10:28:36.323Z</time>
<extensions>
<gpxtpx:TrackPointExtension>
<gpxtpx:speed>0.250421</gpxtpx:speed>
</gpxtpx:TrackPointExtension>
</extensions>
</trkpt>
<trkpt lat="46.117610" lon="12.506916">
<ele>1674.847534</ele>
<time>2022-11-13T10:28:46.324Z</time>
<extensions>
<gpxtpx:TrackPointExtension>
<gpxtpx:speed>0.733457</gpxtpx:speed>
</gpxtpx:TrackPointExtension>
</extensions>
</trkpt>
<trkpt lat="46.117692" lon="12.506878">
<ele>1687.699585</ele>
<time>2022-11-13T10:29:00.315Z</time>
<extensions>
<gpxtpx:TrackPointExtension>
<gpxtpx:speed>0.388134</gpxtpx:speed>
</gpxtpx:TrackPointExtension>
</extensions>
</trkpt>
<trkpt lat="46.117713" lon="12.506817">
<ele>1681.255127</ele>
<time>2022-11-13T10:29:10.315Z</time>
<extensions>
<gpxtpx:TrackPointExtension>
<gpxtpx:speed>0.432467</gpxtpx:speed>
</gpxtpx:TrackPointExtension>
</extensions>
</trkpt>
<trkpt lat="46.117763" lon="12.506842">
<ele>1683.493164</ele>
<time>2022-11-13T10:29:21.299Z</time>
<extensions>
<gpxtpx:TrackPointExtension>
<gpxtpx:speed>0.518493</gpxtpx:speed>
</gpxtpx:TrackPointExtension>
</extensions>
</trkpt>
<trkpt lat="46.117788" lon="12.506844">
<ele>1683.083618</ele>
<time>2022-11-13T10:29:31.312Z</time>
<extensions>
<gpxtpx:TrackPointExtension>
<gpxtpx:speed>0.470483</gpxtpx:speed>
</gpxtpx:TrackPointExtension>
</extensions>
</trkpt>
<trkpt lat="46.117799" lon="12.506836">
<ele>1683.405884</ele>
<time>2022-11-13T10:30:08.306Z</time>
<extensions>
<gpxtpx:TrackPointExtension>
<gpxtpx:speed>0.395935</gpxtpx:speed>
</gpxtpx:TrackPointExtension>
</extensions>
</trkpt>
<trkpt lat="46.117888" lon="12.506798">
<ele>1683.907959</ele>
<time>2022-11-13T10:30:21.405Z</time>
<extensions>
<gpxtpx:TrackPointExtension>
<gpxtpx:speed>0.768200</gpxtpx:speed>
</gpxtpx:TrackPointExtension>
</extensions>
</trkpt>
<trkpt lat="46.117938" lon="12.506726">
<ele>1688.344360</ele>
<time>2022-11-13T10:30:31.448Z</time>
<extensions>
<gpxtpx:TrackPointExtension>
<gpxtpx:speed>0.820993</gpxtpx:speed>
</gpxtpx:TrackPointExtension>
</extensions>
</trkpt>
<trkpt lat="46.118011" lon="12.506726">
<ele>1695.478516</ele>
<time>2022-11-13T10:30:42.310Z</time>
<extensions>
<gpxtpx:TrackPointExtension>
<gpxtpx:speed>0.775181</gpxtpx:speed>
</gpxtpx:TrackPointExtension>
</extensions>
</trkpt>
<trkpt lat="46.118067" lon="12.506705">
<ele>1689.953491</ele>
<time>2022-11-13T10:30:52.336Z</time>
<extensions>
<gpxtpx:TrackPointExtension>
<gpxtpx:speed>0.713235</gpxtpx:speed>
</gpxtpx:TrackPointExtension>
</extensions>
</trkpt>
<trkpt lat="46.118147" lon="12.506636">
<ele>1690.944336</ele>
<time>2022-11-13T10:31:05.308Z</time>
<extensions>
<gpxtpx:TrackPointExtension>
<gpxtpx:speed>0.740141</gpxtpx:speed>
</gpxtpx:TrackPointExtension>
</extensions>
</trkpt>
<trkpt lat="46.118210" lon="12.506589">
<ele>1691.245483</ele>
<time>2022-11-13T10:31:15.320Z</time>
<extensions>
<gpxtpx:TrackPointExtension>
<gpxtpx:speed>0.842161</gpxtpx:speed>
</gpxtpx:TrackPointExtension>
</extensions>
</trkpt>
<trkpt lat="46.118280" lon="12.506598">
<ele>1682.235352</ele>
<time>2022-11-13T10:31:27.315Z</time>
<extensions>
<gpxtpx:TrackPointExtension>
<gpxtpx:speed>1.091804</gpxtpx:speed>
</gpxtpx:TrackPointExtension>
</extensions>
</trkpt>
<trkpt lat="46.118367" lon="12.506522">
<ele>1683.556519</ele>
<time>2022-11-13T10:31:42.322Z</time>
<extensions>
<gpxtpx:TrackPointExtension>
<gpxtpx:speed>0.959454</gpxtpx:speed>
</gpxtpx:TrackPointExtension>
</extensions>
</trkpt>
<trkpt lat="46.118445" lon="12.506487">
<ele>1696.469360</ele>
<time>2022-11-13T10:31:52.324Z</time>
<extensions>
<gpxtpx:TrackPointExtension>
<gpxtpx:speed>0.870260</gpxtpx:speed>
</gpxtpx:TrackPointExtension>
</extensions>
</trkpt>
<trkpt lat="46.118562" lon="12.506437">
<ele>1697.394165</ele>
<time>2022-11-13T10:32:07.309Z</time>
<extensions>
<gpxtpx:TrackPointExtension>
<gpxtpx:speed>0.777141</gpxtpx:speed>
</gpxtpx:TrackPointExtension>
</extensions>
</trkpt>
<trkpt lat="46.118682" lon="12.506411">
<ele>1693.850830</ele>
<time>2022-11-13T10:32:21.310Z</time>
<extensions>
<gpxtpx:TrackPointExtension>
<gpxtpx:speed>0.763562</gpxtpx:speed>
</gpxtpx:TrackPointExtension>
</extensions>
</trkpt>
<trkpt lat="46.118752" lon="12.506405">
<ele>1704.456909</ele>
<time>2022-11-13T10:32:32.310Z</time>
<extensions>
<gpxtpx:TrackPointExtension>
<gpxtpx:speed>0.739898</gpxtpx:speed>
</gpxtpx:TrackPointExtension>
</extensions>
</trkpt>
<trkpt lat="46.118805" lon="12.506353">
<ele>1700.863403</ele>
<time>2022-11-13T10:32:47.301Z</time>
<extensions>
<gpxtpx:TrackPointExtension>
<gpxtpx:speed>0.323433</gpxtpx:speed>
</gpxtpx:TrackPointExtension>
</extensions>
</trkpt>
<trkpt lat="46.118804" lon="12.506377">
<ele>1701.693115</ele>
<time>2022-11-13T10:32:58.283Z</time>
<extensions>
<gpxtpx:TrackPointExtension>
<gpxtpx:speed>0.229181</gpxtpx:speed>
</gpxtpx:TrackPointExtension>
</extensions>
</trkpt>
<trkpt lat="46.118814" lon="12.506372">
<ele>1702.488403</ele>
<time>2022-11-13T10:33:19.285Z</time>
<extensions>
<gpxtpx:TrackPointExtension>
<gpxtpx:speed>0.291746</gpxtpx:speed>
</gpxtpx:TrackPointExtension>
</extensions>
</trkpt>
<trkpt lat="46.118807" lon="12.506359">
<ele>1698.186768</ele>
<time>2022-11-13T10:34:13.306Z</time>
<extensions>
<gpxtpx:TrackPointExtension>
<gpxtpx:speed>0.417405</gpxtpx:speed>
</gpxtpx:TrackPointExtension>
</extensions>
</trkpt>
<trkpt lat="46.118811" lon="12.506338">
<ele>1701.516113</ele>
<time>2022-11-13T10:34:23.314Z</time>
<extensions>
<gpxtpx:TrackPointExtension>
<gpxtpx:speed>0.277092</gpxtpx:speed>
</gpxtpx:TrackPointExtension>
</extensions>
</trkpt>
<trkpt lat="46.118844" lon="12.506320">
<ele>1700.115601</ele>
<time>2022-11-13T10:34:38.302Z</time>
<extensions>
<gpxtpx:TrackPointExtension>
<gpxtpx:speed>0.617559</gpxtpx:speed>
</gpxtpx:TrackPointExtension>
</extensions>
</trkpt>
<trkpt lat="46.118863" lon="12.506304">
<ele>1699.457764</ele>
<time>2022-11-13T10:34:48.320Z</time>
<extensions>
<gpxtpx:TrackPointExtension>
<gpxtpx:speed>0.975622</gpxtpx:speed>
</gpxtpx:TrackPointExtension>
</extensions>
</trkpt>
<trkpt lat="46.118863" lon="12.506222">
<ele>1704.139893</ele>
<time>2022-11-13T10:35:00.304Z</time>
<extensions>
<gpxtpx:TrackPointExtension>
<gpxtpx:speed>0.506406</gpxtpx:speed>
</gpxtpx:TrackPointExtension>
</extensions>
</trkpt>
<trkpt lat="46.118869" lon="12.506275">
<ele>1696.744141</ele>
<time>2022-11-13T10:35:10.310Z</time>
<extensions>
<gpxtpx:TrackPointExtension>
<gpxtpx:speed>0.835569</gpxtpx:speed>
</gpxtpx:TrackPointExtension>
</extensions>
</trkpt>
<trkpt lat="46.118881" lon="12.506336">
<ele>1705.165039</ele>
<time>2022-11-13T10:35:28.288Z</time>
<extensions>
<gpxtpx:TrackPointExtension>
<gpxtpx:speed>0.522835</gpxtpx:speed>
</gpxtpx:TrackPointExtension>
</extensions>
</trkpt>
<trkpt lat="46.118901" lon="12.506349">
<ele>1704.702637</ele>
<time>2022-11-13T10:35:43.319Z</time>
<extensions>
<gpxtpx:TrackPointExtension>
<gpxtpx:speed>0.725005</gpxtpx:speed>
</gpxtpx:TrackPointExtension>
</extensions>
</trkpt>
<trkpt lat="46.119045" lon="12.506322">
<ele>1706.861328</ele>
<time>2022-11-13T10:35:58.306Z</time>
<extensions>
<gpxtpx:TrackPointExtension>
<gpxtpx:speed>0.986481</gpxtpx:speed>
</gpxtpx:TrackPointExtension>
</extensions>
</trkpt>
<trkpt lat="46.119142" lon="12.506295">
<ele>1697.579102</ele>
<time>2022-11-13T10:36:09.297Z</time>
<extensions>
<gpxtpx:TrackPointExtension>
<gpxtpx:speed>1.112559</gpxtpx:speed>
</gpxtpx:TrackPointExtension>
</extensions>
</trkpt>
<trkpt lat="46.119227" lon="12.506260">
<ele>1705.643311</ele>
<time>2022-11-13T10:36:19.316Z</time>
<extensions>
<gpxtpx:TrackPointExtension>
<gpxtpx:speed>0.913678</gpxtpx:speed>
</gpxtpx:TrackPointExtension>
</extensions>
</trkpt>
<trkpt lat="46.119284" lon="12.506252">
<ele>1710.473389</ele>
<time>2022-11-13T10:36:29.350Z</time>
<extensions>
<gpxtpx:TrackPointExtension>
<gpxtpx:speed>0.797081</gpxtpx:speed>
</gpxtpx:TrackPointExtension>
</extensions>
</trkpt>
<trkpt lat="46.119352" lon="12.506265">
<ele>1705.886353</ele>
<time>2022-11-13T10:36:39.358Z</time>
<extensions>
<gpxtpx:TrackPointExtension>
<gpxtpx:speed>0.763661</gpxtpx:speed>
</gpxtpx:TrackPointExtension>
</extensions>
</trkpt>
<trkpt lat="46.119419" lon="12.506290">
<ele>1703.262573</ele>
<time>2022-11-13T10:36:49.405Z</time>
<extensions>
<gpxtpx:TrackPointExtension>
<gpxtpx:speed>0.780489</gpxtpx:speed>
</gpxtpx:TrackPointExtension>
</extensions>
</trkpt>
<trkpt lat="46.119486" lon="12.506298">
<ele>1694.762451</ele>
<time>2022-11-13T10:36:59.412Z</time>
<extensions>
<gpxtpx:TrackPointExtension>
<gpxtpx:speed>0.908408</gpxtpx:speed>
</gpxtpx:TrackPointExtension>
</extensions>
</trkpt>
<trkpt lat="46.119555" lon="12.506292">
<ele>1700.284790</ele>
<time>2022-11-13T10:37:09.440Z</time>
<extensions>
<gpxtpx:TrackPointExtension>
<gpxtpx:speed>0.864984</gpxtpx:speed>
</gpxtpx:TrackPointExtension>
</extensions>
</trkpt>
<trkpt lat="46.119629" lon="12.506287">
<ele>1702.786987</ele>
<time>2022-11-13T10:37:19.465Z</time>
<extensions>
<gpxtpx:TrackPointExtension>
<gpxtpx:speed>0.872162</gpxtpx:speed>
</gpxtpx:TrackPointExtension>
</extensions>
</trkpt>
<trkpt lat="46.119701" lon="12.506269">
<ele>1705.048828</ele>
<time>2022-11-13T10:37:29.489Z</time>
<extensions>
<gpxtpx:TrackPointExtension>
<gpxtpx:speed>0.730711</gpxtpx:speed>
</gpxtpx:TrackPointExtension>
</extensions>
</trkpt>
<trkpt lat="46.119785" lon="12.506275">
<ele>1705.751587</ele>
<time>2022-11-13T10:37:40.322Z</time>
<extensions>
<gpxtpx:TrackPointExtension>
<gpxtpx:speed>0.688764</gpxtpx:speed>
</gpxtpx:TrackPointExtension>
</extensions>
</trkpt>
<trkpt lat="46.119832" lon="12.506325">
<ele>1708.216919</ele>
<time>2022-11-13T10:37:53.314Z</time>
<extensions>
<gpxtpx:TrackPointExtension>
<gpxtpx:speed>0.254538</gpxtpx:speed>
</gpxtpx:TrackPointExtension>
</extensions>
</trkpt>
<trkpt lat="46.119848" lon="12.506322">
<ele>1709.955444</ele>
<time>2022-11-13T10:39:14.307Z</time>
<extensions>
<gpxtpx:TrackPointExtension>
<gpxtpx:speed>1.258984</gpxtpx:speed>
</gpxtpx:TrackPointExtension>
</extensions>
</trkpt>
<trkpt lat="46.119914" lon="12.506383">
<ele>1713.097168</ele>
<time>2022-11-13T10:39:25.298Z</time>
<extensions>
<gpxtpx:TrackPointExtension>
<gpxtpx:speed>0.965966</gpxtpx:speed>
</gpxtpx:TrackPointExtension>
</extensions>
</trkpt>
<trkpt lat="46.119979" lon="12.506425">
<ele>1708.425659</ele>
<time>2022-11-13T10:39:35.311Z</time>
<extensions>
<gpxtpx:TrackPointExtension>
<gpxtpx:speed>0.953601</gpxtpx:speed>
</gpxtpx:TrackPointExtension>
</extensions>
</trkpt>
<trkpt lat="46.120007" lon="12.506418">
<ele>1710.254028</ele>
<time>2022-11-13T10:39:45.311Z</time>
<extensions>
<gpxtpx:TrackPointExtension>
<gpxtpx:speed>0.543851</gpxtpx:speed>
</gpxtpx:TrackPointExtension>
</extensions>
</trkpt>
<trkpt lat="46.120084" lon="12.506328">
<ele>1703.632568</ele>
<time>2022-11-13T10:40:00.328Z</time>
<extensions>
<gpxtpx:TrackPointExtension>
<gpxtpx:speed>0.777504</gpxtpx:speed>
</gpxtpx:TrackPointExtension>
</extensions>
</trkpt>
<trkpt lat="46.120132" lon="12.506265">
<ele>1712.349365</ele>
<time>2022-11-13T10:40:10.333Z</time>
<extensions>
<gpxtpx:TrackPointExtension>
<gpxtpx:speed>0.747958</gpxtpx:speed>
</gpxtpx:TrackPointExtension>
</extensions>
</trkpt>
<trkpt lat="46.120148" lon="12.506187">
<ele>1711.937134</ele>
<time>2022-11-13T10:40:20.350Z</time>
<extensions>
<gpxtpx:TrackPointExtension>
<gpxtpx:speed>0.737270</gpxtpx:speed>
</gpxtpx:TrackPointExtension>
</extensions>
</trkpt>
<trkpt lat="46.120160" lon="12.506129">
<ele>1707.175781</ele>
<time>2022-11-13T10:40:30.395Z</time>
<extensions>
<gpxtpx:TrackPointExtension>
<gpxtpx:speed>0.557745</gpxtpx:speed>
</gpxtpx:TrackPointExtension>
</extensions>
</trkpt>
<trkpt lat="46.120147" lon="12.506122">
<ele>1705.714600</ele>
<time>2022-11-13T10:40:51.313Z</time>
<extensions>
<gpxtpx:TrackPointExtension>
<gpxtpx:speed>0.798425</gpxtpx:speed>
</gpxtpx:TrackPointExtension>
</extensions>
</trkpt>
<trkpt lat="46.120156" lon="12.506071">
<ele>1708.333130</ele>
<time>2022-11-13T10:41:04.304Z</time>
<extensions>
<gpxtpx:TrackPointExtension>
<gpxtpx:speed>0.522492</gpxtpx:speed>
</gpxtpx:TrackPointExtension>
</extensions>
</trkpt>
<trkpt lat="46.120160" lon="12.505927">
<ele>1706.179688</ele>
<time>2022-11-13T10:41:16.317Z</time>
<extensions>
<gpxtpx:TrackPointExtension>
<gpxtpx:speed>0.965163</gpxtpx:speed>
</gpxtpx:TrackPointExtension>
</extensions>
</trkpt>
<trkpt lat="46.120199" lon="12.505916">
<ele>1703.260010</ele>
<time>2022-11-13T10:41:26.329Z</time>
<extensions>
<gpxtpx:TrackPointExtension>
<gpxtpx:speed>0.470452</gpxtpx:speed>
</gpxtpx:TrackPointExtension>
</extensions>
</trkpt>
<trkpt lat="46.120259" lon="12.505718">
<ele>1712.143311</ele>
<time>2022-11-13T10:41:41.314Z</time>
<extensions>
<gpxtpx:TrackPointExtension>
<gpxtpx:speed>1.186380</gpxtpx:speed>
</gpxtpx:TrackPointExtension>
</extensions>
</trkpt>
<trkpt lat="46.120318" lon="12.505662">
<ele>1703.296997</ele>
<time>2022-11-13T10:41:51.314Z</time>
<extensions>
<gpxtpx:TrackPointExtension>
<gpxtpx:speed>1.129214</gpxtpx:speed>
</gpxtpx:TrackPointExtension>
</extensions>
</trkpt>
<trkpt lat="46.120400" lon="12.505603">
<ele>1704.686768</ele>
<time>2022-11-13T10:42:01.316Z</time>
<extensions>
<gpxtpx:TrackPointExtension>
<gpxtpx:speed>1.158640</gpxtpx:speed>
</gpxtpx:TrackPointExtension>
</extensions>
</trkpt>
<trkpt lat="46.120565" lon="12.505575">
<ele>1704.229736</ele>
<time>2022-11-13T10:42:16.303Z</time>
<extensions>
<gpxtpx:TrackPointExtension>
<gpxtpx:speed>1.180414</gpxtpx:speed>
</gpxtpx:TrackPointExtension>
</extensions>
</trkpt>
<trkpt lat="46.120623" lon="12.505526">
<ele>1709.120483</ele>
<time>2022-11-13T10:42:26.309Z</time>
<extensions>
<gpxtpx:TrackPointExtension>
<gpxtpx:speed>0.710696</gpxtpx:speed>
</gpxtpx:TrackPointExtension>
</extensions>
</trkpt>
<trkpt lat="46.120708" lon="12.505440">
<ele>1708.045166</ele>
<time>2022-11-13T10:42:36.309Z</time>
<extensions>
<gpxtpx:TrackPointExtension>
<gpxtpx:speed>2.197902</gpxtpx:speed>
</gpxtpx:TrackPointExtension>
</extensions>
</trkpt>
<trkpt lat="46.120828" lon="12.505373">
<ele>1718.194092</ele>
<time>2022-11-13T10:42:48.307Z</time>
<extensions>
<gpxtpx:TrackPointExtension>
<gpxtpx:speed>0.975622</gpxtpx:speed>
</gpxtpx:TrackPointExtension>
</extensions>
</trkpt>
<trkpt lat="46.120869" lon="12.505300">
<ele>1710.954224</ele>
<time>2022-11-13T10:43:01.320Z</time>
<extensions>
<gpxtpx:TrackPointExtension>
<gpxtpx:speed>0.996607</gpxtpx:speed>
</gpxtpx:TrackPointExtension>
</extensions>
</trkpt>
<trkpt lat="46.120882" lon="12.505216">
<ele>1718.896973</ele>
<time>2022-11-13T10:43:16.308Z</time>
<extensions>
<gpxtpx:TrackPointExtension>
<gpxtpx:speed>0.583402</gpxtpx:speed>
</gpxtpx:TrackPointExtension>
</extensions>
</trkpt>
<trkpt lat="46.120932" lon="12.505192">
<ele>1713.131470</ele>
<time>2022-11-13T10:43:31.306Z</time>
<extensions>
<gpxtpx:TrackPointExtension>
<gpxtpx:speed>0.619304</gpxtpx:speed>
</gpxtpx:TrackPointExtension>
</extensions>
</trkpt>
<trkpt lat="46.120981" lon="12.505140">
<ele>1715.361572</ele>
<time>2022-11-13T10:43:45.309Z</time>
<extensions>
<gpxtpx:TrackPointExtension>
<gpxtpx:speed>0.915507</gpxtpx:speed>
</gpxtpx:TrackPointExtension>
</extensions>
</trkpt>
<trkpt lat="46.121038" lon="12.505045">
<ele>1711.022949</ele>
<time>2022-11-13T10:43:56.302Z</time>
<extensions>
<gpxtpx:TrackPointExtension>
<gpxtpx:speed>1.069183</gpxtpx:speed>
</gpxtpx:TrackPointExtension>
</extensions>
</trkpt>
<trkpt lat="46.121081" lon="12.504953">
<ele>1711.020264</ele>
<time>2022-11-13T10:44:11.302Z</time>
<extensions>
<gpxtpx:TrackPointExtension>
<gpxtpx:speed>0.706259</gpxtpx:speed>
</gpxtpx:TrackPointExtension>
</extensions>
</trkpt>
<trkpt lat="46.121078" lon="12.504868">
<ele>1708.893311</ele>
<time>2022-11-13T10:44:21.327Z</time>
<extensions>
<gpxtpx:TrackPointExtension>
<gpxtpx:speed>0.682398</gpxtpx:speed>
</gpxtpx:TrackPointExtension>
</extensions>
</trkpt>
<trkpt lat="46.121109" lon="12.504877">
<ele>1712.972900</ele>
<time>2022-11-13T10:44:31.364Z</time>
<extensions>
<gpxtpx:TrackPointExtension>
<gpxtpx:speed>0.544991</gpxtpx:speed>
</gpxtpx:TrackPointExtension>
</extensions>
</trkpt>
<trkpt lat="46.121117" lon="12.504856">
<ele>1709.252686</ele>
<time>2022-11-13T10:44:43.298Z</time>
<extensions>
<gpxtpx:TrackPointExtension>
<gpxtpx:speed>0.858633</gpxtpx:speed>
</gpxtpx:TrackPointExtension>
</extensions>
</trkpt>
<trkpt lat="46.121161" lon="12.504791">
<ele>1714.695679</ele>
<time>2022-11-13T10:44:56.476Z</time>
<extensions>
<gpxtpx:TrackPointExtension>
<gpxtpx:speed>0.747015</gpxtpx:speed>
</gpxtpx:TrackPointExtension>
</extensions>
</trkpt>
<trkpt lat="46.121189" lon="12.504688">
<ele>1720.014648</ele>
<time>2022-11-13T10:45:07.298Z</time>
<extensions>
<gpxtpx:TrackPointExtension>
<gpxtpx:speed>0.664669</gpxtpx:speed>
</gpxtpx:TrackPointExtension>
</extensions>
</trkpt>
<trkpt lat="46.121214" lon="12.504672">
<ele>1717.068481</ele>
<time>2022-11-13T10:45:22.314Z</time>
<extensions>
<gpxtpx:TrackPointExtension>
<gpxtpx:speed>0.526808</gpxtpx:speed>
</gpxtpx:TrackPointExtension>
</extensions>
</trkpt>
<trkpt lat="46.121268" lon="12.504666">
<ele>1717.087036</ele>
<time>2022-11-13T10:45:32.319Z</time>
<extensions>
<gpxtpx:TrackPointExtension>
<gpxtpx:speed>0.841804</gpxtpx:speed>
</gpxtpx:TrackPointExtension>
</extensions>
</trkpt>
<trkpt lat="46.121317" lon="12.504572">
<ele>1719.388428</ele>
<time>2022-11-13T10:45:47.305Z</time>
<extensions>
<gpxtpx:TrackPointExtension>
<gpxtpx:speed>0.779767</gpxtpx:speed>
</gpxtpx:TrackPointExtension>
</extensions>
</trkpt>
<trkpt lat="46.121323" lon="12.504528">
<ele>1716.717041</ele>
<time>2022-11-13T10:46:37.322Z</time>
<extensions>
<gpxtpx:TrackPointExtension>
<gpxtpx:speed>0.571988</gpxtpx:speed>
</gpxtpx:TrackPointExtension>
</extensions>
</trkpt>
<trkpt lat="46.121321" lon="12.504500">
<ele>1724.382324</ele>
<time>2022-11-13T10:47:02.311Z</time>
<extensions>
<gpxtpx:TrackPointExtension>
<gpxtpx:speed>1.162654</gpxtpx:speed>
</gpxtpx:TrackPointExtension>
</extensions>
</trkpt>
<trkpt lat="46.121314" lon="12.504315">
<ele>1723.203857</ele>
<time>2022-11-13T10:47:12.312Z</time>
<extensions>
<gpxtpx:TrackPointExtension>
<gpxtpx:speed>0.815123</gpxtpx:speed>
</gpxtpx:TrackPointExtension>
</extensions>
</trkpt>
<trkpt lat="46.121318" lon="12.504300">
<ele>1726.546265</ele>
<time>2022-11-13T10:47:27.311Z</time>
<extensions>
<gpxtpx:TrackPointExtension>
<gpxtpx:speed>0.663916</gpxtpx:speed>
</gpxtpx:TrackPointExtension>
</extensions>
</trkpt>
<trkpt lat="46.121403" lon="12.504250">
<ele>1725.642700</ele>
<time>2022-11-13T10:47:42.311Z</time>
<extensions>
<gpxtpx:TrackPointExtension>
<gpxtpx:speed>0.893223</gpxtpx:speed>
</gpxtpx:TrackPointExtension>
</extensions>
</trkpt>
<trkpt lat="46.121453" lon="12.504242">
<ele>1730.216431</ele>
<time>2022-11-13T10:47:52.311Z</time>
<extensions>
<gpxtpx:TrackPointExtension>
<gpxtpx:speed>0.646525</gpxtpx:speed>
</gpxtpx:TrackPointExtension>
</extensions>
</trkpt>
<trkpt lat="46.121492" lon="12.504201">
<ele>1727.946777</ele>
<time>2022-11-13T10:48:04.299Z</time>
<extensions>
<gpxtpx:TrackPointExtension>
<gpxtpx:speed>0.554826</gpxtpx:speed>
</gpxtpx:TrackPointExtension>
</extensions>
</trkpt>
<trkpt lat="46.121477" lon="12.504184">
<ele>1733.321167</ele>
<time>2022-11-13T10:48:22.316Z</time>
<extensions>
<gpxtpx:TrackPointExtension>
<gpxtpx:speed>0.233453</gpxtpx:speed>
</gpxtpx:TrackPointExtension>
</extensions>
</trkpt>
<trkpt lat="46.121467" lon="12.504170">
<ele>1727.368042</ele>
<time>2022-11-13T10:48:45.312Z</time>
<extensions>
<gpxtpx:TrackPointExtension>
<gpxtpx:speed>0.621095</gpxtpx:speed>
</gpxtpx:TrackPointExtension>
</extensions>
</trkpt>
<trkpt lat="46.121371" lon="12.504215">
<ele>1724.601563</ele>
<time>2022-11-13T10:48:57.390Z</time>
<extensions>
<gpxtpx:TrackPointExtension>
<gpxtpx:speed>0.784729</gpxtpx:speed>
</gpxtpx:TrackPointExtension>
</extensions>
</trkpt>
<trkpt lat="46.121395" lon="12.504207">
<ele>1724.284546</ele>
<time>2022-11-13T10:49:07.445Z</time>
<extensions>
<gpxtpx:TrackPointExtension>
<gpxtpx:speed>0.238203</gpxtpx:speed>
</gpxtpx:TrackPointExtension>
</extensions>
</trkpt>
<trkpt lat="46.121398" lon="12.504193">
<ele>1730.974731</ele>
<time>2022-11-13T10:49:25.314Z</time>
<extensions>
<gpxtpx:TrackPointExtension>
<gpxtpx:speed>0.722144</gpxtpx:speed>
</gpxtpx:TrackPointExtension>
</extensions>
</trkpt>
<trkpt lat="46.121462" lon="12.504108">
<ele>1719.890381</ele>
<time>2022-11-13T10:49:38.300Z</time>
<extensions>
<gpxtpx:TrackPointExtension>
<gpxtpx:speed>0.627017</gpxtpx:speed>
</gpxtpx:TrackPointExtension>
</extensions>
</trkpt>
<trkpt lat="46.121506" lon="12.504110">
<ele>1732.980225</ele>
<time>2022-11-13T10:49:48.321Z</time>
<extensions>
<gpxtpx:TrackPointExtension>
<gpxtpx:speed>0.378665</gpxtpx:speed>
</gpxtpx:TrackPointExtension>
</extensions>
</trkpt>
<trkpt lat="46.121572" lon="12.504052">
<ele>1731.976196</ele>
<time>2022-11-13T10:50:03.326Z</time>
<extensions>
<gpxtpx:TrackPointExtension>
<gpxtpx:speed>0.592204</gpxtpx:speed>
</gpxtpx:TrackPointExtension>
</extensions>
</trkpt>
<trkpt lat="46.121575" lon="12.504065">
<ele>1733.939453</ele>
<time>2022-11-13T10:50:17.301Z</time>
<extensions>
<gpxtpx:TrackPointExtension>
<gpxtpx:speed>0.217822</gpxtpx:speed>
</gpxtpx:TrackPointExtension>
</extensions>
</trkpt>
<trkpt lat="46.121632" lon="12.503995">
<ele>1733.294678</ele>
<time>2022-11-13T10:50:28.322Z</time>
<extensions>
<gpxtpx:TrackPointExtension>
<gpxtpx:speed>0.751320</gpxtpx:speed>
</gpxtpx:TrackPointExtension>
</extensions>
</trkpt>
<trkpt lat="46.121737" lon="12.503898">
<ele>1739.683716</ele>
<time>2022-11-13T10:50:43.316Z</time>
<extensions>
<gpxtpx:TrackPointExtension>
<gpxtpx:speed>0.903741</gpxtpx:speed>
</gpxtpx:TrackPointExtension>
</extensions>
</trkpt>
<trkpt lat="46.121799" lon="12.503863">
<ele>1738.111572</ele>
<time>2022-11-13T10:50:53.325Z</time>
<extensions>
<gpxtpx:TrackPointExtension>
<gpxtpx:speed>0.745278</gpxtpx:speed>
</gpxtpx:TrackPointExtension>
</extensions>
</trkpt>
<trkpt lat="46.121802" lon="12.503822">
<ele>1733.838989</ele>
<time>2022-11-13T10:51:38.319Z</time>
<extensions>
<gpxtpx:TrackPointExtension>
<gpxtpx:speed>0.874805</gpxtpx:speed>
</gpxtpx:TrackPointExtension>
</extensions>
</trkpt>
<trkpt lat="46.121859" lon="12.503789">
<ele>1738.140625</ele>
<time>2022-11-13T10:51:53.313Z</time>
<extensions>
<gpxtpx:TrackPointExtension>
<gpxtpx:speed>0.698627</gpxtpx:speed>
</gpxtpx:TrackPointExtension>
</extensions>
</trkpt>
<trkpt lat="46.121873" lon="12.503734">
<ele>1740.669312</ele>
<time>2022-11-13T10:52:03.316Z</time>
<extensions>
<gpxtpx:TrackPointExtension>
<gpxtpx:speed>0.598958</gpxtpx:speed>
</gpxtpx:TrackPointExtension>
</extensions>
</trkpt>
<trkpt lat="46.121845" lon="12.503696">
<ele>1740.975830</ele>
<time>2022-11-13T10:52:18.314Z</time>
<extensions>
<gpxtpx:TrackPointExtension>
<gpxtpx:speed>0.860897</gpxtpx:speed>
</gpxtpx:TrackPointExtension>
</extensions>
</trkpt>
<trkpt lat="46.121851" lon="12.503649">
<ele>1744.524292</ele>
<time>2022-11-13T10:52:28.316Z</time>
<extensions>
<gpxtpx:TrackPointExtension>
<gpxtpx:speed>0.567888</gpxtpx:speed>
</gpxtpx:TrackPointExtension>
</extensions>
</trkpt>
<trkpt lat="46.121900" lon="12.503584">
<ele>1738.185547</ele>
<time>2022-11-13T10:52:43.318Z</time>
<extensions>
<gpxtpx:TrackPointExtension>
<gpxtpx:speed>0.522694</gpxtpx:speed>
</gpxtpx:TrackPointExtension>
</extensions>
</trkpt>
<trkpt lat="46.121920" lon="12.503528">
<ele>1753.016602</ele>
<time>2022-11-13T10:52:54.316Z</time>
<extensions>
<gpxtpx:TrackPointExtension>
<gpxtpx:speed>0.561773</gpxtpx:speed>
</gpxtpx:TrackPointExtension>
</extensions>
</trkpt>
<trkpt lat="46.121940" lon="12.503500">
<ele>1740.619019</ele>
<time>2022-11-13T10:53:04.323Z</time>
<extensions>
<gpxtpx:TrackPointExtension>
<gpxtpx:speed>0.238197</gpxtpx:speed>
</gpxtpx:TrackPointExtension>
</extensions>
</trkpt>
<trkpt lat="46.121952" lon="12.503495">
<ele>1750.844727</ele>
<time>2022-11-13T10:53:22.318Z</time>
<extensions>
<gpxtpx:TrackPointExtension>
<gpxtpx:speed>0.412743</gpxtpx:speed>
</gpxtpx:TrackPointExtension>
</extensions>
</trkpt>
<trkpt lat="46.121961" lon="12.503420">
<ele>1747.158691</ele>
<time>2022-11-13T10:53:33.412Z</time>
<extensions>
<gpxtpx:TrackPointExtension>
<gpxtpx:speed>0.485780</gpxtpx:speed>
</gpxtpx:TrackPointExtension>
</extensions>
</trkpt>
<trkpt lat="46.121986" lon="12.503362">
<ele>1746.421509</ele>
<time>2022-11-13T10:53:43.446Z</time>
<extensions>
<gpxtpx:TrackPointExtension>
<gpxtpx:speed>0.597489</gpxtpx:speed>
</gpxtpx:TrackPointExtension>
</extensions>
</trkpt>
<trkpt lat="46.122009" lon="12.503295">
<ele>1752.118286</ele>
<time>2022-11-13T10:53:53.480Z</time>
<extensions>
<gpxtpx:TrackPointExtension>
<gpxtpx:speed>0.630331</gpxtpx:speed>
</gpxtpx:TrackPointExtension>
</extensions>
</trkpt>
<trkpt lat="46.122053" lon="12.503273">
<ele>1752.794678</ele>
<time>2022-11-13T10:54:03.503Z</time>
<extensions>
<gpxtpx:TrackPointExtension>
<gpxtpx:speed>0.475866</gpxtpx:speed>
</gpxtpx:TrackPointExtension>
</extensions>
</trkpt>
<trkpt lat="46.122045" lon="12.503239">
<ele>1753.344238</ele>
<time>2022-11-13T10:54:43.296Z</time>
<extensions>
<gpxtpx:TrackPointExtension>
<gpxtpx:speed>0.328981</gpxtpx:speed>
</gpxtpx:TrackPointExtension>
</extensions>
</trkpt>
<trkpt lat="46.122011" lon="12.503243">
<ele>1752.364014</ele>
<time>2022-11-13T10:54:54.319Z</time>
<extensions>
<gpxtpx:TrackPointExtension>
<gpxtpx:speed>0.882298</gpxtpx:speed>
</gpxtpx:TrackPointExtension>
</extensions>
</trkpt>
<trkpt lat="46.121994" lon="12.503223">
<ele>1756.549316</ele>
<time>2022-11-13T10:55:18.308Z</time>
<extensions>
<gpxtpx:TrackPointExtension>
<gpxtpx:speed>0.690856</gpxtpx:speed>
</gpxtpx:TrackPointExtension>
</extensions>
</trkpt>
<trkpt lat="46.122002" lon="12.503233">
<ele>1755.077637</ele>
<time>2022-11-13T10:55:50.318Z</time>
<extensions>
<gpxtpx:TrackPointExtension>
<gpxtpx:speed>0.627280</gpxtpx:speed>
</gpxtpx:TrackPointExtension>
</extensions>
</trkpt>
<trkpt lat="46.122024" lon="12.503246">
<ele>1755.629883</ele>
<time>2022-11-13T10:56:04.310Z</time>
<extensions>
<gpxtpx:TrackPointExtension>
<gpxtpx:speed>0.231957</gpxtpx:speed>
</gpxtpx:TrackPointExtension>
</extensions>
</trkpt>
<trkpt lat="46.122033" lon="12.503248">
<ele>1756.763306</ele>
<time>2022-11-13T10:56:37.305Z</time>
<extensions>
<gpxtpx:TrackPointExtension>
<gpxtpx:speed>0.637625</gpxtpx:speed>
</gpxtpx:TrackPointExtension>
</extensions>
</trkpt>
<trkpt lat="46.122056" lon="12.503235">
<ele>1751.930664</ele>
<time>2022-11-13T10:57:49.344Z</time>
<extensions>
<gpxtpx:TrackPointExtension>
<gpxtpx:speed>0.462461</gpxtpx:speed>
</gpxtpx:TrackPointExtension>
</extensions>
</trkpt>
<trkpt lat="46.122047" lon="12.503234">
<ele>1756.670898</ele>
<time>2022-11-13T11:00:40.322Z</time>
<extensions>
<gpxtpx:TrackPointExtension>
<gpxtpx:speed>0.448581</gpxtpx:speed>
</gpxtpx:TrackPointExtension>
</extensions>
</trkpt>
<trkpt lat="46.122005" lon="12.503166">
<ele>1755.196533</ele>
<time>2022-11-13T11:00:50.331Z</time>
<extensions>
<gpxtpx:TrackPointExtension>
<gpxtpx:speed>0.513515</gpxtpx:speed>
</gpxtpx:TrackPointExtension>
</extensions>
</trkpt>
<trkpt lat="46.122037" lon="12.503129">
<ele>1754.049805</ele>
<time>2022-11-13T11:01:04.316Z</time>
<extensions>
<gpxtpx:TrackPointExtension>
<gpxtpx:speed>0.585942</gpxtpx:speed>
</gpxtpx:TrackPointExtension>
</extensions>
</trkpt>
<trkpt lat="46.122093" lon="12.503132">
<ele>1755.783081</ele>
<time>2022-11-13T11:01:15.309Z</time>
<extensions>
<gpxtpx:TrackPointExtension>
<gpxtpx:speed>0.440300</gpxtpx:speed>
</gpxtpx:TrackPointExtension>
</extensions>
</trkpt>
<trkpt lat="46.122095" lon="12.503109">
<ele>1763.218384</ele>
<time>2022-11-13T11:01:42.312Z</time>
<extensions>
<gpxtpx:TrackPointExtension>
<gpxtpx:speed>0.796937</gpxtpx:speed>
</gpxtpx:TrackPointExtension>
</extensions>
</trkpt>
<trkpt lat="46.122135" lon="12.503030">
<ele>1759.986938</ele>
<time>2022-11-13T11:01:55.301Z</time>
<extensions>
<gpxtpx:TrackPointExtension>
<gpxtpx:speed>0.686606</gpxtpx:speed>
</gpxtpx:TrackPointExtension>
</extensions>
</trkpt>
<trkpt lat="46.122203" lon="12.503010">
<ele>1763.773315</ele>
<time>2022-11-13T11:02:05.344Z</time>
<extensions>
<gpxtpx:TrackPointExtension>
<gpxtpx:speed>0.761383</gpxtpx:speed>
</gpxtpx:TrackPointExtension>
</extensions>
</trkpt>
<trkpt lat="46.122235" lon="12.502929">
<ele>1756.953613</ele>
<time>2022-11-13T11:02:20.323Z</time>
<extensions>
<gpxtpx:TrackPointExtension>
<gpxtpx:speed>0.494127</gpxtpx:speed>
</gpxtpx:TrackPointExtension>
</extensions>
</trkpt>
<trkpt lat="46.122255" lon="12.502918">
<ele>1762.407227</ele>
<time>2022-11-13T11:02:30.417Z</time>
<extensions>
<gpxtpx:TrackPointExtension>
<gpxtpx:speed>0.460633</gpxtpx:speed>
</gpxtpx:TrackPointExtension>
</extensions>
</trkpt>
<trkpt lat="46.122282" lon="12.502912">
<ele>1761.342407</ele>
<time>2022-11-13T11:02:40.444Z</time>
<extensions>
<gpxtpx:TrackPointExtension>
<gpxtpx:speed>0.260820</gpxtpx:speed>
</gpxtpx:TrackPointExtension>
</extensions>
</trkpt>
<trkpt lat="46.122282" lon="12.502855">
<ele>1765.971680</ele>
<time>2022-11-13T11:02:50.499Z</time>
<extensions>
<gpxtpx:TrackPointExtension>
<gpxtpx:speed>0.571645</gpxtpx:speed>
</gpxtpx:TrackPointExtension>
</extensions>
</trkpt>
<trkpt lat="46.122301" lon="12.502856">
<ele>1766.531860</ele>
<time>2022-11-13T11:03:01.330Z</time>
<extensions>
<gpxtpx:TrackPointExtension>
<gpxtpx:speed>0.523065</gpxtpx:speed>
</gpxtpx:TrackPointExtension>
</extensions>
</trkpt>
<trkpt lat="46.122368" lon="12.502869">
<ele>1774.442871</ele>
<time>2022-11-13T11:03:16.318Z</time>
<extensions>
<gpxtpx:TrackPointExtension>
<gpxtpx:speed>0.425148</gpxtpx:speed>
</gpxtpx:TrackPointExtension>
</extensions>
</trkpt>
<trkpt lat="46.122387" lon="12.502836">
<ele>1769.319458</ele>
<time>2022-11-13T11:03:29.299Z</time>
<extensions>
<gpxtpx:TrackPointExtension>
<gpxtpx:speed>0.470899</gpxtpx:speed>
</gpxtpx:TrackPointExtension>
</extensions>
</trkpt>
<trkpt lat="46.122387" lon="12.502811">
<ele>1774.825928</ele>
<time>2022-11-13T11:03:41.303Z</time>
<extensions>
<gpxtpx:TrackPointExtension>
<gpxtpx:speed>0.447811</gpxtpx:speed>
</gpxtpx:TrackPointExtension>
</extensions>
</trkpt>
<trkpt lat="46.122403" lon="12.502801">
<ele>1770.606201</ele>
<time>2022-11-13T11:04:01.298Z</time>
<extensions>
<gpxtpx:TrackPointExtension>
<gpxtpx:speed>0.254923</gpxtpx:speed>
</gpxtpx:TrackPointExtension>
</extensions>
</trkpt>
<trkpt lat="46.122413" lon="12.502770">
<ele>1769.493896</ele>
<time>2022-11-13T11:04:11.329Z</time>
<extensions>
<gpxtpx:TrackPointExtension>
<gpxtpx:speed>0.631510</gpxtpx:speed>
</gpxtpx:TrackPointExtension>
</extensions>
</trkpt>
<trkpt lat="46.122441" lon="12.502748">
<ele>1772.030396</ele>
<time>2022-11-13T11:04:26.309Z</time>
<extensions>
<gpxtpx:TrackPointExtension>
<gpxtpx:speed>0.459269</gpxtpx:speed>
</gpxtpx:TrackPointExtension>
</extensions>
</trkpt>
<trkpt lat="46.122433" lon="12.502733">
<ele>1772.262939</ele>
<time>2022-11-13T11:04:44.306Z</time>
<extensions>
<gpxtpx:TrackPointExtension>
<gpxtpx:speed>0.649624</gpxtpx:speed>
</gpxtpx:TrackPointExtension>
</extensions>
</trkpt>
<trkpt lat="46.122442" lon="12.502648">
<ele>1778.123535</ele>
<time>2022-11-13T11:04:56.292Z</time>
<extensions>
<gpxtpx:TrackPointExtension>
<gpxtpx:speed>0.685568</gpxtpx:speed>
</gpxtpx:TrackPointExtension>
</extensions>
</trkpt>
<trkpt lat="46.122446" lon="12.502607">
<ele>1780.126343</ele>
<time>2022-11-13T11:05:06.308Z</time>
<extensions>
<gpxtpx:TrackPointExtension>
<gpxtpx:speed>0.619189</gpxtpx:speed>
</gpxtpx:TrackPointExtension>
</extensions>
</trkpt>
<trkpt lat="46.122437" lon="12.502559">
<ele>1777.922729</ele>
<time>2022-11-13T11:05:22.312Z</time>
<extensions>
<gpxtpx:TrackPointExtension>
<gpxtpx:speed>0.555545</gpxtpx:speed>
</gpxtpx:TrackPointExtension>
</extensions>
</trkpt>
<trkpt lat="46.122426" lon="12.502464">
<ele>1776.479980</ele>
<time>2022-11-13T11:05:51.303Z</time>
<extensions>
<gpxtpx:TrackPointExtension>
<gpxtpx:speed>0.820017</gpxtpx:speed>
</gpxtpx:TrackPointExtension>
</extensions>
</trkpt>
<trkpt lat="46.122488" lon="12.502444">
<ele>1775.835327</ele>
<time>2022-11-13T11:06:01.315Z</time>
<extensions>
<gpxtpx:TrackPointExtension>
<gpxtpx:speed>1.193826</gpxtpx:speed>
</gpxtpx:TrackPointExtension>
</extensions>
</trkpt>
<trkpt lat="46.122488" lon="12.502427">
<ele>1766.671875</ele>
<time>2022-11-13T11:06:16.311Z</time>
<extensions>
<gpxtpx:TrackPointExtension>
<gpxtpx:speed>0.477529</gpxtpx:speed>
</gpxtpx:TrackPointExtension>
</extensions>
</trkpt>
<trkpt lat="46.122520" lon="12.502354">
<ele>1780.306030</ele>
<time>2022-11-13T11:06:26.402Z</time>
<extensions>
<gpxtpx:TrackPointExtension>
<gpxtpx:speed>0.551874</gpxtpx:speed>
</gpxtpx:TrackPointExtension>
</extensions>
</trkpt>
<trkpt lat="46.122536" lon="12.502324">
<ele>1782.068481</ele>
<time>2022-11-13T11:06:36.422Z</time>
<extensions>
<gpxtpx:TrackPointExtension>
<gpxtpx:speed>0.443266</gpxtpx:speed>
</gpxtpx:TrackPointExtension>
</extensions>
</trkpt>
<trkpt lat="46.122547" lon="12.502259">
<ele>1788.782471</ele>
<time>2022-11-13T11:06:46.440Z</time>
<extensions>
<gpxtpx:TrackPointExtension>
<gpxtpx:speed>0.675979</gpxtpx:speed>
</gpxtpx:TrackPointExtension>
</extensions>
</trkpt>
<trkpt lat="46.122560" lon="12.502202">
<ele>1785.696289</ele>
<time>2022-11-13T11:06:56.479Z</time>
<extensions>
<gpxtpx:TrackPointExtension>
<gpxtpx:speed>0.781544</gpxtpx:speed>
</gpxtpx:TrackPointExtension>
</extensions>
</trkpt>
<trkpt lat="46.122583" lon="12.502185">
<ele>1786.126953</ele>
<time>2022-11-13T11:07:07.323Z</time>
<extensions>
<gpxtpx:TrackPointExtension>
<gpxtpx:speed>0.219431</gpxtpx:speed>
</gpxtpx:TrackPointExtension>
</extensions>
</trkpt>
<trkpt lat="46.122604" lon="12.502056">
<ele>1783.447632</ele>
<time>2022-11-13T11:07:22.297Z</time>
<extensions>
<gpxtpx:TrackPointExtension>
<gpxtpx:speed>0.329901</gpxtpx:speed>
</gpxtpx:TrackPointExtension>
</extensions>
</trkpt>
<trkpt lat="46.122613" lon="12.502065">
<ele>1780.805420</ele>
<time>2022-11-13T11:07:40.310Z</time>
<extensions>
<gpxtpx:TrackPointExtension>
<gpxtpx:speed>0.464047</gpxtpx:speed>
</gpxtpx:TrackPointExtension>
</extensions>
</trkpt>
<trkpt lat="46.122686" lon="12.501963">
<ele>1788.600098</ele>
<time>2022-11-13T11:07:52.334Z</time>
<extensions>
<gpxtpx:TrackPointExtension>
<gpxtpx:speed>0.613511</gpxtpx:speed>
</gpxtpx:TrackPointExtension>
</extensions>
</trkpt>
<trkpt lat="46.122731" lon="12.501956">
<ele>1787.897339</ele>
<time>2022-11-13T11:08:11.313Z</time>
<extensions>
<gpxtpx:TrackPointExtension>
<gpxtpx:speed>0.456130</gpxtpx:speed>
</gpxtpx:TrackPointExtension>
</extensions>
</trkpt>
<trkpt lat="46.122723" lon="12.501975">
<ele>1781.828003</ele>
<time>2022-11-13T11:08:42.306Z</time>
<extensions>
<gpxtpx:TrackPointExtension>
<gpxtpx:speed>0.284035</gpxtpx:speed>
</gpxtpx:TrackPointExtension>
</extensions>
</trkpt>
<trkpt lat="46.122736" lon="12.501976">
<ele>1798.960449</ele>
<time>2022-11-13T11:09:19.320Z</time>
<extensions>
<gpxtpx:TrackPointExtension>
<gpxtpx:speed>0.753905</gpxtpx:speed>
</gpxtpx:TrackPointExtension>
</extensions>
</trkpt>
<trkpt lat="46.122784" lon="12.501925">
<ele>1794.780396</ele>
<time>2022-11-13T11:09:32.335Z</time>
<extensions>
<gpxtpx:TrackPointExtension>
<gpxtpx:speed>0.431897</gpxtpx:speed>
</gpxtpx:TrackPointExtension>
</extensions>
</trkpt>
<trkpt lat="46.122823" lon="12.501831">
<ele>1793.247925</ele>
<time>2022-11-13T11:09:47.327Z</time>
<extensions>
<gpxtpx:TrackPointExtension>
<gpxtpx:speed>0.513292</gpxtpx:speed>
</gpxtpx:TrackPointExtension>
</extensions>
</trkpt>
<trkpt lat="46.122833" lon="12.501834">
<ele>1794.661499</ele>
<time>2022-11-13T11:10:09.315Z</time>
<extensions>
<gpxtpx:TrackPointExtension>
<gpxtpx:speed>0.392515</gpxtpx:speed>
</gpxtpx:TrackPointExtension>
</extensions>
</trkpt>
<trkpt lat="46.122903" lon="12.501806">
<ele>1802.168213</ele>
<time>2022-11-13T11:10:22.343Z</time>
<extensions>
<gpxtpx:TrackPointExtension>
<gpxtpx:speed>0.723366</gpxtpx:speed>
</gpxtpx:TrackPointExtension>
</extensions>
</trkpt>
<trkpt lat="46.122937" lon="12.501837">
<ele>1798.775513</ele>
<time>2022-11-13T11:10:32.349Z</time>
<extensions>
<gpxtpx:TrackPointExtension>
<gpxtpx:speed>0.404841</gpxtpx:speed>
</gpxtpx:TrackPointExtension>
</extensions>
</trkpt>
<trkpt lat="46.122947" lon="12.501836">
<ele>1796.347290</ele>
<time>2022-11-13T11:10:57.310Z</time>
<extensions>
<gpxtpx:TrackPointExtension>
<gpxtpx:speed>0.427334</gpxtpx:speed>
</gpxtpx:TrackPointExtension>
</extensions>
</trkpt>
<trkpt lat="46.122986" lon="12.501809">
<ele>1813.617188</ele>
<time>2022-11-13T11:11:08.322Z</time>
<extensions>
<gpxtpx:TrackPointExtension>
<gpxtpx:speed>0.559647</gpxtpx:speed>
</gpxtpx:TrackPointExtension>
</extensions>
</trkpt>
<trkpt lat="46.123006" lon="12.501802">
<ele>1809.408081</ele>
<time>2022-11-13T11:11:25.334Z</time>
<extensions>
<gpxtpx:TrackPointExtension>
<gpxtpx:speed>0.403922</gpxtpx:speed>
</gpxtpx:TrackPointExtension>
</extensions>
</trkpt>
<trkpt lat="46.123043" lon="12.501792">
<ele>1803.085083</ele>
<time>2022-11-13T11:11:35.334Z</time>
<extensions>
<gpxtpx:TrackPointExtension>
<gpxtpx:speed>0.559961</gpxtpx:speed>
</gpxtpx:TrackPointExtension>
</extensions>
</trkpt>
<trkpt lat="46.123046" lon="12.501810">
<ele>1804.519775</ele>
<time>2022-11-13T11:12:29.316Z</time>
<extensions>
<gpxtpx:TrackPointExtension>
<gpxtpx:speed>0.858191</gpxtpx:speed>
</gpxtpx:TrackPointExtension>
</extensions>
</trkpt>
<trkpt lat="46.123075" lon="12.501927">
<ele>1811.920776</ele>
<time>2022-11-13T11:12:43.309Z</time>
<extensions>
<gpxtpx:TrackPointExtension>
<gpxtpx:speed>0.632938</gpxtpx:speed>
</gpxtpx:TrackPointExtension>
</extensions>
</trkpt>
<trkpt lat="46.123076" lon="12.501950">
<ele>1805.286133</ele>
<time>2022-11-13T11:13:09.301Z</time>
<extensions>
<gpxtpx:TrackPointExtension>
<gpxtpx:speed>0.229655</gpxtpx:speed>
</gpxtpx:TrackPointExtension>
</extensions>
</trkpt>
<trkpt lat="46.123133" lon="12.501979">
<ele>1809.431763</ele>
<time>2022-11-13T11:13:23.312Z</time>
<extensions>
<gpxtpx:TrackPointExtension>
<gpxtpx:speed>0.590536</gpxtpx:speed>
</gpxtpx:TrackPointExtension>
</extensions>
</trkpt>
<trkpt lat="46.123138" lon="12.502032">
<ele>1808.232178</ele>
<time>2022-11-13T11:13:33.313Z</time>
<extensions>
<gpxtpx:TrackPointExtension>
<gpxtpx:speed>0.336751</gpxtpx:speed>
</gpxtpx:TrackPointExtension>
</extensions>
</trkpt>
<trkpt lat="46.123148" lon="12.502026">
<ele>1817.118164</ele>
<time>2022-11-13T11:13:48.308Z</time>
<extensions>
<gpxtpx:TrackPointExtension>
<gpxtpx:speed>0.442098</gpxtpx:speed>
</gpxtpx:TrackPointExtension>
</extensions>
</trkpt>
<trkpt lat="46.123185" lon="12.502057">
<ele>1813.075562</ele>
<time>2022-11-13T11:13:58.311Z</time>
<extensions>
<gpxtpx:TrackPointExtension>
<gpxtpx:speed>0.662513</gpxtpx:speed>
</gpxtpx:TrackPointExtension>
</extensions>
</trkpt>
<trkpt lat="46.123219" lon="12.502081">
<ele>1815.115356</ele>
<time>2022-11-13T11:14:08.314Z</time>
<extensions>
<gpxtpx:TrackPointExtension>
<gpxtpx:speed>0.397748</gpxtpx:speed>
</gpxtpx:TrackPointExtension>
</extensions>
</trkpt>
<trkpt lat="46.123285" lon="12.502013">
<ele>1817.839478</ele>
<time>2022-11-13T11:14:23.296Z</time>
<extensions>
<gpxtpx:TrackPointExtension>
<gpxtpx:speed>0.617361</gpxtpx:speed>
</gpxtpx:TrackPointExtension>
</extensions>
</trkpt>
<trkpt lat="46.123333" lon="12.502021">
<ele>1810.700073</ele>
<time>2022-11-13T11:14:33.333Z</time>
<extensions>
<gpxtpx:TrackPointExtension>
<gpxtpx:speed>0.722005</gpxtpx:speed>
</gpxtpx:TrackPointExtension>
</extensions>
</trkpt>
<trkpt lat="46.123360" lon="12.501962">
<ele>1820.931030</ele>
<time>2022-11-13T11:14:43.348Z</time>
<extensions>
<gpxtpx:TrackPointExtension>
<gpxtpx:speed>0.525822</gpxtpx:speed>
</gpxtpx:TrackPointExtension>
</extensions>
</trkpt>
<trkpt lat="46.123357" lon="12.501914">
<ele>1816.497192</ele>
<time>2022-11-13T11:14:53.358Z</time>
<extensions>
<gpxtpx:TrackPointExtension>
<gpxtpx:speed>0.333739</gpxtpx:speed>
</gpxtpx:TrackPointExtension>
</extensions>
</trkpt>
<trkpt lat="46.123349" lon="12.501902">
<ele>1817.654541</ele>
<time>2022-11-13T11:15:45.324Z</time>
<extensions>
<gpxtpx:TrackPointExtension>
<gpxtpx:speed>0.548163</gpxtpx:speed>
</gpxtpx:TrackPointExtension>
</extensions>
</trkpt>
<trkpt lat="46.123417" lon="12.501899">
<ele>1816.457642</ele>
<time>2022-11-13T11:15:59.365Z</time>
<extensions>
<gpxtpx:TrackPointExtension>
<gpxtpx:speed>0.615652</gpxtpx:speed>
</gpxtpx:TrackPointExtension>
</extensions>
</trkpt>
<trkpt lat="46.123434" lon="12.501848">
<ele>1813.611938</ele>
<time>2022-11-13T11:16:23.298Z</time>
<extensions>
<gpxtpx:TrackPointExtension>
<gpxtpx:speed>0.973606</gpxtpx:speed>
</gpxtpx:TrackPointExtension>
</extensions>
</trkpt>
<trkpt lat="46.123515" lon="12.501901">
<ele>1816.954346</ele>
<time>2022-11-13T11:16:34.424Z</time>
<extensions>
<gpxtpx:TrackPointExtension>
<gpxtpx:speed>0.717305</gpxtpx:speed>
</gpxtpx:TrackPointExtension>
</extensions>
</trkpt>
<trkpt lat="46.123560" lon="12.501916">
<ele>1825.998901</ele>
<time>2022-11-13T11:16:44.450Z</time>
<extensions>
<gpxtpx:TrackPointExtension>
<gpxtpx:speed>0.718150</gpxtpx:speed>
</gpxtpx:TrackPointExtension>
</extensions>
</trkpt>
<trkpt lat="46.123599" lon="12.501894">
<ele>1828.633179</ele>
<time>2022-11-13T11:16:54.472Z</time>
<extensions>
<gpxtpx:TrackPointExtension>
<gpxtpx:speed>0.599404</gpxtpx:speed>
</gpxtpx:TrackPointExtension>
</extensions>
</trkpt>
<trkpt lat="46.123596" lon="12.501711">
<ele>1820.317993</ele>
<time>2022-11-13T11:17:05.312Z</time>
<extensions>
<gpxtpx:TrackPointExtension>
<gpxtpx:speed>0.403573</gpxtpx:speed>
</gpxtpx:TrackPointExtension>
</extensions>
</trkpt>
<trkpt lat="46.123638" lon="12.501721">
<ele>1825.103149</ele>
<time>2022-11-13T11:17:15.322Z</time>
<extensions>
<gpxtpx:TrackPointExtension>
<gpxtpx:speed>0.442296</gpxtpx:speed>
</gpxtpx:TrackPointExtension>
</extensions>
</trkpt>
<trkpt lat="46.123682" lon="12.501752">
<ele>1821.245361</ele>
<time>2022-11-13T11:17:30.306Z</time>
<extensions>
<gpxtpx:TrackPointExtension>
<gpxtpx:speed>0.513202</gpxtpx:speed>
</gpxtpx:TrackPointExtension>
</extensions>
</trkpt>
<trkpt lat="46.123715" lon="12.501817">
<ele>1830.958374</ele>
<time>2022-11-13T11:17:40.323Z</time>
<extensions>
<gpxtpx:TrackPointExtension>
<gpxtpx:speed>0.339836</gpxtpx:speed>
</gpxtpx:TrackPointExtension>
</extensions>
</trkpt>
<trkpt lat="46.123743" lon="12.501698">
<ele>1832.969238</ele>
<time>2022-11-13T11:17:58.317Z</time>
<extensions>
<gpxtpx:TrackPointExtension>
<gpxtpx:speed>0.416685</gpxtpx:speed>
</gpxtpx:TrackPointExtension>
</extensions>
</trkpt>
<trkpt lat="46.123752" lon="12.501669">
<ele>1829.478760</ele>
<time>2022-11-13T11:19:12.323Z</time>
<extensions>
<gpxtpx:TrackPointExtension>
<gpxtpx:speed>0.248006</gpxtpx:speed>
</gpxtpx:TrackPointExtension>
</extensions>
</trkpt>
<trkpt lat="46.123771" lon="12.501675">
<ele>1827.758667</ele>
<time>2022-11-13T11:26:57.308Z</time>
<extensions>
<gpxtpx:TrackPointExtension>
<gpxtpx:speed>0.308422</gpxtpx:speed>
</gpxtpx:TrackPointExtension>
</extensions>
</trkpt>
<trkpt lat="46.123803" lon="12.501702">
<ele>1839.210205</ele>
<time>2022-11-13T11:27:12.303Z</time>
<extensions>
<gpxtpx:TrackPointExtension>
<gpxtpx:speed>0.336701</gpxtpx:speed>
</gpxtpx:TrackPointExtension>
</extensions>
</trkpt>
<trkpt lat="46.123854" lon="12.501734">
<ele>1834.485840</ele>
<time>2022-11-13T11:27:27.311Z</time>
<extensions>
<gpxtpx:TrackPointExtension>
<gpxtpx:speed>0.395743</gpxtpx:speed>
</gpxtpx:TrackPointExtension>
</extensions>
</trkpt>
<trkpt lat="46.123906" lon="12.501841">
<ele>1843.739136</ele>
<time>2022-11-13T11:27:42.297Z</time>
<extensions>
<gpxtpx:TrackPointExtension>
<gpxtpx:speed>0.822945</gpxtpx:speed>
</gpxtpx:TrackPointExtension>
</extensions>
</trkpt>
<trkpt lat="46.123937" lon="12.501760">
<ele>1840.391357</ele>
<time>2022-11-13T11:27:52.314Z</time>
<extensions>
<gpxtpx:TrackPointExtension>
<gpxtpx:speed>0.625599</gpxtpx:speed>
</gpxtpx:TrackPointExtension>
</extensions>
</trkpt>
<trkpt lat="46.123964" lon="12.501793">
<ele>1838.872070</ele>
<time>2022-11-13T11:28:32.303Z</time>
<extensions>
<gpxtpx:TrackPointExtension>
<gpxtpx:speed>0.210384</gpxtpx:speed>
</gpxtpx:TrackPointExtension>
</extensions>
</trkpt>
<trkpt lat="46.123980" lon="12.501812">
<ele>1837.532349</ele>
<time>2022-11-13T11:29:22.302Z</time>
<extensions>
<gpxtpx:TrackPointExtension>
<gpxtpx:speed>0.535756</gpxtpx:speed>
</gpxtpx:TrackPointExtension>
</extensions>
</trkpt>
<trkpt lat="46.123975" lon="12.501739">
<ele>1839.619751</ele>
<time>2022-11-13T11:29:42.317Z</time>
<extensions>
<gpxtpx:TrackPointExtension>
<gpxtpx:speed>0.625610</gpxtpx:speed>
</gpxtpx:TrackPointExtension>
</extensions>
</trkpt>
<trkpt lat="46.123978" lon="12.501689">
<ele>1842.497192</ele>
<time>2022-11-13T11:29:58.301Z</time>
<extensions>
<gpxtpx:TrackPointExtension>
<gpxtpx:speed>0.458390</gpxtpx:speed>
</gpxtpx:TrackPointExtension>
</extensions>
</trkpt>
<trkpt lat="46.123980" lon="12.501552">
<ele>1840.985840</ele>
<time>2022-11-13T11:30:12.318Z</time>
<extensions>
<gpxtpx:TrackPointExtension>
<gpxtpx:speed>0.567261</gpxtpx:speed>
</gpxtpx:TrackPointExtension>
</extensions>
</trkpt>
<trkpt lat="46.124019" lon="12.501459">
<ele>1840.771851</ele>
<time>2022-11-13T11:30:23.313Z</time>
<extensions>
<gpxtpx:TrackPointExtension>
<gpxtpx:speed>0.739572</gpxtpx:speed>
</gpxtpx:TrackPointExtension>
</extensions>
</trkpt>
<trkpt lat="46.124072" lon="12.501404">
<ele>1838.095215</ele>
<time>2022-11-13T11:30:33.324Z</time>
<extensions>
<gpxtpx:TrackPointExtension>
<gpxtpx:speed>0.710272</gpxtpx:speed>
</gpxtpx:TrackPointExtension>
</extensions>
</trkpt>
<trkpt lat="46.124136" lon="12.501501">
<ele>1841.818115</ele>
<time>2022-11-13T11:30:48.315Z</time>
<extensions>
<gpxtpx:TrackPointExtension>
<gpxtpx:speed>0.550674</gpxtpx:speed>
</gpxtpx:TrackPointExtension>
</extensions>
</trkpt>
<trkpt lat="46.124181" lon="12.501510">
<ele>1850.992188</ele>
<time>2022-11-13T11:30:58.334Z</time>
<extensions>
<gpxtpx:TrackPointExtension>
<gpxtpx:speed>0.526877</gpxtpx:speed>
</gpxtpx:TrackPointExtension>
</extensions>
</trkpt>
<trkpt lat="46.124195" lon="12.501444">
<ele>1840.396606</ele>
<time>2022-11-13T11:31:09.326Z</time>
<extensions>
<gpxtpx:TrackPointExtension>
<gpxtpx:speed>0.438955</gpxtpx:speed>
</gpxtpx:TrackPointExtension>
</extensions>
</trkpt>
<trkpt lat="46.124210" lon="12.501371">
<ele>1840.135010</ele>
<time>2022-11-13T11:31:19.329Z</time>
<extensions>
<gpxtpx:TrackPointExtension>
<gpxtpx:speed>0.514578</gpxtpx:speed>
</gpxtpx:TrackPointExtension>
</extensions>
</trkpt>
<trkpt lat="46.124230" lon="12.501351">
<ele>1847.557129</ele>
<time>2022-11-13T11:31:33.318Z</time>
<extensions>
<gpxtpx:TrackPointExtension>
<gpxtpx:speed>0.402577</gpxtpx:speed>
</gpxtpx:TrackPointExtension>
</extensions>
</trkpt>
<trkpt lat="46.124267" lon="12.501332">
<ele>1850.886475</ele>
<time>2022-11-13T11:31:49.332Z</time>
<extensions>
<gpxtpx:TrackPointExtension>
<gpxtpx:speed>0.300010</gpxtpx:speed>
</gpxtpx:TrackPointExtension>
</extensions>
</trkpt>
<trkpt lat="46.124302" lon="12.501303">
<ele>1857.912231</ele>
<time>2022-11-13T11:32:36.309Z</time>
<extensions>
<gpxtpx:TrackPointExtension>
<gpxtpx:speed>0.559608</gpxtpx:speed>
</gpxtpx:TrackPointExtension>
</extensions>
</trkpt>
<trkpt lat="46.124331" lon="12.501294">
<ele>1855.568604</ele>
<time>2022-11-13T11:32:46.311Z</time>
<extensions>
<gpxtpx:TrackPointExtension>
<gpxtpx:speed>0.523469</gpxtpx:speed>
</gpxtpx:TrackPointExtension>
</extensions>
</trkpt>
<trkpt lat="46.124334" lon="12.501260">
<ele>1857.645386</ele>
<time>2022-11-13T11:32:59.302Z</time>
<extensions>
<gpxtpx:TrackPointExtension>
<gpxtpx:speed>0.411503</gpxtpx:speed>
</gpxtpx:TrackPointExtension>
</extensions>
</trkpt>
<trkpt lat="46.124350" lon="12.501241">
<ele>1862.829468</ele>
<time>2022-11-13T11:33:09.309Z</time>
<extensions>
<gpxtpx:TrackPointExtension>
<gpxtpx:speed>0.270940</gpxtpx:speed>
</gpxtpx:TrackPointExtension>
</extensions>
</trkpt>
<trkpt lat="46.124382" lon="12.501265">
<ele>1862.710571</ele>
<time>2022-11-13T11:33:24.317Z</time>
<extensions>
<gpxtpx:TrackPointExtension>
<gpxtpx:speed>0.381530</gpxtpx:speed>
</gpxtpx:TrackPointExtension>
</extensions>
</trkpt>
<trkpt lat="46.124426" lon="12.501180">
<ele>1863.632813</ele>
<time>2022-11-13T11:33:39.308Z</time>
<extensions>
<gpxtpx:TrackPointExtension>
<gpxtpx:speed>0.780794</gpxtpx:speed>
</gpxtpx:TrackPointExtension>
</extensions>
</trkpt>
<trkpt lat="46.124466" lon="12.501198">
<ele>1865.611816</ele>
<time>2022-11-13T11:33:49.309Z</time>
<extensions>
<gpxtpx:TrackPointExtension>
<gpxtpx:speed>0.817459</gpxtpx:speed>
</gpxtpx:TrackPointExtension>
</extensions>
</trkpt>
<trkpt lat="46.124487" lon="12.501162">
<ele>1862.636597</ele>
<time>2022-11-13T11:33:59.311Z</time>
<extensions>
<gpxtpx:TrackPointExtension>
<gpxtpx:speed>0.323546</gpxtpx:speed>
</gpxtpx:TrackPointExtension>
</extensions>
</trkpt>
<trkpt lat="46.124497" lon="12.501143">
<ele>1865.669922</ele>
<time>2022-11-13T11:34:24.323Z</time>
<extensions>
<gpxtpx:TrackPointExtension>
<gpxtpx:speed>0.362245</gpxtpx:speed>
</gpxtpx:TrackPointExtension>
</extensions>
</trkpt>
<trkpt lat="46.124504" lon="12.501159">
<ele>1865.728149</ele>
<time>2022-11-13T11:34:54.329Z</time>
<extensions>
<gpxtpx:TrackPointExtension>
<gpxtpx:speed>0.604377</gpxtpx:speed>
</gpxtpx:TrackPointExtension>
</extensions>
</trkpt>
<trkpt lat="46.124519" lon="12.501197">
<ele>1865.857544</ele>
<time>2022-11-13T11:35:09.323Z</time>
<extensions>
<gpxtpx:TrackPointExtension>
<gpxtpx:speed>0.572540</gpxtpx:speed>
</gpxtpx:TrackPointExtension>
</extensions>
</trkpt>
<trkpt lat="46.124558" lon="12.501201">
<ele>1867.308228</ele>
<time>2022-11-13T11:35:24.334Z</time>
<extensions>
<gpxtpx:TrackPointExtension>
<gpxtpx:speed>0.234672</gpxtpx:speed>
</gpxtpx:TrackPointExtension>
</extensions>
</trkpt>
<trkpt lat="46.124570" lon="12.501201">
<ele>1870.159180</ele>
<time>2022-11-13T11:35:36.313Z</time>
<extensions>
<gpxtpx:TrackPointExtension>
<gpxtpx:speed>1.057325</gpxtpx:speed>
</gpxtpx:TrackPointExtension>
</extensions>
</trkpt>
<trkpt lat="46.124610" lon="12.501266">
<ele>1869.643921</ele>
<time>2022-11-13T11:35:46.318Z</time>
<extensions>
<gpxtpx:TrackPointExtension>
<gpxtpx:speed>0.933198</gpxtpx:speed>
</gpxtpx:TrackPointExtension>
</extensions>
</trkpt>
<trkpt lat="46.124637" lon="12.501328">
<ele>1872.513428</ele>
<time>2022-11-13T11:35:59.314Z</time>
<extensions>
<gpxtpx:TrackPointExtension>
<gpxtpx:speed>0.641442</gpxtpx:speed>
</gpxtpx:TrackPointExtension>
</extensions>
</trkpt>
<trkpt lat="46.124670" lon="12.501272">
<ele>1869.030884</ele>
<time>2022-11-13T11:36:09.322Z</time>
<extensions>
<gpxtpx:TrackPointExtension>
<gpxtpx:speed>0.613086</gpxtpx:speed>
</gpxtpx:TrackPointExtension>
</extensions>
</trkpt>
<trkpt lat="46.124704" lon="12.501155">
<ele>1882.585815</ele>
<time>2022-11-13T11:36:23.335Z</time>
<extensions>
<gpxtpx:TrackPointExtension>
<gpxtpx:speed>0.497529</gpxtpx:speed>
</gpxtpx:TrackPointExtension>
</extensions>
</trkpt>
<trkpt lat="46.124721" lon="12.501104">
<ele>1874.175415</ele>
<time>2022-11-13T11:36:34.346Z</time>
<extensions>
<gpxtpx:TrackPointExtension>
<gpxtpx:speed>0.459347</gpxtpx:speed>
</gpxtpx:TrackPointExtension>
</extensions>
</trkpt>
<trkpt lat="46.124747" lon="12.501046">
<ele>1876.141357</ele>
<time>2022-11-13T11:36:44.368Z</time>
<extensions>
<gpxtpx:TrackPointExtension>
<gpxtpx:speed>0.488752</gpxtpx:speed>
</gpxtpx:TrackPointExtension>
</extensions>
</trkpt>
<trkpt lat="46.124767" lon="12.500979">
<ele>1878.075439</ele>
<time>2022-11-13T11:36:54.400Z</time>
<extensions>
<gpxtpx:TrackPointExtension>
<gpxtpx:speed>0.472878</gpxtpx:speed>
</gpxtpx:TrackPointExtension>
</extensions>
</trkpt>
<trkpt lat="46.124779" lon="12.500965">
<ele>1886.440918</ele>
<time>2022-11-13T11:37:04.448Z</time>
<extensions>
<gpxtpx:TrackPointExtension>
<gpxtpx:speed>0.602889</gpxtpx:speed>
</gpxtpx:TrackPointExtension>
</extensions>
</trkpt>
<trkpt lat="46.124808" lon="12.501017">
<ele>1884.773560</ele>
<time>2022-11-13T11:37:14.473Z</time>
<extensions>
<gpxtpx:TrackPointExtension>
<gpxtpx:speed>0.521750</gpxtpx:speed>
</gpxtpx:TrackPointExtension>
</extensions>
</trkpt>
<trkpt lat="46.124819" lon="12.500971">
<ele>1881.338623</ele>
<time>2022-11-13T11:37:25.310Z</time>
<extensions>
<gpxtpx:TrackPointExtension>
<gpxtpx:speed>0.344547</gpxtpx:speed>
</gpxtpx:TrackPointExtension>
</extensions>
</trkpt>
<trkpt lat="46.124828" lon="12.500897">
<ele>1886.646973</ele>
<time>2022-11-13T11:37:38.306Z</time>
<extensions>
<gpxtpx:TrackPointExtension>
<gpxtpx:speed>0.364094</gpxtpx:speed>
</gpxtpx:TrackPointExtension>
</extensions>
</trkpt>
<trkpt lat="46.124864" lon="12.500830">
<ele>1882.525024</ele>
<time>2022-11-13T11:37:50.319Z</time>
<extensions>
<gpxtpx:TrackPointExtension>
<gpxtpx:speed>0.579136</gpxtpx:speed>
</gpxtpx:TrackPointExtension>
</extensions>
</trkpt>
<trkpt lat="46.124887" lon="12.500772">
<ele>1888.234985</ele>
<time>2022-11-13T11:38:05.326Z</time>
<extensions>
<gpxtpx:TrackPointExtension>
<gpxtpx:speed>0.384651</gpxtpx:speed>
</gpxtpx:TrackPointExtension>
</extensions>
</trkpt>
<trkpt lat="46.124904" lon="12.500772">
<ele>1887.711792</ele>
<time>2022-11-13T11:38:15.332Z</time>
<extensions>
<gpxtpx:TrackPointExtension>
<gpxtpx:speed>0.397077</gpxtpx:speed>
</gpxtpx:TrackPointExtension>
</extensions>
</trkpt>
<trkpt lat="46.124901" lon="12.500790">
<ele>1882.926636</ele>
<time>2022-11-13T11:38:34.304Z</time>
<extensions>
<gpxtpx:TrackPointExtension>
<gpxtpx:speed>1.013373</gpxtpx:speed>
</gpxtpx:TrackPointExtension>
</extensions>
</trkpt>
<trkpt lat="46.124941" lon="12.500780">
<ele>1887.640503</ele>
<time>2022-11-13T11:38:45.304Z</time>
<extensions>
<gpxtpx:TrackPointExtension>
<gpxtpx:speed>0.524088</gpxtpx:speed>
</gpxtpx:TrackPointExtension>
</extensions>
</trkpt>
<trkpt lat="46.124970" lon="12.500874">
<ele>1889.093750</ele>
<time>2022-11-13T11:38:55.314Z</time>
<extensions>
<gpxtpx:TrackPointExtension>
<gpxtpx:speed>0.584625</gpxtpx:speed>
</gpxtpx:TrackPointExtension>
</extensions>
</trkpt>
<trkpt lat="46.125024" lon="12.500781">
<ele>1886.580933</ele>
<time>2022-11-13T11:39:10.323Z</time>
<extensions>
<gpxtpx:TrackPointExtension>
<gpxtpx:speed>0.681956</gpxtpx:speed>
</gpxtpx:TrackPointExtension>
</extensions>
</trkpt>
<trkpt lat="46.125055" lon="12.500768">
<ele>1893.950195</ele>
<time>2022-11-13T11:39:20.324Z</time>
<extensions>
<gpxtpx:TrackPointExtension>
<gpxtpx:speed>0.343914</gpxtpx:speed>
</gpxtpx:TrackPointExtension>
</extensions>
</trkpt>
<trkpt lat="46.125055" lon="12.500753">
<ele>1893.659546</ele>
<time>2022-11-13T11:40:00.316Z</time>
<extensions>
<gpxtpx:TrackPointExtension>
<gpxtpx:speed>0.324152</gpxtpx:speed>
</gpxtpx:TrackPointExtension>
</extensions>
</trkpt>
<trkpt lat="46.125046" lon="12.500742">
<ele>1893.572388</ele>
<time>2022-11-13T11:40:30.324Z</time>
<extensions>
<gpxtpx:TrackPointExtension>
<gpxtpx:speed>0.271315</gpxtpx:speed>
</gpxtpx:TrackPointExtension>
</extensions>
</trkpt>
<trkpt lat="46.125031" lon="12.500749">
<ele>1892.763794</ele>
<time>2022-11-13T11:41:17.317Z</time>
<extensions>
<gpxtpx:TrackPointExtension>
<gpxtpx:speed>0.811648</gpxtpx:speed>
</gpxtpx:TrackPointExtension>
</extensions>
</trkpt>
<trkpt lat="46.125014" lon="12.500827">
<ele>1896.872559</ele>
<time>2022-11-13T11:45:16.357Z</time>
<extensions>
<gpxtpx:TrackPointExtension>
<gpxtpx:speed>0.608819</gpxtpx:speed>
</gpxtpx:TrackPointExtension>
</extensions>
</trkpt>
<trkpt lat="46.125023" lon="12.500808">
<ele>1896.077271</ele>
<time>2022-11-13T11:45:51.469Z</time>
<extensions>
<gpxtpx:TrackPointExtension>
<gpxtpx:speed>0.279587</gpxtpx:speed>
</gpxtpx:TrackPointExtension>
</extensions>
</trkpt>
<trkpt lat="46.125072" lon="12.500749">
<ele>1894.222412</ele>
<time>2022-11-13T11:46:02.325Z</time>
<extensions>
<gpxtpx:TrackPointExtension>
<gpxtpx:speed>0.845817</gpxtpx:speed>
</gpxtpx:TrackPointExtension>
</extensions>
</trkpt>
<trkpt lat="46.125108" lon="12.500737">
<ele>1894.766724</ele>
<time>2022-11-13T11:46:12.327Z</time>
<extensions>
<gpxtpx:TrackPointExtension>
<gpxtpx:speed>0.921261</gpxtpx:speed>
</gpxtpx:TrackPointExtension>
</extensions>
</trkpt>
<trkpt lat="46.125147" lon="12.500757">
<ele>1896.418091</ele>
<time>2022-11-13T11:46:22.327Z</time>
<extensions>
<gpxtpx:TrackPointExtension>
<gpxtpx:speed>0.602033</gpxtpx:speed>
</gpxtpx:TrackPointExtension>
</extensions>
</trkpt>
<trkpt lat="46.125203" lon="12.500762">
<ele>1907.322754</ele>
<time>2022-11-13T11:46:37.310Z</time>
<extensions>
<gpxtpx:TrackPointExtension>
<gpxtpx:speed>0.619982</gpxtpx:speed>
</gpxtpx:TrackPointExtension>
</extensions>
</trkpt>
<trkpt lat="46.125200" lon="12.500748">
<ele>1903.079224</ele>
<time>2022-11-13T11:46:47.331Z</time>
<extensions>
<gpxtpx:TrackPointExtension>
<gpxtpx:speed>0.603064</gpxtpx:speed>
</gpxtpx:TrackPointExtension>
</extensions>
</trkpt>
<trkpt lat="46.125255" lon="12.500760">
<ele>1896.349365</ele>
<time>2022-11-13T11:46:57.331Z</time>
<extensions>
<gpxtpx:TrackPointExtension>
<gpxtpx:speed>0.586314</gpxtpx:speed>
</gpxtpx:TrackPointExtension>
</extensions>
</trkpt>
<trkpt lat="46.125318" lon="12.500752">
<ele>1908.897583</ele>
<time>2022-11-13T11:47:09.324Z</time>
<extensions>
<gpxtpx:TrackPointExtension>
<gpxtpx:speed>0.541243</gpxtpx:speed>
</gpxtpx:TrackPointExtension>
</extensions>
</trkpt>
<trkpt lat="46.125359" lon="12.500796">
<ele>1911.175171</ele>
<time>2022-11-13T11:47:22.325Z</time>
<extensions>
<gpxtpx:TrackPointExtension>
<gpxtpx:speed>0.659996</gpxtpx:speed>
</gpxtpx:TrackPointExtension>
</extensions>
</trkpt>
<trkpt lat="46.125409" lon="12.500813">
<ele>1911.553101</ele>
<time>2022-11-13T11:47:32.325Z</time>
<extensions>
<gpxtpx:TrackPointExtension>
<gpxtpx:speed>0.656851</gpxtpx:speed>
</gpxtpx:TrackPointExtension>
</extensions>
</trkpt>
<trkpt lat="46.125452" lon="12.500784">
<ele>1911.666626</ele>
<time>2022-11-13T11:47:47.303Z</time>
<extensions>
<gpxtpx:TrackPointExtension>
<gpxtpx:speed>0.388030</gpxtpx:speed>
</gpxtpx:TrackPointExtension>
</extensions>
</trkpt>
<trkpt lat="46.125484" lon="12.500790">
<ele>1907.964844</ele>
<time>2022-11-13T11:47:57.320Z</time>
<extensions>
<gpxtpx:TrackPointExtension>
<gpxtpx:speed>0.557039</gpxtpx:speed>
</gpxtpx:TrackPointExtension>
</extensions>
</trkpt>
<trkpt lat="46.125540" lon="12.500787">
<ele>1915.859985</ele>
<time>2022-11-13T11:48:12.325Z</time>
<extensions>
<gpxtpx:TrackPointExtension>
<gpxtpx:speed>0.315413</gpxtpx:speed>
</gpxtpx:TrackPointExtension>
</extensions>
</trkpt>
<trkpt lat="46.125550" lon="12.500774">
<ele>1912.834595</ele>
<time>2022-11-13T11:49:09.315Z</time>
<extensions>
<gpxtpx:TrackPointExtension>
<gpxtpx:speed>0.255314</gpxtpx:speed>
</gpxtpx:TrackPointExtension>
</extensions>
</trkpt>
<trkpt lat="46.125555" lon="12.500762">
<ele>1916.232544</ele>
<time>2022-11-13T11:50:22.364Z</time>
<extensions>
<gpxtpx:TrackPointExtension>
<gpxtpx:speed>0.288738</gpxtpx:speed>
</gpxtpx:TrackPointExtension>
</extensions>
</trkpt>
<trkpt lat="46.125596" lon="12.500780">
<ele>1920.769287</ele>
<time>2022-11-13T11:50:32.387Z</time>
<extensions>
<gpxtpx:TrackPointExtension>
<gpxtpx:speed>0.406879</gpxtpx:speed>
</gpxtpx:TrackPointExtension>
</extensions>
</trkpt>
<trkpt lat="46.125604" lon="12.500790">
<ele>1919.833984</ele>
<time>2022-11-13T11:50:42.410Z</time>
<extensions>
<gpxtpx:TrackPointExtension>
<gpxtpx:speed>0.441557</gpxtpx:speed>
</gpxtpx:TrackPointExtension>
</extensions>
</trkpt>
<trkpt lat="46.125617" lon="12.500787">
<ele>1916.433350</ele>
<time>2022-11-13T11:50:52.441Z</time>
<extensions>
<gpxtpx:TrackPointExtension>
<gpxtpx:speed>0.327473</gpxtpx:speed>
</gpxtpx:TrackPointExtension>
</extensions>
</trkpt>
<trkpt lat="46.125615" lon="12.500812">
<ele>1920.486572</ele>
<time>2022-11-13T11:51:02.479Z</time>
<extensions>
<gpxtpx:TrackPointExtension>
<gpxtpx:speed>0.583816</gpxtpx:speed>
</gpxtpx:TrackPointExtension>
</extensions>
</trkpt>
<trkpt lat="46.125645" lon="12.500790">
<ele>1917.894531</ele>
<time>2022-11-13T11:51:13.302Z</time>
<extensions>
<gpxtpx:TrackPointExtension>
<gpxtpx:speed>0.318398</gpxtpx:speed>
</gpxtpx:TrackPointExtension>
</extensions>
</trkpt>
<trkpt lat="46.125657" lon="12.500781">
<ele>1921.458984</ele>
<time>2022-11-13T11:51:23.320Z</time>
<extensions>
<gpxtpx:TrackPointExtension>
<gpxtpx:speed>0.744519</gpxtpx:speed>
</gpxtpx:TrackPointExtension>
</extensions>
</trkpt>
<trkpt lat="46.125663" lon="12.500702">
<ele>1921.477417</ele>
<time>2022-11-13T11:51:36.328Z</time>
<extensions>
<gpxtpx:TrackPointExtension>
<gpxtpx:speed>0.590632</gpxtpx:speed>
</gpxtpx:TrackPointExtension>
</extensions>
</trkpt>
<trkpt lat="46.125730" lon="12.500670">
<ele>1919.043945</ele>
<time>2022-11-13T11:51:48.316Z</time>
<extensions>
<gpxtpx:TrackPointExtension>
<gpxtpx:speed>0.563942</gpxtpx:speed>
</gpxtpx:TrackPointExtension>
</extensions>
</trkpt>
<trkpt lat="46.125760" lon="12.500585">
<ele>1922.748413</ele>
<time>2022-11-13T11:51:58.317Z</time>
<extensions>
<gpxtpx:TrackPointExtension>
<gpxtpx:speed>0.945717</gpxtpx:speed>
</gpxtpx:TrackPointExtension>
</extensions>
</trkpt>
<trkpt lat="46.125821" lon="12.500503">
<ele>1916.576050</ele>
<time>2022-11-13T11:52:08.326Z</time>
<extensions>
<gpxtpx:TrackPointExtension>
<gpxtpx:speed>0.823030</gpxtpx:speed>
</gpxtpx:TrackPointExtension>
</extensions>
</trkpt>
<trkpt lat="46.125862" lon="12.500436">
<ele>1923.308472</ele>
<time>2022-11-13T11:52:18.329Z</time>
<extensions>
<gpxtpx:TrackPointExtension>
<gpxtpx:speed>0.747444</gpxtpx:speed>
</gpxtpx:TrackPointExtension>
</extensions>
</trkpt>
<trkpt lat="46.125922" lon="12.500427">
<ele>1921.865845</ele>
<time>2022-11-13T11:52:33.319Z</time>
<extensions>
<gpxtpx:TrackPointExtension>
<gpxtpx:speed>0.412252</gpxtpx:speed>
</gpxtpx:TrackPointExtension>
</extensions>
</trkpt>
<trkpt lat="46.125945" lon="12.500429">
<ele>1923.538452</ele>
<time>2022-11-13T11:52:48.323Z</time>
<extensions>
<gpxtpx:TrackPointExtension>
<gpxtpx:speed>0.596727</gpxtpx:speed>
</gpxtpx:TrackPointExtension>
</extensions>
</trkpt>
<trkpt lat="46.125987" lon="12.500389">
<ele>1930.236572</ele>
<time>2022-11-13T11:53:02.314Z</time>
<extensions>
<gpxtpx:TrackPointExtension>
<gpxtpx:speed>0.641152</gpxtpx:speed>
</gpxtpx:TrackPointExtension>
</extensions>
</trkpt>
<trkpt lat="46.126037" lon="12.500442">
<ele>1928.254883</ele>
<time>2022-11-13T11:53:13.321Z</time>
<extensions>
<gpxtpx:TrackPointExtension>
<gpxtpx:speed>0.283124</gpxtpx:speed>
</gpxtpx:TrackPointExtension>
</extensions>
</trkpt>
<trkpt lat="46.126042" lon="12.500475">
<ele>1929.821777</ele>
<time>2022-11-13T11:53:28.327Z</time>
<extensions>
<gpxtpx:TrackPointExtension>
<gpxtpx:speed>0.328357</gpxtpx:speed>
</gpxtpx:TrackPointExtension>
</extensions>
</trkpt>
<trkpt lat="46.126054" lon="12.500472">
<ele>1931.150757</ele>
<time>2022-11-13T11:53:43.308Z</time>
<extensions>
<gpxtpx:TrackPointExtension>
<gpxtpx:speed>0.300662</gpxtpx:speed>
</gpxtpx:TrackPointExtension>
</extensions>
</trkpt>
<trkpt lat="46.126050" lon="12.500425">
<ele>1928.453003</ele>
<time>2022-11-13T11:53:58.326Z</time>
<extensions>
<gpxtpx:TrackPointExtension>
<gpxtpx:speed>0.490927</gpxtpx:speed>
</gpxtpx:TrackPointExtension>
</extensions>
</trkpt>
<trkpt lat="46.126052" lon="12.500345">
<ele>1932.051758</ele>
<time>2022-11-13T11:54:28.308Z</time>
<extensions>
<gpxtpx:TrackPointExtension>
<gpxtpx:speed>0.530802</gpxtpx:speed>
</gpxtpx:TrackPointExtension>
</extensions>
</trkpt>
<trkpt lat="46.126083" lon="12.500306">
<ele>1927.504517</ele>
<time>2022-11-13T11:54:38.332Z</time>
<extensions>
<gpxtpx:TrackPointExtension>
<gpxtpx:speed>0.502337</gpxtpx:speed>
</gpxtpx:TrackPointExtension>
</extensions>
</trkpt>
<trkpt lat="46.126087" lon="12.500250">
<ele>1934.868530</ele>
<time>2022-11-13T11:54:48.345Z</time>
<extensions>
<gpxtpx:TrackPointExtension>
<gpxtpx:speed>0.726824</gpxtpx:speed>
</gpxtpx:TrackPointExtension>
</extensions>
</trkpt>
<trkpt lat="46.126104" lon="12.500251">
<ele>1935.079834</ele>
<time>2022-11-13T11:54:58.375Z</time>
<extensions>
<gpxtpx:TrackPointExtension>
<gpxtpx:speed>0.395713</gpxtpx:speed>
</gpxtpx:TrackPointExtension>
</extensions>
</trkpt>
<trkpt lat="46.126125" lon="12.500200">
<ele>1932.709717</ele>
<time>2022-11-13T11:55:08.426Z</time>
<extensions>
<gpxtpx:TrackPointExtension>
<gpxtpx:speed>0.457631</gpxtpx:speed>
</gpxtpx:TrackPointExtension>
</extensions>
</trkpt>
<trkpt lat="46.126143" lon="12.500166">
<ele>1934.617432</ele>
<time>2022-11-13T11:55:18.485Z</time>
<extensions>
<gpxtpx:TrackPointExtension>
<gpxtpx:speed>0.388006</gpxtpx:speed>
</gpxtpx:TrackPointExtension>
</extensions>
</trkpt>
<trkpt lat="46.126169" lon="12.500122">
<ele>1937.775024</ele>
<time>2022-11-13T11:55:34.327Z</time>
<extensions>
<gpxtpx:TrackPointExtension>
<gpxtpx:speed>0.398052</gpxtpx:speed>
</gpxtpx:TrackPointExtension>
</extensions>
</trkpt>
<trkpt lat="46.126195" lon="12.500082">
<ele>1944.845703</ele>
<time>2022-11-13T11:55:44.334Z</time>
<extensions>
<gpxtpx:TrackPointExtension>
<gpxtpx:speed>0.597089</gpxtpx:speed>
</gpxtpx:TrackPointExtension>
</extensions>
</trkpt>
<trkpt lat="46.126218" lon="12.500017">
<ele>1938.670654</ele>
<time>2022-11-13T11:55:59.322Z</time>
<extensions>
<gpxtpx:TrackPointExtension>
<gpxtpx:speed>0.662185</gpxtpx:speed>
</gpxtpx:TrackPointExtension>
</extensions>
</trkpt>
<trkpt lat="46.126229" lon="12.499963">
<ele>1945.786377</ele>
<time>2022-11-13T11:56:09.331Z</time>
<extensions>
<gpxtpx:TrackPointExtension>
<gpxtpx:speed>0.568533</gpxtpx:speed>
</gpxtpx:TrackPointExtension>
</extensions>
</trkpt>
<trkpt lat="46.126209" lon="12.499891">
<ele>1943.083252</ele>
<time>2022-11-13T11:56:22.321Z</time>
<extensions>
<gpxtpx:TrackPointExtension>
<gpxtpx:speed>0.668653</gpxtpx:speed>
</gpxtpx:TrackPointExtension>
</extensions>
</trkpt>
<trkpt lat="46.126251" lon="12.499870">
<ele>1945.141602</ele>
<time>2022-11-13T11:56:32.328Z</time>
<extensions>
<gpxtpx:TrackPointExtension>
<gpxtpx:speed>0.627076</gpxtpx:speed>
</gpxtpx:TrackPointExtension>
</extensions>
</trkpt>
<trkpt lat="46.126271" lon="12.499803">
<ele>1944.610596</ele>
<time>2022-11-13T11:56:44.308Z</time>
<extensions>
<gpxtpx:TrackPointExtension>
<gpxtpx:speed>0.533615</gpxtpx:speed>
</gpxtpx:TrackPointExtension>
</extensions>
</trkpt>
<trkpt lat="46.126274" lon="12.499738">
<ele>1945.183960</ele>
<time>2022-11-13T11:56:54.315Z</time>
<extensions>
<gpxtpx:TrackPointExtension>
<gpxtpx:speed>0.494940</gpxtpx:speed>
</gpxtpx:TrackPointExtension>
</extensions>
</trkpt>
<trkpt lat="46.126278" lon="12.499699">
<ele>1945.400635</ele>
<time>2022-11-13T11:57:18.306Z</time>
<extensions>
<gpxtpx:TrackPointExtension>
<gpxtpx:speed>0.919334</gpxtpx:speed>
</gpxtpx:TrackPointExtension>
</extensions>
</trkpt>
<trkpt lat="46.126297" lon="12.499656">
<ele>1946.927856</ele>
<time>2022-11-13T12:01:04.317Z</time>
<extensions>
<gpxtpx:TrackPointExtension>
<gpxtpx:speed>1.444756</gpxtpx:speed>
</gpxtpx:TrackPointExtension>
</extensions>
</trkpt>
<trkpt lat="46.126337" lon="12.499666">
<ele>1943.218018</ele>
<time>2022-11-13T12:03:05.326Z</time>
<extensions>
<gpxtpx:TrackPointExtension>
<gpxtpx:speed>0.540713</gpxtpx:speed>
</gpxtpx:TrackPointExtension>
</extensions>
</trkpt>
<trkpt lat="46.126423" lon="12.499589">
<ele>1948.164429</ele>
<time>2022-11-13T12:03:20.313Z</time>
<extensions>
<gpxtpx:TrackPointExtension>
<gpxtpx:speed>1.035198</gpxtpx:speed>
</gpxtpx:TrackPointExtension>
</extensions>
</trkpt>
<trkpt lat="46.126444" lon="12.499483">
<ele>1958.342407</ele>
<time>2022-11-13T12:03:30.328Z</time>
<extensions>
<gpxtpx:TrackPointExtension>
<gpxtpx:speed>0.893144</gpxtpx:speed>
</gpxtpx:TrackPointExtension>
</extensions>
</trkpt>
<trkpt lat="46.126471" lon="12.499452">
<ele>1951.274414</ele>
<time>2022-11-13T12:03:40.354Z</time>
<extensions>
<gpxtpx:TrackPointExtension>
<gpxtpx:speed>0.703226</gpxtpx:speed>
</gpxtpx:TrackPointExtension>
</extensions>
</trkpt>
<trkpt lat="46.126508" lon="12.499415">
<ele>1958.429688</ele>
<time>2022-11-13T12:03:50.370Z</time>
<extensions>
<gpxtpx:TrackPointExtension>
<gpxtpx:speed>0.549587</gpxtpx:speed>
</gpxtpx:TrackPointExtension>
</extensions>
</trkpt>
<trkpt lat="46.126545" lon="12.499370">
<ele>1961.846069</ele>
<time>2022-11-13T12:04:00.426Z</time>
<extensions>
<gpxtpx:TrackPointExtension>
<gpxtpx:speed>0.527254</gpxtpx:speed>
</gpxtpx:TrackPointExtension>
</extensions>
</trkpt>
<trkpt lat="46.126575" lon="12.499327">
<ele>1955.512573</ele>
<time>2022-11-13T12:04:10.457Z</time>
<extensions>
<gpxtpx:TrackPointExtension>
<gpxtpx:speed>0.467616</gpxtpx:speed>
</gpxtpx:TrackPointExtension>
</extensions>
</trkpt>
<trkpt lat="46.126612" lon="12.499273">
<ele>1964.726196</ele>
<time>2022-11-13T12:04:21.317Z</time>
<extensions>
<gpxtpx:TrackPointExtension>
<gpxtpx:speed>0.591248</gpxtpx:speed>
</gpxtpx:TrackPointExtension>
</extensions>
</trkpt>
<trkpt lat="46.126626" lon="12.499281">
<ele>1965.074951</ele>
<time>2022-11-13T12:04:31.317Z</time>
<extensions>
<gpxtpx:TrackPointExtension>
<gpxtpx:speed>0.317376</gpxtpx:speed>
</gpxtpx:TrackPointExtension>
</extensions>
</trkpt>
<trkpt lat="46.126662" lon="12.499240">
<ele>1964.321899</ele>
<time>2022-11-13T12:04:41.318Z</time>
<extensions>
<gpxtpx:TrackPointExtension>
<gpxtpx:speed>0.676636</gpxtpx:speed>
</gpxtpx:TrackPointExtension>
</extensions>
</trkpt>
<trkpt lat="46.126673" lon="12.499220">
<ele>1960.598999</ele>
<time>2022-11-13T12:04:51.319Z</time>
<extensions>
<gpxtpx:TrackPointExtension>
<gpxtpx:speed>0.476256</gpxtpx:speed>
</gpxtpx:TrackPointExtension>
</extensions>
</trkpt>
<trkpt lat="46.126713" lon="12.499184">
<ele>1952.275757</ele>
<time>2022-11-13T12:05:01.319Z</time>
<extensions>
<gpxtpx:TrackPointExtension>
<gpxtpx:speed>0.988830</gpxtpx:speed>
</gpxtpx:TrackPointExtension>
</extensions>
</trkpt>
<trkpt lat="46.126806" lon="12.499141">
<ele>1967.001221</ele>
<time>2022-11-13T12:05:15.323Z</time>
<extensions>
<gpxtpx:TrackPointExtension>
<gpxtpx:speed>0.906998</gpxtpx:speed>
</gpxtpx:TrackPointExtension>
</extensions>
</trkpt>
<trkpt lat="46.126880" lon="12.499104">
<ele>1968.821655</ele>
<time>2022-11-13T12:05:26.308Z</time>
<extensions>
<gpxtpx:TrackPointExtension>
<gpxtpx:speed>0.692097</gpxtpx:speed>
</gpxtpx:TrackPointExtension>
</extensions>
</trkpt>
<trkpt lat="46.126933" lon="12.499073">
<ele>1967.165039</ele>
<time>2022-11-13T12:05:36.316Z</time>
<extensions>
<gpxtpx:TrackPointExtension>
<gpxtpx:speed>0.589909</gpxtpx:speed>
</gpxtpx:TrackPointExtension>
</extensions>
</trkpt>
<trkpt lat="46.126949" lon="12.499024">
<ele>1963.415649</ele>
<time>2022-11-13T12:05:46.327Z</time>
<extensions>
<gpxtpx:TrackPointExtension>
<gpxtpx:speed>0.367745</gpxtpx:speed>
</gpxtpx:TrackPointExtension>
</extensions>
</trkpt>
<trkpt lat="46.126942" lon="12.499035">
<ele>1958.530029</ele>
<time>2022-11-13T12:07:36.316Z</time>
<extensions>
<gpxtpx:TrackPointExtension>
<gpxtpx:speed>0.486535</gpxtpx:speed>
</gpxtpx:TrackPointExtension>
</extensions>
</trkpt>
<trkpt lat="46.126943" lon="12.499089">
<ele>1961.893677</ele>
<time>2022-11-13T12:07:56.312Z</time>
<extensions>
<gpxtpx:TrackPointExtension>
<gpxtpx:speed>0.299682</gpxtpx:speed>
</gpxtpx:TrackPointExtension>
</extensions>
</trkpt>
<trkpt lat="46.126954" lon="12.499080">
<ele>1961.148560</ele>
<time>2022-11-13T12:08:19.318Z</time>
<extensions>
<gpxtpx:TrackPointExtension>
<gpxtpx:speed>0.484188</gpxtpx:speed>
</gpxtpx:TrackPointExtension>
</extensions>
</trkpt>
<trkpt lat="46.127015" lon="12.499017">
<ele>1969.299927</ele>
<time>2022-11-13T12:08:31.388Z</time>
<extensions>
<gpxtpx:TrackPointExtension>
<gpxtpx:speed>0.564389</gpxtpx:speed>
</gpxtpx:TrackPointExtension>
</extensions>
</trkpt>
<trkpt lat="46.127041" lon="12.498948">
<ele>1963.595337</ele>
<time>2022-11-13T12:08:41.419Z</time>
<extensions>
<gpxtpx:TrackPointExtension>
<gpxtpx:speed>0.427905</gpxtpx:speed>
</gpxtpx:TrackPointExtension>
</extensions>
</trkpt>
<trkpt lat="46.127055" lon="12.498914">
<ele>1969.257690</ele>
<time>2022-11-13T12:08:51.463Z</time>
<extensions>
<gpxtpx:TrackPointExtension>
<gpxtpx:speed>0.589959</gpxtpx:speed>
</gpxtpx:TrackPointExtension>
</extensions>
</trkpt>
<trkpt lat="46.127067" lon="12.498848">
<ele>1966.810913</ele>
<time>2022-11-13T12:09:01.489Z</time>
<extensions>
<gpxtpx:TrackPointExtension>
<gpxtpx:speed>0.401930</gpxtpx:speed>
</gpxtpx:TrackPointExtension>
</extensions>
</trkpt>
<trkpt lat="46.127095" lon="12.498814">
<ele>1969.059448</ele>
<time>2022-11-13T12:09:12.324Z</time>
<extensions>
<gpxtpx:TrackPointExtension>
<gpxtpx:speed>0.408765</gpxtpx:speed>
</gpxtpx:TrackPointExtension>
</extensions>
</trkpt>
<trkpt lat="46.127131" lon="12.498769">
<ele>1970.327759</ele>
<time>2022-11-13T12:09:25.309Z</time>
<extensions>
<gpxtpx:TrackPointExtension>
<gpxtpx:speed>0.455253</gpxtpx:speed>
</gpxtpx:TrackPointExtension>
</extensions>
</trkpt>
<trkpt lat="46.127150" lon="12.498689">
<ele>1969.453247</ele>
<time>2022-11-13T12:09:37.338Z</time>
<extensions>
<gpxtpx:TrackPointExtension>
<gpxtpx:speed>0.753610</gpxtpx:speed>
</gpxtpx:TrackPointExtension>
</extensions>
</trkpt>
<trkpt lat="46.127209" lon="12.498611">
<ele>1970.557617</ele>
<time>2022-11-13T12:09:52.334Z</time>
<extensions>
<gpxtpx:TrackPointExtension>
<gpxtpx:speed>0.630172</gpxtpx:speed>
</gpxtpx:TrackPointExtension>
</extensions>
</trkpt>
<trkpt lat="46.127239" lon="12.498543">
<ele>1973.564575</ele>
<time>2022-11-13T12:10:02.338Z</time>
<extensions>
<gpxtpx:TrackPointExtension>
<gpxtpx:speed>0.618872</gpxtpx:speed>
</gpxtpx:TrackPointExtension>
</extensions>
</trkpt>
<trkpt lat="46.127300" lon="12.498523">
<ele>1979.515015</ele>
<time>2022-11-13T12:10:17.330Z</time>
<extensions>
<gpxtpx:TrackPointExtension>
<gpxtpx:speed>0.812285</gpxtpx:speed>
</gpxtpx:TrackPointExtension>
</extensions>
</trkpt>
<trkpt lat="46.127353" lon="12.498416">
<ele>1973.622681</ele>
<time>2022-11-13T12:10:27.403Z</time>
<extensions>
<gpxtpx:TrackPointExtension>
<gpxtpx:speed>0.852503</gpxtpx:speed>
</gpxtpx:TrackPointExtension>
</extensions>
</trkpt>
<trkpt lat="46.127412" lon="12.498293">
<ele>1978.672119</ele>
<time>2022-11-13T12:10:42.320Z</time>
<extensions>
<gpxtpx:TrackPointExtension>
<gpxtpx:speed>0.754511</gpxtpx:speed>
</gpxtpx:TrackPointExtension>
</extensions>
</trkpt>
<trkpt lat="46.127438" lon="12.498212">
<ele>1973.260742</ele>
<time>2022-11-13T12:10:52.326Z</time>
<extensions>
<gpxtpx:TrackPointExtension>
<gpxtpx:speed>0.648191</gpxtpx:speed>
</gpxtpx:TrackPointExtension>
</extensions>
</trkpt>
<trkpt lat="46.127488" lon="12.498140">
<ele>1978.328613</ele>
<time>2022-11-13T12:11:07.298Z</time>
<extensions>
<gpxtpx:TrackPointExtension>
<gpxtpx:speed>0.540652</gpxtpx:speed>
</gpxtpx:TrackPointExtension>
</extensions>
</trkpt>
<trkpt lat="46.127517" lon="12.498129">
<ele>1975.181641</ele>
<time>2022-11-13T12:11:17.320Z</time>
<extensions>
<gpxtpx:TrackPointExtension>
<gpxtpx:speed>0.554662</gpxtpx:speed>
</gpxtpx:TrackPointExtension>
</extensions>
</trkpt>
<trkpt lat="46.127542" lon="12.498116">
<ele>1981.509888</ele>
<time>2022-11-13T12:11:27.323Z</time>
<extensions>
<gpxtpx:TrackPointExtension>
<gpxtpx:speed>0.353382</gpxtpx:speed>
</gpxtpx:TrackPointExtension>
</extensions>
</trkpt>
<trkpt lat="46.127554" lon="12.498102">
<ele>1985.991211</ele>
<time>2022-11-13T12:11:47.320Z</time>
<extensions>
<gpxtpx:TrackPointExtension>
<gpxtpx:speed>0.213053</gpxtpx:speed>
</gpxtpx:TrackPointExtension>
</extensions>
</trkpt>
<trkpt lat="46.127567" lon="12.498061">
<ele>1983.803345</ele>
<time>2022-11-13T12:12:07.325Z</time>
<extensions>
<gpxtpx:TrackPointExtension>
<gpxtpx:speed>0.523625</gpxtpx:speed>
</gpxtpx:TrackPointExtension>
</extensions>
</trkpt>
<trkpt lat="46.127583" lon="12.497993">
<ele>1980.690796</ele>
<time>2022-11-13T12:12:17.327Z</time>
<extensions>
<gpxtpx:TrackPointExtension>
<gpxtpx:speed>0.565736</gpxtpx:speed>
</gpxtpx:TrackPointExtension>
</extensions>
</trkpt>
<trkpt lat="46.127602" lon="12.497977">
<ele>1983.330444</ele>
<time>2022-11-13T12:12:27.332Z</time>
<extensions>
<gpxtpx:TrackPointExtension>
<gpxtpx:speed>0.484737</gpxtpx:speed>
</gpxtpx:TrackPointExtension>
</extensions>
</trkpt>
<trkpt lat="46.127619" lon="12.497968">
<ele>1993.476807</ele>
<time>2022-11-13T12:12:37.334Z</time>
<extensions>
<gpxtpx:TrackPointExtension>
<gpxtpx:speed>0.432191</gpxtpx:speed>
</gpxtpx:TrackPointExtension>
</extensions>
</trkpt>
<trkpt lat="46.127627" lon="12.497897">
<ele>1980.220459</ele>
<time>2022-11-13T12:12:47.355Z</time>
<extensions>
<gpxtpx:TrackPointExtension>
<gpxtpx:speed>0.492449</gpxtpx:speed>
</gpxtpx:TrackPointExtension>
</extensions>
</trkpt>
<trkpt lat="46.127641" lon="12.497833">
<ele>1990.459229</ele>
<time>2022-11-13T12:12:57.371Z</time>
<extensions>
<gpxtpx:TrackPointExtension>
<gpxtpx:speed>0.470518</gpxtpx:speed>
</gpxtpx:TrackPointExtension>
</extensions>
</trkpt>
<trkpt lat="46.127645" lon="12.497804">
<ele>1993.059326</ele>
<time>2022-11-13T12:13:07.418Z</time>
<extensions>
<gpxtpx:TrackPointExtension>
<gpxtpx:speed>0.352185</gpxtpx:speed>
</gpxtpx:TrackPointExtension>
</extensions>
</trkpt>
<trkpt lat="46.127657" lon="12.497765">
<ele>1987.513184</ele>
<time>2022-11-13T12:13:22.463Z</time>
<extensions>
<gpxtpx:TrackPointExtension>
<gpxtpx:speed>0.429361</gpxtpx:speed>
</gpxtpx:TrackPointExtension>
</extensions>
</trkpt>
<trkpt lat="46.127645" lon="12.497709">
<ele>1993.600952</ele>
<time>2022-11-13T12:13:32.494Z</time>
<extensions>
<gpxtpx:TrackPointExtension>
<gpxtpx:speed>0.254277</gpxtpx:speed>
</gpxtpx:TrackPointExtension>
</extensions>
</trkpt>
<trkpt lat="46.127653" lon="12.497698">
<ele>1990.303345</ele>
<time>2022-11-13T12:13:48.334Z</time>
<extensions>
<gpxtpx:TrackPointExtension>
<gpxtpx:speed>0.267856</gpxtpx:speed>
</gpxtpx:TrackPointExtension>
</extensions>
</trkpt>
<trkpt lat="46.127655" lon="12.497616">
<ele>1995.688354</ele>
<time>2022-11-13T12:14:03.315Z</time>
<extensions>
<gpxtpx:TrackPointExtension>
<gpxtpx:speed>0.335631</gpxtpx:speed>
</gpxtpx:TrackPointExtension>
</extensions>
</trkpt>
<trkpt lat="46.127662" lon="12.497626">
<ele>1989.798706</ele>
<time>2022-11-13T12:14:18.312Z</time>
<extensions>
<gpxtpx:TrackPointExtension>
<gpxtpx:speed>0.207546</gpxtpx:speed>
</gpxtpx:TrackPointExtension>
</extensions>
</trkpt>
<trkpt lat="46.127692" lon="12.497611">
<ele>2000.391602</ele>
<time>2022-11-13T12:14:28.319Z</time>
<extensions>
<gpxtpx:TrackPointExtension>
<gpxtpx:speed>0.245109</gpxtpx:speed>
</gpxtpx:TrackPointExtension>
</extensions>
</trkpt>
<trkpt lat="46.127713" lon="12.497594">
<ele>1992.419800</ele>
<time>2022-11-13T12:14:38.328Z</time>
<extensions>
<gpxtpx:TrackPointExtension>
<gpxtpx:speed>0.342474</gpxtpx:speed>
</gpxtpx:TrackPointExtension>
</extensions>
</trkpt>
<trkpt lat="46.127722" lon="12.497579">
<ele>1997.411133</ele>
<time>2022-11-13T12:14:53.321Z</time>
<extensions>
<gpxtpx:TrackPointExtension>
<gpxtpx:speed>0.421603</gpxtpx:speed>
</gpxtpx:TrackPointExtension>
</extensions>
</trkpt>
<trkpt lat="46.127737" lon="12.497539">
<ele>2000.238281</ele>
<time>2022-11-13T12:15:03.325Z</time>
<extensions>
<gpxtpx:TrackPointExtension>
<gpxtpx:speed>0.485805</gpxtpx:speed>
</gpxtpx:TrackPointExtension>
</extensions>
</trkpt>
<trkpt lat="46.127757" lon="12.497533">
<ele>2004.035278</ele>
<time>2022-11-13T12:15:22.323Z</time>
<extensions>
<gpxtpx:TrackPointExtension>
<gpxtpx:speed>0.249171</gpxtpx:speed>
</gpxtpx:TrackPointExtension>
</extensions>
</trkpt>
<trkpt lat="46.127762" lon="12.497494">
<ele>2003.781616</ele>
<time>2022-11-13T12:15:33.323Z</time>
<extensions>
<gpxtpx:TrackPointExtension>
<gpxtpx:speed>0.239837</gpxtpx:speed>
</gpxtpx:TrackPointExtension>
</extensions>
</trkpt>
<trkpt lat="46.127767" lon="12.497480">
<ele>2001.773438</ele>
<time>2022-11-13T12:15:49.322Z</time>
<extensions>
<gpxtpx:TrackPointExtension>
<gpxtpx:speed>0.398006</gpxtpx:speed>
</gpxtpx:TrackPointExtension>
</extensions>
</trkpt>
<trkpt lat="46.127802" lon="12.497423">
<ele>2001.506592</ele>
<time>2022-11-13T12:16:23.329Z</time>
<extensions>
<gpxtpx:TrackPointExtension>
<gpxtpx:speed>0.231193</gpxtpx:speed>
</gpxtpx:TrackPointExtension>
</extensions>
</trkpt>
<trkpt lat="46.127901" lon="12.497417">
<ele>2003.234619</ele>
<time>2022-11-13T12:16:38.313Z</time>
<extensions>
<gpxtpx:TrackPointExtension>
<gpxtpx:speed>0.686774</gpxtpx:speed>
</gpxtpx:TrackPointExtension>
</extensions>
</trkpt>
<trkpt lat="46.127931" lon="12.497380">
<ele>2011.880249</ele>
<time>2022-11-13T12:16:48.316Z</time>
<extensions>
<gpxtpx:TrackPointExtension>
<gpxtpx:speed>0.483788</gpxtpx:speed>
</gpxtpx:TrackPointExtension>
</extensions>
</trkpt>
<trkpt lat="46.127962" lon="12.497398">
<ele>2010.915771</ele>
<time>2022-11-13T12:16:59.310Z</time>
<extensions>
<gpxtpx:TrackPointExtension>
<gpxtpx:speed>0.322092</gpxtpx:speed>
</gpxtpx:TrackPointExtension>
</extensions>
</trkpt>
<trkpt lat="46.127937" lon="12.497392">
<ele>2010.432251</ele>
<time>2022-11-13T12:18:04.310Z</time>
<extensions>
<gpxtpx:TrackPointExtension>
<gpxtpx:speed>0.335811</gpxtpx:speed>
</gpxtpx:TrackPointExtension>
</extensions>
</trkpt>
<trkpt lat="46.127942" lon="12.497369">
<ele>2011.314697</ele>
<time>2022-11-13T12:18:59.300Z</time>
<extensions>
<gpxtpx:TrackPointExtension>
<gpxtpx:speed>0.679134</gpxtpx:speed>
</gpxtpx:TrackPointExtension>
</extensions>
</trkpt>
<trkpt lat="46.127961" lon="12.497355">
<ele>2011.970093</ele>
<time>2022-11-13T12:19:09.317Z</time>
<extensions>
<gpxtpx:TrackPointExtension>
<gpxtpx:speed>0.223874</gpxtpx:speed>
</gpxtpx:TrackPointExtension>
</extensions>
</trkpt>
<trkpt lat="46.127997" lon="12.497329">
<ele>2010.812744</ele>
<time>2022-11-13T12:19:44.299Z</time>
<extensions>
<gpxtpx:TrackPointExtension>
<gpxtpx:speed>0.414863</gpxtpx:speed>
</gpxtpx:TrackPointExtension>
</extensions>
</trkpt>
<trkpt lat="46.128022" lon="12.497234">
<ele>2012.937134</ele>
<time>2022-11-13T12:19:54.331Z</time>
<extensions>
<gpxtpx:TrackPointExtension>
<gpxtpx:speed>0.734580</gpxtpx:speed>
</gpxtpx:TrackPointExtension>
</extensions>
</trkpt>
<trkpt lat="46.128076" lon="12.497148">
<ele>2013.013672</ele>
<time>2022-11-13T12:20:09.320Z</time>
<extensions>
<gpxtpx:TrackPointExtension>
<gpxtpx:speed>0.758386</gpxtpx:speed>
</gpxtpx:TrackPointExtension>
</extensions>
</trkpt>
<trkpt lat="46.128121" lon="12.497038">
<ele>2012.234253</ele>
<time>2022-11-13T12:20:22.316Z</time>
<extensions>
<gpxtpx:TrackPointExtension>
<gpxtpx:speed>0.538771</gpxtpx:speed>
</gpxtpx:TrackPointExtension>
</extensions>
</trkpt>
<trkpt lat="46.128121" lon="12.497001">
<ele>2019.138550</ele>
<time>2022-11-13T12:20:34.321Z</time>
<extensions>
<gpxtpx:TrackPointExtension>
<gpxtpx:speed>0.420053</gpxtpx:speed>
</gpxtpx:TrackPointExtension>
</extensions>
</trkpt>
<trkpt lat="46.128133" lon="12.496953">
<ele>2020.700073</ele>
<time>2022-11-13T12:21:14.337Z</time>
<extensions>
<gpxtpx:TrackPointExtension>
<gpxtpx:speed>0.548124</gpxtpx:speed>
</gpxtpx:TrackPointExtension>
</extensions>
</trkpt>
<trkpt lat="46.128159" lon="12.496850">
<ele>2029.010010</ele>
<time>2022-11-13T12:21:28.327Z</time>
<extensions>
<gpxtpx:TrackPointExtension>
<gpxtpx:speed>0.656393</gpxtpx:speed>
</gpxtpx:TrackPointExtension>
</extensions>
</trkpt>
<trkpt lat="46.128172" lon="12.496771">
<ele>2021.342163</ele>
<time>2022-11-13T12:21:39.342Z</time>
<extensions>
<gpxtpx:TrackPointExtension>
<gpxtpx:speed>0.563752</gpxtpx:speed>
</gpxtpx:TrackPointExtension>
</extensions>
</trkpt>
<trkpt lat="46.128169" lon="12.496673">
<ele>2023.728149</ele>
<time>2022-11-13T12:21:49.355Z</time>
<extensions>
<gpxtpx:TrackPointExtension>
<gpxtpx:speed>0.595263</gpxtpx:speed>
</gpxtpx:TrackPointExtension>
</extensions>
</trkpt>
<trkpt lat="46.128178" lon="12.496572">
<ele>2028.708862</ele>
<time>2022-11-13T12:21:59.378Z</time>
<extensions>
<gpxtpx:TrackPointExtension>
<gpxtpx:speed>0.630342</gpxtpx:speed>
</gpxtpx:TrackPointExtension>
</extensions>
</trkpt>
<trkpt lat="46.128179" lon="12.496509">
<ele>2027.437866</ele>
<time>2022-11-13T12:22:10.320Z</time>
<extensions>
<gpxtpx:TrackPointExtension>
<gpxtpx:speed>0.954002</gpxtpx:speed>
</gpxtpx:TrackPointExtension>
</extensions>
</trkpt>
<trkpt lat="46.128195" lon="12.496453">
<ele>2026.703369</ele>
<time>2022-11-13T12:22:24.502Z</time>
<extensions>
<gpxtpx:TrackPointExtension>
<gpxtpx:speed>0.596169</gpxtpx:speed>
</gpxtpx:TrackPointExtension>
</extensions>
</trkpt>
<trkpt lat="46.128222" lon="12.496346">
<ele>2030.703735</ele>
<time>2022-11-13T12:22:35.316Z</time>
<extensions>
<gpxtpx:TrackPointExtension>
<gpxtpx:speed>0.666361</gpxtpx:speed>
</gpxtpx:TrackPointExtension>
</extensions>
</trkpt>
<trkpt lat="46.128210" lon="12.496250">
<ele>2029.269043</ele>
<time>2022-11-13T12:22:45.325Z</time>
<extensions>
<gpxtpx:TrackPointExtension>
<gpxtpx:speed>0.631473</gpxtpx:speed>
</gpxtpx:TrackPointExtension>
</extensions>
</trkpt>
<trkpt lat="46.128210" lon="12.496143">
<ele>2028.513306</ele>
<time>2022-11-13T12:23:00.324Z</time>
<extensions>
<gpxtpx:TrackPointExtension>
<gpxtpx:speed>0.565741</gpxtpx:speed>
</gpxtpx:TrackPointExtension>
</extensions>
</trkpt>
<trkpt lat="46.128187" lon="12.496127">
<ele>2030.051147</ele>
<time>2022-11-13T12:23:15.318Z</time>
<extensions>
<gpxtpx:TrackPointExtension>
<gpxtpx:speed>0.470057</gpxtpx:speed>
</gpxtpx:TrackPointExtension>
</extensions>
</trkpt>
<trkpt lat="46.128189" lon="12.496113">
<ele>2027.186890</ele>
<time>2022-11-13T12:23:55.311Z</time>
<extensions>
<gpxtpx:TrackPointExtension>
<gpxtpx:speed>0.486469</gpxtpx:speed>
</gpxtpx:TrackPointExtension>
</extensions>
</trkpt>
<trkpt lat="46.128195" lon="12.496101">
<ele>2026.359863</ele>
<time>2022-11-13T12:24:40.318Z</time>
<extensions>
<gpxtpx:TrackPointExtension>
<gpxtpx:speed>0.399738</gpxtpx:speed>
</gpxtpx:TrackPointExtension>
</extensions>
</trkpt>
<trkpt lat="46.128218" lon="12.496061">
<ele>2030.191162</ele>
<time>2022-11-13T12:24:51.317Z</time>
<extensions>
<gpxtpx:TrackPointExtension>
<gpxtpx:speed>0.567588</gpxtpx:speed>
</gpxtpx:TrackPointExtension>
</extensions>
</trkpt>
<trkpt lat="46.128240" lon="12.495990">
<ele>2033.544189</ele>
<time>2022-11-13T12:25:03.303Z</time>
<extensions>
<gpxtpx:TrackPointExtension>
<gpxtpx:speed>0.598754</gpxtpx:speed>
</gpxtpx:TrackPointExtension>
</extensions>
</trkpt>
<trkpt lat="46.128242" lon="12.495925">
<ele>2034.479614</ele>
<time>2022-11-13T12:25:16.322Z</time>
<extensions>
<gpxtpx:TrackPointExtension>
<gpxtpx:speed>0.724485</gpxtpx:speed>
</gpxtpx:TrackPointExtension>
</extensions>
</trkpt>
<trkpt lat="46.128244" lon="12.495812">
<ele>2035.792725</ele>
<time>2022-11-13T12:25:30.327Z</time>
<extensions>
<gpxtpx:TrackPointExtension>
<gpxtpx:speed>0.784025</gpxtpx:speed>
</gpxtpx:TrackPointExtension>
</extensions>
</trkpt>
<trkpt lat="46.128202" lon="12.495709">
<ele>2037.861694</ele>
<time>2022-11-13T12:25:41.326Z</time>
<extensions>
<gpxtpx:TrackPointExtension>
<gpxtpx:speed>0.228374</gpxtpx:speed>
</gpxtpx:TrackPointExtension>
</extensions>
</trkpt>
<trkpt lat="46.128186" lon="12.495696">
<ele>2031.929810</ele>
<time>2022-11-13T12:26:16.315Z</time>
<extensions>
<gpxtpx:TrackPointExtension>
<gpxtpx:speed>0.365344</gpxtpx:speed>
</gpxtpx:TrackPointExtension>
</extensions>
</trkpt>
<trkpt lat="46.128193" lon="12.495596">
<ele>2053.474854</ele>
<time>2022-11-13T12:26:26.317Z</time>
<extensions>
<gpxtpx:TrackPointExtension>
<gpxtpx:speed>0.674029</gpxtpx:speed>
</gpxtpx:TrackPointExtension>
</extensions>
</trkpt>
<trkpt lat="46.128207" lon="12.495489">
<ele>2044.773804</ele>
<time>2022-11-13T12:26:36.328Z</time>
<extensions>
<gpxtpx:TrackPointExtension>
<gpxtpx:speed>0.630944</gpxtpx:speed>
</gpxtpx:TrackPointExtension>
</extensions>
</trkpt>
<trkpt lat="46.128225" lon="12.495345">
<ele>2040.326904</ele>
<time>2022-11-13T12:26:51.328Z</time>
<extensions>
<gpxtpx:TrackPointExtension>
<gpxtpx:speed>0.750454</gpxtpx:speed>
</gpxtpx:TrackPointExtension>
</extensions>
</trkpt>
<trkpt lat="46.128225" lon="12.495245">
<ele>2042.226685</ele>
<time>2022-11-13T12:27:01.331Z</time>
<extensions>
<gpxtpx:TrackPointExtension>
<gpxtpx:speed>0.783606</gpxtpx:speed>
</gpxtpx:TrackPointExtension>
</extensions>
</trkpt>
<trkpt lat="46.128242" lon="12.495162">
<ele>2049.664795</ele>
<time>2022-11-13T12:27:11.331Z</time>
<extensions>
<gpxtpx:TrackPointExtension>
<gpxtpx:speed>0.756443</gpxtpx:speed>
</gpxtpx:TrackPointExtension>
</extensions>
</trkpt>
<trkpt lat="46.128240" lon="12.495087">
<ele>2042.599243</ele>
<time>2022-11-13T12:27:21.332Z</time>
<extensions>
<gpxtpx:TrackPointExtension>
<gpxtpx:speed>0.690845</gpxtpx:speed>
</gpxtpx:TrackPointExtension>
</extensions>
</trkpt>
<trkpt lat="46.128211" lon="12.495006">
<ele>2051.049316</ele>
<time>2022-11-13T12:27:33.327Z</time>
<extensions>
<gpxtpx:TrackPointExtension>
<gpxtpx:speed>0.615109</gpxtpx:speed>
</gpxtpx:TrackPointExtension>
</extensions>
</trkpt>
<trkpt lat="46.128188" lon="12.494928">
<ele>2047.262939</ele>
<time>2022-11-13T12:27:46.349Z</time>
<extensions>
<gpxtpx:TrackPointExtension>
<gpxtpx:speed>0.580373</gpxtpx:speed>
</gpxtpx:TrackPointExtension>
</extensions>
</trkpt>
<trkpt lat="46.128166" lon="12.494814">
<ele>2047.677734</ele>
<time>2022-11-13T12:27:56.363Z</time>
<extensions>
<gpxtpx:TrackPointExtension>
<gpxtpx:speed>0.703561</gpxtpx:speed>
</gpxtpx:TrackPointExtension>
</extensions>
</trkpt>
<trkpt lat="46.128191" lon="12.494770">
<ele>2052.983398</ele>
<time>2022-11-13T12:28:06.383Z</time>
<extensions>
<gpxtpx:TrackPointExtension>
<gpxtpx:speed>0.559003</gpxtpx:speed>
</gpxtpx:TrackPointExtension>
</extensions>
</trkpt>
<trkpt lat="46.128188" lon="12.494685">
<ele>2048.716064</ele>
<time>2022-11-13T12:28:16.414Z</time>
<extensions>
<gpxtpx:TrackPointExtension>
<gpxtpx:speed>0.629347</gpxtpx:speed>
</gpxtpx:TrackPointExtension>
</extensions>
</trkpt>
<trkpt lat="46.128139" lon="12.494605">
<ele>2053.305664</ele>
<time>2022-11-13T12:28:26.459Z</time>
<extensions>
<gpxtpx:TrackPointExtension>
<gpxtpx:speed>0.632686</gpxtpx:speed>
</gpxtpx:TrackPointExtension>
</extensions>
</trkpt>
<trkpt lat="46.128110" lon="12.494549">
<ele>2047.577271</ele>
<time>2022-11-13T12:28:36.499Z</time>
<extensions>
<gpxtpx:TrackPointExtension>
<gpxtpx:speed>0.398277</gpxtpx:speed>
</gpxtpx:TrackPointExtension>
</extensions>
</trkpt>
<trkpt lat="46.128063" lon="12.494505">
<ele>2042.675903</ele>
<time>2022-11-13T12:28:47.320Z</time>
<extensions>
<gpxtpx:TrackPointExtension>
<gpxtpx:speed>0.709666</gpxtpx:speed>
</gpxtpx:TrackPointExtension>
</extensions>
</trkpt>
<trkpt lat="46.127989" lon="12.494408">
<ele>2051.112793</ele>
<time>2022-11-13T12:28:59.319Z</time>
<extensions>
<gpxtpx:TrackPointExtension>
<gpxtpx:speed>0.687326</gpxtpx:speed>
</gpxtpx:TrackPointExtension>
</extensions>
</trkpt>
<trkpt lat="46.127971" lon="12.494371">
<ele>2046.158447</ele>
<time>2022-11-13T12:29:12.307Z</time>
<extensions>
<gpxtpx:TrackPointExtension>
<gpxtpx:speed>0.942403</gpxtpx:speed>
</gpxtpx:TrackPointExtension>
</extensions>
</trkpt>
<trkpt lat="46.127940" lon="12.494286">
<ele>2051.585693</ele>
<time>2022-11-13T12:29:22.321Z</time>
<extensions>
<gpxtpx:TrackPointExtension>
<gpxtpx:speed>0.668648</gpxtpx:speed>
</gpxtpx:TrackPointExtension>
</extensions>
</trkpt>
<trkpt lat="46.127894" lon="12.494192">
<ele>2049.162598</ele>
<time>2022-11-13T12:29:32.325Z</time>
<extensions>
<gpxtpx:TrackPointExtension>
<gpxtpx:speed>0.768455</gpxtpx:speed>
</gpxtpx:TrackPointExtension>
</extensions>
</trkpt>
<trkpt lat="46.127798" lon="12.494130">
<ele>2051.112793</ele>
<time>2022-11-13T12:29:45.324Z</time>
<extensions>
<gpxtpx:TrackPointExtension>
<gpxtpx:speed>1.059865</gpxtpx:speed>
</gpxtpx:TrackPointExtension>
</extensions>
</trkpt>
<trkpt lat="46.127789" lon="12.494140">
<ele>2054.019287</ele>
<time>2022-11-13T12:29:55.327Z</time>
<extensions>
<gpxtpx:TrackPointExtension>
<gpxtpx:speed>1.264695</gpxtpx:speed>
</gpxtpx:TrackPointExtension>
</extensions>
</trkpt>
<trkpt lat="46.127746" lon="12.494071">
<ele>2050.594727</ele>
<time>2022-11-13T12:30:07.313Z</time>
<extensions>
<gpxtpx:TrackPointExtension>
<gpxtpx:speed>0.474871</gpxtpx:speed>
</gpxtpx:TrackPointExtension>
</extensions>
</trkpt>
<trkpt lat="46.127742" lon="12.493965">
<ele>2055.260986</ele>
<time>2022-11-13T12:30:17.319Z</time>
<extensions>
<gpxtpx:TrackPointExtension>
<gpxtpx:speed>0.703052</gpxtpx:speed>
</gpxtpx:TrackPointExtension>
</extensions>
</trkpt>
<trkpt lat="46.127724" lon="12.493890">
<ele>2052.201416</ele>
<time>2022-11-13T12:30:27.321Z</time>
<extensions>
<gpxtpx:TrackPointExtension>
<gpxtpx:speed>0.679224</gpxtpx:speed>
</gpxtpx:TrackPointExtension>
</extensions>
</trkpt>
<trkpt lat="46.127636" lon="12.493897">
<ele>2052.880371</ele>
<time>2022-11-13T12:30:42.317Z</time>
<extensions>
<gpxtpx:TrackPointExtension>
<gpxtpx:speed>0.661277</gpxtpx:speed>
</gpxtpx:TrackPointExtension>
</extensions>
</trkpt>
<trkpt lat="46.127626" lon="12.493889">
<ele>2055.958496</ele>
<time>2022-11-13T12:30:57.339Z</time>
<extensions>
<gpxtpx:TrackPointExtension>
<gpxtpx:speed>0.437206</gpxtpx:speed>
</gpxtpx:TrackPointExtension>
</extensions>
</trkpt>
<trkpt lat="46.127593" lon="12.493825">
<ele>2055.327148</ele>
<time>2022-11-13T12:31:35.312Z</time>
<extensions>
<gpxtpx:TrackPointExtension>
<gpxtpx:speed>0.735682</gpxtpx:speed>
</gpxtpx:TrackPointExtension>
</extensions>
</trkpt>
<trkpt lat="46.127563" lon="12.493838">
<ele>2058.994629</ele>
<time>2022-11-13T12:31:52.322Z</time>
<extensions>
<gpxtpx:TrackPointExtension>
<gpxtpx:speed>0.640457</gpxtpx:speed>
</gpxtpx:TrackPointExtension>
</extensions>
</trkpt>
<trkpt lat="46.127500" lon="12.493757">
<ele>2057.707764</ele>
<time>2022-11-13T12:32:04.320Z</time>
<extensions>
<gpxtpx:TrackPointExtension>
<gpxtpx:speed>0.715460</gpxtpx:speed>
</gpxtpx:TrackPointExtension>
</extensions>
</trkpt>
<trkpt lat="46.127459" lon="12.493750">
<ele>2056.912354</ele>
<time>2022-11-13T12:32:17.340Z</time>
<extensions>
<gpxtpx:TrackPointExtension>
<gpxtpx:speed>0.200803</gpxtpx:speed>
</gpxtpx:TrackPointExtension>
</extensions>
</trkpt>
<trkpt lat="46.127466" lon="12.493711">
<ele>2058.405273</ele>
<time>2022-11-13T12:32:37.417Z</time>
<extensions>
<gpxtpx:TrackPointExtension>
<gpxtpx:speed>0.470281</gpxtpx:speed>
</gpxtpx:TrackPointExtension>
</extensions>
</trkpt>
<trkpt lat="46.127458" lon="12.493701">
<ele>2060.334229</ele>
<time>2022-11-13T12:32:56.326Z</time>
<extensions>
<gpxtpx:TrackPointExtension>
<gpxtpx:speed>0.340698</gpxtpx:speed>
</gpxtpx:TrackPointExtension>
</extensions>
</trkpt>
<trkpt lat="46.127403" lon="12.493610">
<ele>2064.384766</ele>
<time>2022-11-13T12:33:08.314Z</time>
<extensions>
<gpxtpx:TrackPointExtension>
<gpxtpx:speed>0.832044</gpxtpx:speed>
</gpxtpx:TrackPointExtension>
</extensions>
</trkpt>
<trkpt lat="46.127334" lon="12.493499">
<ele>2062.487549</ele>
<time>2022-11-13T12:33:23.315Z</time>
<extensions>
<gpxtpx:TrackPointExtension>
<gpxtpx:speed>0.833594</gpxtpx:speed>
</gpxtpx:TrackPointExtension>
</extensions>
</trkpt>
<trkpt lat="46.127314" lon="12.493489">
<ele>2062.580078</ele>
<time>2022-11-13T12:33:33.317Z</time>
<extensions>
<gpxtpx:TrackPointExtension>
<gpxtpx:speed>1.071409</gpxtpx:speed>
</gpxtpx:TrackPointExtension>
</extensions>
</trkpt>
<trkpt lat="46.127300" lon="12.493483">
<ele>2061.668457</ele>
<time>2022-11-13T12:34:41.302Z</time>
<extensions>
<gpxtpx:TrackPointExtension>
<gpxtpx:speed>0.379812</gpxtpx:speed>
</gpxtpx:TrackPointExtension>
</extensions>
</trkpt>
<trkpt lat="46.127302" lon="12.493504">
<ele>2061.827148</ele>
<time>2022-11-13T12:35:06.314Z</time>
<extensions>
<gpxtpx:TrackPointExtension>
<gpxtpx:speed>0.204216</gpxtpx:speed>
</gpxtpx:TrackPointExtension>
</extensions>
</trkpt>
<trkpt lat="46.127289" lon="12.493481">
<ele>2062.865479</ele>
<time>2022-11-13T12:35:33.285Z</time>
<extensions>
<gpxtpx:TrackPointExtension>
<gpxtpx:speed>0.203939</gpxtpx:speed>
</gpxtpx:TrackPointExtension>
</extensions>
</trkpt>
<trkpt lat="46.127318" lon="12.493455">
<ele>2062.627686</ele>
<time>2022-11-13T12:35:43.343Z</time>
<extensions>
<gpxtpx:TrackPointExtension>
<gpxtpx:speed>0.435480</gpxtpx:speed>
</gpxtpx:TrackPointExtension>
</extensions>
</trkpt>
<trkpt lat="46.127336" lon="12.493472">
<ele>2066.060059</ele>
<time>2022-11-13T12:37:18.451Z</time>
<extensions>
<gpxtpx:TrackPointExtension>
<gpxtpx:speed>1.349066</gpxtpx:speed>
</gpxtpx:TrackPointExtension>
</extensions>
</trkpt>
<trkpt lat="46.127323" lon="12.493474">
<ele>2064.102051</ele>
<time>2022-11-13T12:38:05.322Z</time>
<extensions>
<gpxtpx:TrackPointExtension>
<gpxtpx:speed>0.207250</gpxtpx:speed>
</gpxtpx:TrackPointExtension>
</extensions>
</trkpt>
<trkpt lat="46.127317" lon="12.493457">
<ele>2066.031006</ele>
<time>2022-11-13T12:38:20.317Z</time>
<extensions>
<gpxtpx:TrackPointExtension>
<gpxtpx:speed>0.317993</gpxtpx:speed>
</gpxtpx:TrackPointExtension>
</extensions>
</trkpt>
<trkpt lat="46.127308" lon="12.493467">
<ele>2068.382568</ele>
<time>2022-11-13T12:38:50.509Z</time>
<extensions>
<gpxtpx:TrackPointExtension>
<gpxtpx:speed>0.435692</gpxtpx:speed>
</gpxtpx:TrackPointExtension>
</extensions>
</trkpt>
<trkpt lat="46.127303" lon="12.493490">
<ele>2060.371094</ele>
<time>2022-11-13T12:39:27.291Z</time>
<extensions>
<gpxtpx:TrackPointExtension>
<gpxtpx:speed>0.226466</gpxtpx:speed>
</gpxtpx:TrackPointExtension>
</extensions>
</trkpt>
<trkpt lat="46.127341" lon="12.493541">
<ele>2068.348145</ele>
<time>2022-11-13T12:39:40.311Z</time>
<extensions>
<gpxtpx:TrackPointExtension>
<gpxtpx:speed>0.935590</gpxtpx:speed>
</gpxtpx:TrackPointExtension>
</extensions>
</trkpt>
<trkpt lat="46.127430" lon="12.493601">
<ele>2065.666260</ele>
<time>2022-11-13T12:39:50.407Z</time>
<extensions>
<gpxtpx:TrackPointExtension>
<gpxtpx:speed>0.391766</gpxtpx:speed>
</gpxtpx:TrackPointExtension>
</extensions>
</trkpt>
<trkpt lat="46.127446" lon="12.493648">
<ele>2064.548584</ele>
<time>2022-11-13T12:40:00.441Z</time>
<extensions>
<gpxtpx:TrackPointExtension>
<gpxtpx:speed>0.663648</gpxtpx:speed>
</gpxtpx:TrackPointExtension>
</extensions>
</trkpt>
<trkpt lat="46.127476" lon="12.493646">
<ele>2064.305664</ele>
<time>2022-11-13T12:40:14.308Z</time>
<extensions>
<gpxtpx:TrackPointExtension>
<gpxtpx:speed>0.903355</gpxtpx:speed>
</gpxtpx:TrackPointExtension>
</extensions>
</trkpt>
<trkpt lat="46.127474" lon="12.493683">
<ele>2055.271729</ele>
<time>2022-11-13T12:40:40.319Z</time>
<extensions>
<gpxtpx:TrackPointExtension>
<gpxtpx:speed>0.482007</gpxtpx:speed>
</gpxtpx:TrackPointExtension>
</extensions>
</trkpt>
<trkpt lat="46.127443" lon="12.493690">
<ele>2061.018555</ele>
<time>2022-11-13T12:40:51.313Z</time>
<extensions>
<gpxtpx:TrackPointExtension>
<gpxtpx:speed>0.276483</gpxtpx:speed>
</gpxtpx:TrackPointExtension>
</extensions>
</trkpt>
<trkpt lat="46.127453" lon="12.493692">
<ele>2062.027832</ele>
<time>2022-11-13T12:41:29.319Z</time>
<extensions>
<gpxtpx:TrackPointExtension>
<gpxtpx:speed>0.263119</gpxtpx:speed>
</gpxtpx:TrackPointExtension>
</extensions>
</trkpt>
<trkpt lat="46.127509" lon="12.493709">
<ele>2064.448242</ele>
<time>2022-11-13T12:41:41.320Z</time>
<extensions>
<gpxtpx:TrackPointExtension>
<gpxtpx:speed>0.748839</gpxtpx:speed>
</gpxtpx:TrackPointExtension>
</extensions>
</trkpt>
<trkpt lat="46.127528" lon="12.493748">
<ele>2061.731934</ele>
<time>2022-11-13T12:42:06.332Z</time>
<extensions>
<gpxtpx:TrackPointExtension>
<gpxtpx:speed>0.804470</gpxtpx:speed>
</gpxtpx:TrackPointExtension>
</extensions>
</trkpt>
<trkpt lat="46.127607" lon="12.493768">
<ele>2065.333496</ele>
<time>2022-11-13T12:42:16.340Z</time>
<extensions>
<gpxtpx:TrackPointExtension>
<gpxtpx:speed>0.526357</gpxtpx:speed>
</gpxtpx:TrackPointExtension>
</extensions>
</trkpt>
<trkpt lat="46.127613" lon="12.493824">
<ele>2058.851807</ele>
<time>2022-11-13T12:42:26.342Z</time>
<extensions>
<gpxtpx:TrackPointExtension>
<gpxtpx:speed>0.764654</gpxtpx:speed>
</gpxtpx:TrackPointExtension>
</extensions>
</trkpt>
<trkpt lat="46.127623" lon="12.493798">
<ele>2057.858398</ele>
<time>2022-11-13T12:42:41.318Z</time>
<extensions>
<gpxtpx:TrackPointExtension>
<gpxtpx:speed>0.623377</gpxtpx:speed>
</gpxtpx:TrackPointExtension>
</extensions>
</trkpt>
<trkpt lat="46.127667" lon="12.493820">
<ele>2057.430420</ele>
<time>2022-11-13T12:43:03.313Z</time>
<extensions>
<gpxtpx:TrackPointExtension>
<gpxtpx:speed>0.398532</gpxtpx:speed>
</gpxtpx:TrackPointExtension>
</extensions>
</trkpt>
<trkpt lat="46.127671" lon="12.493834">
<ele>2057.435547</ele>
<time>2022-11-13T12:44:04.320Z</time>
<extensions>
<gpxtpx:TrackPointExtension>
<gpxtpx:speed>0.560713</gpxtpx:speed>
</gpxtpx:TrackPointExtension>
</extensions>
</trkpt>
<trkpt lat="46.127712" lon="12.493905">
<ele>2058.130615</ele>
<time>2022-11-13T12:44:16.324Z</time>
<extensions>
<gpxtpx:TrackPointExtension>
<gpxtpx:speed>0.887529</gpxtpx:speed>
</gpxtpx:TrackPointExtension>
</extensions>
</trkpt>
<trkpt lat="46.127735" lon="12.493999">
<ele>2049.854980</ele>
<time>2022-11-13T12:44:26.341Z</time>
<extensions>
<gpxtpx:TrackPointExtension>
<gpxtpx:speed>0.896190</gpxtpx:speed>
</gpxtpx:TrackPointExtension>
</extensions>
</trkpt>
<trkpt lat="46.127745" lon="12.494080">
<ele>2052.129883</ele>
<time>2022-11-13T12:44:36.358Z</time>
<extensions>
<gpxtpx:TrackPointExtension>
<gpxtpx:speed>0.775439</gpxtpx:speed>
</gpxtpx:TrackPointExtension>
</extensions>
</trkpt>
<trkpt lat="46.127783" lon="12.494114">
<ele>2060.899658</ele>
<time>2022-11-13T12:44:46.393Z</time>
<extensions>
<gpxtpx:TrackPointExtension>
<gpxtpx:speed>0.737533</gpxtpx:speed>
</gpxtpx:TrackPointExtension>
</extensions>
</trkpt>
<trkpt lat="46.127857" lon="12.494166">
<ele>2050.423096</ele>
<time>2022-11-13T12:44:56.441Z</time>
<extensions>
<gpxtpx:TrackPointExtension>
<gpxtpx:speed>0.783568</gpxtpx:speed>
</gpxtpx:TrackPointExtension>
</extensions>
</trkpt>
<trkpt lat="46.127907" lon="12.494245">
<ele>2049.244629</ele>
<time>2022-11-13T12:45:06.474Z</time>
<extensions>
<gpxtpx:TrackPointExtension>
<gpxtpx:speed>0.862020</gpxtpx:speed>
</gpxtpx:TrackPointExtension>
</extensions>
</trkpt>
<trkpt lat="46.127951" lon="12.494375">
<ele>2046.171631</ele>
<time>2022-11-13T12:45:17.309Z</time>
<extensions>
<gpxtpx:TrackPointExtension>
<gpxtpx:speed>0.884324</gpxtpx:speed>
</gpxtpx:TrackPointExtension>
</extensions>
</trkpt>
<trkpt lat="46.127981" lon="12.494407">
<ele>2049.318604</ele>
<time>2022-11-13T12:45:27.333Z</time>
<extensions>
<gpxtpx:TrackPointExtension>
<gpxtpx:speed>0.810092</gpxtpx:speed>
</gpxtpx:TrackPointExtension>
</extensions>
</trkpt>
<trkpt lat="46.128032" lon="12.494519">
<ele>2046.496582</ele>
<time>2022-11-13T12:45:40.320Z</time>
<extensions>
<gpxtpx:TrackPointExtension>
<gpxtpx:speed>0.779220</gpxtpx:speed>
</gpxtpx:TrackPointExtension>
</extensions>
</trkpt>
<trkpt lat="46.128094" lon="12.494593">
<ele>2048.137451</ele>
<time>2022-11-13T12:45:52.328Z</time>
<extensions>
<gpxtpx:TrackPointExtension>
<gpxtpx:speed>0.562617</gpxtpx:speed>
</gpxtpx:TrackPointExtension>
</extensions>
</trkpt>
<trkpt lat="46.128142" lon="12.494680">
<ele>2049.022705</ele>
<time>2022-11-13T12:46:02.339Z</time>
<extensions>
<gpxtpx:TrackPointExtension>
<gpxtpx:speed>0.639710</gpxtpx:speed>
</gpxtpx:TrackPointExtension>
</extensions>
</trkpt>
<trkpt lat="46.128157" lon="12.494839">
<ele>2053.599121</ele>
<time>2022-11-13T12:46:17.305Z</time>
<extensions>
<gpxtpx:TrackPointExtension>
<gpxtpx:speed>0.800944</gpxtpx:speed>
</gpxtpx:TrackPointExtension>
</extensions>
</trkpt>
<trkpt lat="46.128166" lon="12.494981">
<ele>2043.621826</ele>
<time>2022-11-13T12:46:27.326Z</time>
<extensions>
<gpxtpx:TrackPointExtension>
<gpxtpx:speed>0.940383</gpxtpx:speed>
</gpxtpx:TrackPointExtension>
</extensions>
</trkpt>
<trkpt lat="46.128213" lon="12.495091">
<ele>2045.606201</ele>
<time>2022-11-13T12:46:37.331Z</time>
<extensions>
<gpxtpx:TrackPointExtension>
<gpxtpx:speed>0.863068</gpxtpx:speed>
</gpxtpx:TrackPointExtension>
</extensions>
</trkpt>
<trkpt lat="46.128222" lon="12.495282">
<ele>2044.884888</ele>
<time>2022-11-13T12:46:52.323Z</time>
<extensions>
<gpxtpx:TrackPointExtension>
<gpxtpx:speed>0.825441</gpxtpx:speed>
</gpxtpx:TrackPointExtension>
</extensions>
</trkpt>
<trkpt lat="46.128190" lon="12.495389">
<ele>2045.072388</ele>
<time>2022-11-13T12:47:02.323Z</time>
<extensions>
<gpxtpx:TrackPointExtension>
<gpxtpx:speed>0.802979</gpxtpx:speed>
</gpxtpx:TrackPointExtension>
</extensions>
</trkpt>
<trkpt lat="46.128182" lon="12.495505">
<ele>2043.072266</ele>
<time>2022-11-13T12:47:12.323Z</time>
<extensions>
<gpxtpx:TrackPointExtension>
<gpxtpx:speed>0.781503</gpxtpx:speed>
</gpxtpx:TrackPointExtension>
</extensions>
</trkpt>
<trkpt lat="46.128180" lon="12.495609">
<ele>2040.316406</ele>
<time>2022-11-13T12:47:22.331Z</time>
<extensions>
<gpxtpx:TrackPointExtension>
<gpxtpx:speed>0.780148</gpxtpx:speed>
</gpxtpx:TrackPointExtension>
</extensions>
</trkpt>
<trkpt lat="46.128181" lon="12.495750">
<ele>2041.708862</ele>
<time>2022-11-13T12:47:34.331Z</time>
<extensions>
<gpxtpx:TrackPointExtension>
<gpxtpx:speed>0.850484</gpxtpx:speed>
</gpxtpx:TrackPointExtension>
</extensions>
</trkpt>
<trkpt lat="46.128193" lon="12.495856">
<ele>2037.127075</ele>
<time>2022-11-13T12:47:47.327Z</time>
<extensions>
<gpxtpx:TrackPointExtension>
<gpxtpx:speed>0.719374</gpxtpx:speed>
</gpxtpx:TrackPointExtension>
</extensions>
</trkpt>
<trkpt lat="46.128200" lon="12.495973">
<ele>2033.731812</ele>
<time>2022-11-13T12:48:02.314Z</time>
<extensions>
<gpxtpx:TrackPointExtension>
<gpxtpx:speed>0.801096</gpxtpx:speed>
</gpxtpx:TrackPointExtension>
</extensions>
</trkpt>
<trkpt lat="46.128194" lon="12.496037">
<ele>2036.228760</ele>
<time>2022-11-13T12:48:12.321Z</time>
<extensions>
<gpxtpx:TrackPointExtension>
<gpxtpx:speed>0.659808</gpxtpx:speed>
</gpxtpx:TrackPointExtension>
</extensions>
</trkpt>
<trkpt lat="46.128182" lon="12.496111">
<ele>2031.599487</ele>
<time>2022-11-13T12:48:27.327Z</time>
<extensions>
<gpxtpx:TrackPointExtension>
<gpxtpx:speed>0.279885</gpxtpx:speed>
</gpxtpx:TrackPointExtension>
</extensions>
</trkpt>
<trkpt lat="46.128180" lon="12.496206">
<ele>2031.414551</ele>
<time>2022-11-13T12:48:37.338Z</time>
<extensions>
<gpxtpx:TrackPointExtension>
<gpxtpx:speed>0.772157</gpxtpx:speed>
</gpxtpx:TrackPointExtension>
</extensions>
</trkpt>
<trkpt lat="46.128140" lon="12.496300">
<ele>2028.024536</ele>
<time>2022-11-13T12:48:51.321Z</time>
<extensions>
<gpxtpx:TrackPointExtension>
<gpxtpx:speed>0.810616</gpxtpx:speed>
</gpxtpx:TrackPointExtension>
</extensions>
</trkpt>
<trkpt lat="46.128113" lon="12.496338">
<ele>2026.964966</ele>
<time>2022-11-13T12:49:03.147Z</time>
<extensions>
<gpxtpx:TrackPointExtension>
<gpxtpx:speed>0.494000</gpxtpx:speed>
</gpxtpx:TrackPointExtension>
</extensions>
</trkpt>
<trkpt lat="46.128087" lon="12.496433">
<ele>2021.476929</ele>
<time>2022-11-13T12:49:17.376Z</time>
<extensions>
<gpxtpx:TrackPointExtension>
<gpxtpx:speed>0.557660</gpxtpx:speed>
</gpxtpx:TrackPointExtension>
</extensions>
</trkpt>
<trkpt lat="46.128068" lon="12.496461">
<ele>2020.996094</ele>
<time>2022-11-13T12:49:27.440Z</time>
<extensions>
<gpxtpx:TrackPointExtension>
<gpxtpx:speed>0.269852</gpxtpx:speed>
</gpxtpx:TrackPointExtension>
</extensions>
</trkpt>
<trkpt lat="46.128034" lon="12.496493">
<ele>2020.937866</ele>
<time>2022-11-13T12:49:37.464Z</time>
<extensions>
<gpxtpx:TrackPointExtension>
<gpxtpx:speed>0.349888</gpxtpx:speed>
</gpxtpx:TrackPointExtension>
</extensions>
</trkpt>
<trkpt lat="46.128028" lon="12.496520">
<ele>2020.224487</ele>
<time>2022-11-13T12:49:47.497Z</time>
<extensions>
<gpxtpx:TrackPointExtension>
<gpxtpx:speed>0.624430</gpxtpx:speed>
</gpxtpx:TrackPointExtension>
</extensions>
</trkpt>
<trkpt lat="46.128028" lon="12.496613">
<ele>2021.445190</ele>
<time>2022-11-13T12:49:58.439Z</time>
<extensions>
<gpxtpx:TrackPointExtension>
<gpxtpx:speed>0.741290</gpxtpx:speed>
</gpxtpx:TrackPointExtension>
</extensions>
</trkpt>
<trkpt lat="46.128031" lon="12.496748">
<ele>2019.296997</ele>
<time>2022-11-13T12:50:10.316Z</time>
<extensions>
<gpxtpx:TrackPointExtension>
<gpxtpx:speed>0.797235</gpxtpx:speed>
</gpxtpx:TrackPointExtension>
</extensions>
</trkpt>
<trkpt lat="46.128032" lon="12.496864">
<ele>2015.505371</ele>
<time>2022-11-13T12:50:24.324Z</time>
<extensions>
<gpxtpx:TrackPointExtension>
<gpxtpx:speed>0.815549</gpxtpx:speed>
</gpxtpx:TrackPointExtension>
</extensions>
</trkpt>
<trkpt lat="46.128010" lon="12.496952">
<ele>2013.888306</ele>
<time>2022-11-13T12:50:56.329Z</time>
<extensions>
<gpxtpx:TrackPointExtension>
<gpxtpx:speed>0.884652</gpxtpx:speed>
</gpxtpx:TrackPointExtension>
</extensions>
</trkpt>
<trkpt lat="46.127990" lon="12.497164">
<ele>2012.746826</ele>
<time>2022-11-13T12:51:08.331Z</time>
<extensions>
<gpxtpx:TrackPointExtension>
<gpxtpx:speed>0.521850</gpxtpx:speed>
</gpxtpx:TrackPointExtension>
</extensions>
</trkpt>
<trkpt lat="46.127942" lon="12.497211">
<ele>2010.738770</ele>
<time>2022-11-13T12:51:21.334Z</time>
<extensions>
<gpxtpx:TrackPointExtension>
<gpxtpx:speed>1.217988</gpxtpx:speed>
</gpxtpx:TrackPointExtension>
</extensions>
</trkpt>
<trkpt lat="46.127875" lon="12.497286">
<ele>2013.106201</ele>
<time>2022-11-13T12:51:33.323Z</time>
<extensions>
<gpxtpx:TrackPointExtension>
<gpxtpx:speed>1.308832</gpxtpx:speed>
</gpxtpx:TrackPointExtension>
</extensions>
</trkpt>
<trkpt lat="46.127831" lon="12.497311">
<ele>2010.141602</ele>
<time>2022-11-13T12:51:43.874Z</time>
<extensions>
<gpxtpx:TrackPointExtension>
<gpxtpx:speed>0.679665</gpxtpx:speed>
</gpxtpx:TrackPointExtension>
</extensions>
</trkpt>
<trkpt lat="46.127839" lon="12.497274">
<ele>2007.602295</ele>
<time>2022-11-13T12:51:58.329Z</time>
<extensions>
<gpxtpx:TrackPointExtension>
<gpxtpx:speed>0.347333</gpxtpx:speed>
</gpxtpx:TrackPointExtension>
</extensions>
</trkpt>
<trkpt lat="46.127827" lon="12.497265">
<ele>2012.625366</ele>
<time>2022-11-13T12:52:13.316Z</time>
<extensions>
<gpxtpx:TrackPointExtension>
<gpxtpx:speed>0.552045</gpxtpx:speed>
</gpxtpx:TrackPointExtension>
</extensions>
</trkpt>
<trkpt lat="46.127786" lon="12.497290">
<ele>2008.878540</ele>
<time>2022-11-13T12:52:37.315Z</time>
<extensions>
<gpxtpx:TrackPointExtension>
<gpxtpx:speed>0.870413</gpxtpx:speed>
</gpxtpx:TrackPointExtension>
</extensions>
</trkpt>
<trkpt lat="46.127846" lon="12.497330">
<ele>2003.982422</ele>
<time>2022-11-13T12:52:53.306Z</time>
<extensions>
<gpxtpx:TrackPointExtension>
<gpxtpx:speed>2.954139</gpxtpx:speed>
</gpxtpx:TrackPointExtension>
</extensions>
</trkpt>
<trkpt lat="46.127817" lon="12.497315">
<ele>2002.999512</ele>
<time>2022-11-13T12:53:06.322Z</time>
<extensions>
<gpxtpx:TrackPointExtension>
<gpxtpx:speed>0.403248</gpxtpx:speed>
</gpxtpx:TrackPointExtension>
</extensions>
</trkpt>
<trkpt lat="46.127801" lon="12.497405">
<ele>2005.565186</ele>
<time>2022-11-13T12:53:18.313Z</time>
<extensions>
<gpxtpx:TrackPointExtension>
<gpxtpx:speed>0.636692</gpxtpx:speed>
</gpxtpx:TrackPointExtension>
</extensions>
</trkpt>
<trkpt lat="46.127805" lon="12.497551">
<ele>2001.292603</ele>
<time>2022-11-13T12:53:33.319Z</time>
<extensions>
<gpxtpx:TrackPointExtension>
<gpxtpx:speed>0.747185</gpxtpx:speed>
</gpxtpx:TrackPointExtension>
</extensions>
</trkpt>
<trkpt lat="46.127771" lon="12.497620">
<ele>2000.901489</ele>
<time>2022-11-13T12:53:43.349Z</time>
<extensions>
<gpxtpx:TrackPointExtension>
<gpxtpx:speed>0.324640</gpxtpx:speed>
</gpxtpx:TrackPointExtension>
</extensions>
</trkpt>
<trkpt lat="46.127770" lon="12.497666">
<ele>2000.663696</ele>
<time>2022-11-13T12:53:53.364Z</time>
<extensions>
<gpxtpx:TrackPointExtension>
<gpxtpx:speed>0.593203</gpxtpx:speed>
</gpxtpx:TrackPointExtension>
</extensions>
</trkpt>
<trkpt lat="46.127730" lon="12.497774">
<ele>1999.305664</ele>
<time>2022-11-13T12:54:03.384Z</time>
<extensions>
<gpxtpx:TrackPointExtension>
<gpxtpx:speed>0.845117</gpxtpx:speed>
</gpxtpx:TrackPointExtension>
</extensions>
</trkpt>
<trkpt lat="46.127714" lon="12.497747">
<ele>1996.385864</ele>
<time>2022-11-13T12:54:13.425Z</time>
<extensions>
<gpxtpx:TrackPointExtension>
<gpxtpx:speed>0.385333</gpxtpx:speed>
</gpxtpx:TrackPointExtension>
</extensions>
</trkpt>
<trkpt lat="46.127702" lon="12.497755">
<ele>1991.555786</ele>
<time>2022-11-13T12:54:23.465Z</time>
<extensions>
<gpxtpx:TrackPointExtension>
<gpxtpx:speed>1.680771</gpxtpx:speed>
</gpxtpx:TrackPointExtension>
</extensions>
</trkpt>
<trkpt lat="46.127684" lon="12.497832">
<ele>1994.042236</ele>
<time>2022-11-13T12:54:34.326Z</time>
<extensions>
<gpxtpx:TrackPointExtension>
<gpxtpx:speed>0.722466</gpxtpx:speed>
</gpxtpx:TrackPointExtension>
</extensions>
</trkpt>
<trkpt lat="46.127675" lon="12.497905">
<ele>1988.139404</ele>
<time>2022-11-13T12:54:49.323Z</time>
<extensions>
<gpxtpx:TrackPointExtension>
<gpxtpx:speed>0.612767</gpxtpx:speed>
</gpxtpx:TrackPointExtension>
</extensions>
</trkpt>
<trkpt lat="46.127684" lon="12.497965">
<ele>1986.918579</ele>
<time>2022-11-13T12:54:59.345Z</time>
<extensions>
<gpxtpx:TrackPointExtension>
<gpxtpx:speed>0.678497</gpxtpx:speed>
</gpxtpx:TrackPointExtension>
</extensions>
</trkpt>
<trkpt lat="46.127664" lon="12.497979">
<ele>1988.168457</ele>
<time>2022-11-13T12:55:19.323Z</time>
<extensions>
<gpxtpx:TrackPointExtension>
<gpxtpx:speed>0.710610</gpxtpx:speed>
</gpxtpx:TrackPointExtension>
</extensions>
</trkpt>
<trkpt lat="46.127638" lon="12.497994">
<ele>1986.826172</ele>
<time>2022-11-13T12:55:29.335Z</time>
<extensions>
<gpxtpx:TrackPointExtension>
<gpxtpx:speed>0.663761</gpxtpx:speed>
</gpxtpx:TrackPointExtension>
</extensions>
</trkpt>
<trkpt lat="46.127574" lon="12.497986">
<ele>1984.152222</ele>
<time>2022-11-13T12:55:40.334Z</time>
<extensions>
<gpxtpx:TrackPointExtension>
<gpxtpx:speed>1.046631</gpxtpx:speed>
</gpxtpx:TrackPointExtension>
</extensions>
</trkpt>
<trkpt lat="46.127522" lon="12.498061">
<ele>1981.681641</ele>
<time>2022-11-13T12:55:51.329Z</time>
<extensions>
<gpxtpx:TrackPointExtension>
<gpxtpx:speed>1.087028</gpxtpx:speed>
</gpxtpx:TrackPointExtension>
</extensions>
</trkpt>
<trkpt lat="46.127488" lon="12.498207">
<ele>1981.692261</ele>
<time>2022-11-13T12:56:04.326Z</time>
<extensions>
<gpxtpx:TrackPointExtension>
<gpxtpx:speed>0.967949</gpxtpx:speed>
</gpxtpx:TrackPointExtension>
</extensions>
</trkpt>
<trkpt lat="46.127441" lon="12.498283">
<ele>1981.538940</ele>
<time>2022-11-13T12:56:14.330Z</time>
<extensions>
<gpxtpx:TrackPointExtension>
<gpxtpx:speed>0.829650</gpxtpx:speed>
</gpxtpx:TrackPointExtension>
</extensions>
</trkpt>
<trkpt lat="46.127399" lon="12.498356">
<ele>1976.870117</ele>
<time>2022-11-13T12:56:24.336Z</time>
<extensions>
<gpxtpx:TrackPointExtension>
<gpxtpx:speed>1.059367</gpxtpx:speed>
</gpxtpx:TrackPointExtension>
</extensions>
</trkpt>
<trkpt lat="46.127331" lon="12.498468">
<ele>1975.485474</ele>
<time>2022-11-13T12:56:39.319Z</time>
<extensions>
<gpxtpx:TrackPointExtension>
<gpxtpx:speed>0.853971</gpxtpx:speed>
</gpxtpx:TrackPointExtension>
</extensions>
</trkpt>
<trkpt lat="46.127276" lon="12.498541">
<ele>1976.019287</ele>
<time>2022-11-13T12:56:49.324Z</time>
<extensions>
<gpxtpx:TrackPointExtension>
<gpxtpx:speed>0.798413</gpxtpx:speed>
</gpxtpx:TrackPointExtension>
</extensions>
</trkpt>
<trkpt lat="46.127272" lon="12.498590">
<ele>1973.326782</ele>
<time>2022-11-13T12:57:04.335Z</time>
<extensions>
<gpxtpx:TrackPointExtension>
<gpxtpx:speed>0.394248</gpxtpx:speed>
</gpxtpx:TrackPointExtension>
</extensions>
</trkpt>
<trkpt lat="46.127221" lon="12.498668">
<ele>1970.520630</ele>
<time>2022-11-13T12:57:14.335Z</time>
<extensions>
<gpxtpx:TrackPointExtension>
<gpxtpx:speed>0.875486</gpxtpx:speed>
</gpxtpx:TrackPointExtension>
</extensions>
</trkpt>
<trkpt lat="46.127107" lon="12.498782">
<ele>1971.725586</ele>
<time>2022-11-13T12:57:29.317Z</time>
<extensions>
<gpxtpx:TrackPointExtension>
<gpxtpx:speed>0.830834</gpxtpx:speed>
</gpxtpx:TrackPointExtension>
</extensions>
</trkpt>
<trkpt lat="46.127052" lon="12.498840">
<ele>1969.838989</ele>
<time>2022-11-13T12:57:39.324Z</time>
<extensions>
<gpxtpx:TrackPointExtension>
<gpxtpx:speed>0.796914</gpxtpx:speed>
</gpxtpx:TrackPointExtension>
</extensions>
</trkpt>
<trkpt lat="46.127046" lon="12.498942">
<ele>1969.284058</ele>
<time>2022-11-13T12:57:49.337Z</time>
<extensions>
<gpxtpx:TrackPointExtension>
<gpxtpx:speed>0.799209</gpxtpx:speed>
</gpxtpx:TrackPointExtension>
</extensions>
</trkpt>
<trkpt lat="46.127019" lon="12.499010">
<ele>1966.028809</ele>
<time>2022-11-13T12:58:00.656Z</time>
<extensions>
<gpxtpx:TrackPointExtension>
<gpxtpx:speed>0.877212</gpxtpx:speed>
</gpxtpx:TrackPointExtension>
</extensions>
</trkpt>
<trkpt lat="46.127007" lon="12.499079">
<ele>1964.123779</ele>
<time>2022-11-13T12:58:12.325Z</time>
<extensions>
<gpxtpx:TrackPointExtension>
<gpxtpx:speed>0.491606</gpxtpx:speed>
</gpxtpx:TrackPointExtension>
</extensions>
</trkpt>
<trkpt lat="46.127024" lon="12.499075">
<ele>1964.773682</ele>
<time>2022-11-13T12:58:22.327Z</time>
<extensions>
<gpxtpx:TrackPointExtension>
<gpxtpx:speed>0.283440</gpxtpx:speed>
</gpxtpx:TrackPointExtension>
</extensions>
</trkpt>
<trkpt lat="46.126996" lon="12.499007">
<ele>1969.328979</ele>
<time>2022-11-13T12:58:32.334Z</time>
<extensions>
<gpxtpx:TrackPointExtension>
<gpxtpx:speed>1.820523</gpxtpx:speed>
</gpxtpx:TrackPointExtension>
</extensions>
</trkpt>
<trkpt lat="46.127072" lon="12.498925">
<ele>1967.777954</ele>
<time>2022-11-13T12:58:49.404Z</time>
<extensions>
<gpxtpx:TrackPointExtension>
<gpxtpx:speed>0.230083</gpxtpx:speed>
</gpxtpx:TrackPointExtension>
</extensions>
</trkpt>
<trkpt lat="46.126996" lon="12.498998">
<ele>1962.046875</ele>
<time>2022-11-13T12:58:59.447Z</time>
<extensions>
<gpxtpx:TrackPointExtension>
<gpxtpx:speed>1.007480</gpxtpx:speed>
</gpxtpx:TrackPointExtension>
</extensions>
</trkpt>
<trkpt lat="46.126954" lon="12.499050">
<ele>1963.275513</ele>
<time>2022-11-13T12:59:09.496Z</time>
<extensions>
<gpxtpx:TrackPointExtension>
<gpxtpx:speed>0.895941</gpxtpx:speed>
</gpxtpx:TrackPointExtension>
</extensions>
</trkpt>
<trkpt lat="46.126902" lon="12.499091">
<ele>1960.702026</ele>
<time>2022-11-13T12:59:20.319Z</time>
<extensions>
<gpxtpx:TrackPointExtension>
<gpxtpx:speed>0.829002</gpxtpx:speed>
</gpxtpx:TrackPointExtension>
</extensions>
</trkpt>
<trkpt lat="46.126855" lon="12.499120">
<ele>1958.659546</ele>
<time>2022-11-13T12:59:30.319Z</time>
<extensions>
<gpxtpx:TrackPointExtension>
<gpxtpx:speed>0.836871</gpxtpx:speed>
</gpxtpx:TrackPointExtension>
</extensions>
</trkpt>
<trkpt lat="46.126780" lon="12.499177">
<ele>1955.348755</ele>
<time>2022-11-13T12:59:40.334Z</time>
<extensions>
<gpxtpx:TrackPointExtension>
<gpxtpx:speed>0.848037</gpxtpx:speed>
</gpxtpx:TrackPointExtension>
</extensions>
</trkpt>
<trkpt lat="46.126692" lon="12.499270">
<ele>1961.502563</ele>
<time>2022-11-13T12:59:55.336Z</time>
<extensions>
<gpxtpx:TrackPointExtension>
<gpxtpx:speed>0.640032</gpxtpx:speed>
</gpxtpx:TrackPointExtension>
</extensions>
</trkpt>
<trkpt lat="46.126621" lon="12.499361">
<ele>1959.024170</ele>
<time>2022-11-13T13:00:08.334Z</time>
<extensions>
<gpxtpx:TrackPointExtension>
<gpxtpx:speed>0.721158</gpxtpx:speed>
</gpxtpx:TrackPointExtension>
</extensions>
</trkpt>
<trkpt lat="46.126559" lon="12.499490">
<ele>1956.646118</ele>
<time>2022-11-13T13:00:20.332Z</time>
<extensions>
<gpxtpx:TrackPointExtension>
<gpxtpx:speed>0.677577</gpxtpx:speed>
</gpxtpx:TrackPointExtension>
</extensions>
</trkpt>
<trkpt lat="46.126486" lon="12.499581">
<ele>1953.950928</ele>
<time>2022-11-13T13:00:35.332Z</time>
<extensions>
<gpxtpx:TrackPointExtension>
<gpxtpx:speed>0.677043</gpxtpx:speed>
</gpxtpx:TrackPointExtension>
</extensions>
</trkpt>
<trkpt lat="46.126459" lon="12.499648">
<ele>1955.200806</ele>
<time>2022-11-13T13:00:47.334Z</time>
<extensions>
<gpxtpx:TrackPointExtension>
<gpxtpx:speed>0.445097</gpxtpx:speed>
</gpxtpx:TrackPointExtension>
</extensions>
</trkpt>
<trkpt lat="46.126432" lon="12.499727">
<ele>1954.833496</ele>
<time>2022-11-13T13:00:58.332Z</time>
<extensions>
<gpxtpx:TrackPointExtension>
<gpxtpx:speed>0.632706</gpxtpx:speed>
</gpxtpx:TrackPointExtension>
</extensions>
</trkpt>
<trkpt lat="46.126388" lon="12.499834">
<ele>1951.226807</ele>
<time>2022-11-13T13:01:10.323Z</time>
<extensions>
<gpxtpx:TrackPointExtension>
<gpxtpx:speed>0.519961</gpxtpx:speed>
</gpxtpx:TrackPointExtension>
</extensions>
</trkpt>
<trkpt lat="46.126377" lon="12.499915">
<ele>1947.884277</ele>
<time>2022-11-13T13:01:20.323Z</time>
<extensions>
<gpxtpx:TrackPointExtension>
<gpxtpx:speed>0.695177</gpxtpx:speed>
</gpxtpx:TrackPointExtension>
</extensions>
</trkpt>
<trkpt lat="46.126327" lon="12.499993">
<ele>1949.290039</ele>
<time>2022-11-13T13:01:35.316Z</time>
<extensions>
<gpxtpx:TrackPointExtension>
<gpxtpx:speed>0.708579</gpxtpx:speed>
</gpxtpx:TrackPointExtension>
</extensions>
</trkpt>
<trkpt lat="46.126288" lon="12.500078">
<ele>1944.924927</ele>
<time>2022-11-13T13:01:45.316Z</time>
<extensions>
<gpxtpx:TrackPointExtension>
<gpxtpx:speed>0.687757</gpxtpx:speed>
</gpxtpx:TrackPointExtension>
</extensions>
</trkpt>
<trkpt lat="46.126242" lon="12.500024">
<ele>1945.323975</ele>
<time>2022-11-13T13:01:55.326Z</time>
<extensions>
<gpxtpx:TrackPointExtension>
<gpxtpx:speed>0.415549</gpxtpx:speed>
</gpxtpx:TrackPointExtension>
</extensions>
</trkpt>
<trkpt lat="46.126222" lon="12.500180">
<ele>1943.223389</ele>
<time>2022-11-13T13:02:10.307Z</time>
<extensions>
<gpxtpx:TrackPointExtension>
<gpxtpx:speed>0.595127</gpxtpx:speed>
</gpxtpx:TrackPointExtension>
</extensions>
</trkpt>
<trkpt lat="46.126209" lon="12.500177">
<ele>1941.619507</ele>
<time>2022-11-13T13:03:03.317Z</time>
<extensions>
<gpxtpx:TrackPointExtension>
<gpxtpx:speed>1.061379</gpxtpx:speed>
</gpxtpx:TrackPointExtension>
</extensions>
</trkpt>
<trkpt lat="46.126203" lon="12.500239">
<ele>1945.294922</ele>
<time>2022-11-13T13:03:15.396Z</time>
<extensions>
<gpxtpx:TrackPointExtension>
<gpxtpx:speed>0.992851</gpxtpx:speed>
</gpxtpx:TrackPointExtension>
</extensions>
</trkpt>
<trkpt lat="46.126165" lon="12.500325">
<ele>1940.686768</ele>
<time>2022-11-13T13:03:25.412Z</time>
<extensions>
<gpxtpx:TrackPointExtension>
<gpxtpx:speed>0.611950</gpxtpx:speed>
</gpxtpx:TrackPointExtension>
</extensions>
</trkpt>
<trkpt lat="46.126093" lon="12.500380">
<ele>1938.646973</ele>
<time>2022-11-13T13:03:35.437Z</time>
<extensions>
<gpxtpx:TrackPointExtension>
<gpxtpx:speed>0.954046</gpxtpx:speed>
</gpxtpx:TrackPointExtension>
</extensions>
</trkpt>
<trkpt lat="46.126085" lon="12.500368">
<ele>1934.326782</ele>
<time>2022-11-13T13:03:45.472Z</time>
<extensions>
<gpxtpx:TrackPointExtension>
<gpxtpx:speed>0.302280</gpxtpx:speed>
</gpxtpx:TrackPointExtension>
</extensions>
</trkpt>
<trkpt lat="46.126053" lon="12.500390">
<ele>1935.748413</ele>
<time>2022-11-13T13:03:56.296Z</time>
<extensions>
<gpxtpx:TrackPointExtension>
<gpxtpx:speed>0.514413</gpxtpx:speed>
</gpxtpx:TrackPointExtension>
</extensions>
</trkpt>
<trkpt lat="46.126006" lon="12.500425">
<ele>1933.103394</ele>
<time>2022-11-13T13:04:06.320Z</time>
<extensions>
<gpxtpx:TrackPointExtension>
<gpxtpx:speed>0.674077</gpxtpx:speed>
</gpxtpx:TrackPointExtension>
</extensions>
</trkpt>
<trkpt lat="46.126025" lon="12.500417">
<ele>1933.079712</ele>
<time>2022-11-13T13:04:16.330Z</time>
<extensions>
<gpxtpx:TrackPointExtension>
<gpxtpx:speed>0.446455</gpxtpx:speed>
</gpxtpx:TrackPointExtension>
</extensions>
</trkpt>
<trkpt lat="46.126011" lon="12.500462">
<ele>1931.396484</ele>
<time>2022-11-13T13:04:41.336Z</time>
<extensions>
<gpxtpx:TrackPointExtension>
<gpxtpx:speed>0.668056</gpxtpx:speed>
</gpxtpx:TrackPointExtension>
</extensions>
</trkpt>
<trkpt lat="46.125998" lon="12.500499">
<ele>1931.666016</ele>
<time>2022-11-13T13:04:57.287Z</time>
<extensions>
<gpxtpx:TrackPointExtension>
<gpxtpx:speed>0.225519</gpxtpx:speed>
</gpxtpx:TrackPointExtension>
</extensions>
</trkpt>
<trkpt lat="46.125978" lon="12.500498">
<ele>1932.892090</ele>
<time>2022-11-13T13:05:07.316Z</time>
<extensions>
<gpxtpx:TrackPointExtension>
<gpxtpx:speed>0.679197</gpxtpx:speed>
</gpxtpx:TrackPointExtension>
</extensions>
</trkpt>
<trkpt lat="46.125944" lon="12.500509">
<ele>1929.766235</ele>
<time>2022-11-13T13:05:25.332Z</time>
<extensions>
<gpxtpx:TrackPointExtension>
<gpxtpx:speed>0.243720</gpxtpx:speed>
</gpxtpx:TrackPointExtension>
</extensions>
</trkpt>
<trkpt lat="46.125894" lon="12.500568">
<ele>1928.228394</ele>
<time>2022-11-13T13:05:36.337Z</time>
<extensions>
<gpxtpx:TrackPointExtension>
<gpxtpx:speed>0.740940</gpxtpx:speed>
</gpxtpx:TrackPointExtension>
</extensions>
</trkpt>
<trkpt lat="46.125816" lon="12.500605">
<ele>1924.431519</ele>
<time>2022-11-13T13:05:51.335Z</time>
<extensions>
<gpxtpx:TrackPointExtension>
<gpxtpx:speed>0.812172</gpxtpx:speed>
</gpxtpx:TrackPointExtension>
</extensions>
</trkpt>
<trkpt lat="46.125722" lon="12.500671">
<ele>1907.407349</ele>
<time>2022-11-13T13:06:02.326Z</time>
<extensions>
<gpxtpx:TrackPointExtension>
<gpxtpx:speed>0.906307</gpxtpx:speed>
</gpxtpx:TrackPointExtension>
</extensions>
</trkpt>
<trkpt lat="46.125683" lon="12.500702">
<ele>1924.632324</ele>
<time>2022-11-13T13:06:12.326Z</time>
<extensions>
<gpxtpx:TrackPointExtension>
<gpxtpx:speed>0.725757</gpxtpx:speed>
</gpxtpx:TrackPointExtension>
</extensions>
</trkpt>
<trkpt lat="46.125612" lon="12.500747">
<ele>1922.740479</ele>
<time>2022-11-13T13:06:22.327Z</time>
<extensions>
<gpxtpx:TrackPointExtension>
<gpxtpx:speed>0.870252</gpxtpx:speed>
</gpxtpx:TrackPointExtension>
</extensions>
</trkpt>
<trkpt lat="46.125565" lon="12.500735">
<ele>1916.768921</ele>
<time>2022-11-13T13:06:33.334Z</time>
<extensions>
<gpxtpx:TrackPointExtension>
<gpxtpx:speed>0.472916</gpxtpx:speed>
</gpxtpx:TrackPointExtension>
</extensions>
</trkpt>
<trkpt lat="46.125531" lon="12.500727">
<ele>1918.446777</ele>
<time>2022-11-13T13:06:52.318Z</time>
<extensions>
<gpxtpx:TrackPointExtension>
<gpxtpx:speed>0.275754</gpxtpx:speed>
</gpxtpx:TrackPointExtension>
</extensions>
</trkpt>
<trkpt lat="46.125488" lon="12.500736">
<ele>1917.986938</ele>
<time>2022-11-13T13:07:03.317Z</time>
<extensions>
<gpxtpx:TrackPointExtension>
<gpxtpx:speed>0.809544</gpxtpx:speed>
</gpxtpx:TrackPointExtension>
</extensions>
</trkpt>
<trkpt lat="46.125468" lon="12.500789">
<ele>1917.635620</ele>
<time>2022-11-13T13:07:37.330Z</time>
<extensions>
<gpxtpx:TrackPointExtension>
<gpxtpx:speed>0.259497</gpxtpx:speed>
</gpxtpx:TrackPointExtension>
</extensions>
</trkpt>
<trkpt lat="46.125546" lon="12.500816">
<ele>1913.468750</ele>
<time>2022-11-13T13:07:47.463Z</time>
<extensions>
<gpxtpx:TrackPointExtension>
<gpxtpx:speed>0.805682</gpxtpx:speed>
</gpxtpx:TrackPointExtension>
</extensions>
</trkpt>
<trkpt lat="46.125488" lon="12.500813">
<ele>1916.335571</ele>
<time>2022-11-13T13:07:57.496Z</time>
<extensions>
<gpxtpx:TrackPointExtension>
<gpxtpx:speed>0.677878</gpxtpx:speed>
</gpxtpx:TrackPointExtension>
</extensions>
</trkpt>
<trkpt lat="46.125478" lon="12.500825">
<ele>1917.046387</ele>
<time>2022-11-13T13:08:22.331Z</time>
<extensions>
<gpxtpx:TrackPointExtension>
<gpxtpx:speed>0.716535</gpxtpx:speed>
</gpxtpx:TrackPointExtension>
</extensions>
</trkpt>
<trkpt lat="46.125490" lon="12.500843">
<ele>1916.470337</ele>
<time>2022-11-13T13:08:33.336Z</time>
<extensions>
<gpxtpx:TrackPointExtension>
<gpxtpx:speed>0.219866</gpxtpx:speed>
</gpxtpx:TrackPointExtension>
</extensions>
</trkpt>
<trkpt lat="46.125461" lon="12.500833">
<ele>1914.982666</ele>
<time>2022-11-13T13:08:44.043Z</time>
<extensions>
<gpxtpx:TrackPointExtension>
<gpxtpx:speed>0.409806</gpxtpx:speed>
</gpxtpx:TrackPointExtension>
</extensions>
</trkpt>
<trkpt lat="46.125384" lon="12.500798">
<ele>1912.665405</ele>
<time>2022-11-13T13:08:58.328Z</time>
<extensions>
<gpxtpx:TrackPointExtension>
<gpxtpx:speed>0.756820</gpxtpx:speed>
</gpxtpx:TrackPointExtension>
</extensions>
</trkpt>
<trkpt lat="46.125303" lon="12.500826">
<ele>1911.061646</ele>
<time>2022-11-13T13:09:10.327Z</time>
<extensions>
<gpxtpx:TrackPointExtension>
<gpxtpx:speed>0.598643</gpxtpx:speed>
</gpxtpx:TrackPointExtension>
</extensions>
</trkpt>
<trkpt lat="46.125269" lon="12.500846">
<ele>1908.131348</ele>
<time>2022-11-13T13:09:28.331Z</time>
<extensions>
<gpxtpx:TrackPointExtension>
<gpxtpx:speed>0.604499</gpxtpx:speed>
</gpxtpx:TrackPointExtension>
</extensions>
</trkpt>
<trkpt lat="46.125218" lon="12.500827">
<ele>1900.738281</ele>
<time>2022-11-13T13:09:39.326Z</time>
<extensions>
<gpxtpx:TrackPointExtension>
<gpxtpx:speed>0.526621</gpxtpx:speed>
</gpxtpx:TrackPointExtension>
</extensions>
</trkpt>
<trkpt lat="46.125200" lon="12.500844">
<ele>1903.166504</ele>
<time>2022-11-13T13:10:08.312Z</time>
<extensions>
<gpxtpx:TrackPointExtension>
<gpxtpx:speed>0.383419</gpxtpx:speed>
</gpxtpx:TrackPointExtension>
</extensions>
</trkpt>
<trkpt lat="46.125148" lon="12.500833">
<ele>1903.496704</ele>
<time>2022-11-13T13:10:23.297Z</time>
<extensions>
<gpxtpx:TrackPointExtension>
<gpxtpx:speed>0.546962</gpxtpx:speed>
</gpxtpx:TrackPointExtension>
</extensions>
</trkpt>
<trkpt lat="46.125109" lon="12.500820">
<ele>1901.166260</ele>
<time>2022-11-13T13:10:33.315Z</time>
<extensions>
<gpxtpx:TrackPointExtension>
<gpxtpx:speed>0.551631</gpxtpx:speed>
</gpxtpx:TrackPointExtension>
</extensions>
</trkpt>
<trkpt lat="46.125051" lon="12.500798">
<ele>1900.302246</ele>
<time>2022-11-13T13:10:43.328Z</time>
<extensions>
<gpxtpx:TrackPointExtension>
<gpxtpx:speed>0.537178</gpxtpx:speed>
</gpxtpx:TrackPointExtension>
</extensions>
</trkpt>
<trkpt lat="46.125028" lon="12.500801">
<ele>1901.530884</ele>
<time>2022-11-13T13:10:56.321Z</time>
<extensions>
<gpxtpx:TrackPointExtension>
<gpxtpx:speed>0.673403</gpxtpx:speed>
</gpxtpx:TrackPointExtension>
</extensions>
</trkpt>
<trkpt lat="46.124955" lon="12.500845">
<ele>1896.420776</ele>
<time>2022-11-13T13:11:08.308Z</time>
<extensions>
<gpxtpx:TrackPointExtension>
<gpxtpx:speed>0.775851</gpxtpx:speed>
</gpxtpx:TrackPointExtension>
</extensions>
</trkpt>
<trkpt lat="46.124896" lon="12.500841">
<ele>1894.301636</ele>
<time>2022-11-13T13:11:18.312Z</time>
<extensions>
<gpxtpx:TrackPointExtension>
<gpxtpx:speed>0.827444</gpxtpx:speed>
</gpxtpx:TrackPointExtension>
</extensions>
</trkpt>
<trkpt lat="46.124846" lon="12.500878">
<ele>1893.236816</ele>
<time>2022-11-13T13:11:28.337Z</time>
<extensions>
<gpxtpx:TrackPointExtension>
<gpxtpx:speed>0.611055</gpxtpx:speed>
</gpxtpx:TrackPointExtension>
</extensions>
</trkpt>
<trkpt lat="46.124838" lon="12.500900">
<ele>1894.901489</ele>
<time>2022-11-13T13:11:38.349Z</time>
<extensions>
<gpxtpx:TrackPointExtension>
<gpxtpx:speed>0.545964</gpxtpx:speed>
</gpxtpx:TrackPointExtension>
</extensions>
</trkpt>
<trkpt lat="46.124827" lon="12.500910">
<ele>1894.367676</ele>
<time>2022-11-13T13:11:55.331Z</time>
<extensions>
<gpxtpx:TrackPointExtension>
<gpxtpx:speed>0.792412</gpxtpx:speed>
</gpxtpx:TrackPointExtension>
</extensions>
</trkpt>
<trkpt lat="46.124778" lon="12.500983">
<ele>1881.185425</ele>
<time>2022-11-13T13:12:08.433Z</time>
<extensions>
<gpxtpx:TrackPointExtension>
<gpxtpx:speed>1.306603</gpxtpx:speed>
</gpxtpx:TrackPointExtension>
</extensions>
</trkpt>
<trkpt lat="46.124762" lon="12.501003">
<ele>1886.771118</ele>
<time>2022-11-13T13:12:27.340Z</time>
<extensions>
<gpxtpx:TrackPointExtension>
<gpxtpx:speed>0.787751</gpxtpx:speed>
</gpxtpx:TrackPointExtension>
</extensions>
</trkpt>
<trkpt lat="46.124720" lon="12.501060">
<ele>1889.838867</ele>
<time>2022-11-13T13:12:39.341Z</time>
<extensions>
<gpxtpx:TrackPointExtension>
<gpxtpx:speed>0.425167</gpxtpx:speed>
</gpxtpx:TrackPointExtension>
</extensions>
</trkpt>
<trkpt lat="46.124679" lon="12.501003">
<ele>1889.154541</ele>
<time>2022-11-13T13:12:54.306Z</time>
<extensions>
<gpxtpx:TrackPointExtension>
<gpxtpx:speed>0.749531</gpxtpx:speed>
</gpxtpx:TrackPointExtension>
</extensions>
</trkpt>
<trkpt lat="46.124678" lon="12.501081">
<ele>1887.183350</ele>
<time>2022-11-13T13:13:04.334Z</time>
<extensions>
<gpxtpx:TrackPointExtension>
<gpxtpx:speed>0.516347</gpxtpx:speed>
</gpxtpx:TrackPointExtension>
</extensions>
</trkpt>
<trkpt lat="46.124627" lon="12.501135">
<ele>1884.929443</ele>
<time>2022-11-13T13:13:15.322Z</time>
<extensions>
<gpxtpx:TrackPointExtension>
<gpxtpx:speed>0.958320</gpxtpx:speed>
</gpxtpx:TrackPointExtension>
</extensions>
</trkpt>
<trkpt lat="46.124592" lon="12.501206">
<ele>1880.176025</ele>
<time>2022-11-13T13:13:29.325Z</time>
<extensions>
<gpxtpx:TrackPointExtension>
<gpxtpx:speed>0.729830</gpxtpx:speed>
</gpxtpx:TrackPointExtension>
</extensions>
</trkpt>
<trkpt lat="46.124580" lon="12.501211">
<ele>1882.849976</ele>
<time>2022-11-13T13:13:49.311Z</time>
<extensions>
<gpxtpx:TrackPointExtension>
<gpxtpx:speed>0.662017</gpxtpx:speed>
</gpxtpx:TrackPointExtension>
</extensions>
</trkpt>
<trkpt lat="46.124530" lon="12.501205">
<ele>1881.914673</ele>
<time>2022-11-13T13:13:59.315Z</time>
<extensions>
<gpxtpx:TrackPointExtension>
<gpxtpx:speed>0.318165</gpxtpx:speed>
</gpxtpx:TrackPointExtension>
</extensions>
</trkpt>
<trkpt lat="46.124480" lon="12.501147">
<ele>1877.375244</ele>
<time>2022-11-13T13:14:14.327Z</time>
<extensions>
<gpxtpx:TrackPointExtension>
<gpxtpx:speed>0.663250</gpxtpx:speed>
</gpxtpx:TrackPointExtension>
</extensions>
</trkpt>
<trkpt lat="46.124442" lon="12.501187">
<ele>1872.957397</ele>
<time>2022-11-13T13:14:27.333Z</time>
<extensions>
<gpxtpx:TrackPointExtension>
<gpxtpx:speed>0.608626</gpxtpx:speed>
</gpxtpx:TrackPointExtension>
</extensions>
</trkpt>
<trkpt lat="46.124428" lon="12.501233">
<ele>1875.795166</ele>
<time>2022-11-13T13:14:39.321Z</time>
<extensions>
<gpxtpx:TrackPointExtension>
<gpxtpx:speed>0.511373</gpxtpx:speed>
</gpxtpx:TrackPointExtension>
</extensions>
</trkpt>
<trkpt lat="46.124425" lon="12.501252">
<ele>1871.097168</ele>
<time>2022-11-13T13:14:54.314Z</time>
<extensions>
<gpxtpx:TrackPointExtension>
<gpxtpx:speed>0.785001</gpxtpx:speed>
</gpxtpx:TrackPointExtension>
</extensions>
</trkpt>
<trkpt lat="46.124359" lon="12.501269">
<ele>1868.745605</ele>
<time>2022-11-13T13:15:05.326Z</time>
<extensions>
<gpxtpx:TrackPointExtension>
<gpxtpx:speed>0.633249</gpxtpx:speed>
</gpxtpx:TrackPointExtension>
</extensions>
</trkpt>
<trkpt lat="46.124322" lon="12.501361">
<ele>1860.588867</ele>
<time>2022-11-13T13:15:19.323Z</time>
<extensions>
<gpxtpx:TrackPointExtension>
<gpxtpx:speed>0.891548</gpxtpx:speed>
</gpxtpx:TrackPointExtension>
</extensions>
</trkpt>
<trkpt lat="46.124252" lon="12.501305">
<ele>1862.401489</ele>
<time>2022-11-13T13:15:33.328Z</time>
<extensions>
<gpxtpx:TrackPointExtension>
<gpxtpx:speed>0.609296</gpxtpx:speed>
</gpxtpx:TrackPointExtension>
</extensions>
</trkpt>
<trkpt lat="46.124230" lon="12.501366">
<ele>1860.863647</ele>
<time>2022-11-13T13:15:43.343Z</time>
<extensions>
<gpxtpx:TrackPointExtension>
<gpxtpx:speed>0.679781</gpxtpx:speed>
</gpxtpx:TrackPointExtension>
</extensions>
</trkpt>
<trkpt lat="46.124172" lon="12.501442">
<ele>1858.144775</ele>
<time>2022-11-13T13:15:54.329Z</time>
<extensions>
<gpxtpx:TrackPointExtension>
<gpxtpx:speed>0.916712</gpxtpx:speed>
</gpxtpx:TrackPointExtension>
</extensions>
</trkpt>
<trkpt lat="46.124086" lon="12.501503">
<ele>1855.869751</ele>
<time>2022-11-13T13:16:09.316Z</time>
<extensions>
<gpxtpx:TrackPointExtension>
<gpxtpx:speed>0.785954</gpxtpx:speed>
</gpxtpx:TrackPointExtension>
</extensions>
</trkpt>
<trkpt lat="46.124110" lon="12.501495">
<ele>1859.682617</ele>
<time>2022-11-13T13:16:34.344Z</time>
<extensions>
<gpxtpx:TrackPointExtension>
<gpxtpx:speed>0.386278</gpxtpx:speed>
</gpxtpx:TrackPointExtension>
</extensions>
</trkpt>
<trkpt lat="46.124042" lon="12.501563">
<ele>1853.880127</ele>
<time>2022-11-13T13:16:44.372Z</time>
<extensions>
<gpxtpx:TrackPointExtension>
<gpxtpx:speed>1.146638</gpxtpx:speed>
</gpxtpx:TrackPointExtension>
</extensions>
</trkpt>
<trkpt lat="46.124054" lon="12.501543">
<ele>1856.281982</ele>
<time>2022-11-13T13:16:59.439Z</time>
<extensions>
<gpxtpx:TrackPointExtension>
<gpxtpx:speed>1.190043</gpxtpx:speed>
</gpxtpx:TrackPointExtension>
</extensions>
</trkpt>
<trkpt lat="46.124023" lon="12.501511">
<ele>1850.830933</ele>
<time>2022-11-13T13:17:09.488Z</time>
<extensions>
<gpxtpx:TrackPointExtension>
<gpxtpx:speed>0.808246</gpxtpx:speed>
</gpxtpx:TrackPointExtension>
</extensions>
</trkpt>
<trkpt lat="46.123971" lon="12.501463">
<ele>1853.811401</ele>
<time>2022-11-13T13:17:20.299Z</time>
<extensions>
<gpxtpx:TrackPointExtension>
<gpxtpx:speed>0.765214</gpxtpx:speed>
</gpxtpx:TrackPointExtension>
</extensions>
</trkpt>
<trkpt lat="46.123936" lon="12.501525">
<ele>1848.595581</ele>
<time>2022-11-13T13:17:30.300Z</time>
<extensions>
<gpxtpx:TrackPointExtension>
<gpxtpx:speed>0.604101</gpxtpx:speed>
</gpxtpx:TrackPointExtension>
</extensions>
</trkpt>
<trkpt lat="46.123896" lon="12.501622">
<ele>1847.829346</ele>
<time>2022-11-13T13:17:40.314Z</time>
<extensions>
<gpxtpx:TrackPointExtension>
<gpxtpx:speed>0.925192</gpxtpx:speed>
</gpxtpx:TrackPointExtension>
</extensions>
</trkpt>
<trkpt lat="46.123872" lon="12.501719">
<ele>1846.510864</ele>
<time>2022-11-13T13:17:51.312Z</time>
<extensions>
<gpxtpx:TrackPointExtension>
<gpxtpx:speed>0.585610</gpxtpx:speed>
</gpxtpx:TrackPointExtension>
</extensions>
</trkpt>
<trkpt lat="46.123861" lon="12.501712">
<ele>1846.249268</ele>
<time>2022-11-13T13:18:05.294Z</time>
<extensions>
<gpxtpx:TrackPointExtension>
<gpxtpx:speed>0.426942</gpxtpx:speed>
</gpxtpx:TrackPointExtension>
</extensions>
</trkpt>
<trkpt lat="46.123857" lon="12.501629">
<ele>1844.349487</ele>
<time>2022-11-13T13:18:15.315Z</time>
<extensions>
<gpxtpx:TrackPointExtension>
<gpxtpx:speed>0.568471</gpxtpx:speed>
</gpxtpx:TrackPointExtension>
</extensions>
</trkpt>
<trkpt lat="46.123845" lon="12.501643">
<ele>1841.775879</ele>
<time>2022-11-13T13:18:25.321Z</time>
<extensions>
<gpxtpx:TrackPointExtension>
<gpxtpx:speed>0.384037</gpxtpx:speed>
</gpxtpx:TrackPointExtension>
</extensions>
</trkpt>
<trkpt lat="46.123802" lon="12.501576">
<ele>1846.444824</ele>
<time>2022-11-13T13:18:40.321Z</time>
<extensions>
<gpxtpx:TrackPointExtension>
<gpxtpx:speed>1.681132</gpxtpx:speed>
</gpxtpx:TrackPointExtension>
</extensions>
</trkpt>
<trkpt lat="46.123734" lon="12.501556">
<ele>1849.980103</ele>
<time>2022-11-13T13:18:52.324Z</time>
<extensions>
<gpxtpx:TrackPointExtension>
<gpxtpx:speed>0.980992</gpxtpx:speed>
</gpxtpx:TrackPointExtension>
</extensions>
</trkpt>
<trkpt lat="46.123646" lon="12.501617">
<ele>1840.597412</ele>
<time>2022-11-13T13:19:02.325Z</time>
<extensions>
<gpxtpx:TrackPointExtension>
<gpxtpx:speed>1.973732</gpxtpx:speed>
</gpxtpx:TrackPointExtension>
</extensions>
</trkpt>
<trkpt lat="46.123637" lon="12.501561">
<ele>1841.366333</ele>
<time>2022-11-13T13:19:15.329Z</time>
<extensions>
<gpxtpx:TrackPointExtension>
<gpxtpx:speed>0.688888</gpxtpx:speed>
</gpxtpx:TrackPointExtension>
</extensions>
</trkpt>
<trkpt lat="46.123550" lon="12.501616">
<ele>1835.011719</ele>
<time>2022-11-13T13:19:29.334Z</time>
<extensions>
<gpxtpx:TrackPointExtension>
<gpxtpx:speed>0.767555</gpxtpx:speed>
</gpxtpx:TrackPointExtension>
</extensions>
</trkpt>
<trkpt lat="46.123471" lon="12.501650">
<ele>1832.046997</ele>
<time>2022-11-13T13:19:40.333Z</time>
<extensions>
<gpxtpx:TrackPointExtension>
<gpxtpx:speed>0.875982</gpxtpx:speed>
</gpxtpx:TrackPointExtension>
</extensions>
</trkpt>
<trkpt lat="46.123482" lon="12.501699">
<ele>1833.901855</ele>
<time>2022-11-13T13:19:50.342Z</time>
<extensions>
<gpxtpx:TrackPointExtension>
<gpxtpx:speed>0.687906</gpxtpx:speed>
</gpxtpx:TrackPointExtension>
</extensions>
</trkpt>
<trkpt lat="46.123465" lon="12.501719">
<ele>1834.644409</ele>
<time>2022-11-13T13:20:05.315Z</time>
<extensions>
<gpxtpx:TrackPointExtension>
<gpxtpx:speed>0.670466</gpxtpx:speed>
</gpxtpx:TrackPointExtension>
</extensions>
</trkpt>
<trkpt lat="46.123406" lon="12.501810">
<ele>1833.444824</ele>
<time>2022-11-13T13:20:15.326Z</time>
<extensions>
<gpxtpx:TrackPointExtension>
<gpxtpx:speed>0.917942</gpxtpx:speed>
</gpxtpx:TrackPointExtension>
</extensions>
</trkpt>
<trkpt lat="46.123349" lon="12.501826">
<ele>1830.173706</ele>
<time>2022-11-13T13:20:25.345Z</time>
<extensions>
<gpxtpx:TrackPointExtension>
<gpxtpx:speed>0.888538</gpxtpx:speed>
</gpxtpx:TrackPointExtension>
</extensions>
</trkpt>
<trkpt lat="46.123274" lon="12.501892">
<ele>1829.256836</ele>
<time>2022-11-13T13:20:40.327Z</time>
<extensions>
<gpxtpx:TrackPointExtension>
<gpxtpx:speed>0.736035</gpxtpx:speed>
</gpxtpx:TrackPointExtension>
</extensions>
</trkpt>
<trkpt lat="46.123242" lon="12.501893">
<ele>1825.177124</ele>
<time>2022-11-13T13:20:53.337Z</time>
<extensions>
<gpxtpx:TrackPointExtension>
<gpxtpx:speed>0.787506</gpxtpx:speed>
</gpxtpx:TrackPointExtension>
</extensions>
</trkpt>
<trkpt lat="46.123161" lon="12.501978">
<ele>1832.604492</ele>
<time>2022-11-13T13:21:05.364Z</time>
<extensions>
<gpxtpx:TrackPointExtension>
<gpxtpx:speed>0.807575</gpxtpx:speed>
</gpxtpx:TrackPointExtension>
</extensions>
</trkpt>
<trkpt lat="46.123107" lon="12.501991">
<ele>1824.696167</ele>
<time>2022-11-13T13:21:15.385Z</time>
<extensions>
<gpxtpx:TrackPointExtension>
<gpxtpx:speed>0.777153</gpxtpx:speed>
</gpxtpx:TrackPointExtension>
</extensions>
</trkpt>
<trkpt lat="46.123086" lon="12.501977">
<ele>1824.574707</ele>
<time>2022-11-13T13:21:25.417Z</time>
<extensions>
<gpxtpx:TrackPointExtension>
<gpxtpx:speed>0.381104</gpxtpx:speed>
</gpxtpx:TrackPointExtension>
</extensions>
</trkpt>
<trkpt lat="46.123044" lon="12.501947">
<ele>1822.756836</ele>
<time>2022-11-13T13:21:35.458Z</time>
<extensions>
<gpxtpx:TrackPointExtension>
<gpxtpx:speed>0.549934</gpxtpx:speed>
</gpxtpx:TrackPointExtension>
</extensions>
</trkpt>
<trkpt lat="46.123000" lon="12.501933">
<ele>1818.719360</ele>
<time>2022-11-13T13:21:45.471Z</time>
<extensions>
<gpxtpx:TrackPointExtension>
<gpxtpx:speed>0.950432</gpxtpx:speed>
</gpxtpx:TrackPointExtension>
</extensions>
</trkpt>
<trkpt lat="46.123006" lon="12.501841">
<ele>1822.508423</ele>
<time>2022-11-13T13:21:55.509Z</time>
<extensions>
<gpxtpx:TrackPointExtension>
<gpxtpx:speed>0.621974</gpxtpx:speed>
</gpxtpx:TrackPointExtension>
</extensions>
</trkpt>
<trkpt lat="46.123007" lon="12.501792">
<ele>1815.374268</ele>
<time>2022-11-13T13:22:06.325Z</time>
<extensions>
<gpxtpx:TrackPointExtension>
<gpxtpx:speed>0.646123</gpxtpx:speed>
</gpxtpx:TrackPointExtension>
</extensions>
</trkpt>
<trkpt lat="46.122995" lon="12.501787">
<ele>1814.452148</ele>
<time>2022-11-13T13:22:19.324Z</time>
<extensions>
<gpxtpx:TrackPointExtension>
<gpxtpx:speed>0.794474</gpxtpx:speed>
</gpxtpx:TrackPointExtension>
</extensions>
</trkpt>
<trkpt lat="46.122903" lon="12.501838">
<ele>1814.235474</ele>
<time>2022-11-13T13:22:31.322Z</time>
<extensions>
<gpxtpx:TrackPointExtension>
<gpxtpx:speed>0.853116</gpxtpx:speed>
</gpxtpx:TrackPointExtension>
</extensions>
</trkpt>
<trkpt lat="46.122914" lon="12.501816">
<ele>1811.310425</ele>
<time>2022-11-13T13:23:03.333Z</time>
<extensions>
<gpxtpx:TrackPointExtension>
<gpxtpx:speed>0.518887</gpxtpx:speed>
</gpxtpx:TrackPointExtension>
</extensions>
</trkpt>
<trkpt lat="46.122918" lon="12.501830">
<ele>1813.670044</ele>
<time>2022-11-13T13:23:15.321Z</time>
<extensions>
<gpxtpx:TrackPointExtension>
<gpxtpx:speed>0.417881</gpxtpx:speed>
</gpxtpx:TrackPointExtension>
</extensions>
</trkpt>
<trkpt lat="46.122937" lon="12.501838">
<ele>1810.531006</ele>
<time>2022-11-13T13:24:41.337Z</time>
<extensions>
<gpxtpx:TrackPointExtension>
<gpxtpx:speed>0.446468</gpxtpx:speed>
</gpxtpx:TrackPointExtension>
</extensions>
</trkpt>
<trkpt lat="46.122924" lon="12.501981">
<ele>1811.595825</ele>
<time>2022-11-13T13:24:51.337Z</time>
<extensions>
<gpxtpx:TrackPointExtension>
<gpxtpx:speed>0.734943</gpxtpx:speed>
</gpxtpx:TrackPointExtension>
</extensions>
</trkpt>
<trkpt lat="46.122941" lon="12.501843">
<ele>1807.772461</ele>
<time>2022-11-13T13:25:01.338Z</time>
<extensions>
<gpxtpx:TrackPointExtension>
<gpxtpx:speed>1.029226</gpxtpx:speed>
</gpxtpx:TrackPointExtension>
</extensions>
</trkpt>
<trkpt lat="46.122893" lon="12.501802">
<ele>1810.361938</ele>
<time>2022-11-13T13:25:12.341Z</time>
<extensions>
<gpxtpx:TrackPointExtension>
<gpxtpx:speed>0.463830</gpxtpx:speed>
</gpxtpx:TrackPointExtension>
</extensions>
</trkpt>
<trkpt lat="46.122884" lon="12.501808">
<ele>1812.922241</ele>
<time>2022-11-13T13:25:37.322Z</time>
<extensions>
<gpxtpx:TrackPointExtension>
<gpxtpx:speed>0.219584</gpxtpx:speed>
</gpxtpx:TrackPointExtension>
</extensions>
</trkpt>
<trkpt lat="46.122812" lon="12.501851">
<ele>1809.788574</ele>
<time>2022-11-13T13:25:47.330Z</time>
<extensions>
<gpxtpx:TrackPointExtension>
<gpxtpx:speed>0.639622</gpxtpx:speed>
</gpxtpx:TrackPointExtension>
</extensions>
</trkpt>
<trkpt lat="46.122817" lon="12.501826">
<ele>1805.410278</ele>
<time>2022-11-13T13:26:01.353Z</time>
<extensions>
<gpxtpx:TrackPointExtension>
<gpxtpx:speed>0.207312</gpxtpx:speed>
</gpxtpx:TrackPointExtension>
</extensions>
</trkpt>
<trkpt lat="46.122767" lon="12.501870">
<ele>1802.606812</ele>
<time>2022-11-13T13:26:11.401Z</time>
<extensions>
<gpxtpx:TrackPointExtension>
<gpxtpx:speed>0.762445</gpxtpx:speed>
</gpxtpx:TrackPointExtension>
</extensions>
</trkpt>
<trkpt lat="46.122736" lon="12.501898">
<ele>1805.811890</ele>
<time>2022-11-13T13:26:21.429Z</time>
<extensions>
<gpxtpx:TrackPointExtension>
<gpxtpx:speed>0.823481</gpxtpx:speed>
</gpxtpx:TrackPointExtension>
</extensions>
</trkpt>
<trkpt lat="46.122690" lon="12.501978">
<ele>1801.647705</ele>
<time>2022-11-13T13:26:31.456Z</time>
<extensions>
<gpxtpx:TrackPointExtension>
<gpxtpx:speed>1.091313</gpxtpx:speed>
</gpxtpx:TrackPointExtension>
</extensions>
</trkpt>
<trkpt lat="46.122645" lon="12.502002">
<ele>1802.720459</ele>
<time>2022-11-13T13:26:41.501Z</time>
<extensions>
<gpxtpx:TrackPointExtension>
<gpxtpx:speed>0.820814</gpxtpx:speed>
</gpxtpx:TrackPointExtension>
</extensions>
</trkpt>
<trkpt lat="46.122593" lon="12.502096">
<ele>1796.965576</ele>
<time>2022-11-13T13:26:52.324Z</time>
<extensions>
<gpxtpx:TrackPointExtension>
<gpxtpx:speed>0.876826</gpxtpx:speed>
</gpxtpx:TrackPointExtension>
</extensions>
</trkpt>
<trkpt lat="46.122543" lon="12.502082">
<ele>1793.628418</ele>
<time>2022-11-13T13:27:05.342Z</time>
<extensions>
<gpxtpx:TrackPointExtension>
<gpxtpx:speed>0.884863</gpxtpx:speed>
</gpxtpx:TrackPointExtension>
</extensions>
</trkpt>
<trkpt lat="46.122504" lon="12.502107">
<ele>1795.092163</ele>
<time>2022-11-13T13:27:17.315Z</time>
<extensions>
<gpxtpx:TrackPointExtension>
<gpxtpx:speed>0.396715</gpxtpx:speed>
</gpxtpx:TrackPointExtension>
</extensions>
</trkpt>
<trkpt lat="46.122490" lon="12.502141">
<ele>1789.723145</ele>
<time>2022-11-13T13:27:32.322Z</time>
<extensions>
<gpxtpx:TrackPointExtension>
<gpxtpx:speed>1.348121</gpxtpx:speed>
</gpxtpx:TrackPointExtension>
</extensions>
</trkpt>
<trkpt lat="46.122448" lon="12.502205">
<ele>1794.265137</ele>
<time>2022-11-13T13:27:43.314Z</time>
<extensions>
<gpxtpx:TrackPointExtension>
<gpxtpx:speed>0.764574</gpxtpx:speed>
</gpxtpx:TrackPointExtension>
</extensions>
</trkpt>
<trkpt lat="46.122415" lon="12.502233">
<ele>1796.312866</ele>
<time>2022-11-13T13:27:53.336Z</time>
<extensions>
<gpxtpx:TrackPointExtension>
<gpxtpx:speed>0.801148</gpxtpx:speed>
</gpxtpx:TrackPointExtension>
</extensions>
</trkpt>
<trkpt lat="46.122404" lon="12.502342">
<ele>1789.773315</ele>
<time>2022-11-13T13:28:07.317Z</time>
<extensions>
<gpxtpx:TrackPointExtension>
<gpxtpx:speed>0.945474</gpxtpx:speed>
</gpxtpx:TrackPointExtension>
</extensions>
</trkpt>
<trkpt lat="46.122387" lon="12.502385">
<ele>1793.855591</ele>
<time>2022-11-13T13:28:17.323Z</time>
<extensions>
<gpxtpx:TrackPointExtension>
<gpxtpx:speed>0.604367</gpxtpx:speed>
</gpxtpx:TrackPointExtension>
</extensions>
</trkpt>
<trkpt lat="46.122386" lon="12.502439">
<ele>1787.625122</ele>
<time>2022-11-13T13:28:27.333Z</time>
<extensions>
<gpxtpx:TrackPointExtension>
<gpxtpx:speed>0.674671</gpxtpx:speed>
</gpxtpx:TrackPointExtension>
</extensions>
</trkpt>
<trkpt lat="46.122373" lon="12.502513">
<ele>1782.020874</ele>
<time>2022-11-13T13:28:40.332Z</time>
<extensions>
<gpxtpx:TrackPointExtension>
<gpxtpx:speed>0.693282</gpxtpx:speed>
</gpxtpx:TrackPointExtension>
</extensions>
</trkpt>
<trkpt lat="46.122369" lon="12.502573">
<ele>1786.988281</ele>
<time>2022-11-13T13:28:52.329Z</time>
<extensions>
<gpxtpx:TrackPointExtension>
<gpxtpx:speed>0.697772</gpxtpx:speed>
</gpxtpx:TrackPointExtension>
</extensions>
</trkpt>
<trkpt lat="46.122376" lon="12.502552">
<ele>1786.597290</ele>
<time>2022-11-13T13:29:14.315Z</time>
<extensions>
<gpxtpx:TrackPointExtension>
<gpxtpx:speed>0.651045</gpxtpx:speed>
</gpxtpx:TrackPointExtension>
</extensions>
</trkpt>
<trkpt lat="46.122364" lon="12.502573">
<ele>1785.870605</ele>
<time>2022-11-13T13:29:33.341Z</time>
<extensions>
<gpxtpx:TrackPointExtension>
<gpxtpx:speed>1.099611</gpxtpx:speed>
</gpxtpx:TrackPointExtension>
</extensions>
</trkpt>
<trkpt lat="46.122349" lon="12.502658">
<ele>1793.562256</ele>
<time>2022-11-13T13:29:43.343Z</time>
<extensions>
<gpxtpx:TrackPointExtension>
<gpxtpx:speed>0.820031</gpxtpx:speed>
</gpxtpx:TrackPointExtension>
</extensions>
</trkpt>
<trkpt lat="46.122338" lon="12.502760">
<ele>1784.988159</ele>
<time>2022-11-13T13:29:57.317Z</time>
<extensions>
<gpxtpx:TrackPointExtension>
<gpxtpx:speed>0.244716</gpxtpx:speed>
</gpxtpx:TrackPointExtension>
</extensions>
</trkpt>
<trkpt lat="46.122324" lon="12.502727">
<ele>1786.692383</ele>
<time>2022-11-13T13:30:11.331Z</time>
<extensions>
<gpxtpx:TrackPointExtension>
<gpxtpx:speed>0.429747</gpxtpx:speed>
</gpxtpx:TrackPointExtension>
</extensions>
</trkpt>
<trkpt lat="46.122320" lon="12.502742">
<ele>1776.305664</ele>
<time>2022-11-13T13:30:25.345Z</time>
<extensions>
<gpxtpx:TrackPointExtension>
<gpxtpx:speed>0.725643</gpxtpx:speed>
</gpxtpx:TrackPointExtension>
</extensions>
</trkpt>
<trkpt lat="46.122299" lon="12.502758">
<ele>1770.970825</ele>
<time>2022-11-13T13:30:37.344Z</time>
<extensions>
<gpxtpx:TrackPointExtension>
<gpxtpx:speed>0.439221</gpxtpx:speed>
</gpxtpx:TrackPointExtension>
</extensions>
</trkpt>
<trkpt lat="46.122306" lon="12.502785">
<ele>1780.710327</ele>
<time>2022-11-13T13:30:52.365Z</time>
<extensions>
<gpxtpx:TrackPointExtension>
<gpxtpx:speed>0.368562</gpxtpx:speed>
</gpxtpx:TrackPointExtension>
</extensions>
</trkpt>
<trkpt lat="46.122291" lon="12.502835">
<ele>1778.157837</ele>
<time>2022-11-13T13:31:02.404Z</time>
<extensions>
<gpxtpx:TrackPointExtension>
<gpxtpx:speed>0.881622</gpxtpx:speed>
</gpxtpx:TrackPointExtension>
</extensions>
</trkpt>
<trkpt lat="46.122247" lon="12.502880">
<ele>1774.770508</ele>
<time>2022-11-13T13:31:12.443Z</time>
<extensions>
<gpxtpx:TrackPointExtension>
<gpxtpx:speed>0.663115</gpxtpx:speed>
</gpxtpx:TrackPointExtension>
</extensions>
</trkpt>
<trkpt lat="46.122232" lon="12.502866">
<ele>1775.684692</ele>
<time>2022-11-13T13:31:22.475Z</time>
<extensions>
<gpxtpx:TrackPointExtension>
<gpxtpx:speed>0.544760</gpxtpx:speed>
</gpxtpx:TrackPointExtension>
</extensions>
</trkpt>
<trkpt lat="46.122175" lon="12.502916">
<ele>1773.005371</ele>
<time>2022-11-13T13:31:33.341Z</time>
<extensions>
<gpxtpx:TrackPointExtension>
<gpxtpx:speed>0.814082</gpxtpx:speed>
</gpxtpx:TrackPointExtension>
</extensions>
</trkpt>
<trkpt lat="46.122188" lon="12.502922">
<ele>1772.582642</ele>
<time>2022-11-13T13:31:51.331Z</time>
<extensions>
<gpxtpx:TrackPointExtension>
<gpxtpx:speed>0.507652</gpxtpx:speed>
</gpxtpx:TrackPointExtension>
</extensions>
</trkpt>
<trkpt lat="46.122175" lon="12.502962">
<ele>1772.574707</ele>
<time>2022-11-13T13:32:03.335Z</time>
<extensions>
<gpxtpx:TrackPointExtension>
<gpxtpx:speed>0.340296</gpxtpx:speed>
</gpxtpx:TrackPointExtension>
</extensions>
</trkpt>
<trkpt lat="46.122135" lon="12.503063">
<ele>1768.043213</ele>
<time>2022-11-13T13:32:18.312Z</time>
<extensions>
<gpxtpx:TrackPointExtension>
<gpxtpx:speed>0.343121</gpxtpx:speed>
</gpxtpx:TrackPointExtension>
</extensions>
</trkpt>
<trkpt lat="46.122084" lon="12.503089">
<ele>1767.829224</ele>
<time>2022-11-13T13:32:28.339Z</time>
<extensions>
<gpxtpx:TrackPointExtension>
<gpxtpx:speed>0.840414</gpxtpx:speed>
</gpxtpx:TrackPointExtension>
</extensions>
</trkpt>
<trkpt lat="46.122037" lon="12.503186">
<ele>1763.207886</ele>
<time>2022-11-13T13:32:39.331Z</time>
<extensions>
<gpxtpx:TrackPointExtension>
<gpxtpx:speed>0.861172</gpxtpx:speed>
</gpxtpx:TrackPointExtension>
</extensions>
</trkpt>
<trkpt lat="46.122016" lon="12.503193">
<ele>1762.824707</ele>
<time>2022-11-13T13:33:16.322Z</time>
<extensions>
<gpxtpx:TrackPointExtension>
<gpxtpx:speed>0.451429</gpxtpx:speed>
</gpxtpx:TrackPointExtension>
</extensions>
</trkpt>
<trkpt lat="46.121993" lon="12.503194">
<ele>1759.722656</ele>
<time>2022-11-13T13:33:38.334Z</time>
<extensions>
<gpxtpx:TrackPointExtension>
<gpxtpx:speed>0.555155</gpxtpx:speed>
</gpxtpx:TrackPointExtension>
</extensions>
</trkpt>
<trkpt lat="46.121915" lon="12.503231">
<ele>1759.307861</ele>
<time>2022-11-13T13:33:48.344Z</time>
<extensions>
<gpxtpx:TrackPointExtension>
<gpxtpx:speed>0.828771</gpxtpx:speed>
</gpxtpx:TrackPointExtension>
</extensions>
</trkpt>
<trkpt lat="46.121892" lon="12.503407">
<ele>1755.452759</ele>
<time>2022-11-13T13:34:03.330Z</time>
<extensions>
<gpxtpx:TrackPointExtension>
<gpxtpx:speed>0.838365</gpxtpx:speed>
</gpxtpx:TrackPointExtension>
</extensions>
</trkpt>
<trkpt lat="46.121852" lon="12.503477">
<ele>1755.825317</ele>
<time>2022-11-13T13:34:13.335Z</time>
<extensions>
<gpxtpx:TrackPointExtension>
<gpxtpx:speed>0.381733</gpxtpx:speed>
</gpxtpx:TrackPointExtension>
</extensions>
</trkpt>
<trkpt lat="46.121823" lon="12.503532">
<ele>1754.364136</ele>
<time>2022-11-13T13:34:27.340Z</time>
<extensions>
<gpxtpx:TrackPointExtension>
<gpxtpx:speed>0.702545</gpxtpx:speed>
</gpxtpx:TrackPointExtension>
</extensions>
</trkpt>
<trkpt lat="46.121799" lon="12.503615">
<ele>1750.834106</ele>
<time>2022-11-13T13:34:38.326Z</time>
<extensions>
<gpxtpx:TrackPointExtension>
<gpxtpx:speed>0.650489</gpxtpx:speed>
</gpxtpx:TrackPointExtension>
</extensions>
</trkpt>
<trkpt lat="46.121754" lon="12.503682">
<ele>1748.648926</ele>
<time>2022-11-13T13:34:53.313Z</time>
<extensions>
<gpxtpx:TrackPointExtension>
<gpxtpx:speed>0.673102</gpxtpx:speed>
</gpxtpx:TrackPointExtension>
</extensions>
</trkpt>
<trkpt lat="46.121721" lon="12.503701">
<ele>1749.626587</ele>
<time>2022-11-13T13:35:03.352Z</time>
<extensions>
<gpxtpx:TrackPointExtension>
<gpxtpx:speed>0.653931</gpxtpx:speed>
</gpxtpx:TrackPointExtension>
</extensions>
</trkpt>
<trkpt lat="46.121689" lon="12.503741">
<ele>1747.092651</ele>
<time>2022-11-13T13:35:13.372Z</time>
<extensions>
<gpxtpx:TrackPointExtension>
<gpxtpx:speed>0.645714</gpxtpx:speed>
</gpxtpx:TrackPointExtension>
</extensions>
</trkpt>
<trkpt lat="46.121646" lon="12.503807">
<ele>1749.851196</ele>
<time>2022-11-13T13:35:23.413Z</time>
<extensions>
<gpxtpx:TrackPointExtension>
<gpxtpx:speed>0.794481</gpxtpx:speed>
</gpxtpx:TrackPointExtension>
</extensions>
</trkpt>
<trkpt lat="46.121577" lon="12.503882">
<ele>1741.985107</ele>
<time>2022-11-13T13:35:33.441Z</time>
<extensions>
<gpxtpx:TrackPointExtension>
<gpxtpx:speed>1.016206</gpxtpx:speed>
</gpxtpx:TrackPointExtension>
</extensions>
</trkpt>
<trkpt lat="46.121510" lon="12.503982">
<ele>1748.284302</ele>
<time>2022-11-13T13:35:43.478Z</time>
<extensions>
<gpxtpx:TrackPointExtension>
<gpxtpx:speed>0.960487</gpxtpx:speed>
</gpxtpx:TrackPointExtension>
</extensions>
</trkpt>
<trkpt lat="46.121459" lon="12.504070">
<ele>1741.874146</ele>
<time>2022-11-13T13:35:54.322Z</time>
<extensions>
<gpxtpx:TrackPointExtension>
<gpxtpx:speed>0.665524</gpxtpx:speed>
</gpxtpx:TrackPointExtension>
</extensions>
</trkpt>
<trkpt lat="46.121422" lon="12.504103">
<ele>1742.526733</ele>
<time>2022-11-13T13:36:04.323Z</time>
<extensions>
<gpxtpx:TrackPointExtension>
<gpxtpx:speed>0.667008</gpxtpx:speed>
</gpxtpx:TrackPointExtension>
</extensions>
</trkpt>
<trkpt lat="46.121416" lon="12.504120">
<ele>1742.196533</ele>
<time>2022-11-13T13:36:14.325Z</time>
<extensions>
<gpxtpx:TrackPointExtension>
<gpxtpx:speed>0.399740</gpxtpx:speed>
</gpxtpx:TrackPointExtension>
</extensions>
</trkpt>
<trkpt lat="46.121329" lon="12.504250">
<ele>1733.825806</ele>
<time>2022-11-13T13:36:29.329Z</time>
<extensions>
<gpxtpx:TrackPointExtension>
<gpxtpx:speed>1.240880</gpxtpx:speed>
</gpxtpx:TrackPointExtension>
</extensions>
</trkpt>
<trkpt lat="46.121245" lon="12.504330">
<ele>1734.253784</ele>
<time>2022-11-13T13:36:42.328Z</time>
<extensions>
<gpxtpx:TrackPointExtension>
<gpxtpx:speed>0.918762</gpxtpx:speed>
</gpxtpx:TrackPointExtension>
</extensions>
</trkpt>
<trkpt lat="46.121268" lon="12.504352">
<ele>1733.048950</ele>
<time>2022-11-13T13:37:04.312Z</time>
<extensions>
<gpxtpx:TrackPointExtension>
<gpxtpx:speed>0.301923</gpxtpx:speed>
</gpxtpx:TrackPointExtension>
</extensions>
</trkpt>
<trkpt lat="46.121247" lon="12.504410">
<ele>1732.480835</ele>
<time>2022-11-13T13:37:14.331Z</time>
<extensions>
<gpxtpx:TrackPointExtension>
<gpxtpx:speed>0.675476</gpxtpx:speed>
</gpxtpx:TrackPointExtension>
</extensions>
</trkpt>
<trkpt lat="46.121190" lon="12.504516">
<ele>1720.714844</ele>
<time>2022-11-13T13:37:26.315Z</time>
<extensions>
<gpxtpx:TrackPointExtension>
<gpxtpx:speed>0.994572</gpxtpx:speed>
</gpxtpx:TrackPointExtension>
</extensions>
</trkpt>
<trkpt lat="46.121152" lon="12.504587">
<ele>1729.833252</ele>
<time>2022-11-13T13:37:39.327Z</time>
<extensions>
<gpxtpx:TrackPointExtension>
<gpxtpx:speed>0.709107</gpxtpx:speed>
</gpxtpx:TrackPointExtension>
</extensions>
</trkpt>
<trkpt lat="46.121139" lon="12.504618">
<ele>1731.085693</ele>
<time>2022-11-13T13:37:49.334Z</time>
<extensions>
<gpxtpx:TrackPointExtension>
<gpxtpx:speed>0.607790</gpxtpx:speed>
</gpxtpx:TrackPointExtension>
</extensions>
</trkpt>
<trkpt lat="46.121154" lon="12.504676">
<ele>1727.804077</ele>
<time>2022-11-13T13:38:03.337Z</time>
<extensions>
<gpxtpx:TrackPointExtension>
<gpxtpx:speed>0.698456</gpxtpx:speed>
</gpxtpx:TrackPointExtension>
</extensions>
</trkpt>
<trkpt lat="46.121104" lon="12.504752">
<ele>1726.081299</ele>
<time>2022-11-13T13:38:13.341Z</time>
<extensions>
<gpxtpx:TrackPointExtension>
<gpxtpx:speed>0.814722</gpxtpx:speed>
</gpxtpx:TrackPointExtension>
</extensions>
</trkpt>
<trkpt lat="46.121038" lon="12.504805">
<ele>1730.895508</ele>
<time>2022-11-13T13:38:24.338Z</time>
<extensions>
<gpxtpx:TrackPointExtension>
<gpxtpx:speed>0.887574</gpxtpx:speed>
</gpxtpx:TrackPointExtension>
</extensions>
</trkpt>
<trkpt lat="46.120996" lon="12.504907">
<ele>1723.779907</ele>
<time>2022-11-13T13:38:35.339Z</time>
<extensions>
<gpxtpx:TrackPointExtension>
<gpxtpx:speed>0.901215</gpxtpx:speed>
</gpxtpx:TrackPointExtension>
</extensions>
</trkpt>
<trkpt lat="46.120942" lon="12.505011">
<ele>1720.688354</ele>
<time>2022-11-13T13:38:50.297Z</time>
<extensions>
<gpxtpx:TrackPointExtension>
<gpxtpx:speed>0.800457</gpxtpx:speed>
</gpxtpx:TrackPointExtension>
</extensions>
</trkpt>
<trkpt lat="46.120894" lon="12.505103">
<ele>1717.197998</ele>
<time>2022-11-13T13:39:00.325Z</time>
<extensions>
<gpxtpx:TrackPointExtension>
<gpxtpx:speed>0.845717</gpxtpx:speed>
</gpxtpx:TrackPointExtension>
</extensions>
</trkpt>
<trkpt lat="46.120836" lon="12.505165">
<ele>1719.401611</ele>
<time>2022-11-13T13:39:10.331Z</time>
<extensions>
<gpxtpx:TrackPointExtension>
<gpxtpx:speed>0.824874</gpxtpx:speed>
</gpxtpx:TrackPointExtension>
</extensions>
</trkpt>
<trkpt lat="46.120742" lon="12.505314">
<ele>1719.314453</ele>
<time>2022-11-13T13:39:25.327Z</time>
<extensions>
<gpxtpx:TrackPointExtension>
<gpxtpx:speed>0.831733</gpxtpx:speed>
</gpxtpx:TrackPointExtension>
</extensions>
</trkpt>
<trkpt lat="46.120729" lon="12.505312">
<ele>1721.018677</ele>
<time>2022-11-13T13:39:45.319Z</time>
<extensions>
<gpxtpx:TrackPointExtension>
<gpxtpx:speed>0.529671</gpxtpx:speed>
</gpxtpx:TrackPointExtension>
</extensions>
</trkpt>
<trkpt lat="46.120661" lon="12.505384">
<ele>1721.578857</ele>
<time>2022-11-13T13:39:55.349Z</time>
<extensions>
<gpxtpx:TrackPointExtension>
<gpxtpx:speed>0.737833</gpxtpx:speed>
</gpxtpx:TrackPointExtension>
</extensions>
</trkpt>
<trkpt lat="46.120633" lon="12.505368">
<ele>1720.897095</ele>
<time>2022-11-13T13:40:05.359Z</time>
<extensions>
<gpxtpx:TrackPointExtension>
<gpxtpx:speed>0.724728</gpxtpx:speed>
</gpxtpx:TrackPointExtension>
</extensions>
</trkpt>
<trkpt lat="46.120537" lon="12.505473">
<ele>1720.997559</ele>
<time>2022-11-13T13:40:15.388Z</time>
<extensions>
<gpxtpx:TrackPointExtension>
<gpxtpx:speed>0.940804</gpxtpx:speed>
</gpxtpx:TrackPointExtension>
</extensions>
</trkpt>
<trkpt lat="46.120460" lon="12.505542">
<ele>1719.409546</ele>
<time>2022-11-13T13:40:25.459Z</time>
<extensions>
<gpxtpx:TrackPointExtension>
<gpxtpx:speed>0.827345</gpxtpx:speed>
</gpxtpx:TrackPointExtension>
</extensions>
</trkpt>
<trkpt lat="46.120372" lon="12.505557">
<ele>1714.146118</ele>
<time>2022-11-13T13:40:35.483Z</time>
<extensions>
<gpxtpx:TrackPointExtension>
<gpxtpx:speed>0.984796</gpxtpx:speed>
</gpxtpx:TrackPointExtension>
</extensions>
</trkpt>
<trkpt lat="46.120307" lon="12.505625">
<ele>1717.338013</ele>
<time>2022-11-13T13:40:46.325Z</time>
<extensions>
<gpxtpx:TrackPointExtension>
<gpxtpx:speed>0.925524</gpxtpx:speed>
</gpxtpx:TrackPointExtension>
</extensions>
</trkpt>
<trkpt lat="46.120287" lon="12.505629">
<ele>1727.278198</ele>
<time>2022-11-13T13:40:56.328Z</time>
<extensions>
<gpxtpx:TrackPointExtension>
<gpxtpx:speed>0.814693</gpxtpx:speed>
</gpxtpx:TrackPointExtension>
</extensions>
</trkpt>
<trkpt lat="46.120218" lon="12.505752">
<ele>1717.850586</ele>
<time>2022-11-13T13:41:06.334Z</time>
<extensions>
<gpxtpx:TrackPointExtension>
<gpxtpx:speed>0.751637</gpxtpx:speed>
</gpxtpx:TrackPointExtension>
</extensions>
</trkpt>
<trkpt lat="46.120133" lon="12.505873">
<ele>1714.064209</ele>
<time>2022-11-13T13:41:16.350Z</time>
<extensions>
<gpxtpx:TrackPointExtension>
<gpxtpx:speed>0.891432</gpxtpx:speed>
</gpxtpx:TrackPointExtension>
</extensions>
</trkpt>
<trkpt lat="46.120084" lon="12.506069">
<ele>1716.999756</ele>
<time>2022-11-13T13:41:31.314Z</time>
<extensions>
<gpxtpx:TrackPointExtension>
<gpxtpx:speed>0.710074</gpxtpx:speed>
</gpxtpx:TrackPointExtension>
</extensions>
</trkpt>
<trkpt lat="46.120060" lon="12.506148">
<ele>1713.702271</ele>
<time>2022-11-13T13:41:41.321Z</time>
<extensions>
<gpxtpx:TrackPointExtension>
<gpxtpx:speed>0.681806</gpxtpx:speed>
</gpxtpx:TrackPointExtension>
</extensions>
</trkpt>
<trkpt lat="46.120030" lon="12.506201">
<ele>1718.379028</ele>
<time>2022-11-13T13:41:51.331Z</time>
<extensions>
<gpxtpx:TrackPointExtension>
<gpxtpx:speed>0.485097</gpxtpx:speed>
</gpxtpx:TrackPointExtension>
</extensions>
</trkpt>
<trkpt lat="46.119994" lon="12.506227">
<ele>1715.789673</ele>
<time>2022-11-13T13:42:03.324Z</time>
<extensions>
<gpxtpx:TrackPointExtension>
<gpxtpx:speed>0.535526</gpxtpx:speed>
</gpxtpx:TrackPointExtension>
</extensions>
</trkpt>
<trkpt lat="46.119969" lon="12.506255">
<ele>1715.462036</ele>
<time>2022-11-13T13:42:16.326Z</time>
<extensions>
<gpxtpx:TrackPointExtension>
<gpxtpx:speed>0.436734</gpxtpx:speed>
</gpxtpx:TrackPointExtension>
</extensions>
</trkpt>
<trkpt lat="46.119902" lon="12.506297">
<ele>1726.031128</ele>
<time>2022-11-13T13:42:31.349Z</time>
<extensions>
<gpxtpx:TrackPointExtension>
<gpxtpx:speed>0.684189</gpxtpx:speed>
</gpxtpx:TrackPointExtension>
</extensions>
</trkpt>
<trkpt lat="46.119896" lon="12.506241">
<ele>1718.566650</ele>
<time>2022-11-13T13:42:41.357Z</time>
<extensions>
<gpxtpx:TrackPointExtension>
<gpxtpx:speed>0.441172</gpxtpx:speed>
</gpxtpx:TrackPointExtension>
</extensions>
</trkpt>
<trkpt lat="46.119902" lon="12.506180">
<ele>1720.019897</ele>
<time>2022-11-13T13:43:03.324Z</time>
<extensions>
<gpxtpx:TrackPointExtension>
<gpxtpx:speed>0.340960</gpxtpx:speed>
</gpxtpx:TrackPointExtension>
</extensions>
</trkpt>
<trkpt lat="46.119981" lon="12.506177">
<ele>1720.093872</ele>
<time>2022-11-13T13:43:16.324Z</time>
<extensions>
<gpxtpx:TrackPointExtension>
<gpxtpx:speed>0.610289</gpxtpx:speed>
</gpxtpx:TrackPointExtension>
</extensions>
</trkpt>
<trkpt lat="46.119960" lon="12.506287">
<ele>1728.300781</ele>
<time>2022-11-13T13:43:26.347Z</time>
<extensions>
<gpxtpx:TrackPointExtension>
<gpxtpx:speed>0.747117</gpxtpx:speed>
</gpxtpx:TrackPointExtension>
</extensions>
</trkpt>
<trkpt lat="46.119900" lon="12.506341">
<ele>1719.103027</ele>
<time>2022-11-13T13:43:41.321Z</time>
<extensions>
<gpxtpx:TrackPointExtension>
<gpxtpx:speed>0.556236</gpxtpx:speed>
</gpxtpx:TrackPointExtension>
</extensions>
</trkpt>
<trkpt lat="46.119811" lon="12.506334">
<ele>1719.684326</ele>
<time>2022-11-13T13:43:56.332Z</time>
<extensions>
<gpxtpx:TrackPointExtension>
<gpxtpx:speed>0.956406</gpxtpx:speed>
</gpxtpx:TrackPointExtension>
</extensions>
</trkpt>
<trkpt lat="46.119701" lon="12.506217">
<ele>1719.893066</ele>
<time>2022-11-13T13:44:09.349Z</time>
<extensions>
<gpxtpx:TrackPointExtension>
<gpxtpx:speed>1.025099</gpxtpx:speed>
</gpxtpx:TrackPointExtension>
</extensions>
</trkpt>
<trkpt lat="46.119615" lon="12.506198">
<ele>1708.193115</ele>
<time>2022-11-13T13:44:21.338Z</time>
<extensions>
<gpxtpx:TrackPointExtension>
<gpxtpx:speed>0.951648</gpxtpx:speed>
</gpxtpx:TrackPointExtension>
</extensions>
</trkpt>
<trkpt lat="46.119488" lon="12.506197">
<ele>1716.114624</ele>
<time>2022-11-13T13:44:36.331Z</time>
<extensions>
<gpxtpx:TrackPointExtension>
<gpxtpx:speed>0.954195</gpxtpx:speed>
</gpxtpx:TrackPointExtension>
</extensions>
</trkpt>
<trkpt lat="46.119398" lon="12.506171">
<ele>1725.780029</ele>
<time>2022-11-13T13:44:46.332Z</time>
<extensions>
<gpxtpx:TrackPointExtension>
<gpxtpx:speed>0.991012</gpxtpx:speed>
</gpxtpx:TrackPointExtension>
</extensions>
</trkpt>
<trkpt lat="46.119308" lon="12.506174">
<ele>1714.560913</ele>
<time>2022-11-13T13:44:56.354Z</time>
<extensions>
<gpxtpx:TrackPointExtension>
<gpxtpx:speed>1.019635</gpxtpx:speed>
</gpxtpx:TrackPointExtension>
</extensions>
</trkpt>
<trkpt lat="46.119225" lon="12.506198">
<ele>1718.371094</ele>
<time>2022-11-13T13:45:06.384Z</time>
<extensions>
<gpxtpx:TrackPointExtension>
<gpxtpx:speed>0.934637</gpxtpx:speed>
</gpxtpx:TrackPointExtension>
</extensions>
</trkpt>
<trkpt lat="46.119155" lon="12.506213">
<ele>1718.442505</ele>
<time>2022-11-13T13:45:16.458Z</time>
<extensions>
<gpxtpx:TrackPointExtension>
<gpxtpx:speed>1.078419</gpxtpx:speed>
</gpxtpx:TrackPointExtension>
</extensions>
</trkpt>
<trkpt lat="46.119047" lon="12.506257">
<ele>1723.750854</ele>
<time>2022-11-13T13:45:26.501Z</time>
<extensions>
<gpxtpx:TrackPointExtension>
<gpxtpx:speed>1.306265</gpxtpx:speed>
</gpxtpx:TrackPointExtension>
</extensions>
</trkpt>
<trkpt lat="46.118955" lon="12.506284">
<ele>1711.953003</ele>
<time>2022-11-13T13:45:37.351Z</time>
<extensions>
<gpxtpx:TrackPointExtension>
<gpxtpx:speed>0.991743</gpxtpx:speed>
</gpxtpx:TrackPointExtension>
</extensions>
</trkpt>
<trkpt lat="46.118847" lon="12.506345">
<ele>1716.238770</ele>
<time>2022-11-13T13:45:52.319Z</time>
<extensions>
<gpxtpx:TrackPointExtension>
<gpxtpx:speed>0.696457</gpxtpx:speed>
</gpxtpx:TrackPointExtension>
</extensions>
</trkpt>
<trkpt lat="46.118828" lon="12.506366">
<ele>1716.516235</ele>
<time>2022-11-13T13:46:02.321Z</time>
<extensions>
<gpxtpx:TrackPointExtension>
<gpxtpx:speed>0.605243</gpxtpx:speed>
</gpxtpx:TrackPointExtension>
</extensions>
</trkpt>
<trkpt lat="46.118813" lon="12.506344">
<ele>1714.494873</ele>
<time>2022-11-13T13:46:12.324Z</time>
<extensions>
<gpxtpx:TrackPointExtension>
<gpxtpx:speed>0.265124</gpxtpx:speed>
</gpxtpx:TrackPointExtension>
</extensions>
</trkpt>
<trkpt lat="46.118791" lon="12.506355">
<ele>1716.199219</ele>
<time>2022-11-13T13:46:47.329Z</time>
<extensions>
<gpxtpx:TrackPointExtension>
<gpxtpx:speed>0.534265</gpxtpx:speed>
</gpxtpx:TrackPointExtension>
</extensions>
</trkpt>
<trkpt lat="46.118724" lon="12.506381">
<ele>1709.820679</ele>
<time>2022-11-13T13:46:57.364Z</time>
<extensions>
<gpxtpx:TrackPointExtension>
<gpxtpx:speed>0.674284</gpxtpx:speed>
</gpxtpx:TrackPointExtension>
</extensions>
</trkpt>
<trkpt lat="46.118655" lon="12.506403">
<ele>1712.782715</ele>
<time>2022-11-13T13:47:07.396Z</time>
<extensions>
<gpxtpx:TrackPointExtension>
<gpxtpx:speed>0.727233</gpxtpx:speed>
</gpxtpx:TrackPointExtension>
</extensions>
</trkpt>
<trkpt lat="46.118607" lon="12.506415">
<ele>1710.507690</ele>
<time>2022-11-13T13:47:17.419Z</time>
<extensions>
<gpxtpx:TrackPointExtension>
<gpxtpx:speed>0.636656</gpxtpx:speed>
</gpxtpx:TrackPointExtension>
</extensions>
</trkpt>
<trkpt lat="46.118546" lon="12.506428">
<ele>1708.211548</ele>
<time>2022-11-13T13:47:27.440Z</time>
<extensions>
<gpxtpx:TrackPointExtension>
<gpxtpx:speed>0.775794</gpxtpx:speed>
</gpxtpx:TrackPointExtension>
</extensions>
</trkpt>
<trkpt lat="46.118488" lon="12.506490">
<ele>1700.929443</ele>
<time>2022-11-13T13:47:37.478Z</time>
<extensions>
<gpxtpx:TrackPointExtension>
<gpxtpx:speed>0.808584</gpxtpx:speed>
</gpxtpx:TrackPointExtension>
</extensions>
</trkpt>
<trkpt lat="46.118408" lon="12.506486">
<ele>1706.134766</ele>
<time>2022-11-13T13:47:48.352Z</time>
<extensions>
<gpxtpx:TrackPointExtension>
<gpxtpx:speed>0.742326</gpxtpx:speed>
</gpxtpx:TrackPointExtension>
</extensions>
</trkpt>
<trkpt lat="46.118381" lon="12.506487">
<ele>1705.677612</ele>
<time>2022-11-13T13:48:03.325Z</time>
<extensions>
<gpxtpx:TrackPointExtension>
<gpxtpx:speed>0.595465</gpxtpx:speed>
</gpxtpx:TrackPointExtension>
</extensions>
</trkpt>
<trkpt lat="46.118372" lon="12.506492">
<ele>1705.889038</ele>
<time>2022-11-13T13:48:29.326Z</time>
<extensions>
<gpxtpx:TrackPointExtension>
<gpxtpx:speed>0.277932</gpxtpx:speed>
</gpxtpx:TrackPointExtension>
</extensions>
</trkpt>
<trkpt lat="46.118298" lon="12.506523">
<ele>1704.398804</ele>
<time>2022-11-13T13:48:39.353Z</time>
<extensions>
<gpxtpx:TrackPointExtension>
<gpxtpx:speed>1.172163</gpxtpx:speed>
</gpxtpx:TrackPointExtension>
</extensions>
</trkpt>
<trkpt lat="46.118219" lon="12.506601">
<ele>1687.250366</ele>
<time>2022-11-13T13:48:53.323Z</time>
<extensions>
<gpxtpx:TrackPointExtension>
<gpxtpx:speed>0.733788</gpxtpx:speed>
</gpxtpx:TrackPointExtension>
</extensions>
</trkpt>
<trkpt lat="46.118233" lon="12.506565">
<ele>1702.395996</ele>
<time>2022-11-13T13:49:13.417Z</time>
<extensions>
<gpxtpx:TrackPointExtension>
<gpxtpx:speed>0.281703</gpxtpx:speed>
</gpxtpx:TrackPointExtension>
</extensions>
</trkpt>
<trkpt lat="46.118207" lon="12.506584">
<ele>1704.750244</ele>
<time>2022-11-13T13:49:24.331Z</time>
<extensions>
<gpxtpx:TrackPointExtension>
<gpxtpx:speed>0.690651</gpxtpx:speed>
</gpxtpx:TrackPointExtension>
</extensions>
</trkpt>
<trkpt lat="46.118125" lon="12.506609">
<ele>1694.521973</ele>
<time>2022-11-13T13:49:36.336Z</time>
<extensions>
<gpxtpx:TrackPointExtension>
<gpxtpx:speed>0.865073</gpxtpx:speed>
</gpxtpx:TrackPointExtension>
</extensions>
</trkpt>
<trkpt lat="46.118020" lon="12.506683">
<ele>1695.734741</ele>
<time>2022-11-13T13:49:49.313Z</time>
<extensions>
<gpxtpx:TrackPointExtension>
<gpxtpx:speed>1.056756</gpxtpx:speed>
</gpxtpx:TrackPointExtension>
</extensions>
</trkpt>
<trkpt lat="46.117944" lon="12.506734">
<ele>1701.275635</ele>
<time>2022-11-13T13:50:09.345Z</time>
<extensions>
<gpxtpx:TrackPointExtension>
<gpxtpx:speed>0.373943</gpxtpx:speed>
</gpxtpx:TrackPointExtension>
</extensions>
</trkpt>
<trkpt lat="46.117882" lon="12.506748">
<ele>1697.367676</ele>
<time>2022-11-13T13:50:19.345Z</time>
<extensions>
<gpxtpx:TrackPointExtension>
<gpxtpx:speed>0.696226</gpxtpx:speed>
</gpxtpx:TrackPointExtension>
</extensions>
</trkpt>
<trkpt lat="46.117786" lon="12.506832">
<ele>1698.905518</ele>
<time>2022-11-13T13:50:33.347Z</time>
<extensions>
<gpxtpx:TrackPointExtension>
<gpxtpx:speed>0.834953</gpxtpx:speed>
</gpxtpx:TrackPointExtension>
</extensions>
</trkpt>
<trkpt lat="46.117707" lon="12.506827">
<ele>1692.500610</ele>
<time>2022-11-13T13:50:44.322Z</time>
<extensions>
<gpxtpx:TrackPointExtension>
<gpxtpx:speed>0.807185</gpxtpx:speed>
</gpxtpx:TrackPointExtension>
</extensions>
</trkpt>
<trkpt lat="46.117691" lon="12.506840">
<ele>1699.463013</ele>
<time>2022-11-13T13:51:06.351Z</time>
<extensions>
<gpxtpx:TrackPointExtension>
<gpxtpx:speed>0.726719</gpxtpx:speed>
</gpxtpx:TrackPointExtension>
</extensions>
</trkpt>
<trkpt lat="46.117597" lon="12.506896">
<ele>1694.683105</ele>
<time>2022-11-13T13:51:19.390Z</time>
<extensions>
<gpxtpx:TrackPointExtension>
<gpxtpx:speed>0.802548</gpxtpx:speed>
</gpxtpx:TrackPointExtension>
</extensions>
</trkpt>
<trkpt lat="46.117535" lon="12.506931">
<ele>1692.138672</ele>
<time>2022-11-13T13:51:29.415Z</time>
<extensions>
<gpxtpx:TrackPointExtension>
<gpxtpx:speed>0.628424</gpxtpx:speed>
</gpxtpx:TrackPointExtension>
</extensions>
</trkpt>
<trkpt lat="46.117513" lon="12.506927">
<ele>1693.285400</ele>
<time>2022-11-13T13:51:44.473Z</time>
<extensions>
<gpxtpx:TrackPointExtension>
<gpxtpx:speed>0.236948</gpxtpx:speed>
</gpxtpx:TrackPointExtension>
</extensions>
</trkpt>
<trkpt lat="46.117466" lon="12.506924">
<ele>1688.545166</ele>
<time>2022-11-13T13:51:55.298Z</time>
<extensions>
<gpxtpx:TrackPointExtension>
<gpxtpx:speed>0.422242</gpxtpx:speed>
</gpxtpx:TrackPointExtension>
</extensions>
</trkpt>
<trkpt lat="46.117419" lon="12.506959">
<ele>1686.988892</ele>
<time>2022-11-13T13:52:05.319Z</time>
<extensions>
<gpxtpx:TrackPointExtension>
<gpxtpx:speed>0.691857</gpxtpx:speed>
</gpxtpx:TrackPointExtension>
</extensions>
</trkpt>
<trkpt lat="46.117367" lon="12.506958">
<ele>1690.130493</ele>
<time>2022-11-13T13:52:16.317Z</time>
<extensions>
<gpxtpx:TrackPointExtension>
<gpxtpx:speed>0.687564</gpxtpx:speed>
</gpxtpx:TrackPointExtension>
</extensions>
</trkpt>
<trkpt lat="46.117297" lon="12.507010">
<ele>1683.897339</ele>
<time>2022-11-13T13:52:30.322Z</time>
<extensions>
<gpxtpx:TrackPointExtension>
<gpxtpx:speed>0.643624</gpxtpx:speed>
</gpxtpx:TrackPointExtension>
</extensions>
</trkpt>
<trkpt lat="46.117234" lon="12.507080">
<ele>1674.012573</ele>
<time>2022-11-13T13:52:40.326Z</time>
<extensions>
<gpxtpx:TrackPointExtension>
<gpxtpx:speed>0.855057</gpxtpx:speed>
</gpxtpx:TrackPointExtension>
</extensions>
</trkpt>
<trkpt lat="46.117171" lon="12.507086">
<ele>1682.050415</ele>
<time>2022-11-13T13:52:53.325Z</time>
<extensions>
<gpxtpx:TrackPointExtension>
<gpxtpx:speed>0.853758</gpxtpx:speed>
</gpxtpx:TrackPointExtension>
</extensions>
</trkpt>
<trkpt lat="46.117160" lon="12.507083">
<ele>1682.578857</ele>
<time>2022-11-13T13:53:08.314Z</time>
<extensions>
<gpxtpx:TrackPointExtension>
<gpxtpx:speed>0.575097</gpxtpx:speed>
</gpxtpx:TrackPointExtension>
</extensions>
</trkpt>
<trkpt lat="46.117122" lon="12.507107">
<ele>1678.697388</ele>
<time>2022-11-13T13:53:25.328Z</time>
<extensions>
<gpxtpx:TrackPointExtension>
<gpxtpx:speed>0.939405</gpxtpx:speed>
</gpxtpx:TrackPointExtension>
</extensions>
</trkpt>
<trkpt lat="46.117028" lon="12.507150">
<ele>1681.553711</ele>
<time>2022-11-13T13:53:35.328Z</time>
<extensions>
<gpxtpx:TrackPointExtension>
<gpxtpx:speed>0.992018</gpxtpx:speed>
</gpxtpx:TrackPointExtension>
</extensions>
</trkpt>
<trkpt lat="46.116931" lon="12.507136">
<ele>1678.929932</ele>
<time>2022-11-13T13:53:46.334Z</time>
<extensions>
<gpxtpx:TrackPointExtension>
<gpxtpx:speed>0.863484</gpxtpx:speed>
</gpxtpx:TrackPointExtension>
</extensions>
</trkpt>
<trkpt lat="46.116898" lon="12.507101">
<ele>1678.578491</ele>
<time>2022-11-13T13:54:00.329Z</time>
<extensions>
<gpxtpx:TrackPointExtension>
<gpxtpx:speed>0.944091</gpxtpx:speed>
</gpxtpx:TrackPointExtension>
</extensions>
</trkpt>
<trkpt lat="46.116905" lon="12.507004">
<ele>1679.759521</ele>
<time>2022-11-13T13:54:14.325Z</time>
<extensions>
<gpxtpx:TrackPointExtension>
<gpxtpx:speed>0.989923</gpxtpx:speed>
</gpxtpx:TrackPointExtension>
</extensions>
</trkpt>
<trkpt lat="46.116886" lon="12.507031">
<ele>1672.532959</ele>
<time>2022-11-13T13:54:25.326Z</time>
<extensions>
<gpxtpx:TrackPointExtension>
<gpxtpx:speed>0.489695</gpxtpx:speed>
</gpxtpx:TrackPointExtension>
</extensions>
</trkpt>
<trkpt lat="46.116846" lon="12.507036">
<ele>1676.203125</ele>
<time>2022-11-13T13:54:40.333Z</time>
<extensions>
<gpxtpx:TrackPointExtension>
<gpxtpx:speed>0.601644</gpxtpx:speed>
</gpxtpx:TrackPointExtension>
</extensions>
</trkpt>
<trkpt lat="46.116797" lon="12.507014">
<ele>1670.450806</ele>
<time>2022-11-13T13:54:50.352Z</time>
<extensions>
<gpxtpx:TrackPointExtension>
<gpxtpx:speed>0.763476</gpxtpx:speed>
</gpxtpx:TrackPointExtension>
</extensions>
</trkpt>
<trkpt lat="46.116765" lon="12.507025">
<ele>1670.337280</ele>
<time>2022-11-13T13:55:05.330Z</time>
<extensions>
<gpxtpx:TrackPointExtension>
<gpxtpx:speed>0.764783</gpxtpx:speed>
</gpxtpx:TrackPointExtension>
</extensions>
</trkpt>
<trkpt lat="46.116723" lon="12.507138">
<ele>1664.878296</ele>
<time>2022-11-13T13:55:20.327Z</time>
<extensions>
<gpxtpx:TrackPointExtension>
<gpxtpx:speed>0.651992</gpxtpx:speed>
</gpxtpx:TrackPointExtension>
</extensions>
</trkpt>
<trkpt lat="46.116691" lon="12.507114">
<ele>1669.082153</ele>
<time>2022-11-13T13:55:30.336Z</time>
<extensions>
<gpxtpx:TrackPointExtension>
<gpxtpx:speed>0.824943</gpxtpx:speed>
</gpxtpx:TrackPointExtension>
</extensions>
</trkpt>
<trkpt lat="46.116660" lon="12.507119">
<ele>1664.558594</ele>
<time>2022-11-13T13:55:40.374Z</time>
<extensions>
<gpxtpx:TrackPointExtension>
<gpxtpx:speed>0.560327</gpxtpx:speed>
</gpxtpx:TrackPointExtension>
</extensions>
</trkpt>
<trkpt lat="46.116620" lon="12.507154">
<ele>1660.777466</ele>
<time>2022-11-13T13:55:50.404Z</time>
<extensions>
<gpxtpx:TrackPointExtension>
<gpxtpx:speed>0.445680</gpxtpx:speed>
</gpxtpx:TrackPointExtension>
</extensions>
</trkpt>
<trkpt lat="46.116603" lon="12.507133">
<ele>1655.278931</ele>
<time>2022-11-13T13:56:05.438Z</time>
<extensions>
<gpxtpx:TrackPointExtension>
<gpxtpx:speed>0.528088</gpxtpx:speed>
</gpxtpx:TrackPointExtension>
</extensions>
</trkpt>
<trkpt lat="46.116547" lon="12.507116">
<ele>1658.832764</ele>
<time>2022-11-13T13:56:15.464Z</time>
<extensions>
<gpxtpx:TrackPointExtension>
<gpxtpx:speed>0.598403</gpxtpx:speed>
</gpxtpx:TrackPointExtension>
</extensions>
</trkpt>
<trkpt lat="46.116518" lon="12.507160">
<ele>1658.510376</ele>
<time>2022-11-13T13:56:25.498Z</time>
<extensions>
<gpxtpx:TrackPointExtension>
<gpxtpx:speed>0.629045</gpxtpx:speed>
</gpxtpx:TrackPointExtension>
</extensions>
</trkpt>
<trkpt lat="46.116488" lon="12.507197">
<ele>1646.979492</ele>
<time>2022-11-13T13:56:36.335Z</time>
<extensions>
<gpxtpx:TrackPointExtension>
<gpxtpx:speed>0.624131</gpxtpx:speed>
</gpxtpx:TrackPointExtension>
</extensions>
</trkpt>
<trkpt lat="46.116441" lon="12.507207">
<ele>1649.339111</ele>
<time>2022-11-13T13:56:51.331Z</time>
<extensions>
<gpxtpx:TrackPointExtension>
<gpxtpx:speed>0.424686</gpxtpx:speed>
</gpxtpx:TrackPointExtension>
</extensions>
</trkpt>
<trkpt lat="46.116410" lon="12.507217">
<ele>1650.451416</ele>
<time>2022-11-13T13:57:01.336Z</time>
<extensions>
<gpxtpx:TrackPointExtension>
<gpxtpx:speed>0.717794</gpxtpx:speed>
</gpxtpx:TrackPointExtension>
</extensions>
</trkpt>
<trkpt lat="46.116344" lon="12.507210">
<ele>1649.621826</ele>
<time>2022-11-13T13:57:14.330Z</time>
<extensions>
<gpxtpx:TrackPointExtension>
<gpxtpx:speed>0.706819</gpxtpx:speed>
</gpxtpx:TrackPointExtension>
</extensions>
</trkpt>
<trkpt lat="46.116336" lon="12.507203">
<ele>1646.197388</ele>
<time>2022-11-13T13:57:28.334Z</time>
<extensions>
<gpxtpx:TrackPointExtension>
<gpxtpx:speed>0.457224</gpxtpx:speed>
</gpxtpx:TrackPointExtension>
</extensions>
</trkpt>
<trkpt lat="46.116315" lon="12.507263">
<ele>1648.557007</ele>
<time>2022-11-13T13:57:41.327Z</time>
<extensions>
<gpxtpx:TrackPointExtension>
<gpxtpx:speed>0.664939</gpxtpx:speed>
</gpxtpx:TrackPointExtension>
</extensions>
</trkpt>
<trkpt lat="46.116251" lon="12.507286">
<ele>1640.429321</ele>
<time>2022-11-13T13:57:51.336Z</time>
<extensions>
<gpxtpx:TrackPointExtension>
<gpxtpx:speed>1.927666</gpxtpx:speed>
</gpxtpx:TrackPointExtension>
</extensions>
</trkpt>
<trkpt lat="46.116266" lon="12.507230">
<ele>1639.377686</ele>
<time>2022-11-13T13:58:06.337Z</time>
<extensions>
<gpxtpx:TrackPointExtension>
<gpxtpx:speed>0.465479</gpxtpx:speed>
</gpxtpx:TrackPointExtension>
</extensions>
</trkpt>
<trkpt lat="46.116220" lon="12.507170">
<ele>1645.954346</ele>
<time>2022-11-13T13:58:16.340Z</time>
<extensions>
<gpxtpx:TrackPointExtension>
<gpxtpx:speed>1.291694</gpxtpx:speed>
</gpxtpx:TrackPointExtension>
</extensions>
</trkpt>
<trkpt lat="46.116208" lon="12.507165">
<ele>1638.323486</ele>
<time>2022-11-13T13:58:41.325Z</time>
<extensions>
<gpxtpx:TrackPointExtension>
<gpxtpx:speed>0.387326</gpxtpx:speed>
</gpxtpx:TrackPointExtension>
</extensions>
</trkpt>
<trkpt lat="46.116179" lon="12.507186">
<ele>1636.257202</ele>
<time>2022-11-13T13:58:51.341Z</time>
<extensions>
<gpxtpx:TrackPointExtension>
<gpxtpx:speed>2.001558</gpxtpx:speed>
</gpxtpx:TrackPointExtension>
</extensions>
</trkpt>
<trkpt lat="46.116109" lon="12.507277">
<ele>1635.147461</ele>
<time>2022-11-13T13:59:06.026Z</time>
<extensions>
<gpxtpx:TrackPointExtension>
<gpxtpx:speed>0.296993</gpxtpx:speed>
</gpxtpx:TrackPointExtension>
</extensions>
</trkpt>
<trkpt lat="46.116071" lon="12.507284">
<ele>1639.549438</ele>
<time>2022-11-13T13:59:31.315Z</time>
<extensions>
<gpxtpx:TrackPointExtension>
<gpxtpx:speed>0.972680</gpxtpx:speed>
</gpxtpx:TrackPointExtension>
</extensions>
</trkpt>
<trkpt lat="46.116053" lon="12.507363">
<ele>1630.452148</ele>
<time>2022-11-13T13:59:41.323Z</time>
<extensions>
<gpxtpx:TrackPointExtension>
<gpxtpx:speed>0.549537</gpxtpx:speed>
</gpxtpx:TrackPointExtension>
</extensions>
</trkpt>
<trkpt lat="46.116065" lon="12.507387">
<ele>1631.799683</ele>
<time>2022-11-13T14:00:06.336Z</time>
<extensions>
<gpxtpx:TrackPointExtension>
<gpxtpx:speed>0.375234</gpxtpx:speed>
</gpxtpx:TrackPointExtension>
</extensions>
</trkpt>
<trkpt lat="46.116035" lon="12.507411">
<ele>1623.719604</ele>
<time>2022-11-13T14:00:16.358Z</time>
<extensions>
<gpxtpx:TrackPointExtension>
<gpxtpx:speed>0.717670</gpxtpx:speed>
</gpxtpx:TrackPointExtension>
</extensions>
</trkpt>
<trkpt lat="46.115994" lon="12.507426">
<ele>1628.491577</ele>
<time>2022-11-13T14:00:26.364Z</time>
<extensions>
<gpxtpx:TrackPointExtension>
<gpxtpx:speed>0.744573</gpxtpx:speed>
</gpxtpx:TrackPointExtension>
</extensions>
</trkpt>
<trkpt lat="46.115931" lon="12.507438">
<ele>1625.917969</ele>
<time>2022-11-13T14:00:36.393Z</time>
<extensions>
<gpxtpx:TrackPointExtension>
<gpxtpx:speed>0.829823</gpxtpx:speed>
</gpxtpx:TrackPointExtension>
</extensions>
</trkpt>
<trkpt lat="46.115913" lon="12.507441">
<ele>1619.388916</ele>
<time>2022-11-13T14:00:46.413Z</time>
<extensions>
<gpxtpx:TrackPointExtension>
<gpxtpx:speed>0.605158</gpxtpx:speed>
</gpxtpx:TrackPointExtension>
</extensions>
</trkpt>
<trkpt lat="46.115895" lon="12.507411">
<ele>1619.909424</ele>
<time>2022-11-13T14:00:56.446Z</time>
<extensions>
<gpxtpx:TrackPointExtension>
<gpxtpx:speed>0.625978</gpxtpx:speed>
</gpxtpx:TrackPointExtension>
</extensions>
</trkpt>
<trkpt lat="46.115897" lon="12.507395">
<ele>1621.946655</ele>
<time>2022-11-13T14:01:06.498Z</time>
<extensions>
<gpxtpx:TrackPointExtension>
<gpxtpx:speed>0.529554</gpxtpx:speed>
</gpxtpx:TrackPointExtension>
</extensions>
</trkpt>
<trkpt lat="46.115879" lon="12.507372">
<ele>1622.792114</ele>
<time>2022-11-13T14:01:17.334Z</time>
<extensions>
<gpxtpx:TrackPointExtension>
<gpxtpx:speed>0.346592</gpxtpx:speed>
</gpxtpx:TrackPointExtension>
</extensions>
</trkpt>
<trkpt lat="46.115872" lon="12.507381">
<ele>1615.428101</ele>
<time>2022-11-13T14:01:27.335Z</time>
<extensions>
<gpxtpx:TrackPointExtension>
<gpxtpx:speed>0.309419</gpxtpx:speed>
</gpxtpx:TrackPointExtension>
</extensions>
</trkpt>
<trkpt lat="46.115833" lon="12.507432">
<ele>1616.918335</ele>
<time>2022-11-13T14:01:42.331Z</time>
<extensions>
<gpxtpx:TrackPointExtension>
<gpxtpx:speed>0.519521</gpxtpx:speed>
</gpxtpx:TrackPointExtension>
</extensions>
</trkpt>
<trkpt lat="46.115778" lon="12.507417">
<ele>1610.027344</ele>
<time>2022-11-13T14:01:55.334Z</time>
<extensions>
<gpxtpx:TrackPointExtension>
<gpxtpx:speed>0.508573</gpxtpx:speed>
</gpxtpx:TrackPointExtension>
</extensions>
</trkpt>
<trkpt lat="46.115751" lon="12.507400">
<ele>1612.534790</ele>
<time>2022-11-13T14:02:07.338Z</time>
<extensions>
<gpxtpx:TrackPointExtension>
<gpxtpx:speed>0.446368</gpxtpx:speed>
</gpxtpx:TrackPointExtension>
</extensions>
</trkpt>
<trkpt lat="46.115732" lon="12.507438">
<ele>1608.320435</ele>
<time>2022-11-13T14:02:22.340Z</time>
<extensions>
<gpxtpx:TrackPointExtension>
<gpxtpx:speed>0.439105</gpxtpx:speed>
</gpxtpx:TrackPointExtension>
</extensions>
</trkpt>
<trkpt lat="46.115684" lon="12.507434">
<ele>1608.698242</ele>
<time>2022-11-13T14:02:33.329Z</time>
<extensions>
<gpxtpx:TrackPointExtension>
<gpxtpx:speed>0.542019</gpxtpx:speed>
</gpxtpx:TrackPointExtension>
</extensions>
</trkpt>
<trkpt lat="46.115630" lon="12.507399">
<ele>1607.805176</ele>
<time>2022-11-13T14:02:47.334Z</time>
<extensions>
<gpxtpx:TrackPointExtension>
<gpxtpx:speed>0.535868</gpxtpx:speed>
</gpxtpx:TrackPointExtension>
</extensions>
</trkpt>
<trkpt lat="46.115597" lon="12.507409">
<ele>1606.256836</ele>
<time>2022-11-13T14:03:01.330Z</time>
<extensions>
<gpxtpx:TrackPointExtension>
<gpxtpx:speed>0.555385</gpxtpx:speed>
</gpxtpx:TrackPointExtension>
</extensions>
</trkpt>
<trkpt lat="46.115603" lon="12.507427">
<ele>1591.859009</ele>
<time>2022-11-13T14:03:16.333Z</time>
<extensions>
<gpxtpx:TrackPointExtension>
<gpxtpx:speed>0.389824</gpxtpx:speed>
</gpxtpx:TrackPointExtension>
</extensions>
</trkpt>
<trkpt lat="46.115545" lon="12.507451">
<ele>1606.499878</ele>
<time>2022-11-13T14:03:27.344Z</time>
<extensions>
<gpxtpx:TrackPointExtension>
<gpxtpx:speed>1.359010</gpxtpx:speed>
</gpxtpx:TrackPointExtension>
</extensions>
</trkpt>
<trkpt lat="46.115469" lon="12.507473">
<ele>1599.529541</ele>
<time>2022-11-13T14:03:42.324Z</time>
<extensions>
<gpxtpx:TrackPointExtension>
<gpxtpx:speed>0.785934</gpxtpx:speed>
</gpxtpx:TrackPointExtension>
</extensions>
</trkpt>
<trkpt lat="46.115409" lon="12.507509">
<ele>1598.763306</ele>
<time>2022-11-13T14:03:52.327Z</time>
<extensions>
<gpxtpx:TrackPointExtension>
<gpxtpx:speed>0.905370</gpxtpx:speed>
</gpxtpx:TrackPointExtension>
</extensions>
</trkpt>
<trkpt lat="46.115332" lon="12.507451">
<ele>1596.763062</ele>
<time>2022-11-13T14:04:04.350Z</time>
<extensions>
<gpxtpx:TrackPointExtension>
<gpxtpx:speed>0.860289</gpxtpx:speed>
</gpxtpx:TrackPointExtension>
</extensions>
</trkpt>
<trkpt lat="46.115239" lon="12.507465">
<ele>1602.259033</ele>
<time>2022-11-13T14:04:17.331Z</time>
<extensions>
<gpxtpx:TrackPointExtension>
<gpxtpx:speed>0.813235</gpxtpx:speed>
</gpxtpx:TrackPointExtension>
</extensions>
</trkpt>
<trkpt lat="46.115224" lon="12.507479">
<ele>1591.108643</ele>
<time>2022-11-13T14:04:33.447Z</time>
<extensions>
<gpxtpx:TrackPointExtension>
<gpxtpx:speed>0.228932</gpxtpx:speed>
</gpxtpx:TrackPointExtension>
</extensions>
</trkpt>
<trkpt lat="46.115232" lon="12.507472">
<ele>1594.292603</ele>
<time>2022-11-13T14:05:07.325Z</time>
<extensions>
<gpxtpx:TrackPointExtension>
<gpxtpx:speed>0.204728</gpxtpx:speed>
</gpxtpx:TrackPointExtension>
</extensions>
</trkpt>
<trkpt lat="46.115212" lon="12.507531">
<ele>1596.298096</ele>
<time>2022-11-13T14:05:17.352Z</time>
<extensions>
<gpxtpx:TrackPointExtension>
<gpxtpx:speed>0.354634</gpxtpx:speed>
</gpxtpx:TrackPointExtension>
</extensions>
</trkpt>
<trkpt lat="46.115203" lon="12.507499">
<ele>1595.740601</ele>
<time>2022-11-13T14:05:33.329Z</time>
<extensions>
<gpxtpx:TrackPointExtension>
<gpxtpx:speed>0.318429</gpxtpx:speed>
</gpxtpx:TrackPointExtension>
</extensions>
</trkpt>
<trkpt lat="46.115152" lon="12.507546">
<ele>1600.478149</ele>
<time>2022-11-13T14:05:48.344Z</time>
<extensions>
<gpxtpx:TrackPointExtension>
<gpxtpx:speed>0.615060</gpxtpx:speed>
</gpxtpx:TrackPointExtension>
</extensions>
</trkpt>
<trkpt lat="46.115129" lon="12.507573">
<ele>1593.402100</ele>
<time>2022-11-13T14:06:33.113Z</time>
<extensions>
<gpxtpx:TrackPointExtension>
<gpxtpx:speed>0.369555</gpxtpx:speed>
</gpxtpx:TrackPointExtension>
</extensions>
</trkpt>
<trkpt lat="46.115092" lon="12.507600">
<ele>1585.163574</ele>
<time>2022-11-13T14:06:43.335Z</time>
<extensions>
<gpxtpx:TrackPointExtension>
<gpxtpx:speed>0.576340</gpxtpx:speed>
</gpxtpx:TrackPointExtension>
</extensions>
</trkpt>
<trkpt lat="46.115051" lon="12.507615">
<ele>1591.098022</ele>
<time>2022-11-13T14:06:58.347Z</time>
<extensions>
<gpxtpx:TrackPointExtension>
<gpxtpx:speed>0.776898</gpxtpx:speed>
</gpxtpx:TrackPointExtension>
</extensions>
</trkpt>
<trkpt lat="46.115001" lon="12.507652">
<ele>1588.107056</ele>
<time>2022-11-13T14:07:08.378Z</time>
<extensions>
<gpxtpx:TrackPointExtension>
<gpxtpx:speed>0.839032</gpxtpx:speed>
</gpxtpx:TrackPointExtension>
</extensions>
</trkpt>
<trkpt lat="46.114972" lon="12.507673">
<ele>1589.391113</ele>
<time>2022-11-13T14:07:18.401Z</time>
<extensions>
<gpxtpx:TrackPointExtension>
<gpxtpx:speed>0.686091</gpxtpx:speed>
</gpxtpx:TrackPointExtension>
</extensions>
</trkpt>
<trkpt lat="46.114923" lon="12.507682">
<ele>1584.455444</ele>
<time>2022-11-13T14:07:28.439Z</time>
<extensions>
<gpxtpx:TrackPointExtension>
<gpxtpx:speed>0.225598</gpxtpx:speed>
</gpxtpx:TrackPointExtension>
</extensions>
</trkpt>
<trkpt lat="46.114878" lon="12.507728">
<ele>1584.828003</ele>
<time>2022-11-13T14:07:38.483Z</time>
<extensions>
<gpxtpx:TrackPointExtension>
<gpxtpx:speed>0.929012</gpxtpx:speed>
</gpxtpx:TrackPointExtension>
</extensions>
</trkpt>
<trkpt lat="46.114807" lon="12.507684">
<ele>1572.525513</ele>
<time>2022-11-13T14:07:49.348Z</time>
<extensions>
<gpxtpx:TrackPointExtension>
<gpxtpx:speed>0.848841</gpxtpx:speed>
</gpxtpx:TrackPointExtension>
</extensions>
</trkpt>
<trkpt lat="46.114748" lon="12.507695">
<ele>1579.664917</ele>
<time>2022-11-13T14:08:04.350Z</time>
<extensions>
<gpxtpx:TrackPointExtension>
<gpxtpx:speed>0.710913</gpxtpx:speed>
</gpxtpx:TrackPointExtension>
</extensions>
</trkpt>
<trkpt lat="46.114659" lon="12.507666">
<ele>1582.064087</ele>
<time>2022-11-13T14:08:18.326Z</time>
<extensions>
<gpxtpx:TrackPointExtension>
<gpxtpx:speed>1.042236</gpxtpx:speed>
</gpxtpx:TrackPointExtension>
</extensions>
</trkpt>
<trkpt lat="46.114629" lon="12.507599">
<ele>1578.058472</ele>
<time>2022-11-13T14:08:29.341Z</time>
<extensions>
<gpxtpx:TrackPointExtension>
<gpxtpx:speed>0.540689</gpxtpx:speed>
</gpxtpx:TrackPointExtension>
</extensions>
</trkpt>
<trkpt lat="46.114602" lon="12.507563">
<ele>1574.240356</ele>
<time>2022-11-13T14:09:14.355Z</time>
<extensions>
<gpxtpx:TrackPointExtension>
<gpxtpx:speed>0.941550</gpxtpx:speed>
</gpxtpx:TrackPointExtension>
</extensions>
</trkpt>
<trkpt lat="46.114549" lon="12.507514">
<ele>1578.779785</ele>
<time>2022-11-13T14:09:24.363Z</time>
<extensions>
<gpxtpx:TrackPointExtension>
<gpxtpx:speed>1.043603</gpxtpx:speed>
</gpxtpx:TrackPointExtension>
</extensions>
</trkpt>
<trkpt lat="46.114466" lon="12.507588">
<ele>1573.064575</ele>
<time>2022-11-13T14:09:37.352Z</time>
<extensions>
<gpxtpx:TrackPointExtension>
<gpxtpx:speed>1.230127</gpxtpx:speed>
</gpxtpx:TrackPointExtension>
</extensions>
</trkpt>
<trkpt lat="46.114403" lon="12.507673">
<ele>1572.255981</ele>
<time>2022-11-13T14:09:49.330Z</time>
<extensions>
<gpxtpx:TrackPointExtension>
<gpxtpx:speed>0.896232</gpxtpx:speed>
</gpxtpx:TrackPointExtension>
</extensions>
</trkpt>
<trkpt lat="46.114338" lon="12.507712">
<ele>1570.517456</ele>
<time>2022-11-13T14:09:59.332Z</time>
<extensions>
<gpxtpx:TrackPointExtension>
<gpxtpx:speed>0.858985</gpxtpx:speed>
</gpxtpx:TrackPointExtension>
</extensions>
</trkpt>
<trkpt lat="46.114260" lon="12.507603">
<ele>1563.148071</ele>
<time>2022-11-13T14:10:14.347Z</time>
<extensions>
<gpxtpx:TrackPointExtension>
<gpxtpx:speed>0.856107</gpxtpx:speed>
</gpxtpx:TrackPointExtension>
</extensions>
</trkpt>
<trkpt lat="46.114184" lon="12.507597">
<ele>1568.411499</ele>
<time>2022-11-13T14:10:24.347Z</time>
<extensions>
<gpxtpx:TrackPointExtension>
<gpxtpx:speed>0.861423</gpxtpx:speed>
</gpxtpx:TrackPointExtension>
</extensions>
</trkpt>
<trkpt lat="46.114070" lon="12.507665">
<ele>1567.093018</ele>
<time>2022-11-13T14:10:39.339Z</time>
<extensions>
<gpxtpx:TrackPointExtension>
<gpxtpx:speed>0.898169</gpxtpx:speed>
</gpxtpx:TrackPointExtension>
</extensions>
</trkpt>
<trkpt lat="46.114022" lon="12.507549">
<ele>1559.258667</ele>
<time>2022-11-13T14:10:49.349Z</time>
<extensions>
<gpxtpx:TrackPointExtension>
<gpxtpx:speed>0.811968</gpxtpx:speed>
</gpxtpx:TrackPointExtension>
</extensions>
</trkpt>
<trkpt lat="46.113979" lon="12.507531">
<ele>1556.537109</ele>
<time>2022-11-13T14:11:02.339Z</time>
<extensions>
<gpxtpx:TrackPointExtension>
<gpxtpx:speed>0.647219</gpxtpx:speed>
</gpxtpx:TrackPointExtension>
</extensions>
</trkpt>
<trkpt lat="46.113957" lon="12.507511">
<ele>1557.475098</ele>
<time>2022-11-13T14:11:14.346Z</time>
<extensions>
<gpxtpx:TrackPointExtension>
<gpxtpx:speed>0.414869</gpxtpx:speed>
</gpxtpx:TrackPointExtension>
</extensions>
</trkpt>
<trkpt lat="46.113963" lon="12.507501">
<ele>1556.922852</ele>
<time>2022-11-13T14:14:05.308Z</time>
<extensions>
<gpxtpx:TrackPointExtension>
<gpxtpx:speed>0.205625</gpxtpx:speed>
</gpxtpx:TrackPointExtension>
</extensions>
</trkpt>
<trkpt lat="46.113981" lon="12.507509">
<ele>1555.950562</ele>
<time>2022-11-13T14:15:53.344Z</time>
<extensions>
<gpxtpx:TrackPointExtension>
<gpxtpx:speed>0.443753</gpxtpx:speed>
</gpxtpx:TrackPointExtension>
</extensions>
</trkpt>
<trkpt lat="46.113989" lon="12.507534">
<ele>1557.390625</ele>
<time>2022-11-13T14:16:50.353Z</time>
<extensions>
<gpxtpx:TrackPointExtension>
<gpxtpx:speed>0.413404</gpxtpx:speed>
</gpxtpx:TrackPointExtension>
</extensions>
</trkpt>
<trkpt lat="46.113956" lon="12.507608">
<ele>1561.285278</ele>
<time>2022-11-13T14:17:00.364Z</time>
<extensions>
<gpxtpx:TrackPointExtension>
<gpxtpx:speed>1.177522</gpxtpx:speed>
</gpxtpx:TrackPointExtension>
</extensions>
</trkpt>
<trkpt lat="46.113950" lon="12.507491">
<ele>1557.018066</ele>
<time>2022-11-13T14:17:10.393Z</time>
<extensions>
<gpxtpx:TrackPointExtension>
<gpxtpx:speed>0.710378</gpxtpx:speed>
</gpxtpx:TrackPointExtension>
</extensions>
</trkpt>
<trkpt lat="46.113936" lon="12.507449">
<ele>1556.233276</ele>
<time>2022-11-13T14:17:39.323Z</time>
<extensions>
<gpxtpx:TrackPointExtension>
<gpxtpx:speed>0.609352</gpxtpx:speed>
</gpxtpx:TrackPointExtension>
</extensions>
</trkpt>
<trkpt lat="46.113894" lon="12.507406">
<ele>1553.131226</ele>
<time>2022-11-13T14:17:51.339Z</time>
<extensions>
<gpxtpx:TrackPointExtension>
<gpxtpx:speed>0.416269</gpxtpx:speed>
</gpxtpx:TrackPointExtension>
</extensions>
</trkpt>
<trkpt lat="46.113875" lon="12.507393">
<ele>1550.039795</ele>
<time>2022-11-13T14:18:06.352Z</time>
<extensions>
<gpxtpx:TrackPointExtension>
<gpxtpx:speed>0.772152</gpxtpx:speed>
</gpxtpx:TrackPointExtension>
</extensions>
</trkpt>
<trkpt lat="46.113796" lon="12.507367">
<ele>1549.691040</ele>
<time>2022-11-13T14:18:21.321Z</time>
<extensions>
<gpxtpx:TrackPointExtension>
<gpxtpx:speed>0.643706</gpxtpx:speed>
</gpxtpx:TrackPointExtension>
</extensions>
</trkpt>
<trkpt lat="46.113768" lon="12.507440">
<ele>1549.284058</ele>
<time>2022-11-13T14:18:31.331Z</time>
<extensions>
<gpxtpx:TrackPointExtension>
<gpxtpx:speed>0.739124</gpxtpx:speed>
</gpxtpx:TrackPointExtension>
</extensions>
</trkpt>
<trkpt lat="46.113731" lon="12.507539">
<ele>1545.140991</ele>
<time>2022-11-13T14:18:44.323Z</time>
<extensions>
<gpxtpx:TrackPointExtension>
<gpxtpx:speed>0.709675</gpxtpx:speed>
</gpxtpx:TrackPointExtension>
</extensions>
</trkpt>
<trkpt lat="46.113708" lon="12.507594">
<ele>1542.186890</ele>
<time>2022-11-13T14:18:56.327Z</time>
<extensions>
<gpxtpx:TrackPointExtension>
<gpxtpx:speed>0.680541</gpxtpx:speed>
</gpxtpx:TrackPointExtension>
</extensions>
</trkpt>
<trkpt lat="46.113677" lon="12.507617">
<ele>1543.714233</ele>
<time>2022-11-13T14:19:11.319Z</time>
<extensions>
<gpxtpx:TrackPointExtension>
<gpxtpx:speed>0.580028</gpxtpx:speed>
</gpxtpx:TrackPointExtension>
</extensions>
</trkpt>
<trkpt lat="46.113625" lon="12.507676">
<ele>1543.344238</ele>
<time>2022-11-13T14:19:22.336Z</time>
<extensions>
<gpxtpx:TrackPointExtension>
<gpxtpx:speed>0.861616</gpxtpx:speed>
</gpxtpx:TrackPointExtension>
</extensions>
</trkpt>
<trkpt lat="46.113588" lon="12.507632">
<ele>1534.524292</ele>
<time>2022-11-13T14:19:32.338Z</time>
<extensions>
<gpxtpx:TrackPointExtension>
<gpxtpx:speed>0.725713</gpxtpx:speed>
</gpxtpx:TrackPointExtension>
</extensions>
</trkpt>
<trkpt lat="46.113517" lon="12.507524">
<ele>1535.803223</ele>
<time>2022-11-13T14:19:46.328Z</time>
<extensions>
<gpxtpx:TrackPointExtension>
<gpxtpx:speed>0.834785</gpxtpx:speed>
</gpxtpx:TrackPointExtension>
</extensions>
</trkpt>
<trkpt lat="46.113450" lon="12.507476">
<ele>1532.307495</ele>
<time>2022-11-13T14:19:59.345Z</time>
<extensions>
<gpxtpx:TrackPointExtension>
<gpxtpx:speed>1.031590</gpxtpx:speed>
</gpxtpx:TrackPointExtension>
</extensions>
</trkpt>
<trkpt lat="46.113441" lon="12.507479">
<ele>1533.594238</ele>
<time>2022-11-13T14:20:16.319Z</time>
<extensions>
<gpxtpx:TrackPointExtension>
<gpxtpx:speed>0.234167</gpxtpx:speed>
</gpxtpx:TrackPointExtension>
</extensions>
</trkpt>
<trkpt lat="46.113403" lon="12.507390">
<ele>1532.399902</ele>
<time>2022-11-13T14:20:26.332Z</time>
<extensions>
<gpxtpx:TrackPointExtension>
<gpxtpx:speed>0.737442</gpxtpx:speed>
</gpxtpx:TrackPointExtension>
</extensions>
</trkpt>
<trkpt lat="46.113389" lon="12.507354">
<ele>1526.304199</ele>
<time>2022-11-13T14:20:37.340Z</time>
<extensions>
<gpxtpx:TrackPointExtension>
<gpxtpx:speed>0.204476</gpxtpx:speed>
</gpxtpx:TrackPointExtension>
</extensions>
</trkpt>
<trkpt lat="46.113371" lon="12.507417">
<ele>1535.705444</ele>
<time>2022-11-13T14:20:51.334Z</time>
<extensions>
<gpxtpx:TrackPointExtension>
<gpxtpx:speed>0.459724</gpxtpx:speed>
</gpxtpx:TrackPointExtension>
</extensions>
</trkpt>
<trkpt lat="46.113345" lon="12.507418">
<ele>1522.068726</ele>
<time>2022-11-13T14:21:01.349Z</time>
<extensions>
<gpxtpx:TrackPointExtension>
<gpxtpx:speed>0.785655</gpxtpx:speed>
</gpxtpx:TrackPointExtension>
</extensions>
</trkpt>
<trkpt lat="46.113338" lon="12.507493">
<ele>1525.614624</ele>
<time>2022-11-13T14:21:11.361Z</time>
<extensions>
<gpxtpx:TrackPointExtension>
<gpxtpx:speed>0.323849</gpxtpx:speed>
</gpxtpx:TrackPointExtension>
</extensions>
</trkpt>
<trkpt lat="46.113337" lon="12.507513">
<ele>1525.408447</ele>
<time>2022-11-13T14:21:21.379Z</time>
<extensions>
<gpxtpx:TrackPointExtension>
<gpxtpx:speed>0.433412</gpxtpx:speed>
</gpxtpx:TrackPointExtension>
</extensions>
</trkpt>
<trkpt lat="46.113358" lon="12.507576">
<ele>1523.593262</ele>
<time>2022-11-13T14:21:31.399Z</time>
<extensions>
<gpxtpx:TrackPointExtension>
<gpxtpx:speed>0.854167</gpxtpx:speed>
</gpxtpx:TrackPointExtension>
</extensions>
</trkpt>
<trkpt lat="46.113318" lon="12.507566">
<ele>1521.326172</ele>
<time>2022-11-13T14:21:46.463Z</time>
<extensions>
<gpxtpx:TrackPointExtension>
<gpxtpx:speed>0.790093</gpxtpx:speed>
</gpxtpx:TrackPointExtension>
</extensions>
</trkpt>
<trkpt lat="46.113315" lon="12.507658">
<ele>1523.796753</ele>
<time>2022-11-13T14:21:56.507Z</time>
<extensions>
<gpxtpx:TrackPointExtension>
<gpxtpx:speed>1.530948</gpxtpx:speed>
</gpxtpx:TrackPointExtension>
</extensions>
</trkpt>
<trkpt lat="46.113379" lon="12.507701">
<ele>1522.509888</ele>
<time>2022-11-13T14:22:07.332Z</time>
<extensions>
<gpxtpx:TrackPointExtension>
<gpxtpx:speed>1.113680</gpxtpx:speed>
</gpxtpx:TrackPointExtension>
</extensions>
</trkpt>
<trkpt lat="46.113340" lon="12.507741">
<ele>1516.152588</ele>
<time>2022-11-13T14:22:17.335Z</time>
<extensions>
<gpxtpx:TrackPointExtension>
<gpxtpx:speed>1.098171</gpxtpx:speed>
</gpxtpx:TrackPointExtension>
</extensions>
</trkpt>
<trkpt lat="46.113280" lon="12.507712">
<ele>1513.169434</ele>
<time>2022-11-13T14:22:27.339Z</time>
<extensions>
<gpxtpx:TrackPointExtension>
<gpxtpx:speed>0.593493</gpxtpx:speed>
</gpxtpx:TrackPointExtension>
</extensions>
</trkpt>
<trkpt lat="46.113265" lon="12.507709">
<ele>1514.842041</ele>
<time>2022-11-13T14:22:37.349Z</time>
<extensions>
<gpxtpx:TrackPointExtension>
<gpxtpx:speed>0.718470</gpxtpx:speed>
</gpxtpx:TrackPointExtension>
</extensions>
</trkpt>
<trkpt lat="46.113191" lon="12.507616">
<ele>1502.439209</ele>
<time>2022-11-13T14:22:51.338Z</time>
<extensions>
<gpxtpx:TrackPointExtension>
<gpxtpx:speed>0.863660</gpxtpx:speed>
</gpxtpx:TrackPointExtension>
</extensions>
</trkpt>
<trkpt lat="46.113191" lon="12.507652">
<ele>1509.623535</ele>
<time>2022-11-13T14:23:07.327Z</time>
<extensions>
<gpxtpx:TrackPointExtension>
<gpxtpx:speed>0.838726</gpxtpx:speed>
</gpxtpx:TrackPointExtension>
</extensions>
</trkpt>
<trkpt lat="46.113149" lon="12.507700">
<ele>1509.285400</ele>
<time>2022-11-13T14:23:17.335Z</time>
<extensions>
<gpxtpx:TrackPointExtension>
<gpxtpx:speed>0.801730</gpxtpx:speed>
</gpxtpx:TrackPointExtension>
</extensions>
</trkpt>
<trkpt lat="46.113075" lon="12.507650">
<ele>1504.492310</ele>
<time>2022-11-13T14:23:30.333Z</time>
<extensions>
<gpxtpx:TrackPointExtension>
<gpxtpx:speed>0.967043</gpxtpx:speed>
</gpxtpx:TrackPointExtension>
</extensions>
</trkpt>
<trkpt lat="46.113073" lon="12.507770">
<ele>1499.265869</ele>
<time>2022-11-13T14:23:42.336Z</time>
<extensions>
<gpxtpx:TrackPointExtension>
<gpxtpx:speed>0.909060</gpxtpx:speed>
</gpxtpx:TrackPointExtension>
</extensions>
</trkpt>
<trkpt lat="46.113071" lon="12.507729">
<ele>1501.001831</ele>
<time>2022-11-13T14:24:07.341Z</time>
<extensions>
<gpxtpx:TrackPointExtension>
<gpxtpx:speed>0.528868</gpxtpx:speed>
</gpxtpx:TrackPointExtension>
</extensions>
</trkpt>
<trkpt lat="46.113056" lon="12.507788">
<ele>1496.145264</ele>
<time>2022-11-13T14:24:19.342Z</time>
<extensions>
<gpxtpx:TrackPointExtension>
<gpxtpx:speed>0.433506</gpxtpx:speed>
</gpxtpx:TrackPointExtension>
</extensions>
</trkpt>
<trkpt lat="46.112997" lon="12.507839">
<ele>1501.075806</ele>
<time>2022-11-13T14:24:37.341Z</time>
<extensions>
<gpxtpx:TrackPointExtension>
<gpxtpx:speed>1.680766</gpxtpx:speed>
</gpxtpx:TrackPointExtension>
</extensions>
</trkpt>
<trkpt lat="46.113015" lon="12.507882">
<ele>1491.941406</ele>
<time>2022-11-13T14:24:47.342Z</time>
<extensions>
<gpxtpx:TrackPointExtension>
<gpxtpx:speed>0.695058</gpxtpx:speed>
</gpxtpx:TrackPointExtension>
</extensions>
</trkpt>
<trkpt lat="46.112981" lon="12.507908">
<ele>1485.734741</ele>
<time>2022-11-13T14:24:57.342Z</time>
<extensions>
<gpxtpx:TrackPointExtension>
<gpxtpx:speed>0.840106</gpxtpx:speed>
</gpxtpx:TrackPointExtension>
</extensions>
</trkpt>
<trkpt lat="46.112959" lon="12.507991">
<ele>1486.279053</ele>
<time>2022-11-13T14:25:08.334Z</time>
<extensions>
<gpxtpx:TrackPointExtension>
<gpxtpx:speed>0.457175</gpxtpx:speed>
</gpxtpx:TrackPointExtension>
</extensions>
</trkpt>
<trkpt lat="46.112952" lon="12.508016">
<ele>1485.829834</ele>
<time>2022-11-13T14:25:18.343Z</time>
<extensions>
<gpxtpx:TrackPointExtension>
<gpxtpx:speed>0.286733</gpxtpx:speed>
</gpxtpx:TrackPointExtension>
</extensions>
</trkpt>
<trkpt lat="46.112932" lon="12.508067">
<ele>1492.850464</ele>
<time>2022-11-13T14:25:52.435Z</time>
<extensions>
<gpxtpx:TrackPointExtension>
<gpxtpx:speed>2.822802</gpxtpx:speed>
</gpxtpx:TrackPointExtension>
</extensions>
</trkpt>
<trkpt lat="46.112943" lon="12.508090">
<ele>1493.547974</ele>
<time>2022-11-13T14:26:02.485Z</time>
<extensions>
<gpxtpx:TrackPointExtension>
<gpxtpx:speed>0.600785</gpxtpx:speed>
</gpxtpx:TrackPointExtension>
</extensions>
</trkpt>
<trkpt lat="46.112944" lon="12.508187">
<ele>1488.009766</ele>
<time>2022-11-13T14:26:13.356Z</time>
<extensions>
<gpxtpx:TrackPointExtension>
<gpxtpx:speed>1.103306</gpxtpx:speed>
</gpxtpx:TrackPointExtension>
</extensions>
</trkpt>
<trkpt lat="46.112948" lon="12.508229">
<ele>1488.292480</ele>
<time>2022-11-13T14:26:26.335Z</time>
<extensions>
<gpxtpx:TrackPointExtension>
<gpxtpx:speed>0.364487</gpxtpx:speed>
</gpxtpx:TrackPointExtension>
</extensions>
</trkpt>
<trkpt lat="46.112946" lon="12.508318">
<ele>1486.662231</ele>
<time>2022-11-13T14:26:36.340Z</time>
<extensions>
<gpxtpx:TrackPointExtension>
<gpxtpx:speed>1.092639</gpxtpx:speed>
</gpxtpx:TrackPointExtension>
</extensions>
</trkpt>
<trkpt lat="46.112945" lon="12.508408">
<ele>1481.744873</ele>
<time>2022-11-13T14:26:48.331Z</time>
<extensions>
<gpxtpx:TrackPointExtension>
<gpxtpx:speed>0.733960</gpxtpx:speed>
</gpxtpx:TrackPointExtension>
</extensions>
</trkpt>
<trkpt lat="46.112948" lon="12.508485">
<ele>1477.498779</ele>
<time>2022-11-13T14:27:03.333Z</time>
<extensions>
<gpxtpx:TrackPointExtension>
<gpxtpx:speed>0.759510</gpxtpx:speed>
</gpxtpx:TrackPointExtension>
</extensions>
</trkpt>
<trkpt lat="46.112993" lon="12.508505">
<ele>1474.486572</ele>
<time>2022-11-13T14:27:14.334Z</time>
<extensions>
<gpxtpx:TrackPointExtension>
<gpxtpx:speed>0.908772</gpxtpx:speed>
</gpxtpx:TrackPointExtension>
</extensions>
</trkpt>
<trkpt lat="46.112934" lon="12.508519">
<ele>1478.603271</ele>
<time>2022-11-13T14:27:28.328Z</time>
<extensions>
<gpxtpx:TrackPointExtension>
<gpxtpx:speed>1.506832</gpxtpx:speed>
</gpxtpx:TrackPointExtension>
</extensions>
</trkpt>
<trkpt lat="46.112877" lon="12.508580">
<ele>1475.926636</ele>
<time>2022-11-13T14:27:43.318Z</time>
<extensions>
<gpxtpx:TrackPointExtension>
<gpxtpx:speed>1.385756</gpxtpx:speed>
</gpxtpx:TrackPointExtension>
</extensions>
</trkpt>
<trkpt lat="46.112839" lon="12.508647">
<ele>1473.773193</ele>
<time>2022-11-13T14:27:53.325Z</time>
<extensions>
<gpxtpx:TrackPointExtension>
<gpxtpx:speed>1.145728</gpxtpx:speed>
</gpxtpx:TrackPointExtension>
</extensions>
</trkpt>
<trkpt lat="46.112915" lon="12.508587">
<ele>1473.884155</ele>
<time>2022-11-13T14:28:03.336Z</time>
<extensions>
<gpxtpx:TrackPointExtension>
<gpxtpx:speed>1.216160</gpxtpx:speed>
</gpxtpx:TrackPointExtension>
</extensions>
</trkpt>
<trkpt lat="46.112945" lon="12.508560">
<ele>1473.228882</ele>
<time>2022-11-13T14:28:18.331Z</time>
<extensions>
<gpxtpx:TrackPointExtension>
<gpxtpx:speed>0.401680</gpxtpx:speed>
</gpxtpx:TrackPointExtension>
</extensions>
</trkpt>
<trkpt lat="46.112912" lon="12.508584">
<ele>1473.062378</ele>
<time>2022-11-13T14:28:31.329Z</time>
<extensions>
<gpxtpx:TrackPointExtension>
<gpxtpx:speed>0.316881</gpxtpx:speed>
</gpxtpx:TrackPointExtension>
</extensions>
</trkpt>
<trkpt lat="46.112892" lon="12.508564">
<ele>1469.587769</ele>
<time>2022-11-13T14:28:48.323Z</time>
<extensions>
<gpxtpx:TrackPointExtension>
<gpxtpx:speed>0.401795</gpxtpx:speed>
</gpxtpx:TrackPointExtension>
</extensions>
</trkpt>
<trkpt lat="46.112907" lon="12.508667">
<ele>1472.906494</ele>
<time>2022-11-13T14:28:58.327Z</time>
<extensions>
<gpxtpx:TrackPointExtension>
<gpxtpx:speed>1.262837</gpxtpx:speed>
</gpxtpx:TrackPointExtension>
</extensions>
</trkpt>
<trkpt lat="46.112827" lon="12.508760">
<ele>1471.027832</ele>
<time>2022-11-13T14:29:09.333Z</time>
<extensions>
<gpxtpx:TrackPointExtension>
<gpxtpx:speed>0.802326</gpxtpx:speed>
</gpxtpx:TrackPointExtension>
</extensions>
</trkpt>
<trkpt lat="46.112832" lon="12.508710">
<ele>1472.203735</ele>
<time>2022-11-13T14:29:23.373Z</time>
<extensions>
<gpxtpx:TrackPointExtension>
<gpxtpx:speed>0.345066</gpxtpx:speed>
</gpxtpx:TrackPointExtension>
</extensions>
</trkpt>
<trkpt lat="46.112782" lon="12.508788">
<ele>1476.452515</ele>
<time>2022-11-13T14:29:33.383Z</time>
<extensions>
<gpxtpx:TrackPointExtension>
<gpxtpx:speed>0.449309</gpxtpx:speed>
</gpxtpx:TrackPointExtension>
</extensions>
</trkpt>
<trkpt lat="46.112782" lon="12.508835">
<ele>1469.180908</ele>
<time>2022-11-13T14:29:43.413Z</time>
<extensions>
<gpxtpx:TrackPointExtension>
<gpxtpx:speed>0.709567</gpxtpx:speed>
</gpxtpx:TrackPointExtension>
</extensions>
</trkpt>
<trkpt lat="46.112769" lon="12.508818">
<ele>1472.943481</ele>
<time>2022-11-13T14:29:53.431Z</time>
<extensions>
<gpxtpx:TrackPointExtension>
<gpxtpx:speed>0.669639</gpxtpx:speed>
</gpxtpx:TrackPointExtension>
</extensions>
</trkpt>
<trkpt lat="46.112762" lon="12.508918">
<ele>1464.874023</ele>
<time>2022-11-13T14:30:03.459Z</time>
<extensions>
<gpxtpx:TrackPointExtension>
<gpxtpx:speed>0.687566</gpxtpx:speed>
</gpxtpx:TrackPointExtension>
</extensions>
</trkpt>
<trkpt lat="46.112711" lon="12.508900">
<ele>1463.904297</ele>
<time>2022-11-13T14:30:17.353Z</time>
<extensions>
<gpxtpx:TrackPointExtension>
<gpxtpx:speed>2.202620</gpxtpx:speed>
</gpxtpx:TrackPointExtension>
</extensions>
</trkpt>
<trkpt lat="46.112765" lon="12.508992">
<ele>1466.393311</ele>
<time>2022-11-13T14:30:29.335Z</time>
<extensions>
<gpxtpx:TrackPointExtension>
<gpxtpx:speed>0.970034</gpxtpx:speed>
</gpxtpx:TrackPointExtension>
</extensions>
</trkpt>
<trkpt lat="46.112870" lon="12.508903">
<ele>1463.278076</ele>
<time>2022-11-13T14:30:39.340Z</time>
<extensions>
<gpxtpx:TrackPointExtension>
<gpxtpx:speed>0.566958</gpxtpx:speed>
</gpxtpx:TrackPointExtension>
</extensions>
</trkpt>
<trkpt lat="46.112854" lon="12.508891">
<ele>1460.279053</ele>
<time>2022-11-13T14:30:49.354Z</time>
<extensions>
<gpxtpx:TrackPointExtension>
<gpxtpx:speed>0.413650</gpxtpx:speed>
</gpxtpx:TrackPointExtension>
</extensions>
</trkpt>
<trkpt lat="46.112800" lon="12.508943">
<ele>1464.208130</ele>
<time>2022-11-13T14:31:06.332Z</time>
<extensions>
<gpxtpx:TrackPointExtension>
<gpxtpx:speed>0.716786</gpxtpx:speed>
</gpxtpx:TrackPointExtension>
</extensions>
</trkpt>
<trkpt lat="46.112767" lon="12.509097">
<ele>1458.482300</ele>
<time>2022-11-13T14:31:19.329Z</time>
<extensions>
<gpxtpx:TrackPointExtension>
<gpxtpx:speed>1.467698</gpxtpx:speed>
</gpxtpx:TrackPointExtension>
</extensions>
</trkpt>
<trkpt lat="46.112823" lon="12.509050">
<ele>1459.272339</ele>
<time>2022-11-13T14:31:34.347Z</time>
<extensions>
<gpxtpx:TrackPointExtension>
<gpxtpx:speed>0.382969</gpxtpx:speed>
</gpxtpx:TrackPointExtension>
</extensions>
</trkpt>
<trkpt lat="46.112989" lon="12.509042">
<ele>1454.537476</ele>
<time>2022-11-13T14:31:49.334Z</time>
<extensions>
<gpxtpx:TrackPointExtension>
<gpxtpx:speed>1.482058</gpxtpx:speed>
</gpxtpx:TrackPointExtension>
</extensions>
</trkpt>
<trkpt lat="46.112904" lon="12.509222">
<ele>1448.357178</ele>
<time>2022-11-13T14:32:03.329Z</time>
<extensions>
<gpxtpx:TrackPointExtension>
<gpxtpx:speed>1.075511</gpxtpx:speed>
</gpxtpx:TrackPointExtension>
</extensions>
</trkpt>
<trkpt lat="46.112883" lon="12.509193">
<ele>1450.333618</ele>
<time>2022-11-13T14:32:19.345Z</time>
<extensions>
<gpxtpx:TrackPointExtension>
<gpxtpx:speed>1.520453</gpxtpx:speed>
</gpxtpx:TrackPointExtension>
</extensions>
</trkpt>
<trkpt lat="46.112899" lon="12.509280">
<ele>1449.707397</ele>
<time>2022-11-13T14:32:30.333Z</time>
<extensions>
<gpxtpx:TrackPointExtension>
<gpxtpx:speed>0.271911</gpxtpx:speed>
</gpxtpx:TrackPointExtension>
</extensions>
</trkpt>
<trkpt lat="46.112940" lon="12.509354">
<ele>1451.039063</ele>
<time>2022-11-13T14:32:40.335Z</time>
<extensions>
<gpxtpx:TrackPointExtension>
<gpxtpx:speed>1.261041</gpxtpx:speed>
</gpxtpx:TrackPointExtension>
</extensions>
</trkpt>
<trkpt lat="46.112864" lon="12.509438">
<ele>1446.013428</ele>
<time>2022-11-13T14:32:54.354Z</time>
<extensions>
<gpxtpx:TrackPointExtension>
<gpxtpx:speed>0.965336</gpxtpx:speed>
</gpxtpx:TrackPointExtension>
</extensions>
</trkpt>
<trkpt lat="46.112792" lon="12.509478">
<ele>1446.047852</ele>
<time>2022-11-13T14:33:04.372Z</time>
<extensions>
<gpxtpx:TrackPointExtension>
<gpxtpx:speed>0.726382</gpxtpx:speed>
</gpxtpx:TrackPointExtension>
</extensions>
</trkpt>
<trkpt lat="46.112699" lon="12.509481">
<ele>1444.039673</ele>
<time>2022-11-13T14:33:14.414Z</time>
<extensions>
<gpxtpx:TrackPointExtension>
<gpxtpx:speed>0.794737</gpxtpx:speed>
</gpxtpx:TrackPointExtension>
</extensions>
</trkpt>
<trkpt lat="46.112635" lon="12.509514">
<ele>1442.708008</ele>
<time>2022-11-13T14:33:24.459Z</time>
<extensions>
<gpxtpx:TrackPointExtension>
<gpxtpx:speed>0.851883</gpxtpx:speed>
</gpxtpx:TrackPointExtension>
</extensions>
</trkpt>
<trkpt lat="46.112689" lon="12.509553">
<ele>1442.504517</ele>
<time>2022-11-13T14:33:35.311Z</time>
<extensions>
<gpxtpx:TrackPointExtension>
<gpxtpx:speed>0.929670</gpxtpx:speed>
</gpxtpx:TrackPointExtension>
</extensions>
</trkpt>
<trkpt lat="46.112743" lon="12.509532">
<ele>1436.733765</ele>
<time>2022-11-13T14:33:45.326Z</time>
<extensions>
<gpxtpx:TrackPointExtension>
<gpxtpx:speed>0.887066</gpxtpx:speed>
</gpxtpx:TrackPointExtension>
</extensions>
</trkpt>
<trkpt lat="46.112739" lon="12.509453">
<ele>1439.920410</ele>
<time>2022-11-13T14:33:55.328Z</time>
<extensions>
<gpxtpx:TrackPointExtension>
<gpxtpx:speed>0.708869</gpxtpx:speed>
</gpxtpx:TrackPointExtension>
</extensions>
</trkpt>
<trkpt lat="46.112692" lon="12.509410">
<ele>1437.912231</ele>
<time>2022-11-13T14:34:05.329Z</time>
<extensions>
<gpxtpx:TrackPointExtension>
<gpxtpx:speed>0.868431</gpxtpx:speed>
</gpxtpx:TrackPointExtension>
</extensions>
</trkpt>
<trkpt lat="46.112715" lon="12.509529">
<ele>1440.662842</ele>
<time>2022-11-13T14:34:20.323Z</time>
<extensions>
<gpxtpx:TrackPointExtension>
<gpxtpx:speed>0.756385</gpxtpx:speed>
</gpxtpx:TrackPointExtension>
</extensions>
</trkpt>
<trkpt lat="46.112738" lon="12.509610">
<ele>1436.466919</ele>
<time>2022-11-13T14:34:30.334Z</time>
<extensions>
<gpxtpx:TrackPointExtension>
<gpxtpx:speed>0.689586</gpxtpx:speed>
</gpxtpx:TrackPointExtension>
</extensions>
</trkpt>
<trkpt lat="46.112737" lon="12.509662">
<ele>1436.916138</ele>
<time>2022-11-13T14:34:42.338Z</time>
<extensions>
<gpxtpx:TrackPointExtension>
<gpxtpx:speed>1.032207</gpxtpx:speed>
</gpxtpx:TrackPointExtension>
</extensions>
</trkpt>
<trkpt lat="46.112741" lon="12.509793">
<ele>1436.081177</ele>
<time>2022-11-13T14:34:55.327Z</time>
<extensions>
<gpxtpx:TrackPointExtension>
<gpxtpx:speed>0.927000</gpxtpx:speed>
</gpxtpx:TrackPointExtension>
</extensions>
</trkpt>
<trkpt lat="46.112711" lon="12.509855">
<ele>1432.490356</ele>
<time>2022-11-13T14:35:09.327Z</time>
<extensions>
<gpxtpx:TrackPointExtension>
<gpxtpx:speed>0.944385</gpxtpx:speed>
</gpxtpx:TrackPointExtension>
</extensions>
</trkpt>
<trkpt lat="46.112678" lon="12.509924">
<ele>1426.825317</ele>
<time>2022-11-13T14:35:19.351Z</time>
<extensions>
<gpxtpx:TrackPointExtension>
<gpxtpx:speed>1.068174</gpxtpx:speed>
</gpxtpx:TrackPointExtension>
</extensions>
</trkpt>
<trkpt lat="46.112615" lon="12.509938">
<ele>1429.443726</ele>
<time>2022-11-13T14:35:30.334Z</time>
<extensions>
<gpxtpx:TrackPointExtension>
<gpxtpx:speed>0.823182</gpxtpx:speed>
</gpxtpx:TrackPointExtension>
</extensions>
</trkpt>
<trkpt lat="46.112604" lon="12.509952">
<ele>1432.691162</ele>
<time>2022-11-13T14:35:40.335Z</time>
<extensions>
<gpxtpx:TrackPointExtension>
<gpxtpx:speed>0.275263</gpxtpx:speed>
</gpxtpx:TrackPointExtension>
</extensions>
</trkpt>
<trkpt lat="46.112511" lon="12.509940">
<ele>1426.233398</ele>
<time>2022-11-13T14:35:55.336Z</time>
<extensions>
<gpxtpx:TrackPointExtension>
<gpxtpx:speed>0.731990</gpxtpx:speed>
</gpxtpx:TrackPointExtension>
</extensions>
</trkpt>
<trkpt lat="46.112454" lon="12.509952">
<ele>1429.784668</ele>
<time>2022-11-13T14:36:05.339Z</time>
<extensions>
<gpxtpx:TrackPointExtension>
<gpxtpx:speed>1.096154</gpxtpx:speed>
</gpxtpx:TrackPointExtension>
</extensions>
</trkpt>
<trkpt lat="46.112417" lon="12.510025">
<ele>1425.327148</ele>
<time>2022-11-13T14:36:15.349Z</time>
<extensions>
<gpxtpx:TrackPointExtension>
<gpxtpx:speed>0.574828</gpxtpx:speed>
</gpxtpx:TrackPointExtension>
</extensions>
</trkpt>
<trkpt lat="46.112373" lon="12.510117">
<ele>1425.472412</ele>
<time>2022-11-13T14:36:26.334Z</time>
<extensions>
<gpxtpx:TrackPointExtension>
<gpxtpx:speed>1.087466</gpxtpx:speed>
</gpxtpx:TrackPointExtension>
</extensions>
</trkpt>
<trkpt lat="46.112341" lon="12.510116">
<ele>1420.111206</ele>
<time>2022-11-13T14:36:36.338Z</time>
<extensions>
<gpxtpx:TrackPointExtension>
<gpxtpx:speed>0.925667</gpxtpx:speed>
</gpxtpx:TrackPointExtension>
</extensions>
</trkpt>
<trkpt lat="46.112347" lon="12.510234">
<ele>1418.864136</ele>
<time>2022-11-13T14:36:50.380Z</time>
<extensions>
<gpxtpx:TrackPointExtension>
<gpxtpx:speed>0.402668</gpxtpx:speed>
</gpxtpx:TrackPointExtension>
</extensions>
</trkpt>
<trkpt lat="46.112368" lon="12.510306">
<ele>1414.176758</ele>
<time>2022-11-13T14:37:00.404Z</time>
<extensions>
<gpxtpx:TrackPointExtension>
<gpxtpx:speed>0.315071</gpxtpx:speed>
</gpxtpx:TrackPointExtension>
</extensions>
</trkpt>
<trkpt lat="46.112393" lon="12.510377">
<ele>1421.205200</ele>
<time>2022-11-13T14:37:15.468Z</time>
<extensions>
<gpxtpx:TrackPointExtension>
<gpxtpx:speed>1.600174</gpxtpx:speed>
</gpxtpx:TrackPointExtension>
</extensions>
</trkpt>
<trkpt lat="46.112347" lon="12.510453">
<ele>1412.464478</ele>
<time>2022-11-13T14:37:25.502Z</time>
<extensions>
<gpxtpx:TrackPointExtension>
<gpxtpx:speed>1.369603</gpxtpx:speed>
</gpxtpx:TrackPointExtension>
</extensions>
</trkpt>
<trkpt lat="46.112320" lon="12.510480">
<ele>1411.087891</ele>
<time>2022-11-13T14:37:36.326Z</time>
<extensions>
<gpxtpx:TrackPointExtension>
<gpxtpx:speed>1.775697</gpxtpx:speed>
</gpxtpx:TrackPointExtension>
</extensions>
</trkpt>
<trkpt lat="46.112258" lon="12.510545">
<ele>1412.657349</ele>
<time>2022-11-13T14:37:46.329Z</time>
<extensions>
<gpxtpx:TrackPointExtension>
<gpxtpx:speed>1.049566</gpxtpx:speed>
</gpxtpx:TrackPointExtension>
</extensions>
</trkpt>
<trkpt lat="46.112340" lon="12.510476">
<ele>1416.470215</ele>
<time>2022-11-13T14:37:56.342Z</time>
<extensions>
<gpxtpx:TrackPointExtension>
<gpxtpx:speed>0.307908</gpxtpx:speed>
</gpxtpx:TrackPointExtension>
</extensions>
</trkpt>
<trkpt lat="46.112350" lon="12.510559">
<ele>1410.366577</ele>
<time>2022-11-13T14:38:11.334Z</time>
<extensions>
<gpxtpx:TrackPointExtension>
<gpxtpx:speed>0.543768</gpxtpx:speed>
</gpxtpx:TrackPointExtension>
</extensions>
</trkpt>
<trkpt lat="46.112359" lon="12.510551">
<ele>1412.525269</ele>
<time>2022-11-13T14:38:21.337Z</time>
<extensions>
<gpxtpx:TrackPointExtension>
<gpxtpx:speed>0.902655</gpxtpx:speed>
</gpxtpx:TrackPointExtension>
</extensions>
</trkpt>
<trkpt lat="46.112510" lon="12.510542">
<ele>1412.406372</ele>
<time>2022-11-13T14:38:36.333Z</time>
<extensions>
<gpxtpx:TrackPointExtension>
<gpxtpx:speed>0.928605</gpxtpx:speed>
</gpxtpx:TrackPointExtension>
</extensions>
</trkpt>
<trkpt lat="46.112555" lon="12.510495">
<ele>1407.230103</ele>
<time>2022-11-13T14:38:46.344Z</time>
<extensions>
<gpxtpx:TrackPointExtension>
<gpxtpx:speed>1.694283</gpxtpx:speed>
</gpxtpx:TrackPointExtension>
</extensions>
</trkpt>
<trkpt lat="46.112621" lon="12.510441">
<ele>1409.861816</ele>
<time>2022-11-13T14:39:51.329Z</time>
<extensions>
<gpxtpx:TrackPointExtension>
<gpxtpx:speed>0.217744</gpxtpx:speed>
</gpxtpx:TrackPointExtension>
</extensions>
</trkpt>
<trkpt lat="46.112647" lon="12.510564">
<ele>1413.357544</ele>
<time>2022-11-13T14:40:01.336Z</time>
<extensions>
<gpxtpx:TrackPointExtension>
<gpxtpx:speed>1.057509</gpxtpx:speed>
</gpxtpx:TrackPointExtension>
</extensions>
</trkpt>
<trkpt lat="46.112721" lon="12.510451">
<ele>1409.056030</ele>
<time>2022-11-13T14:40:11.346Z</time>
<extensions>
<gpxtpx:TrackPointExtension>
<gpxtpx:speed>0.809273</gpxtpx:speed>
</gpxtpx:TrackPointExtension>
</extensions>
</trkpt>
<trkpt lat="46.112663" lon="12.510460">
<ele>1406.609253</ele>
<time>2022-11-13T14:40:23.332Z</time>
<extensions>
<gpxtpx:TrackPointExtension>
<gpxtpx:speed>0.921430</gpxtpx:speed>
</gpxtpx:TrackPointExtension>
</extensions>
</trkpt>
<trkpt lat="46.112662" lon="12.510445">
<ele>1407.243408</ele>
<time>2022-11-13T14:40:33.338Z</time>
<extensions>
<gpxtpx:TrackPointExtension>
<gpxtpx:speed>0.707830</gpxtpx:speed>
</gpxtpx:TrackPointExtension>
</extensions>
</trkpt>
<trkpt lat="46.112788" lon="12.510439">
<ele>1410.691528</ele>
<time>2022-11-13T14:40:46.365Z</time>
<extensions>
<gpxtpx:TrackPointExtension>
<gpxtpx:speed>0.904825</gpxtpx:speed>
</gpxtpx:TrackPointExtension>
</extensions>
</trkpt>
<trkpt lat="46.112893" lon="12.510441">
<ele>1407.108643</ele>
<time>2022-11-13T14:40:56.380Z</time>
<extensions>
<gpxtpx:TrackPointExtension>
<gpxtpx:speed>0.944158</gpxtpx:speed>
</gpxtpx:TrackPointExtension>
</extensions>
</trkpt>
<trkpt lat="46.112909" lon="12.510527">
<ele>1400.661499</ele>
<time>2022-11-13T14:41:11.333Z</time>
<extensions>
<gpxtpx:TrackPointExtension>
<gpxtpx:speed>0.379972</gpxtpx:speed>
</gpxtpx:TrackPointExtension>
</extensions>
</trkpt>
<trkpt lat="46.112931" lon="12.510550">
<ele>1403.781982</ele>
<time>2022-11-13T14:41:21.349Z</time>
<extensions>
<gpxtpx:TrackPointExtension>
<gpxtpx:speed>0.329300</gpxtpx:speed>
</gpxtpx:TrackPointExtension>
</extensions>
</trkpt>
<trkpt lat="46.112948" lon="12.510582">
<ele>1400.376099</ele>
<time>2022-11-13T14:41:32.326Z</time>
<extensions>
<gpxtpx:TrackPointExtension>
<gpxtpx:speed>0.483712</gpxtpx:speed>
</gpxtpx:TrackPointExtension>
</extensions>
</trkpt>
<trkpt lat="46.112915" lon="12.510632">
<ele>1400.344360</ele>
<time>2022-11-13T14:41:42.335Z</time>
<extensions>
<gpxtpx:TrackPointExtension>
<gpxtpx:speed>0.572141</gpxtpx:speed>
</gpxtpx:TrackPointExtension>
</extensions>
</trkpt>
<trkpt lat="46.112837" lon="12.510792">
<ele>1399.210815</ele>
<time>2022-11-13T14:41:57.320Z</time>
<extensions>
<gpxtpx:TrackPointExtension>
<gpxtpx:speed>0.790490</gpxtpx:speed>
</gpxtpx:TrackPointExtension>
</extensions>
</trkpt>
<trkpt lat="46.112850" lon="12.510753">
<ele>1396.439087</ele>
<time>2022-11-13T14:42:09.327Z</time>
<extensions>
<gpxtpx:TrackPointExtension>
<gpxtpx:speed>0.679802</gpxtpx:speed>
</gpxtpx:TrackPointExtension>
</extensions>
</trkpt>
<trkpt lat="46.112932" lon="12.510825">
<ele>1398.560913</ele>
<time>2022-11-13T14:42:22.334Z</time>
<extensions>
<gpxtpx:TrackPointExtension>
<gpxtpx:speed>0.838720</gpxtpx:speed>
</gpxtpx:TrackPointExtension>
</extensions>
</trkpt>
<trkpt lat="46.112888" lon="12.510807">
<ele>1393.376709</ele>
<time>2022-11-13T14:42:37.324Z</time>
<extensions>
<gpxtpx:TrackPointExtension>
<gpxtpx:speed>0.203390</gpxtpx:speed>
</gpxtpx:TrackPointExtension>
</extensions>
</trkpt>
<trkpt lat="46.112848" lon="12.510910">
<ele>1386.646851</ele>
<time>2022-11-13T14:42:47.333Z</time>
<extensions>
<gpxtpx:TrackPointExtension>
<gpxtpx:speed>0.904534</gpxtpx:speed>
</gpxtpx:TrackPointExtension>
</extensions>
</trkpt>
<trkpt lat="46.112848" lon="12.510896">
<ele>1388.625854</ele>
<time>2022-11-13T14:42:57.338Z</time>
<extensions>
<gpxtpx:TrackPointExtension>
<gpxtpx:speed>0.643983</gpxtpx:speed>
</gpxtpx:TrackPointExtension>
</extensions>
</trkpt>
<trkpt lat="46.112851" lon="12.511008">
<ele>1391.141357</ele>
<time>2022-11-13T14:43:12.329Z</time>
<extensions>
<gpxtpx:TrackPointExtension>
<gpxtpx:speed>1.065491</gpxtpx:speed>
</gpxtpx:TrackPointExtension>
</extensions>
</trkpt>
<trkpt lat="46.112770" lon="12.511061">
<ele>1391.682983</ele>
<time>2022-11-13T14:43:25.324Z</time>
<extensions>
<gpxtpx:TrackPointExtension>
<gpxtpx:speed>0.713487</gpxtpx:speed>
</gpxtpx:TrackPointExtension>
</extensions>
</trkpt>
<trkpt lat="46.112755" lon="12.511115">
<ele>1390.261475</ele>
<time>2022-11-13T14:43:37.337Z</time>
<extensions>
<gpxtpx:TrackPointExtension>
<gpxtpx:speed>1.440215</gpxtpx:speed>
</gpxtpx:TrackPointExtension>
</extensions>
</trkpt>
<trkpt lat="46.112746" lon="12.511132">
<ele>1387.613892</ele>
<time>2022-11-13T14:43:52.326Z</time>
<extensions>
<gpxtpx:TrackPointExtension>
<gpxtpx:speed>0.255789</gpxtpx:speed>
</gpxtpx:TrackPointExtension>
</extensions>
</trkpt>
<trkpt lat="46.112735" lon="12.511209">
<ele>1380.482422</ele>
<time>2022-11-13T14:44:02.331Z</time>
<extensions>
<gpxtpx:TrackPointExtension>
<gpxtpx:speed>0.818351</gpxtpx:speed>
</gpxtpx:TrackPointExtension>
</extensions>
</trkpt>
<trkpt lat="46.112638" lon="12.511249">
<ele>1381.531372</ele>
<time>2022-11-13T14:44:16.324Z</time>
<extensions>
<gpxtpx:TrackPointExtension>
<gpxtpx:speed>1.093083</gpxtpx:speed>
</gpxtpx:TrackPointExtension>
</extensions>
</trkpt>
<trkpt lat="46.112674" lon="12.511296">
<ele>1383.745605</ele>
<time>2022-11-13T14:44:26.334Z</time>
<extensions>
<gpxtpx:TrackPointExtension>
<gpxtpx:speed>1.076136</gpxtpx:speed>
</gpxtpx:TrackPointExtension>
</extensions>
</trkpt>
<trkpt lat="46.112641" lon="12.511379">
<ele>1377.060669</ele>
<time>2022-11-13T14:44:37.336Z</time>
<extensions>
<gpxtpx:TrackPointExtension>
<gpxtpx:speed>1.101290</gpxtpx:speed>
</gpxtpx:TrackPointExtension>
</extensions>
</trkpt>
<trkpt lat="46.112549" lon="12.511427">
<ele>1376.891602</ele>
<time>2022-11-13T14:44:52.328Z</time>
<extensions>
<gpxtpx:TrackPointExtension>
<gpxtpx:speed>0.861308</gpxtpx:speed>
</gpxtpx:TrackPointExtension>
</extensions>
</trkpt>
<trkpt lat="46.112565" lon="12.511443">
<ele>1379.584106</ele>
<time>2022-11-13T14:45:02.367Z</time>
<extensions>
<gpxtpx:TrackPointExtension>
<gpxtpx:speed>0.987992</gpxtpx:speed>
</gpxtpx:TrackPointExtension>
</extensions>
</trkpt>
<trkpt lat="46.112656" lon="12.511528">
<ele>1379.747925</ele>
<time>2022-11-13T14:45:12.415Z</time>
<extensions>
<gpxtpx:TrackPointExtension>
<gpxtpx:speed>1.114575</gpxtpx:speed>
</gpxtpx:TrackPointExtension>
</extensions>
</trkpt>
<trkpt lat="46.112710" lon="12.511565">
<ele>1375.369629</ele>
<time>2022-11-13T14:45:22.449Z</time>
<extensions>
<gpxtpx:TrackPointExtension>
<gpxtpx:speed>1.133293</gpxtpx:speed>
</gpxtpx:TrackPointExtension>
</extensions>
</trkpt>
<trkpt lat="46.112677" lon="12.511665">
<ele>1374.381470</ele>
<time>2022-11-13T14:45:32.501Z</time>
<extensions>
<gpxtpx:TrackPointExtension>
<gpxtpx:speed>0.467610</gpxtpx:speed>
</gpxtpx:TrackPointExtension>
</extensions>
</trkpt>
<trkpt lat="46.112631" lon="12.511616">
<ele>1369.474731</ele>
<time>2022-11-13T14:45:43.329Z</time>
<extensions>
<gpxtpx:TrackPointExtension>
<gpxtpx:speed>1.076174</gpxtpx:speed>
</gpxtpx:TrackPointExtension>
</extensions>
</trkpt>
<trkpt lat="46.112576" lon="12.511571">
<ele>1366.211548</ele>
<time>2022-11-13T14:45:53.336Z</time>
<extensions>
<gpxtpx:TrackPointExtension>
<gpxtpx:speed>0.852825</gpxtpx:speed>
</gpxtpx:TrackPointExtension>
</extensions>
</trkpt>
<trkpt lat="46.112544" lon="12.511603">
<ele>1370.233032</ele>
<time>2022-11-13T14:46:03.339Z</time>
<extensions>
<gpxtpx:TrackPointExtension>
<gpxtpx:speed>0.926310</gpxtpx:speed>
</gpxtpx:TrackPointExtension>
</extensions>
</trkpt>
<trkpt lat="46.112497" lon="12.511625">
<ele>1369.308228</ele>
<time>2022-11-13T14:46:18.328Z</time>
<extensions>
<gpxtpx:TrackPointExtension>
<gpxtpx:speed>0.769746</gpxtpx:speed>
</gpxtpx:TrackPointExtension>
</extensions>
</trkpt>
<trkpt lat="46.112462" lon="12.511731">
<ele>1365.352783</ele>
<time>2022-11-13T14:46:30.333Z</time>
<extensions>
<gpxtpx:TrackPointExtension>
<gpxtpx:speed>1.109213</gpxtpx:speed>
</gpxtpx:TrackPointExtension>
</extensions>
</trkpt>
<trkpt lat="46.112391" lon="12.511645">
<ele>1366.103149</ele>
<time>2022-11-13T14:46:40.340Z</time>
<extensions>
<gpxtpx:TrackPointExtension>
<gpxtpx:speed>1.077428</gpxtpx:speed>
</gpxtpx:TrackPointExtension>
</extensions>
</trkpt>
<trkpt lat="46.112413" lon="12.511652">
<ele>1367.038574</ele>
<time>2022-11-13T14:46:53.337Z</time>
<extensions>
<gpxtpx:TrackPointExtension>
<gpxtpx:speed>0.236387</gpxtpx:speed>
</gpxtpx:TrackPointExtension>
</extensions>
</trkpt>
<trkpt lat="46.112358" lon="12.511694">
<ele>1365.104370</ele>
<time>2022-11-13T14:47:08.329Z</time>
<extensions>
<gpxtpx:TrackPointExtension>
<gpxtpx:speed>0.676212</gpxtpx:speed>
</gpxtpx:TrackPointExtension>
</extensions>
</trkpt>
<trkpt lat="46.112380" lon="12.511700">
<ele>1359.869995</ele>
<time>2022-11-13T14:47:23.325Z</time>
<extensions>
<gpxtpx:TrackPointExtension>
<gpxtpx:speed>0.284721</gpxtpx:speed>
</gpxtpx:TrackPointExtension>
</extensions>
</trkpt>
<trkpt lat="46.112366" lon="12.511755">
<ele>1360.990356</ele>
<time>2022-11-13T14:47:33.349Z</time>
<extensions>
<gpxtpx:TrackPointExtension>
<gpxtpx:speed>0.799262</gpxtpx:speed>
</gpxtpx:TrackPointExtension>
</extensions>
</trkpt>
<trkpt lat="46.112384" lon="12.511825">
<ele>1357.925293</ele>
<time>2022-11-13T14:47:45.336Z</time>
<extensions>
<gpxtpx:TrackPointExtension>
<gpxtpx:speed>1.217095</gpxtpx:speed>
</gpxtpx:TrackPointExtension>
</extensions>
</trkpt>
<trkpt lat="46.112415" lon="12.511932">
<ele>1354.123047</ele>
<time>2022-11-13T14:47:58.340Z</time>
<extensions>
<gpxtpx:TrackPointExtension>
<gpxtpx:speed>0.467755</gpxtpx:speed>
</gpxtpx:TrackPointExtension>
</extensions>
</trkpt>
<trkpt lat="46.112341" lon="12.511966">
<ele>1347.808105</ele>
<time>2022-11-13T14:48:13.328Z</time>
<extensions>
<gpxtpx:TrackPointExtension>
<gpxtpx:speed>0.522641</gpxtpx:speed>
</gpxtpx:TrackPointExtension>
</extensions>
</trkpt>
<trkpt lat="46.112298" lon="12.511947">
<ele>1353.428223</ele>
<time>2022-11-13T14:48:23.337Z</time>
<extensions>
<gpxtpx:TrackPointExtension>
<gpxtpx:speed>0.494842</gpxtpx:speed>
</gpxtpx:TrackPointExtension>
</extensions>
</trkpt>
<trkpt lat="46.112316" lon="12.511909">
<ele>1353.700317</ele>
<time>2022-11-13T14:48:33.381Z</time>
<extensions>
<gpxtpx:TrackPointExtension>
<gpxtpx:speed>0.318244</gpxtpx:speed>
</gpxtpx:TrackPointExtension>
</extensions>
</trkpt>
<trkpt lat="46.112287" lon="12.511920">
<ele>1353.747925</ele>
<time>2022-11-13T14:48:43.423Z</time>
<extensions>
<gpxtpx:TrackPointExtension>
<gpxtpx:speed>0.298550</gpxtpx:speed>
</gpxtpx:TrackPointExtension>
</extensions>
</trkpt>
<trkpt lat="46.112282" lon="12.511934">
<ele>1354.263184</ele>
<time>2022-11-13T14:48:55.337Z</time>
<extensions>
<gpxtpx:TrackPointExtension>
<gpxtpx:speed>0.683878</gpxtpx:speed>
</gpxtpx:TrackPointExtension>
</extensions>
</trkpt>
<trkpt lat="46.112216" lon="12.512013">
<ele>1355.021484</ele>
<time>2022-11-13T14:49:05.342Z</time>
<extensions>
<gpxtpx:TrackPointExtension>
<gpxtpx:speed>1.081145</gpxtpx:speed>
</gpxtpx:TrackPointExtension>
</extensions>
</trkpt>
<trkpt lat="46.112223" lon="12.512001">
<ele>1349.961548</ele>
<time>2022-11-13T14:49:19.345Z</time>
<extensions>
<gpxtpx:TrackPointExtension>
<gpxtpx:speed>0.275388</gpxtpx:speed>
</gpxtpx:TrackPointExtension>
</extensions>
</trkpt>
<trkpt lat="46.112214" lon="12.512017">
<ele>1343.369019</ele>
<time>2022-11-13T14:49:34.333Z</time>
<extensions>
<gpxtpx:TrackPointExtension>
<gpxtpx:speed>0.617712</gpxtpx:speed>
</gpxtpx:TrackPointExtension>
</extensions>
</trkpt>
<trkpt lat="46.112157" lon="12.512067">
<ele>1346.679810</ele>
<time>2022-11-13T14:49:49.355Z</time>
<extensions>
<gpxtpx:TrackPointExtension>
<gpxtpx:speed>0.868460</gpxtpx:speed>
</gpxtpx:TrackPointExtension>
</extensions>
</trkpt>
<trkpt lat="46.112176" lon="12.512064">
<ele>1345.998047</ele>
<time>2022-11-13T14:50:03.314Z</time>
<extensions>
<gpxtpx:TrackPointExtension>
<gpxtpx:speed>0.278346</gpxtpx:speed>
</gpxtpx:TrackPointExtension>
</extensions>
</trkpt>
<trkpt lat="46.112185" lon="12.512054">
<ele>1345.614990</ele>
<time>2022-11-13T14:50:29.351Z</time>
<extensions>
<gpxtpx:TrackPointExtension>
<gpxtpx:speed>0.385899</gpxtpx:speed>
</gpxtpx:TrackPointExtension>
</extensions>
</trkpt>
<trkpt lat="46.112258" lon="12.512073">
<ele>1338.340820</ele>
<time>2022-11-13T14:50:44.336Z</time>
<extensions>
<gpxtpx:TrackPointExtension>
<gpxtpx:speed>0.970243</gpxtpx:speed>
</gpxtpx:TrackPointExtension>
</extensions>
</trkpt>
<trkpt lat="46.112320" lon="12.512023">
<ele>1343.546021</ele>
<time>2022-11-13T14:50:59.341Z</time>
<extensions>
<gpxtpx:TrackPointExtension>
<gpxtpx:speed>0.530093</gpxtpx:speed>
</gpxtpx:TrackPointExtension>
</extensions>
</trkpt>
<trkpt lat="46.112360" lon="12.512019">
<ele>1343.646484</ele>
<time>2022-11-13T14:51:26.334Z</time>
<extensions>
<gpxtpx:TrackPointExtension>
<gpxtpx:speed>0.291418</gpxtpx:speed>
</gpxtpx:TrackPointExtension>
</extensions>
</trkpt>
<trkpt lat="46.112404" lon="12.512031">
<ele>1345.324341</ele>
<time>2022-11-13T14:52:14.333Z</time>
<extensions>
<gpxtpx:TrackPointExtension>
<gpxtpx:speed>0.320591</gpxtpx:speed>
</gpxtpx:TrackPointExtension>
</extensions>
</trkpt>
<trkpt lat="46.112451" lon="12.512082">
<ele>1343.794434</ele>
<time>2022-11-13T14:52:24.341Z</time>
<extensions>
<gpxtpx:TrackPointExtension>
<gpxtpx:speed>0.940686</gpxtpx:speed>
</gpxtpx:TrackPointExtension>
</extensions>
</trkpt>
<trkpt lat="46.112644" lon="12.512119">
<ele>1347.998291</ele>
<time>2022-11-13T14:52:39.336Z</time>
<extensions>
<gpxtpx:TrackPointExtension>
<gpxtpx:speed>1.024075</gpxtpx:speed>
</gpxtpx:TrackPointExtension>
</extensions>
</trkpt>
<trkpt lat="46.112728" lon="12.512137">
<ele>1339.886475</ele>
<time>2022-11-13T14:52:49.336Z</time>
<extensions>
<gpxtpx:TrackPointExtension>
<gpxtpx:speed>1.006765</gpxtpx:speed>
</gpxtpx:TrackPointExtension>
</extensions>
</trkpt>
<trkpt lat="46.112796" lon="12.512190">
<ele>1337.540161</ele>
<time>2022-11-13T14:52:59.337Z</time>
<extensions>
<gpxtpx:TrackPointExtension>
<gpxtpx:speed>0.969219</gpxtpx:speed>
</gpxtpx:TrackPointExtension>
</extensions>
</trkpt>
<trkpt lat="46.112829" lon="12.512242">
<ele>1335.436890</ele>
<time>2022-11-13T14:53:09.341Z</time>
<extensions>
<gpxtpx:TrackPointExtension>
<gpxtpx:speed>0.626854</gpxtpx:speed>
</gpxtpx:TrackPointExtension>
</extensions>
</trkpt>
<trkpt lat="46.112785" lon="12.512350">
<ele>1335.598145</ele>
<time>2022-11-13T14:53:19.353Z</time>
<extensions>
<gpxtpx:TrackPointExtension>
<gpxtpx:speed>0.771101</gpxtpx:speed>
</gpxtpx:TrackPointExtension>
</extensions>
</trkpt>
<trkpt lat="46.112794" lon="12.512427">
<ele>1328.744019</ele>
<time>2022-11-13T14:53:29.368Z</time>
<extensions>
<gpxtpx:TrackPointExtension>
<gpxtpx:speed>0.646380</gpxtpx:speed>
</gpxtpx:TrackPointExtension>
</extensions>
</trkpt>
<trkpt lat="46.112829" lon="12.512462">
<ele>1331.906860</ele>
<time>2022-11-13T14:53:39.392Z</time>
<extensions>
<gpxtpx:TrackPointExtension>
<gpxtpx:speed>0.634219</gpxtpx:speed>
</gpxtpx:TrackPointExtension>
</extensions>
</trkpt>
<trkpt lat="46.112832" lon="12.512498">
<ele>1330.199951</ele>
<time>2022-11-13T14:53:49.441Z</time>
<extensions>
<gpxtpx:TrackPointExtension>
<gpxtpx:speed>0.386464</gpxtpx:speed>
</gpxtpx:TrackPointExtension>
</extensions>
</trkpt>
<trkpt lat="46.112821" lon="12.512535">
<ele>1332.009888</ele>
<time>2022-11-13T14:53:59.484Z</time>
<extensions>
<gpxtpx:TrackPointExtension>
<gpxtpx:speed>0.705668</gpxtpx:speed>
</gpxtpx:TrackPointExtension>
</extensions>
</trkpt>
<trkpt lat="46.112843" lon="12.512546">
<ele>1328.696533</ele>
<time>2022-11-13T14:54:10.335Z</time>
<extensions>
<gpxtpx:TrackPointExtension>
<gpxtpx:speed>0.388875</gpxtpx:speed>
</gpxtpx:TrackPointExtension>
</extensions>
</trkpt>
<trkpt lat="46.112807" lon="12.512592">
<ele>1327.224731</ele>
<time>2022-11-13T14:54:25.323Z</time>
<extensions>
<gpxtpx:TrackPointExtension>
<gpxtpx:speed>0.232407</gpxtpx:speed>
</gpxtpx:TrackPointExtension>
</extensions>
</trkpt>
<trkpt lat="46.112806" lon="12.512611">
<ele>1323.242798</ele>
<time>2022-11-13T14:54:36.321Z</time>
<extensions>
<gpxtpx:TrackPointExtension>
<gpxtpx:speed>0.262923</gpxtpx:speed>
</gpxtpx:TrackPointExtension>
</extensions>
</trkpt>
<trkpt lat="46.112814" lon="12.512627">
<ele>1325.763550</ele>
<time>2022-11-13T14:54:47.327Z</time>
<extensions>
<gpxtpx:TrackPointExtension>
<gpxtpx:speed>0.364834</gpxtpx:speed>
</gpxtpx:TrackPointExtension>
</extensions>
</trkpt>
<trkpt lat="46.112756" lon="12.512729">
<ele>1324.846680</ele>
<time>2022-11-13T14:55:00.331Z</time>
<extensions>
<gpxtpx:TrackPointExtension>
<gpxtpx:speed>0.910131</gpxtpx:speed>
</gpxtpx:TrackPointExtension>
</extensions>
</trkpt>
<trkpt lat="46.112780" lon="12.512780">
<ele>1318.444458</ele>
<time>2022-11-13T14:55:10.344Z</time>
<extensions>
<gpxtpx:TrackPointExtension>
<gpxtpx:speed>0.798664</gpxtpx:speed>
</gpxtpx:TrackPointExtension>
</extensions>
</trkpt>
<trkpt lat="46.112807" lon="12.512918">
<ele>1318.811768</ele>
<time>2022-11-13T14:55:25.311Z</time>
<extensions>
<gpxtpx:TrackPointExtension>
<gpxtpx:speed>0.855170</gpxtpx:speed>
</gpxtpx:TrackPointExtension>
</extensions>
</trkpt>
<trkpt lat="46.112730" lon="12.512952">
<ele>1315.910522</ele>
<time>2022-11-13T14:55:35.331Z</time>
<extensions>
<gpxtpx:TrackPointExtension>
<gpxtpx:speed>0.684340</gpxtpx:speed>
</gpxtpx:TrackPointExtension>
</extensions>
</trkpt>
<trkpt lat="46.112713" lon="12.512994">
<ele>1316.933105</ele>
<time>2022-11-13T14:55:45.338Z</time>
<extensions>
<gpxtpx:TrackPointExtension>
<gpxtpx:speed>0.624957</gpxtpx:speed>
</gpxtpx:TrackPointExtension>
</extensions>
</trkpt>
<trkpt lat="46.112649" lon="12.513048">
<ele>1308.253174</ele>
<time>2022-11-13T14:56:00.326Z</time>
<extensions>
<gpxtpx:TrackPointExtension>
<gpxtpx:speed>0.611067</gpxtpx:speed>
</gpxtpx:TrackPointExtension>
</extensions>
</trkpt>
<trkpt lat="46.112659" lon="12.513119">
<ele>1310.869019</ele>
<time>2022-11-13T14:56:10.329Z</time>
<extensions>
<gpxtpx:TrackPointExtension>
<gpxtpx:speed>0.593543</gpxtpx:speed>
</gpxtpx:TrackPointExtension>
</extensions>
</trkpt>
<trkpt lat="46.112643" lon="12.513171">
<ele>1310.065796</ele>
<time>2022-11-13T14:56:20.330Z</time>
<extensions>
<gpxtpx:TrackPointExtension>
<gpxtpx:speed>0.582164</gpxtpx:speed>
</gpxtpx:TrackPointExtension>
</extensions>
</trkpt>
<trkpt lat="46.112657" lon="12.513179">
<ele>1304.937134</ele>
<time>2022-11-13T14:56:30.332Z</time>
<extensions>
<gpxtpx:TrackPointExtension>
<gpxtpx:speed>0.460822</gpxtpx:speed>
</gpxtpx:TrackPointExtension>
</extensions>
</trkpt>
<trkpt lat="46.112645" lon="12.513227">
<ele>1306.630859</ele>
<time>2022-11-13T14:56:40.334Z</time>
<extensions>
<gpxtpx:TrackPointExtension>
<gpxtpx:speed>0.576090</gpxtpx:speed>
</gpxtpx:TrackPointExtension>
</extensions>
</trkpt>
<trkpt lat="46.112608" lon="12.513357">
<ele>1303.269897</ele>
<time>2022-11-13T14:56:50.336Z</time>
<extensions>
<gpxtpx:TrackPointExtension>
<gpxtpx:speed>0.921304</gpxtpx:speed>
</gpxtpx:TrackPointExtension>
</extensions>
</trkpt>
<trkpt lat="46.112573" lon="12.513581">
<ele>1299.441284</ele>
<time>2022-11-13T14:57:05.337Z</time>
<extensions>
<gpxtpx:TrackPointExtension>
<gpxtpx:speed>1.087161</gpxtpx:speed>
</gpxtpx:TrackPointExtension>
</extensions>
</trkpt>
<trkpt lat="46.112540" lon="12.513642">
<ele>1295.356323</ele>
<time>2022-11-13T14:57:15.359Z</time>
<extensions>
<gpxtpx:TrackPointExtension>
<gpxtpx:speed>0.869371</gpxtpx:speed>
</gpxtpx:TrackPointExtension>
</extensions>
</trkpt>
<trkpt lat="46.112575" lon="12.513714">
<ele>1298.215210</ele>
<time>2022-11-13T14:57:26.344Z</time>
<extensions>
<gpxtpx:TrackPointExtension>
<gpxtpx:speed>0.736795</gpxtpx:speed>
</gpxtpx:TrackPointExtension>
</extensions>
</trkpt>
<trkpt lat="46.112572" lon="12.513810">
<ele>1298.524414</ele>
<time>2022-11-13T14:57:40.390Z</time>
<extensions>
<gpxtpx:TrackPointExtension>
<gpxtpx:speed>0.777146</gpxtpx:speed>
</gpxtpx:TrackPointExtension>
</extensions>
</trkpt>
<trkpt lat="46.112559" lon="12.513869">
<ele>1293.221313</ele>
<time>2022-11-13T14:57:50.421Z</time>
<extensions>
<gpxtpx:TrackPointExtension>
<gpxtpx:speed>0.778944</gpxtpx:speed>
</gpxtpx:TrackPointExtension>
</extensions>
</trkpt>
<trkpt lat="46.112575" lon="12.513925">
<ele>1294.732666</ele>
<time>2022-11-13T14:58:00.446Z</time>
<extensions>
<gpxtpx:TrackPointExtension>
<gpxtpx:speed>0.744016</gpxtpx:speed>
</gpxtpx:TrackPointExtension>
</extensions>
</trkpt>
<trkpt lat="46.112556" lon="12.513978">
<ele>1294.457886</ele>
<time>2022-11-13T14:58:10.471Z</time>
<extensions>
<gpxtpx:TrackPointExtension>
<gpxtpx:speed>0.432252</gpxtpx:speed>
</gpxtpx:TrackPointExtension>
</extensions>
</trkpt>
<trkpt lat="46.112545" lon="12.513960">
<ele>1292.566040</ele>
<time>2022-11-13T14:58:21.299Z</time>
<extensions>
<gpxtpx:TrackPointExtension>
<gpxtpx:speed>0.242284</gpxtpx:speed>
</gpxtpx:TrackPointExtension>
</extensions>
</trkpt>
<trkpt lat="46.112537" lon="12.513952">
<ele>1294.143433</ele>
<time>2022-11-13T14:58:38.145Z</time>
<extensions>
<gpxtpx:TrackPointExtension>
<gpxtpx:speed>0.229608</gpxtpx:speed>
</gpxtpx:TrackPointExtension>
</extensions>
</trkpt>
<trkpt lat="46.112519" lon="12.513928">
<ele>1294.175171</ele>
<time>2022-11-13T14:58:53.343Z</time>
<extensions>
<gpxtpx:TrackPointExtension>
<gpxtpx:speed>0.241748</gpxtpx:speed>
</gpxtpx:TrackPointExtension>
</extensions>
</trkpt>
</trkseg>
</trk>
</gpx>